relative_path,qualified_name,symbol_type,start_line,end_line,parent_symbol,decorators,parameters,base_classes,return_annotation,has_docstring,docstring_first_line,line_count,complexity_approx,nested_symbols
core/__init__.py,<module>,module,1,7,,,,,,true,Core utilities package (pure Python + minimal Revit-aware helpers).,7,1,
core/canon.py,<module>,module,1,171,,,,,,true,"Core canonicalization and formatting utilities (pure Python, no Revit API).",171,1,"is_sentinel,canon_str,canon_bool,canon_num,canon_id,fnum,rgb_sig_from_color,rgb_dict_from_color"
core/canon.py,is_sentinel,function,33,34,<module>,,v: Any,,bool,false,,2,1,
core/canon.py,canon_str,function,41,70,<module>,,v: Any,,str,true,Canonicalize string-like values.,30,8,
core/canon.py,canon_bool,function,73,90,<module>,,v: Any,,str,true,Canonicalize booleans.,18,6,
core/canon.py,canon_num,function,93,105,<module>,,"v: Any, nd: int = 9",,str,true,Canonicalize numbers to a fixed decimal string.,13,4,
core/canon.py,canon_id,function,108,139,<module>,,v: Any,,str,true,Canonicalize Revit ElementId-like values to a decimal string.,32,10,
core/canon.py,fnum,function,146,148,<module>,,"v: Any, nd: int",,str,true,Legacy alias for canon_num.,3,1,
core/canon.py,rgb_sig_from_color,function,151,158,<module>,,col: Any,,str,true,Create RGB signature string from a Revit Color object.,8,4,
core/canon.py,rgb_dict_from_color,function,161,171,<module>,,col: Any,,Optional[dict],true,Create RGB dict from a Revit Color object.,11,4,
core/canonical_items.py,<module>,module,1,151,,,,,,true,Canonical flat-item helpers.,151,1,"_normalize_item,build_flat_items,merge_legacy_buckets,compile_role_policy,resolve_item_roles,canonicalize_record"
core/canonical_items.py,_normalize_item,function,26,32,<module>,,item: Any,,"Optional[Dict[str, Any]]",false,,7,4,
core/canonical_items.py,build_flat_items,function,35,55,<module>,,"*item_groups: Iterable[Dict[str, Any]]",,"List[Dict[str, Any]]",true,Build canonical flat items preserving first-seen key authority.,21,6,
core/canonical_items.py,merge_legacy_buckets,function,58,69,<module>,,"phase2_payload: Mapping[str, Any]",,"Dict[str, List[Dict[str, Any]]]",true,Convert legacy phase2 bucket payload into canonical flat items envelope.,12,4,
core/canonical_items.py,compile_role_policy,function,72,104,<module>,,"policy: Mapping[str, Any], *, domain: Optional[str] = None",,"Dict[str, str]",true,Compile policy to key->role lookup map.,33,20,
core/canonical_items.py,resolve_item_roles,function,107,127,<module>,,"items: Sequence[Mapping[str, Any]], role_lookup: Mapping[str, str]",,"Dict[str, List[Dict[str, Any]]]",true,Resolve roles from item.k via runtime lookup.,21,5,
core/canonical_items.py,canonicalize_record,function,130,151,<module>,,"record: Mapping[str, Any]",,"Dict[str, Any]",true,Canonicalize a record to flat `items` shape and remove legacy/derived keys.,22,4,
core/collect.py,<module>,module,1,595,,,,,,true,core/collect.py,595,3,"CollectCtx,_is_invalid_element_id,_safe_unique_id,_make_query_key,_require_revit_api,_collect_id_ints_uncached,collect_id_ints,_get_element,collect_elements,collect_types,collect_instances,build_purgeable_id_set,purge_lookup,build_subcategory_used_id_set,is_type_purgeable"
core/collect.py,CollectCtx,class,34,51,<module>,dataclass,,,,true,Per-run collection context.,18,1,inc
core/collect.py,CollectCtx.inc,method,46,51,CollectCtx,,"self, key: str, n: int = 1",,None,false,,6,3,
core/collect.py,_is_invalid_element_id,function,54,83,<module>,,elem_id: Any,,bool,true,Returns True if elem_id is missing/invalid.,30,11,
core/collect.py,_safe_unique_id,function,86,94,<module>,,elem: Any,,Optional[str],false,,9,4,
core/collect.py,_make_query_key,function,97,123,<module>,,"*, kind: str, of_class: Any, of_category: Any, where_key: Optional[CacheKey], require_unique_id: bool",,"Tuple[Any, ...]",true,"Cache key must be based on semantic query intent, not object reprs that can drift.",27,6,
core/collect.py,_require_revit_api,function,126,128,<module>,,,,None,false,,3,2,
core/collect.py,_collect_id_ints_uncached,function,131,235,<module>,,"doc: Any, *, kind: str, of_class: Any = None, of_category: Any = None, where: Optional[Callable[[Any], bool]] = None, require_unique_id: bool = False, cctx: Optional[CollectCtx] = None",,List[int],true,Execute a collection query without caching and return ElementId.IntegerValue list.,105,36,
core/collect.py,collect_id_ints,function,238,309,<module>,,"doc: Any, *, kind: str, of_class: Any = None, of_category: Any = None, where: Optional[Callable[[Any], bool]] = None, where_key: Optional[CacheKey] = None, require_unique_id: bool = False, cctx: Optional[CollectCtx] = None, cache_key: Optional[CacheKey] = None",,List[int],true,Cached collector entry point returning ElementId.IntegerValue list.,72,6,
core/collect.py,_get_element,function,312,321,<module>,,"doc: Any, id_int: int",,Any,false,,10,5,
core/collect.py,collect_elements,function,324,359,<module>,,"doc: Any, *, kind: str, of_class: Any = None, of_category: Any = None, where: Optional[Callable[[Any], bool]] = None, where_key: Optional[CacheKey] = None, require_unique_id: bool = False, cctx: Optional[CollectCtx] = None, cache_key: Optional[CacheKey] = None",,List[Any],true,Cached collector returning live elements (resolved from cached id_int list).,36,4,
core/collect.py,collect_types,function,362,383,<module>,,"doc: Any, *, of_class: Any = None, of_category: Any = None, where: Optional[Callable[[Any], bool]] = None, where_key: Optional[CacheKey] = None, require_unique_id: bool = False, cctx: Optional[CollectCtx] = None, cache_key: Optional[CacheKey] = None",,List[Any],false,,22,1,
core/collect.py,collect_instances,function,386,407,<module>,,"doc: Any, *, of_class: Any = None, of_category: Any = None, where: Optional[Callable[[Any], bool]] = None, where_key: Optional[CacheKey] = None, require_unique_id: bool = False, cctx: Optional[CollectCtx] = None, cache_key: Optional[CacheKey] = None",,List[Any],false,,22,1,
core/collect.py,build_purgeable_id_set,function,412,462,<module>,,"doc: Any, ctx: Optional[dict] = None",,,true,Builds a frozenset of ElementId.IntegerValue (int) for all elements,51,13,
core/collect.py,purge_lookup,function,465,475,<module>,,"element_id_int: Any, ctx: Optional[dict]",,,false,,11,8,
core/collect.py,build_subcategory_used_id_set,function,478,550,<module>,,"doc: Any, parent_cat_obj: Any, ctx: Optional[dict] = None",,,true,Build/cache used subcategory ids for a given parent category.,73,30,
core/collect.py,is_type_purgeable,function,552,595,<module>,,"doc: Any, type_id: Any, bic: Any, *, cctx: Optional[CollectCtx] = None, cache_key: Optional[CacheKey] = None",,Optional[bool],true,DEPRECATED. Use build_purgeable_id_set() + a set lookup instead.,44,14,
core/context.py,<module>,module,1,186,,,,,,false,,186,3,"ViewInfo,DocViewContext"
core/context.py,ViewInfo,class,28,47,<module>,dataclass(frozen=True),,,,true,"Deterministic, explainable view context snapshot.",20,1,
core/context.py,DocViewContext,class,50,186,<module>,,,,,true,Shared context object for domains that need consistent view-scoped reads.,137,1,"__init__,view_info"
core/context.py,DocViewContext.__init__,method,59,61,DocViewContext,,"self, doc: Any",,,false,,3,1,
core/context.py,DocViewContext.view_info,method,63,186,DocViewContext,,"self, view: Any, *, source: str = 'HOST'",,ViewInfo,true,"Return a cached ViewInfo for `view`, with explicit reasons for missing/unreadable fields.",124,25,
core/contracts.py,<module>,module,1,298,,,,,,false,,298,1,"DiagError,_ensure_list,new_run_diag,add_bounded_error,new_domain_envelope,new_run_envelope,compute_run_status"
core/contracts.py,DiagError,class,55,59,<module>,dataclass(frozen=True),,,,false,,5,1,
core/contracts.py,_ensure_list,function,62,63,<module>,,value: Optional[List[Any]],,List[Any],false,,2,1,
core/contracts.py,new_run_diag,function,66,82,<module>,,,,"Dict[str, Any]",true,"Create an empty, stable run_diag structure.",17,1,
core/contracts.py,add_bounded_error,function,85,127,<module>,,"run_diag: Dict[str, Any], *, domain: str, status: str, code: str, message: str, cap: int = DEFAULT_ERROR_CAP",,None,true,Append a structured error to run_diag['errors'] up to a hard cap.,43,7,
core/contracts.py,new_domain_envelope,function,134,167,<module>,,"*, domain: str, domain_version: str, status: str, block_reasons: Optional[List[str]] = None, diag: Optional[Dict[str, Any]] = None, records: Optional[Any] = None, hash_value: Optional[str] = None",,"Dict[str, Any]",true,Standard per-domain envelope.,34,4,
core/contracts.py,new_run_envelope,function,170,198,<module>,,"*, schema_version: str, run_status: str, run_diag: Dict[str, Any], domains: Dict[str, Dict[str, Any]]",,"Dict[str, Any]",true,"Top-level contract envelope. This is intended to live under output[""_contract""] (recommended).",29,5,
core/contracts.py,compute_run_status,function,205,298,<module>,,"domains: Dict[str, Dict[str, Any]], *, base_run_diag: Optional[Dict[str, Any]] = None, treat_unsupported_as_degraded: bool = True",,"Tuple[str, Dict[str, Any]]",true,"Deterministically compute run_status from domain statuses and return (run_status, run_diag).",94,15,
core/deployment_config.py,<module>,module,1,92,,,,,,true,Dependency-neutral validation for deployment-owned extraction configuration.,92,1,"validate_project_info_shared_parameters,_identity_allowed_keys,load_deployment_config"
core/deployment_config.py,validate_project_info_shared_parameters,function,22,61,<module>,,"fields: Any, allowed_keys: Optional[Iterable[str]] = None",,,true,Validate and canonically normalize deployment mapping entries.,40,17,
core/deployment_config.py,_identity_allowed_keys,function,64,72,<module>,,"contract_path: Union[str, Path]",,,false,,9,7,
core/deployment_config.py,load_deployment_config,function,75,92,<module>,,"path: Optional[Union[str, Path]], contract_path: Union[str, Path]",,"Dict[str, Any]",true,Load the closed v1 schema and validate mappings against the identity contract.,18,6,
core/deps.py,<module>,module,1,114,,,,,,true,core/deps.py,114,1,"Blocked,require_domain"
core/deps.py,Blocked,class,29,44,<module>,dataclass(frozen=True),,Exception,,true,Typed exception used to signal a hard dependency block.,16,1,__str__
core/deps.py,Blocked.__str__,method,42,44,Blocked,,self,,str,false,,3,1,
core/deps.py,require_domain,function,55,114,<module>,,"result_map: Dict[str, Any], name: str, *, accept_statuses: Optional[Iterable[str]] = None",,"Dict[str, Any]",true,Require an upstream domain envelope to exist and be acceptable.,60,10,
core/dimension_type_helpers.py,<module>,module,1,1091,,,,,,true,core/dimension_type_helpers.py,1091,2,"_get_dimension_shape,_fmt_in_from_ft,_fmt_float,_format_options_to_kv,get_type_display_name,_build_text_appearance_items,_read_tick_mark_sig_hash,_read_unit_format_info,_read_prefix_suffix,_read_leader_arrowhead,_read_arrowhead_ref_sig_hash,_read_element_ref_name,_read_line_pattern_ref_sig_hash,_build_alternate_units_items"
core/dimension_type_helpers.py,_get_dimension_shape,function,130,247,<module>,,dim_type,,,true,Detect dimension shape from a Revit DimensionType object.,118,42,
core/dimension_type_helpers.py,_fmt_in_from_ft,function,254,262,<module>,,"ft, places = 6",,,true,Convert feet to inches and format as string with given decimal places.,9,4,
core/dimension_type_helpers.py,_fmt_float,function,265,272,<module>,,"x, places = 12",,,true,Format a float with given significant digits.,8,4,
core/dimension_type_helpers.py,_format_options_to_kv,function,279,320,<module>,,fo,,,true,"Serialize Autodesk.Revit.DB.FormatOptions to a stable, hashable dict.",42,10,
core/dimension_type_helpers.py,get_type_display_name,function,327,395,<module>,,elem_type,,,true,"Deterministic, defensive type name extraction for DimensionType.",69,18,
core/dimension_type_helpers.py,_build_text_appearance_items,function,402,521,<module>,,d,,,true,Extract text/appearance identity items common to all dimension type shapes.,120,21,
core/dimension_type_helpers.py,_read_tick_mark_sig_hash,function,528,570,<module>,,"d, ctx, doc = None",,,true,"Read the tick mark parameter and return (sig_hash_v, sig_hash_q) using",43,16,
core/dimension_type_helpers.py,_read_unit_format_info,function,577,678,<module>,,d,,,true,Read UnitsFormatOptions from a DimensionType and return a tuple of,102,16,_units_fo_not_applicable
core/dimension_type_helpers.py,_read_unit_format_info._units_fo_not_applicable,nested_function,605,616,_read_unit_format_info,,ex,,,false,,12,7,
core/dimension_type_helpers.py,_read_prefix_suffix,function,685,713,<module>,,d,,,true,Read Prefix and Suffix properties from a DimensionType.,29,9,
core/dimension_type_helpers.py,_read_leader_arrowhead,function,720,792,<module>,,"d, ctx, doc",,,true,Read the Leader Arrowhead parameter (BuiltInParameter.LEADER_ARROWHEAD),73,24,
core/dimension_type_helpers.py,_read_arrowhead_ref_sig_hash,function,799,852,<module>,,"d, ctx, bip_names = None, ui_names = None",,,true,"Generic ElementId-parameter -> ctx[""arrowheads_by_type_id""] sig_hash",54,18,
core/dimension_type_helpers.py,_read_element_ref_name,function,859,924,<module>,,"d, doc, ui_names",,,true,Generic ElementId-parameter -> referenced element's display name,66,18,
core/dimension_type_helpers.py,_read_line_pattern_ref_sig_hash,function,931,1033,<module>,,"d, ctx, doc, ui_names",,,true,ElementId-parameter -> line-pattern sig_hash resolver for fields that,103,22,
core/dimension_type_helpers.py,_build_alternate_units_items,function,1040,1091,<module>,,d,,,true,"Read the Alternate Units cluster: master toggle, prefix, suffix.",52,7,
core/features.py,<module>,module,1,127,,,,,,true,Cohort-analysis feature surface.,127,1,"_as_dict,_as_int,_extract_counts_from_legacy,build_features"
core/features.py,_as_dict,function,19,20,<module>,,x: Any,,"Dict[str, Any]",false,,2,1,
core/features.py,_as_int,function,23,38,<module>,,x: Any,,Optional[int],false,,16,9,
core/features.py,_extract_counts_from_legacy,function,41,52,<module>,,legacy: Any,,"Tuple[Optional[int], Optional[int]]",true,Extract stable count signals from legacy domain payloads when present.,12,1,
core/features.py,build_features,function,55,127,<module>,,payload: Any,,"Dict[str, Any]",true,Build deterministic features from payload.,73,14,
core/graphic_overrides.py,<module>,module,1,563,,,,,,true,core/graphic_overrides.py,563,5,"_is_category,_is_ogs,_is_invalid_element_id,_rgb_from_color,_read_attr,_read_first_attr,_read_category_line_weight,_read_category_line_pattern_id,_read_category_line_color,_read_category_fill_pattern_id,_read_category_fill_color,_resolve_pattern_sig_hash,_append_pattern_items,_append_color_item,_append_value_item,extract_projection_graphics,extract_cut_graphics,extract_halftone,extract_transparency"
core/graphic_overrides.py,_is_category,function,62,64,<module>,,source: Any,,bool,true,Return True if source is a Revit Category instance.,3,2,
core/graphic_overrides.py,_is_ogs,function,67,69,<module>,,source: Any,,bool,true,Return True if source is an OverrideGraphicSettings instance.,3,2,
core/graphic_overrides.py,_is_invalid_element_id,function,72,86,<module>,,elem_id: Any,,bool,true,Return True if elem_id is a non-reference ElementId.,15,5,
core/graphic_overrides.py,_rgb_from_color,function,89,97,<module>,,color_obj: Any,,"Tuple[Optional[str], str]",true,"Convert a Revit Color object into an ""R-G-B"" string.",9,4,
core/graphic_overrides.py,_read_attr,function,100,107,<module>,,"obj: Any, name: str",,"Tuple[Optional[Any], str]",true,"Safely read an attribute, returning (value, q).",8,4,
core/graphic_overrides.py,_read_first_attr,function,110,119,<module>,,"obj: Any, names: Sequence[str]",,"Tuple[Optional[Any], str, Optional[str]]",true,Try multiple attribute names and return the first one found.,10,5,
core/graphic_overrides.py,_read_category_line_weight,function,122,130,<module>,,"cat: Any, style_type: Any, *, is_cut: bool",,"Tuple[Optional[str], str]",true,Read Category line weight for projection/cut with fail-soft handling.,9,5,
core/graphic_overrides.py,_read_category_line_pattern_id,function,133,140,<module>,,"cat: Any, style_type: Any, *, is_cut: bool",,"Tuple[Optional[Any], str]",true,Read Category line pattern ElementId for projection/cut.,8,5,
core/graphic_overrides.py,_read_category_line_color,function,143,152,<module>,,"cat: Any, *, is_cut: bool",,"Tuple[Optional[str], str]",true,Read Category line color for projection/cut.,10,4,
core/graphic_overrides.py,_read_category_fill_pattern_id,function,155,167,<module>,,"cat: Any, style_type: Any, *, is_cut: bool",,"Tuple[Optional[Any], str]",true,Read Category fill pattern ElementId (if available in this API surface).,13,6,
core/graphic_overrides.py,_read_category_fill_color,function,170,176,<module>,,"cat: Any, *, is_cut: bool",,"Tuple[Optional[str], str]",true,Read Category fill color (if available in this API surface).,7,2,
core/graphic_overrides.py,_resolve_pattern_sig_hash,function,179,201,<module>,,"doc: Any, pattern_id: Any, uid_map: Optional[Dict[str, str]]",,"Tuple[Optional[str], str]",true,Resolve a pattern ElementId to a sig_hash using a ctx uid->hash map.,23,6,
core/graphic_overrides.py,_append_pattern_items,function,204,234,<module>,,"items: List[Dict[str, Any]], *, doc: Any, pattern_id: Any, key_prefix: str, uid_map: Optional[Dict[str, str]], solid_on_invalid: bool, invalid_means_missing: bool",,None,true,Append pattern_ref.* items for a line or fill pattern.,31,6,
core/graphic_overrides.py,_append_color_item,function,237,240,<module>,,"items: List[Dict[str, Any]], key: str, color_obj: Any",,None,true,Append a color.rgb identity item.,4,1,
core/graphic_overrides.py,_append_value_item,function,243,257,<module>,,"items: List[Dict[str, Any]], key: str, raw_value: Any, *, canonicalizer, fallback_q: Optional[str] = None",,None,true,Append a canonicalized value to items with optional fallback quality.,15,2,
core/graphic_overrides.py,extract_projection_graphics,function,260,390,<module>,,"doc: Any, source: Any, ctx: Optional[Dict[str, Any]], key_prefix: str = 'projection'",,"List[Dict[str, Any]]",true,Extract projection graphics from a Category or OverrideGraphicSettings.,131,13,
core/graphic_overrides.py,extract_cut_graphics,function,393,521,<module>,,"doc: Any, source: Any, ctx: Optional[Dict[str, Any]], key_prefix: str = 'cut'",,"List[Dict[str, Any]]",true,Extract cut graphics from a Category or OverrideGraphicSettings.,129,13,
core/graphic_overrides.py,extract_halftone,function,524,542,<module>,,"source: Any, key_prefix: str = 'halftone'",,"List[Dict[str, Any]]",true,Extract halftone override from a Category or OverrideGraphicSettings.,19,4,
core/graphic_overrides.py,extract_transparency,function,545,563,<module>,,"source: Any, key_prefix: str = 'transparency'",,"List[Dict[str, Any]]",true,Extract transparency override from a Category or OverrideGraphicSettings.,19,4,
core/hashing.py,<module>,module,1,111,,,,,,true,"Core hashing utilities (pure Python, no Revit API).",111,1,"safe_str,make_hash,_make_hash_impl"
core/hashing.py,safe_str,function,14,27,<module>,,x,,,true,Convert any value to a string representation safely.,14,5,
core/hashing.py,make_hash,function,29,59,<module>,,values,,,true,Deterministic hash based on a sequence of strings.,31,8,
core/hashing.py,_make_hash_impl,function,62,111,<module>,,values,,,true,Inner hash implementation (separated for timing wrapper clarity).,50,10,
core/join_key_builder.py,<module>,module,1,333,,,,,,true,Join-key builder from policy.,333,1,"_dedupe_preserve_order,_items_to_kqv_map,_infer_indexed_count,_expand_sequence_key,_get_shape_specific_requirements,build_join_key_from_policy,compute_projection_status"
core/join_key_builder.py,_dedupe_preserve_order,function,56,64,<module>,,items,,,false,,9,3,
core/join_key_builder.py,_items_to_kqv_map,function,67,78,<module>,,items,,,true,"Map k -> (v,q) for identity_items-like dicts.",12,7,
core/join_key_builder.py,_infer_indexed_count,function,81,97,<module>,,"kqv, prefix",,,true,"Infer count for keys like f""{prefix}[###]."" by scanning keys.",17,7,
core/join_key_builder.py,_expand_sequence_key,function,100,144,<module>,,"seq_key, kqv",,,true,Expand policy key with [] to indexed keys in order.,45,11,
core/join_key_builder.py,_get_shape_specific_requirements,function,147,191,<module>,,"domain_policy, kqv",,,true,Extract shape-specific required/optional items based on discriminator value.,45,11,
core/join_key_builder.py,build_join_key_from_policy,function,194,313,<module>,,"*, domain_policy, identity_items = None, candidate_kqv = None, include_optional_items = True, emit_keys_used = False, hash_optional_items = True, emit_items = True, emit_selectors = False, preserve_single_def_hash_passthrough = True",,,true,Build join_key dict from a policy and available value sources.,120,38,emit_key
core/join_key_builder.py,build_join_key_from_policy.emit_key,nested_function,238,242,build_join_key_from_policy,,k,,,false,,5,2,
core/join_key_builder.py,compute_projection_status,function,316,333,<module>,,"domain_policy, missing_required",,,true,Classify a join-key computation using join_key_status's closed vocabulary.,18,5,
core/join_key_policy.py,<module>,module,1,296,,,,,,true,Join-key policy loader (explicit ctx injection only).,296,1,"_is_list_of_str,_validate_shape_gating,validate_domain_join_key_policy,load_join_key_policies,get_domain_join_key_policy"
core/join_key_policy.py,_is_list_of_str,function,34,35,<module>,,x,,,false,,2,3,
core/join_key_policy.py,_validate_shape_gating,function,38,105,<module>,,"domain_name, shape_gating",,,true,Validate shape_gating section of a policy.,68,13,
core/join_key_policy.py,validate_domain_join_key_policy,function,108,230,<module>,,"domain_name, pol, *, exported_keys = None",,,true,Validate shape-gating semantics and return structured issues.,123,21,add_issue
core/join_key_policy.py,validate_domain_join_key_policy.add_issue,nested_function,121,130,validate_domain_join_key_policy,,"severity, code, message, hint, path",,,false,,10,1,
core/join_key_policy.py,load_join_key_policies,function,233,285,<module>,,policy_path,,,true,Load and minimally validate the join-key policy JSON.,53,19,
core/join_key_policy.py,get_domain_join_key_policy,function,288,296,<module>,,"policies, domain_name",,,true,Return the per-domain join-key policy or None.,9,3,
core/manifest.py,<module>,module,1,100,,,,,,true,Stable manifest surface for project-to-project comparison.,100,1,"_safe_dict,build_manifest"
core/manifest.py,_safe_dict,function,19,20,<module>,,x: Any,,"Dict[str, Any]",false,,2,1,
core/manifest.py,build_manifest,function,23,100,<module>,,"payload: Any, *, include_identity: bool = False",,"Dict[str, Any]",true,"Build a deterministic manifest derived from payload[""_contract""].",78,16,
core/name_key_builder.py,<module>,module,1,140,,,,,,true,"Policy-driven, analysis-side reconstruction of the Canonical Name Identity Projection.",140,1,"flat_items_for_record,_has_detail_data,build_name_key_for_record"
core/name_key_builder.py,flat_items_for_record,function,60,81,<module>,,"record: Dict[str, Any]",,"List[Dict[str, Any]]",true,"Merge identity_basis.items + phase2 buckets into one flat items list, non-destructively.",22,2,
core/name_key_builder.py,_has_detail_data,function,84,98,<module>,,"record: Dict[str, Any]",,bool,true,"True if record carries record-level detail (identity_basis, phase2, or canonical",15,3,
core/name_key_builder.py,build_name_key_for_record,function,101,140,<module>,,"record: Dict[str, Any], domain_name: str, name_key_policies: Dict[str, Any]",,"Optional[Dict[str, Any]]",true,Reconstruct the join_key_name_identity dict for one already-exported record.,40,5,
core/name_key_coverage.py,<module>,module,1,116,,,,,,true,Coverage-class registry for the Canonical Name Identity Projection (PR1/PR2).,116,5,"coverage_class,exclusion_reason,is_eligible"
core/name_key_coverage.py,coverage_class,function,91,105,<module>,,domain: str,,str,true,Classify a domain for the name-identity projection.,15,4,
core/name_key_coverage.py,exclusion_reason,function,108,112,<module>,,domain: str,,str,true,"Reason string for an excluded (or untraced) domain; """" for an eligible domain.",5,2,
core/name_key_coverage.py,is_eligible,function,115,116,<module>,,domain: str,,bool,false,,2,1,
core/naming.py,<module>,module,1,149,,,,,,true,Document-derived naming helpers for output files.,149,1,"safe_slug,_file_stem_from_doc,_project_information,_short_uid,derive_doc_key,build_output_filename"
core/naming.py,safe_slug,function,24,42,<module>,,"s: Any, *, max_len: int = 80",,str,false,,19,7,
core/naming.py,_file_stem_from_doc,function,45,62,<module>,,doc: Any,,str,false,,18,8,
core/naming.py,_project_information,function,65,85,<module>,,doc: Any,,"Dict[str, Optional[str]]",false,,21,10,
core/naming.py,_short_uid,function,88,98,<module>,,"uid: Optional[str], *, take: int = 12",,str,false,,11,4,
core/naming.py,derive_doc_key,function,100,118,<module>,,doc: Any,,"Dict[str, str]",true,Returns identifiers suitable for filenames and indexing.,19,1,
core/naming.py,build_output_filename,function,120,148,<module>,,"doc: Any, *, stamp: Optional[str] = None, kind: str = 'fingerprint', ext: str = 'json', include_stamp: bool = True",,str,true,Build a filename tied to RVT identity.,29,3,
core/phase2.py,<module>,module,1,72,,,,,,true,"Phase-2 instrumentation helpers (export-time, additive-only).",72,1,"phase2_sorted_items,phase2_qv_from_legacy_sentinel_str,phase2_join_hash"
core/phase2.py,phase2_sorted_items,function,31,33,<module>,,items,,,true,Return IdentityItem-like dicts sorted by key 'k'.,3,2,
core/phase2.py,phase2_qv_from_legacy_sentinel_str,function,36,62,<module>,,"v, *, allow_empty = False",,,true,"Map legacy sentinel strings to record.v2-safe (v,q) without emitting sentinel literals.",27,8,
core/phase2.py,phase2_join_hash,function,65,72,<module>,,identity_items,,,true,Deterministic join-hash for Phase-2 joins.,8,1,
core/record_v2.py,<module>,module,1,639,,,,,,true,core/record_v2.py,639,1,"canonicalize_str,canonicalize_str_allow_empty,canonicalize_int,canonicalize_float,canonicalize_bool,canonicalize_enum,make_record_id_from_element,_canonical_structural_value,canonical_structural_fields,make_record_id_structural,_default_record_id_secondary_key,finalize_record_ids_for_domain,_block_record_for_unstable_id,make_identity_item,serialize_identity_items,compute_identity_quality,build_record_v2,block_record_v2"
core/record_v2.py,canonicalize_str,function,83,107,<module>,,v: Any,,"Tuple[Optional[str], str]",true,Canonicalize a string-like value for IdentityItem.v.,25,5,
core/record_v2.py,canonicalize_str_allow_empty,function,109,132,<module>,,v: Any,,"Tuple[Optional[str], str]",true,"Canonicalize a string-like value, but preserve empty string as a valid value.",24,5,
core/record_v2.py,canonicalize_int,function,135,175,<module>,,v: Any,,"Tuple[Optional[str], str]",true,Canonicalize an integer-like value for IdentityItem.v.,41,11,
core/record_v2.py,canonicalize_float,function,178,202,<module>,,"v: Any, *, nd: int = 9",,"Tuple[Optional[str], str]",true,Canonicalize a float-like value for IdentityItem.v.,25,6,
core/record_v2.py,canonicalize_bool,function,205,234,<module>,,v: Any,,"Tuple[Optional[str], str]",true,Canonicalize boolean values for IdentityItem.v.,30,11,
core/record_v2.py,canonicalize_enum,function,237,261,<module>,,v: Any,,"Tuple[Optional[str], str]",true,Canonicalize enum-like values for IdentityItem.v.,25,7,
core/record_v2.py,make_record_id_from_element,function,268,299,<module>,,elem: Any,,"Optional[Tuple[str, str]]",true,Create a stable record_id from a Revit element.,32,10,
core/record_v2.py,_canonical_structural_value,function,302,324,<module>,,v: Any,,Any,false,,23,11,
core/record_v2.py,canonical_structural_fields,function,327,332,<module>,,"fields: Dict[str, Any]",,str,true,Canonicalize structural fields into a deterministic JSON string.,6,2,
core/record_v2.py,make_record_id_structural,function,335,339,<module>,,"structural_fields: Dict[str, Any]",,"Tuple[str, str, str]",true,Create a structural-hash record_id base and canonical preimage.,5,1,
core/record_v2.py,_default_record_id_secondary_key,function,342,354,<module>,,"rec: Dict[str, Any]",,str,false,,13,3,
core/record_v2.py,finalize_record_ids_for_domain,function,357,400,<module>,,"records: List[Dict[str, Any]]",,None,true,Assign dup_index for structural record_id groups deterministically.,44,18,
core/record_v2.py,_block_record_for_unstable_id,function,403,408,<module>,,"rec: Dict[str, Any]",,None,false,,6,3,
core/record_v2.py,make_identity_item,function,415,452,<module>,,"k: str, v: Optional[str], q: str, *, banned_substrings: Sequence[str] = DEFAULT_BANNED_IDENTITY_VALUE_SUBSTRINGS",,"Dict[str, Any]",true,Construct an IdentityItem with a banned-substring guard.,38,11,
core/record_v2.py,serialize_identity_items,function,455,477,<module>,,"items: Sequence[Dict[str, Any]]",,List[str],true,Serialize items into the authoritative preimage strings.,23,3,_k
core/record_v2.py,serialize_identity_items._k,nested_function,464,468,serialize_identity_items,,"it: Dict[str, Any]",,str,false,,5,3,
core/record_v2.py,compute_identity_quality,function,480,523,<module>,,"status: str, required_qs: Iterable[str], *, dominance_order: Sequence[str] = DEFAULT_IDENTITY_QUALITY_DOMINANCE_ORDER",,str,true,Compute record.v2 identity_quality from required key qualities.,44,14,
core/record_v2.py,build_record_v2,function,530,603,<module>,,"*, domain: str, record_id: str, record_id_alg: str = 'legacy_unspecified_v1', record_id_scope: str = 'file_local', status: str, status_reasons: Sequence[str], sig_hash: Optional[str], identity_items: Sequence[Dict[str, Any]], required_qs: Sequence[str], label: Dict[str, Any], hash_alg: str = 'md5_utf8_join_pipe', item_schema: str = IDENTITY_ITEM_SCHEMA_V1, schema_version: str = SCHEMA_VERSION_RECORD_V2, dominance_order: Sequence[str] = DEFAULT_IDENTITY_QUALITY_DOMINANCE_ORDER, debug: Optional[Dict[str, Any]] = None",,"Dict[str, Any]",true,Assemble a record.v2 structure.,74,14,
core/record_v2.py,block_record_v2,function,606,639,<module>,,"*, domain: str, record_id: str, status_reasons: Sequence[str], identity_items: Sequence[Dict[str, Any]], label: Dict[str, Any], hash_alg: str = 'md5_utf8_join_pipe', item_schema: str = IDENTITY_ITEM_SCHEMA_V1, schema_version: str = SCHEMA_VERSION_RECORD_V2, debug: Optional[Dict[str, Any]] = None",,"Dict[str, Any]",true,Convenience helper to build a blocked record.v2.,34,1,
core/rows.py,<module>,module,1,333,,,,,,true,Core row/parameter utilities (Revit-aware).,333,3,"_param,_as_string,_as_value_string,_as_double,_as_int,_as_bool_from_param,first_param,format_len_inches,_canon_rgb,try_get_color_rgb_from_elem,get_element_display_name,get_type_display_name"
core/rows.py,_param,function,21,35,<module>,,"elem, bip",,,true,Safely get a parameter by BuiltInParameter enum.,15,3,
core/rows.py,_as_string,function,38,55,<module>,,p,,,true,Extract string value from a parameter.,18,6,
core/rows.py,_as_value_string,function,58,79,<module>,,p,,,true,Extract display value from a parameter using AsValueString().,22,6,
core/rows.py,_as_double,function,82,97,<module>,,p,,,true,Extract double value from a parameter.,16,5,
core/rows.py,_as_int,function,100,115,<module>,,p,,,true,Extract integer value from a parameter.,16,5,
core/rows.py,_as_bool_from_param,function,118,131,<module>,,p,,,true,Extract boolean value from a parameter (via integer).,14,2,
core/rows.py,first_param,function,134,171,<module>,,"elem, bip_names = None, ui_names = None",,,true,"Find first available parameter by trying BuiltInParameter names,",38,16,
core/rows.py,format_len_inches,function,174,193,<module>,,feet_val,,,true,Convert internal Revit units (feet) to inches.,20,6,
core/rows.py,_canon_rgb,function,196,227,<module>,,v,,,true,"Canonicalize a color value to a stable ""r-g-b"" string.",32,12,
core/rows.py,try_get_color_rgb_from_elem,function,230,256,<module>,,elem,,,true,Extract color from an element as both integer and RGB dict.,27,4,
core/rows.py,get_element_display_name,function,259,298,<module>,,elem,,,true,Get the best display name for an element.,40,12,
core/rows.py,get_type_display_name,function,301,333,<module>,,elem,,,true,Get the type name as shown in the Type selector.,33,9,
core/sig_hash_builder.py,<module>,module,1,123,,,,,,true,Policy-driven sig_hash creation for record.v2 records.,123,1,"_items_to_map,_key_allowed,build_sig_hash_from_policy,apply_sig_hash_policy_to_record"
core/sig_hash_builder.py,_items_to_map,function,18,26,<module>,,"items: Iterable[Dict[str, Any]]",,"Dict[str, Dict[str, Any]]",false,,9,6,
core/sig_hash_builder.py,_key_allowed,function,29,35,<module>,,"k: str, allowed: Sequence[str], prefixes: Sequence[str]",,bool,false,,7,8,
core/sig_hash_builder.py,build_sig_hash_from_policy,function,38,102,<module>,,"*, domain_policy: Dict[str, Any], items: Optional[Sequence[Dict[str, Any]]] = None, identity_items: Optional[Sequence[Dict[str, Any]]] = None, status_reasons: Optional[Sequence[str]] = None",,"Tuple[Optional[str], str, List[str], List[Dict[str, Any]]]",true,"Return (sig_hash, status, status_reasons, hash_items).",65,25,
core/sig_hash_builder.py,apply_sig_hash_policy_to_record,function,105,123,<module>,,"record: Dict[str, Any], domain_policy: Dict[str, Any]",,"Dict[str, Any]",true,Mutate and return a canonical record dict with policy-generated sig_hash/status.,19,6,
core/sig_hash_policy.py,<module>,module,1,60,,,,,,true,Sig-hash policy loader.,60,1,"_is_list_of_str,validate_domain_sig_hash_policy,load_sig_hash_policies,get_domain_sig_hash_policy"
core/sig_hash_policy.py,_is_list_of_str,function,15,16,<module>,,x: Any,,bool,false,,2,3,
core/sig_hash_policy.py,validate_domain_sig_hash_policy,function,19,35,<module>,,"domain_name: str, pol: Dict[str, Any]",,None,false,,17,10,
core/sig_hash_policy.py,load_sig_hash_policies,function,38,50,<module>,,policy_path: str,,"Dict[str, Any]",false,,13,6,
core/sig_hash_policy.py,get_domain_sig_hash_policy,function,53,60,<module>,,"policies: Any, domain_name: str",,"Optional[Dict[str, Any]]",false,,8,3,
core/timing_collector.py,<module>,module,1,217,,,,,,true,core/timing_collector.py,217,1,TimingCollector
core/timing_collector.py,TimingCollector,class,21,217,<module>,,,,,true,Collects hierarchical timing data for extraction runs.,197,1,"__init__,start_timer,end_timer,record_elapsed,_record_elapsed_locked,set_active_domain,get_report,_build_report"
core/timing_collector.py,TimingCollector.__init__,method,35,44,TimingCollector,,self,,None,false,,10,1,
core/timing_collector.py,TimingCollector.start_timer,method,46,52,TimingCollector,,"self, label: str",,None,true,Begin timing a labeled operation.,7,4,
core/timing_collector.py,TimingCollector.end_timer,method,54,65,TimingCollector,,"self, label: str",,None,true,End timing and record duration for a labeled operation.,12,5,
core/timing_collector.py,TimingCollector.record_elapsed,method,67,79,TimingCollector,,"self, label: str, elapsed_seconds: float, calls: int = 1",,None,true,Record a pre-computed elapsed duration directly.,13,4,
core/timing_collector.py,TimingCollector._record_elapsed_locked,method,81,104,TimingCollector,,"self, label: str, elapsed_seconds: float, calls: int = 1",,None,true,Record elapsed time while holding ``self._lock``.,24,9,
core/timing_collector.py,TimingCollector.set_active_domain,method,106,112,TimingCollector,,"self, domain_name: Optional[str]",,None,true,Set the currently executing domain for sub-timing scoping.,7,4,
core/timing_collector.py,TimingCollector.get_report,method,114,128,TimingCollector,,self,,"Dict[str, Any]",true,Return structured timing report.,15,4,
core/timing_collector.py,TimingCollector._build_report,method,130,217,TimingCollector,,self,,"Dict[str, Any]",true,Build the structured report (must hold lock).,88,10,
core/vg_sig.py,<module>,module,1,462,,,,,,true,core/vg_sig.py,462,4,"_read_bip_int,emit_builtin_params,emit_shared_params_stub,_phase2_items_from_def_signature,_canonical_identity_items_from_signature,_semantic_keys_from_identity_items,_traceability_unknown_items,_compute_delta_items"
core/vg_sig.py,_read_bip_int,function,168,208,<module>,,"v, bip_enum_name, tpl_bips, include_flag = True, debug_counters = None, storage = 'int'",,,true,Read a BuiltInParameter integer value from a view template element.,41,15,
core/vg_sig.py,emit_builtin_params,function,211,271,<module>,,"v, domain_name, tpl_bips, non_ctrl_bips, sig, sig_v2, debug_counters = None",,,true,Emit include-flag + value items for built-in params for a domain.,61,16,
core/vg_sig.py,emit_shared_params_stub,function,274,282,<module>,,"v, domain_name, tpl_param_ids, sig, sig_v2, debug_counters = None",,,true,Stub for shared/project parameter extraction.,9,1,
core/vg_sig.py,_phase2_items_from_def_signature,function,285,332,<module>,,def_signature,,,true,Convert legacy def_signature entries ('k=v') into IdentityItems safely.,48,18,
core/vg_sig.py,_canonical_identity_items_from_signature,function,335,355,<module>,,"def_hash, sig_final, override_stack_hash = None",,,true,Canonical evidence superset for view_templates.,21,2,
core/vg_sig.py,_semantic_keys_from_identity_items,function,358,404,<module>,,identity_items,,,true,Semantic selector list over canonical evidence.,47,17,
core/vg_sig.py,_traceability_unknown_items,function,407,429,<module>,,elem,,,true,Build traceability unknown_items for a view element (metadata only).,23,5,
core/vg_sig.py,_compute_delta_items,function,432,462,<module>,,"override_items, baseline_record",,,true,"Compare override to baseline, return only changed properties.",31,8,
dev_tools/repo_context/rc_chunking.py,<module>,module,1,199,,,,,,true,Line-numbered chunk generation for oversized text files.,199,1,"_build_python_units,_pack_units,_find_logical_boundary,_pack_generic_lines,chunk_file"
dev_tools/repo_context/rc_chunking.py,_build_python_units,function,20,37,<module>,,"total_lines: int, symbols",,,true,"Return ordered (start, end, label_or_None) covering 1..total_lines,",18,9,
dev_tools/repo_context/rc_chunking.py,_pack_units,function,40,79,<module>,,"units, target_lines: int",,,true,Group small consecutive units into chunks near target_lines; split any,40,7,flush
dev_tools/repo_context/rc_chunking.py,_pack_units.flush,nested_function,48,54,_pack_units,,,,,false,,7,2,
dev_tools/repo_context/rc_chunking.py,_find_logical_boundary,function,82,92,<module>,,"lines: list, ideal_end: int, total_lines: int, window: int",,,true,Search outward from ideal_end for a blank or heading line. Returns the,11,6,
dev_tools/repo_context/rc_chunking.py,_pack_generic_lines,function,95,113,<module>,,"total_lines: int, target_lines: int, overlap: int, lines: list",,,false,,19,5,
dev_tools/repo_context/rc_chunking.py,chunk_file,function,116,199,<module>,,"rel_path: str, text: str, source_sha: str, symbols, output_dir: Path, options",,list,false,,84,24,
dev_tools/repo_context/rc_classify.py,<module>,module,1,106,,,,,,true,Explainable file-classification heuristics.,106,1,"is_test_path,classify_file,detect_generated_or_vendor,detect_entrypoint_reason"
dev_tools/repo_context/rc_classify.py,is_test_path,function,30,39,<module>,,"rel_posix: str, filename: str",,bool,false,,10,8,
dev_tools/repo_context/rc_classify.py,classify_file,function,42,81,<module>,,"rel_posix: str, filename: str, ext: str, sample_text: str | None",,"tuple[str, str]",true,"Return (category, reason). sample_text is a small text prefix, or None for binary.",40,21,
dev_tools/repo_context/rc_classify.py,detect_generated_or_vendor,function,84,97,<module>,,"rel_posix: str, sample_text: str | None",,str,false,,14,8,
dev_tools/repo_context/rc_classify.py,detect_entrypoint_reason,function,100,106,<module>,,"rel_posix: str, has_main_guard: bool",,str | None,false,,7,3,
dev_tools/repo_context/rc_common.py,<module>,module,1,266,,,,,,true,"Shared constants, dataclasses, and small utilities for repo_context.",266,1,"redact_secrets,to_posix_rel,sha256_file,sha256_text,count_lines_streaming,stable_path_id,sanitize_stem,match_any_glob,sniff_binary,FileRecord,SymbolRecord,ImportRecord,CallRecord,ChunkRecord,atomic_write_text,atomic_write_bytes,estimate_tokens"
dev_tools/repo_context/rc_common.py,redact_secrets,function,63,73,<module>,,text: str,,str,false,,11,4,
dev_tools/repo_context/rc_common.py,to_posix_rel,function,76,77,<module>,,"path: Path, root: Path",,str,false,,2,1,
dev_tools/repo_context/rc_common.py,sha256_file,function,80,88,<module>,,"path: Path, chunk_size: int = 1 << 20",,str,false,,9,4,
dev_tools/repo_context/rc_common.py,sha256_text,function,91,92,<module>,,text: str,,str,false,,2,1,
dev_tools/repo_context/rc_common.py,count_lines_streaming,function,95,108,<module>,,"path: Path, chunk_size: int = 1 << 20",,int,true,Count newline-terminated lines without holding the file in memory.,14,6,
dev_tools/repo_context/rc_common.py,stable_path_id,function,111,112,<module>,,"rel_path: str, length: int = 12",,str,false,,2,1,
dev_tools/repo_context/rc_common.py,sanitize_stem,function,115,117,<module>,,name: str,,str,false,,3,1,
dev_tools/repo_context/rc_common.py,match_any_glob,function,120,124,<module>,,"name: str, patterns",,Optional[str],false,,5,3,
dev_tools/repo_context/rc_common.py,sniff_binary,function,127,134,<module>,,sample: bytes,,bool,false,,8,5,
dev_tools/repo_context/rc_common.py,FileRecord,class,138,152,<module>,dataclass,,,,false,,15,1,
dev_tools/repo_context/rc_common.py,SymbolRecord,class,156,171,<module>,dataclass,,,,false,,16,1,
dev_tools/repo_context/rc_common.py,ImportRecord,class,175,185,<module>,dataclass,,,,false,,11,1,
dev_tools/repo_context/rc_common.py,CallRecord,class,189,198,<module>,dataclass,,,,false,,10,1,
dev_tools/repo_context/rc_common.py,ChunkRecord,class,202,213,<module>,dataclass,,,,false,,12,1,
dev_tools/repo_context/rc_common.py,atomic_write_text,function,249,254,<module>,,"path: Path, text: str",,None,false,,6,2,
dev_tools/repo_context/rc_common.py,atomic_write_bytes,function,257,262,<module>,,"path: Path, data: bytes",,None,false,,6,2,
dev_tools/repo_context/rc_common.py,estimate_tokens,function,265,266,<module>,,char_count: int,,int,false,,2,1,
dev_tools/repo_context/rc_manifest.py,<module>,module,1,149,,,,,,true,Incremental reuse support + generation_manifest.json.,149,1,"chunking_signature,load_previous_state,make_chunk_reuse_provider,write_manifest,utc_now_iso"
dev_tools/repo_context/rc_manifest.py,chunking_signature,function,18,25,<module>,,options,,dict,false,,8,1,
dev_tools/repo_context/rc_manifest.py,load_previous_state,function,28,74,<module>,,output_dir: Path,,,true,"Returns (prev_hash_by_path, prev_chunks_by_path, prev_signature) or",47,15,
dev_tools/repo_context/rc_manifest.py,make_chunk_reuse_provider,function,77,105,<module>,,"output_dir: Path, options, force: bool",,,false,,29,4,provider
dev_tools/repo_context/rc_manifest.py,make_chunk_reuse_provider.provider,nested_function,86,103,make_chunk_reuse_provider,,"rel_path: str, current_sha: str",,,false,,18,8,
dev_tools/repo_context/rc_manifest.py,write_manifest,function,108,145,<module>,,"output_dir: Path, options, result, root: Path, started_at_utc: str, reuse_active: bool, extra: dict",,None,false,,38,10,
dev_tools/repo_context/rc_manifest.py,utc_now_iso,function,148,149,<module>,,,,str,false,,2,1,
dev_tools/repo_context/rc_overview.py,<module>,module,1,245,,,,,,true,repository_overview.md and README.md generation.,245,1,"_top_dir,generate_overview_md,generate_readme_md"
dev_tools/repo_context/rc_overview.py,_top_dir,function,13,15,<module>,,rel_path: str,,str,false,,3,1,
dev_tools/repo_context/rc_overview.py,generate_overview_md,function,18,134,<module>,,"result, root_name: str, scan_time_iso: str",,str,false,,117,42,
dev_tools/repo_context/rc_overview.py,generate_readme_md,function,137,245,<module>,,,,str,false,,109,1,
dev_tools/repo_context/rc_packet.py,<module>,module,1,490,,,,,,true,Targeted context packet generation.,490,1,"_load_csv,_norm_rel,_file_is_fresh,_safe_excerpt,_symbol_matches,_find_symbol_candidates,PacketOptions,Budget,_callers_of,_callees_of,_bfs_callers,_bfs_callees,_enclosing_class_or_func,_candidate_tests_for_file,_render_symbol_block,generate_packet"
dev_tools/repo_context/rc_packet.py,_load_csv,function,17,21,<module>,,path: Path,,list,false,,5,3,
dev_tools/repo_context/rc_packet.py,_norm_rel,function,24,25,<module>,,path_str: str,,str,false,,2,1,
dev_tools/repo_context/rc_packet.py,_file_is_fresh,function,28,50,<module>,,"root: Path, rel_path: str, expected_sha256: str",,bool,true,True if rel_path's current on-disk content still matches the,23,7,
dev_tools/repo_context/rc_packet.py,_safe_excerpt,function,53,72,<module>,,"root: Path, rel_path: str, start: int, end: int",,Optional[list],false,,20,10,
dev_tools/repo_context/rc_packet.py,_symbol_matches,function,75,77,<module>,,"name: str, row: dict",,bool,false,,3,3,
dev_tools/repo_context/rc_packet.py,_find_symbol_candidates,function,80,84,<module>,,"name: str, symbols: list, file_constraint: Optional[str]",,list,false,,5,6,
dev_tools/repo_context/rc_packet.py,PacketOptions,class,88,102,<module>,dataclass,,,,false,,15,1,
dev_tools/repo_context/rc_packet.py,Budget,class,105,118,<module>,,,,,false,,14,1,"__init__,allow,spend"
dev_tools/repo_context/rc_packet.py,Budget.__init__,method,106,111,Budget,,"self, max_lines: int, max_characters: int",,,false,,6,1,
dev_tools/repo_context/rc_packet.py,Budget.allow,method,113,114,Budget,,"self, text: str, n_lines: int",,bool,false,,2,2,
dev_tools/repo_context/rc_packet.py,Budget.spend,method,116,118,Budget,,"self, text: str, n_lines: int",,None,false,,3,1,
dev_tools/repo_context/rc_packet.py,_callers_of,function,121,122,<module>,,"symbol_qn: str, symbol_file: str, calls: list",,list,false,,2,4,
dev_tools/repo_context/rc_packet.py,_callees_of,function,125,126,<module>,,"symbol_qn: str, symbol_file: str, calls: list",,list,false,,2,4,
dev_tools/repo_context/rc_packet.py,_bfs_callers,function,129,145,<module>,,"start_file: str, start_qn: str, calls: list, depth: int",,list,false,,17,6,
dev_tools/repo_context/rc_packet.py,_bfs_callees,function,148,165,<module>,,"start_file: str, start_qn: str, calls: list, depth: int",,list,false,,18,8,
dev_tools/repo_context/rc_packet.py,_enclosing_class_or_func,function,168,175,<module>,,"row: dict, symbols_by_file: dict",,Optional[dict],false,,8,5,
dev_tools/repo_context/rc_packet.py,_candidate_tests_for_file,function,178,190,<module>,,"target_file: str, imports: list, calls: list, files_by_path: dict",,list,false,,13,7,
dev_tools/repo_context/rc_packet.py,_render_symbol_block,function,193,227,<module>,,"root: Path, row: dict, budget: Budget, out: list, note_prefix: str = '', expected_sha256: str = ''",,None,false,,35,6,
dev_tools/repo_context/rc_packet.py,generate_packet,function,230,490,<module>,,opts: PacketOptions,,Path,false,,261,52,"add_file_section,add_symbol_section"
dev_tools/repo_context/rc_packet.py,generate_packet.add_file_section,nested_function,271,330,generate_packet,,rel_path: str,,None,false,,60,20,
dev_tools/repo_context/rc_packet.py,generate_packet.add_symbol_section,nested_function,332,365,generate_packet,,row: dict,,None,false,,34,15,
dev_tools/repo_context/rc_pyanalysis.py,<module>,module,1,689,,,,,,true,AST-based Python symbol / import / call extraction.,689,1,"dotted_module_path,_complexity_count,complexity_approx,_is_main_guard,_unparse_safe,format_params,RawCall,ClassInfo,PyFileAnalysis,_collect_local_bound_names,_collect_module_reassigned_names,analyze_python_source,resolve_import_record,build_import_bindings,build_bindings_by_scope,_lookup_in_scope_chain,resolve_calls,name_in_index"
dev_tools/repo_context/rc_pyanalysis.py,dotted_module_path,function,22,27,<module>,,rel_posix: str,,str,false,,6,5,
dev_tools/repo_context/rc_pyanalysis.py,_complexity_count,function,30,44,<module>,,node: ast.AST,,int,false,,15,7,
dev_tools/repo_context/rc_pyanalysis.py,complexity_approx,function,47,48,<module>,,node: ast.AST,,int,false,,2,1,
dev_tools/repo_context/rc_pyanalysis.py,_is_main_guard,function,51,59,<module>,,node: ast.AST,,bool,false,,9,9,
dev_tools/repo_context/rc_pyanalysis.py,_unparse_safe,function,62,68,<module>,,node,,str,false,,7,4,
dev_tools/repo_context/rc_pyanalysis.py,format_params,function,71,102,<module>,,args: ast.arguments,,str,false,,32,9,fmt
dev_tools/repo_context/rc_pyanalysis.py,format_params.fmt,nested_function,74,80,format_params,,"a: ast.arg, default = None",,str,false,,7,3,
dev_tools/repo_context/rc_pyanalysis.py,RawCall,class,106,113,<module>,dataclass,,,,false,,8,1,
dev_tools/repo_context/rc_pyanalysis.py,ClassInfo,class,117,120,<module>,dataclass,,,,false,,4,1,
dev_tools/repo_context/rc_pyanalysis.py,PyFileAnalysis,class,124,134,<module>,dataclass,,,,false,,11,1,
dev_tools/repo_context/rc_pyanalysis.py,_collect_local_bound_names,function,137,171,<module>,,node,,set,true,Parameter names plus simple assignment targets bound directly in,35,5,walk_stmts
dev_tools/repo_context/rc_pyanalysis.py,_collect_local_bound_names.walk_stmts,nested_function,152,168,_collect_local_bound_names,,stmts,,None,false,,17,7,
dev_tools/repo_context/rc_pyanalysis.py,_collect_module_reassigned_names,function,174,194,<module>,,tree: ast.Module,,set,true,Plain assignment targets (not def/class statements themselves),21,1,walk_stmts
dev_tools/repo_context/rc_pyanalysis.py,_collect_module_reassigned_names.walk_stmts,nested_function,183,191,_collect_module_reassigned_names,,stmts,,None,false,,9,7,
dev_tools/repo_context/rc_pyanalysis.py,analyze_python_source,function,197,431,<module>,,"rel_path: str, source: str",,PyFileAnalysis,false,,235,12,"make_call,walk_expr_for_calls,record_import,walk_body,handle_class,handle_func"
dev_tools/repo_context/rc_pyanalysis.py,analyze_python_source.make_call,nested_function,235,246,analyze_python_source,,"node: ast.Call, caller_symbol: str, class_ctx: str",,RawCall,false,,12,4,
dev_tools/repo_context/rc_pyanalysis.py,analyze_python_source.walk_expr_for_calls,nested_function,248,260,analyze_python_source,,"expr, scope_qualname: str, class_ctx: str, parent_qualname: str",,None,true,"Harvest calls from a definition-time expression (a decorator, a",13,3,
dev_tools/repo_context/rc_pyanalysis.py,analyze_python_source.record_import,nested_function,262,289,analyze_python_source,,"stmt, scope_qualname: str",,None,true,Record an Import/ImportFrom statement found anywhere in the tree,28,9,
dev_tools/repo_context/rc_pyanalysis.py,analyze_python_source.walk_body,nested_function,291,308,analyze_python_source,,"node: ast.AST, scope_qualname: str, class_ctx: str, parent_qualname: str",,None,false,,18,9,
dev_tools/repo_context/rc_pyanalysis.py,analyze_python_source.handle_class,nested_function,310,355,analyze_python_source,,"node: ast.ClassDef, parent_qualname: str, grandparent_qualname: str",,None,false,,46,16,
dev_tools/repo_context/rc_pyanalysis.py,analyze_python_source.handle_func,nested_function,357,408,analyze_python_source,,"node, parent_qualname: str, class_ctx: str, grandparent_qualname: str",,None,false,,52,15,
dev_tools/repo_context/rc_pyanalysis.py,resolve_import_record,function,434,481,<module>,,"imp: ImportRecord, module_index: dict, all_top_level_index: dict",,"tuple[str, str]",true,Conservative import resolution.,48,14,
dev_tools/repo_context/rc_pyanalysis.py,build_import_bindings,function,484,501,<module>,,imports: list,,dict,true,"local_name -> (target_file_or_'', target_symbol_simple_name_or_'', kind)",18,7,
dev_tools/repo_context/rc_pyanalysis.py,build_bindings_by_scope,function,504,510,<module>,,imports_by_scope: dict,,dict,true,qualified scope name -> import-bindings dict for imports declared,7,2,
dev_tools/repo_context/rc_pyanalysis.py,_lookup_in_scope_chain,function,513,542,<module>,,"name: str, caller_symbol: str, parent_of: dict, local_names_by_symbol: dict, bindings_by_scope: dict, class_info: dict",,,true,"Walk caller_symbol's lexical scope chain (its own scope, then each",30,9,
dev_tools/repo_context/rc_pyanalysis.py,resolve_calls,function,545,685,<module>,,"raw_calls: list, caller_file: str, top_level_index: dict, class_info: dict, bindings_by_scope: dict, all_top_level_index: dict, all_class_info: dict, local_names_by_symbol: dict, parent_of: dict, module_reassigned_names: set",,list,false,,141,33,
dev_tools/repo_context/rc_pyanalysis.py,name_in_index,function,688,689,<module>,,"index: dict, name: str",,bool,false,,2,2,
dev_tools/repo_context/rc_scan.py,<module>,module,1,356,,,,,,true,Filesystem walk + inventory + Python analysis orchestration.,356,1,"ScanOptions,ScanResult,_sort_key,_should_exclude_file,_walk,scan_repository,_cleanup_stale_chunks,_resolve_python_relationships"
dev_tools/repo_context/rc_scan.py,ScanOptions,class,28,44,<module>,dataclass,,,,false,,17,1,
dev_tools/repo_context/rc_scan.py,ScanResult,class,48,59,<module>,dataclass,,,,false,,12,1,
dev_tools/repo_context/rc_scan.py,_sort_key,function,62,63,<module>,,name: str,,,false,,2,1,
dev_tools/repo_context/rc_scan.py,_should_exclude_file,function,66,77,<module>,,"rel_posix: str, filename: str, options: ScanOptions",,Optional[str],false,,12,7,
dev_tools/repo_context/rc_scan.py,_walk,function,80,150,<module>,,"root: Path, exclude_dir_names: set, result: ScanResult, verbose: bool, output_exclude_rel_path: Optional[str] = None",,,true,"Yield (abs_path, rel_posix) for every file found, honoring hard",71,1,recurse
dev_tools/repo_context/rc_scan.py,_walk.recurse,nested_function,88,148,_walk,,"dir_path: Path, rel_dir: str",,,false,,61,21,
dev_tools/repo_context/rc_scan.py,scan_repository,function,153,309,<module>,,options: ScanOptions,,ScanResult,false,,157,54,
dev_tools/repo_context/rc_scan.py,_cleanup_stale_chunks,function,312,328,<module>,,"output_dir: Path, result: ScanResult",,int,true,Remove chunk files left over from a prior run that this run's final,17,8,
dev_tools/repo_context/rc_scan.py,_resolve_python_relationships,function,331,356,<module>,,"py_analyses: dict, result: ScanResult",,None,false,,26,7,
dev_tools/repo_context/rc_tree.py,<module>,module,1,84,,,,,,true,Deterministic repository_tree.txt generation.,84,1,"_sort_key,_human_size,_Node,_build_tree,_render,generate_tree_text,write_tree"
dev_tools/repo_context/rc_tree.py,_sort_key,function,7,8,<module>,,name: str,,,false,,2,1,
dev_tools/repo_context/rc_tree.py,_human_size,function,11,16,<module>,,n: int,,str,false,,6,3,
dev_tools/repo_context/rc_tree.py,_Node,class,19,26,<module>,,,,,false,,8,1,__init__
dev_tools/repo_context/rc_tree.py,_Node.__init__,method,22,26,_Node,,"self, name: str",,,false,,5,1,
dev_tools/repo_context/rc_tree.py,_build_tree,function,29,49,<module>,,"files, dir_exclusions, show_excluded_dirs: bool",,_Node,false,,21,8,
dev_tools/repo_context/rc_tree.py,_render,function,52,72,<module>,,"node: _Node, prefix: str, depth: int, max_depth, lines: list",,None,false,,21,8,
dev_tools/repo_context/rc_tree.py,generate_tree_text,function,75,79,<module>,,"result, root_name: str, max_depth = None, show_excluded_dirs: bool = False",,str,false,,5,1,
dev_tools/repo_context/rc_tree.py,write_tree,function,82,84,<module>,,"output_dir, result, root_name: str, max_depth = None, show_excluded_dirs: bool = False",,None,false,,3,1,
dev_tools/repo_context/rc_validate.py,<module>,module,1,255,,,,,,true,`validate` command: sanity-check a previously generated output directory.,255,1,"_looks_absolute_or_backslashed,ValidationResult,_read_csv_rows,validate_output_dir,_symbol_name_matches,format_report"
dev_tools/repo_context/rc_validate.py,_looks_absolute_or_backslashed,function,54,57,<module>,,value: str,,bool,false,,4,4,
dev_tools/repo_context/rc_validate.py,ValidationResult,class,60,73,<module>,,,,,false,,14,1,"__init__,error,warn,ok"
dev_tools/repo_context/rc_validate.py,ValidationResult.__init__,method,61,63,ValidationResult,,self,,,false,,3,1,
dev_tools/repo_context/rc_validate.py,ValidationResult.error,method,65,66,ValidationResult,,"self, msg: str",,None,false,,2,1,
dev_tools/repo_context/rc_validate.py,ValidationResult.warn,method,68,69,ValidationResult,,"self, msg: str",,None,false,,2,1,
dev_tools/repo_context/rc_validate.py,ValidationResult.ok,method,72,73,ValidationResult,property,self,,bool,false,,2,1,
dev_tools/repo_context/rc_validate.py,_read_csv_rows,function,76,80,<module>,,path: Path,,,false,,5,2,
dev_tools/repo_context/rc_validate.py,validate_output_dir,function,83,239,<module>,,"output_dir: Path, allow_absolute_paths: bool = False",,ValidationResult,false,,157,62,
dev_tools/repo_context/rc_validate.py,_symbol_name_matches,function,242,243,<module>,,"requested: str, qualified: str",,bool,false,,2,3,
dev_tools/repo_context/rc_validate.py,format_report,function,246,255,<module>,,"res: ValidationResult, output_dir: Path",,str,false,,10,3,
dev_tools/repo_context/rc_writers.py,<module>,module,1,133,,,,,,true,"CSV / JSONL table writers, sharing schemas with rc_validate.py.",133,1,"_bool_str,_rows_to_csv_text,file_record_to_row,file_record_to_dict,symbol_record_to_row,symbol_record_to_dict,import_record_to_row,call_record_to_row,chunk_record_to_row,write_all_tables"
dev_tools/repo_context/rc_writers.py,_bool_str,function,12,13,<module>,,v,,str,false,,2,1,
dev_tools/repo_context/rc_writers.py,_rows_to_csv_text,function,16,22,<module>,,"header, rows",,str,false,,7,3,
dev_tools/repo_context/rc_writers.py,file_record_to_row,function,25,31,<module>,,f,,tuple,false,,7,1,
dev_tools/repo_context/rc_writers.py,file_record_to_dict,function,34,43,<module>,,f,,dict,false,,10,1,
dev_tools/repo_context/rc_writers.py,symbol_record_to_row,function,46,52,<module>,,s,,tuple,false,,7,1,
dev_tools/repo_context/rc_writers.py,symbol_record_to_dict,function,55,64,<module>,,s,,dict,false,,10,1,
dev_tools/repo_context/rc_writers.py,import_record_to_row,function,67,71,<module>,,i,,tuple,false,,5,1,
dev_tools/repo_context/rc_writers.py,call_record_to_row,function,74,78,<module>,,c,,tuple,false,,5,1,
dev_tools/repo_context/rc_writers.py,chunk_record_to_row,function,81,86,<module>,,c,,tuple,false,,6,1,
dev_tools/repo_context/rc_writers.py,write_all_tables,function,89,133,<module>,,"output_dir: Path, result",,None,false,,45,8,
dev_tools/repo_context/repo_context.py,<module>,module,1,238,,,,,,true,"repo_context.py — local, read-only repository-context generator.",238,2,"_positive_int,_non_negative_int,_resolve_output_dir,cmd_scan,cmd_packet,cmd_validate,build_parser,main"
dev_tools/repo_context/repo_context.py,_positive_int,function,34,38,<module>,,value: str,,int,false,,5,2,
dev_tools/repo_context/repo_context.py,_non_negative_int,function,41,45,<module>,,value: str,,int,false,,5,2,
dev_tools/repo_context/repo_context.py,_resolve_output_dir,function,48,71,<module>,,"root: Path, output_arg: str",,"tuple[Path, 'str | None']",true,"Returns (output_dir, output_exclude_rel_path).",24,5,
dev_tools/repo_context/repo_context.py,cmd_scan,function,74,134,<module>,,args: argparse.Namespace,,int,false,,61,11,
dev_tools/repo_context/repo_context.py,cmd_packet,function,137,163,<module>,,args: argparse.Namespace,,int,false,,27,6,
dev_tools/repo_context/repo_context.py,cmd_validate,function,166,170,<module>,,args: argparse.Namespace,,int,false,,5,1,
dev_tools/repo_context/repo_context.py,build_parser,function,173,228,<module>,,,,argparse.ArgumentParser,false,,56,1,
dev_tools/repo_context/repo_context.py,main,function,231,234,<module>,,argv = None,,int,false,,4,1,
dev_tools/repo_context/tests/conftest.py,<module>,module,1,41,,,,,,false,,41,2,"run_tool,write_files,repo,out"
dev_tools/repo_context/tests/conftest.py,run_tool,function,16,20,<module>,,"args, cwd = None, timeout = 60",,,false,,5,2,
dev_tools/repo_context/tests/conftest.py,write_files,function,23,31,<module>,,"root: Path, files: dict",,Path,false,,9,3,
dev_tools/repo_context/tests/conftest.py,repo,function,35,36,<module>,pytest.fixture,tmp_path,,,false,,2,1,
dev_tools/repo_context/tests/conftest.py,out,function,40,41,<module>,pytest.fixture,tmp_path,,,false,,2,1,
dev_tools/repo_context/tests/test_chunking.py,<module>,module,1,88,,,,,,false,,88,1,"_chunk_rows,_assert_full_contiguous_coverage,_make_big_python_file,test_large_python_file_gets_chunked,test_single_oversized_function_is_split_by_line_range,test_generic_text_chunking_has_overlap_and_full_coverage"
dev_tools/repo_context/tests/test_chunking.py,_chunk_rows,function,6,9,<module>,,"out, source",,,false,,4,4,
dev_tools/repo_context/tests/test_chunking.py,_assert_full_contiguous_coverage,function,12,17,<module>,,"rows, total_lines",,,false,,6,6,
dev_tools/repo_context/tests/test_chunking.py,_make_big_python_file,function,20,27,<module>,,n_funcs = 80,,str,false,,8,3,
dev_tools/repo_context/tests/test_chunking.py,test_large_python_file_gets_chunked,function,30,50,<module>,,"repo, out",,,false,,21,8,
dev_tools/repo_context/tests/test_chunking.py,test_single_oversized_function_is_split_by_line_range,function,53,68,<module>,,"repo, out",,,false,,16,6,
dev_tools/repo_context/tests/test_chunking.py,test_generic_text_chunking_has_overlap_and_full_coverage,function,71,88,<module>,,"repo, out",,,false,,18,6,
dev_tools/repo_context/tests/test_determinism_incremental.py,<module>,module,1,92,,,,,,false,,92,1,"_make_repo,test_deterministic_output_across_identical_runs,test_incremental_regeneration_reuses_unchanged_chunk_output,test_stale_chunks_removed_when_source_deleted,test_force_bypasses_incremental_reuse"
dev_tools/repo_context/tests/test_determinism_incremental.py,_make_repo,function,6,12,<module>,,repo,,,false,,7,1,
dev_tools/repo_context/tests/test_determinism_incremental.py,test_deterministic_output_across_identical_runs,function,15,25,<module>,,"repo, tmp_path",,,false,,11,5,
dev_tools/repo_context/tests/test_determinism_incremental.py,test_incremental_regeneration_reuses_unchanged_chunk_output,function,28,58,<module>,,"repo, out",,,false,,31,12,
dev_tools/repo_context/tests/test_determinism_incremental.py,test_stale_chunks_removed_when_source_deleted,function,61,81,<module>,,"repo, out",,,false,,21,7,
dev_tools/repo_context/tests/test_determinism_incremental.py,test_force_bypasses_incremental_reuse,function,84,92,<module>,,"repo, out",,,false,,9,4,
dev_tools/repo_context/tests/test_imports_and_calls.py,<module>,module,1,262,,,,,,false,,262,1,"_read,test_absolute_and_relative_imports,test_same_module_and_imported_function_calls,test_unresolved_call_is_preserved_not_guessed,test_ambiguous_import_resolution,test_imports_in_nested_scopes_are_recorded,test_call_shadowed_by_parameter_is_not_resolved_to_module_function,test_function_local_import_does_not_leak_into_unrelated_function,test_nested_def_name_shadows_module_level_symbol_throughout_function,test_aliased_base_class_import_resolves_inherited_method,test_module_level_rebinding_is_not_confidently_resolved,test_self_method_call_within_known_class"
dev_tools/repo_context/tests/test_imports_and_calls.py,_read,function,6,8,<module>,,"out, name",,,false,,3,2,
dev_tools/repo_context/tests/test_imports_and_calls.py,test_absolute_and_relative_imports,function,11,44,<module>,,"repo, out",,,false,,34,11,
dev_tools/repo_context/tests/test_imports_and_calls.py,test_same_module_and_imported_function_calls,function,47,74,<module>,,"repo, out",,,false,,28,9,
dev_tools/repo_context/tests/test_imports_and_calls.py,test_unresolved_call_is_preserved_not_guessed,function,77,95,<module>,,"repo, out",,,false,,19,9,
dev_tools/repo_context/tests/test_imports_and_calls.py,test_ambiguous_import_resolution,function,98,111,<module>,,"repo, out",,,false,,14,6,
dev_tools/repo_context/tests/test_imports_and_calls.py,test_imports_in_nested_scopes_are_recorded,function,114,137,<module>,,"repo, out",,,false,,24,7,
dev_tools/repo_context/tests/test_imports_and_calls.py,test_call_shadowed_by_parameter_is_not_resolved_to_module_function,function,140,156,<module>,,"repo, out",,,false,,17,7,
dev_tools/repo_context/tests/test_imports_and_calls.py,test_function_local_import_does_not_leak_into_unrelated_function,function,159,179,<module>,,"repo, out",,,false,,21,10,
dev_tools/repo_context/tests/test_imports_and_calls.py,test_nested_def_name_shadows_module_level_symbol_throughout_function,function,182,201,<module>,,"repo, out",,,false,,20,6,
dev_tools/repo_context/tests/test_imports_and_calls.py,test_aliased_base_class_import_resolves_inherited_method,function,204,221,<module>,,"repo, out",,,false,,18,7,
dev_tools/repo_context/tests/test_imports_and_calls.py,test_module_level_rebinding_is_not_confidently_resolved,function,224,243,<module>,,"repo, out",,,false,,20,9,
dev_tools/repo_context/tests/test_imports_and_calls.py,test_self_method_call_within_known_class,function,246,262,<module>,,"repo, out",,,false,,17,6,
dev_tools/repo_context/tests/test_inventory_and_exclusions.py,<module>,module,1,108,,,,,,false,,108,1,"_read_csv,test_basic_repository_inventory,test_default_exclusions,test_binary_file_detection,test_duplicate_filenames_in_different_directories,test_secret_files_excluded_by_default"
dev_tools/repo_context/tests/test_inventory_and_exclusions.py,_read_csv,function,6,8,<module>,,path,,,false,,3,2,
dev_tools/repo_context/tests/test_inventory_and_exclusions.py,test_basic_repository_inventory,function,11,32,<module>,,"repo, out",,,false,,22,14,
dev_tools/repo_context/tests/test_inventory_and_exclusions.py,test_default_exclusions,function,35,53,<module>,,"repo, out",,,false,,19,9,
dev_tools/repo_context/tests/test_inventory_and_exclusions.py,test_binary_file_detection,function,56,68,<module>,,"repo, out",,,false,,13,7,
dev_tools/repo_context/tests/test_inventory_and_exclusions.py,test_duplicate_filenames_in_different_directories,function,71,85,<module>,,"repo, out",,,false,,15,9,
dev_tools/repo_context/tests/test_inventory_and_exclusions.py,test_secret_files_excluded_by_default,function,88,108,<module>,,"repo, out",,,false,,21,10,
dev_tools/repo_context/tests/test_large_file_cap.py,<module>,module,1,27,,,,,,true,White-box test for the >MAX_TEXT_READ_BYTES surfacing fix.,27,1,test_oversized_text_file_is_surfaced_not_silently_skipped
dev_tools/repo_context/tests/test_large_file_cap.py,test_oversized_text_file_is_surfaced_not_silently_skipped,function,12,27,<module>,,"repo, out, monkeypatch",,,false,,16,9,
dev_tools/repo_context/tests/test_packets.py,<module>,module,1,158,,,,,,false,,158,1,"_scan,test_packet_by_file,test_search_packet_respects_size_budget_on_repetitive_file,test_packet_withholds_excerpt_when_source_changed_since_scan,test_file_packet_respects_tiny_size_budget,test_line_packet_raw_fallback_withholds_stale_excerpt,test_packet_by_symbol,test_packet_by_search,test_packet_by_line,test_ambiguous_symbol_requires_qualifier_or_all_matches,test_packet_accepts_windows_style_relative_path,test_packet_without_prior_scan_fails_cleanly"
dev_tools/repo_context/tests/test_packets.py,_scan,function,4,6,<module>,,"repo, out",,,false,,3,2,
dev_tools/repo_context/tests/test_packets.py,test_packet_by_file,function,9,18,<module>,,"repo, out",,,false,,10,5,
dev_tools/repo_context/tests/test_packets.py,test_search_packet_respects_size_budget_on_repetitive_file,function,21,34,<module>,,"repo, out",,,false,,14,5,
dev_tools/repo_context/tests/test_packets.py,test_packet_withholds_excerpt_when_source_changed_since_scan,function,37,48,<module>,,"repo, out",,,false,,12,5,
dev_tools/repo_context/tests/test_packets.py,test_file_packet_respects_tiny_size_budget,function,51,67,<module>,,"repo, out",,,false,,17,7,
dev_tools/repo_context/tests/test_packets.py,test_line_packet_raw_fallback_withholds_stale_excerpt,function,70,80,<module>,,"repo, out",,,false,,11,5,
dev_tools/repo_context/tests/test_packets.py,test_packet_by_symbol,function,83,90,<module>,,"repo, out",,,false,,8,4,
dev_tools/repo_context/tests/test_packets.py,test_packet_by_search,function,93,101,<module>,,"repo, out",,,false,,9,4,
dev_tools/repo_context/tests/test_packets.py,test_packet_by_line,function,104,111,<module>,,"repo, out",,,false,,8,3,
dev_tools/repo_context/tests/test_packets.py,test_ambiguous_symbol_requires_qualifier_or_all_matches,function,114,140,<module>,,"repo, out",,,false,,27,10,
dev_tools/repo_context/tests/test_packets.py,test_packet_accepts_windows_style_relative_path,function,143,151,<module>,,"repo, out",,,false,,9,4,
dev_tools/repo_context/tests/test_packets.py,test_packet_without_prior_scan_fails_cleanly,function,154,158,<module>,,"repo, out",,,false,,5,2,
dev_tools/repo_context/tests/test_python_symbols.py,<module>,module,1,98,,,,,,false,,98,1,"_symbols,test_functions_classes_methods_nested_async,test_utf8_bom_prefixed_python_file_still_parses,test_syntax_error_handling_does_not_abort_scan"
dev_tools/repo_context/tests/test_python_symbols.py,_symbols,function,30,32,<module>,,out,,,false,,3,2,
dev_tools/repo_context/tests/test_python_symbols.py,test_functions_classes_methods_nested_async,function,35,63,<module>,,"repo, out",,,false,,29,18,
dev_tools/repo_context/tests/test_python_symbols.py,test_utf8_bom_prefixed_python_file_still_parses,function,66,77,<module>,,"repo, out",,,false,,12,6,
dev_tools/repo_context/tests/test_python_symbols.py,test_syntax_error_handling_does_not_abort_scan,function,80,98,<module>,,"repo, out",,,false,,19,12,
dev_tools/repo_context/tests/test_safety.py,<module>,module,1,87,,,,,,false,,87,1,"test_refuses_output_dir_equal_to_root,test_output_dir_inside_root_is_never_scanned_into_itself,test_custom_named_output_dir_inside_root_is_auto_excluded,test_nested_output_dir_excludes_only_itself_not_its_whole_parent,test_invalid_root_returns_nonzero,test_missing_subcommand_returns_nonzero,test_non_positive_chunk_target_lines_rejected,test_validate_does_not_require_packets_dir"
dev_tools/repo_context/tests/test_safety.py,test_refuses_output_dir_equal_to_root,function,6,9,<module>,,repo,,,false,,4,2,
dev_tools/repo_context/tests/test_safety.py,test_output_dir_inside_root_is_never_scanned_into_itself,function,12,21,<module>,,repo,,,false,,10,6,
dev_tools/repo_context/tests/test_safety.py,test_custom_named_output_dir_inside_root_is_auto_excluded,function,24,33,<module>,,repo,,,false,,10,6,
dev_tools/repo_context/tests/test_safety.py,test_nested_output_dir_excludes_only_itself_not_its_whole_parent,function,36,52,<module>,,repo,,,false,,17,8,
dev_tools/repo_context/tests/test_safety.py,test_invalid_root_returns_nonzero,function,55,59,<module>,,tmp_path,,,false,,5,2,
dev_tools/repo_context/tests/test_safety.py,test_missing_subcommand_returns_nonzero,function,62,64,<module>,,,,,false,,3,2,
dev_tools/repo_context/tests/test_safety.py,test_non_positive_chunk_target_lines_rejected,function,67,72,<module>,,"repo, out",,,false,,6,3,
dev_tools/repo_context/tests/test_safety.py,test_validate_does_not_require_packets_dir,function,75,87,<module>,,"repo, out",,,false,,13,3,
dev_tools/repo_context/tests/test_symlinks.py,<module>,module,1,74,,,,,,false,,74,1,"test_symlink_escaping_root_is_excluded,test_file_symlink_escaping_root_is_excluded_without_being_read,test_symlink_cycle_inside_root_does_not_hang,test_fifo_directly_under_root_does_not_hang"
dev_tools/repo_context/tests/test_symlinks.py,test_symlink_escaping_root_is_excluded,function,13,33,<module>,,"tmp_path, repo, out",,,false,,21,11,
dev_tools/repo_context/tests/test_symlinks.py,test_file_symlink_escaping_root_is_excluded_without_being_read,function,36,50,<module>,,"tmp_path, repo, out",,,false,,15,7,
dev_tools/repo_context/tests/test_symlinks.py,test_symlink_cycle_inside_root_does_not_hang,function,53,59,<module>,,"repo, out",,,false,,7,2,
dev_tools/repo_context/tests/test_symlinks.py,test_fifo_directly_under_root_does_not_hang,function,62,74,<module>,,"repo, out",,,false,,13,7,
dev_tools/repo_context/tests/test_validate.py,<module>,module,1,82,,,,,,false,,82,1,"_big_text,test_validate_passes_on_freshly_generated_output,test_validate_detects_modified_chunk,test_validate_detects_missing_chunk,test_validate_reports_malformed_chunk_manifest_instead_of_crashing,test_validate_fails_on_missing_required_file"
dev_tools/repo_context/tests/test_validate.py,_big_text,function,6,7,<module>,,n = 1500,,,false,,2,2,
dev_tools/repo_context/tests/test_validate.py,test_validate_passes_on_freshly_generated_output,function,10,19,<module>,,"repo, out",,,false,,10,4,
dev_tools/repo_context/tests/test_validate.py,test_validate_detects_modified_chunk,function,22,35,<module>,,"repo, out",,,false,,14,6,
dev_tools/repo_context/tests/test_validate.py,test_validate_detects_missing_chunk,function,38,51,<module>,,"repo, out",,,false,,14,6,
dev_tools/repo_context/tests/test_validate.py,test_validate_reports_malformed_chunk_manifest_instead_of_crashing,function,54,72,<module>,,"repo, out",,,false,,19,8,
dev_tools/repo_context/tests/test_validate.py,test_validate_fails_on_missing_required_file,function,75,82,<module>,,"repo, out",,,false,,8,4,
domains/__init__.py,<module>,module,1,10,,,,,,true,Domain extractors package.,10,1,
domains/arrowheads.py,<module>,module,1,667,,,,,,true,Arrowheads domain extractor.,667,4,"_fmt_deg_from_rad,_canon_yesno_bool,_as_value_string,_get_arrowhead_style,_build_common_identity_items,_build_arrow_identity_items,_build_tick_identity_items,_is_arrowhead_type,_iter_arrowhead_ids_from_element,extract"
domains/arrowheads.py,_fmt_deg_from_rad,function,64,70,<module>,,rad,,,false,,7,4,
domains/arrowheads.py,_canon_yesno_bool,function,73,89,<module>,,v,,,false,,17,8,
domains/arrowheads.py,_as_value_string,function,91,105,<module>,,param,,,true,Best-effort Revit Parameter.AsValueString() accessor.,15,5,
domains/arrowheads.py,_get_arrowhead_style,function,107,151,<module>,,"style_raw, style_q",,,true,Return a canonical arrowhead style label.,45,10,
domains/arrowheads.py,_build_common_identity_items,function,154,164,<module>,,"*, style_v, style_q, tick_in_v, tick_in_q",,,false,,11,1,
domains/arrowheads.py,_build_arrow_identity_items,function,167,180,<module>,,"*, width_angle_v, width_angle_q, fill_v, fill_q, closed_v, closed_q",,,false,,14,1,
domains/arrowheads.py,_build_tick_identity_items,function,183,193,<module>,,"*, centered_v, centered_q, pen_v, pen_q",,,false,,11,1,
domains/arrowheads.py,_is_arrowhead_type,function,212,227,<module>,,"doc, t",,,true,Best-effort classifier:,16,5,
domains/arrowheads.py,_iter_arrowhead_ids_from_element,function,230,278,<module>,,elem,,,true,Yield all arrowhead/tick-mark ElementId.IntegerValue values found on an element/type.,49,19,
domains/arrowheads.py,extract,function,281,667,<module>,,"doc, ctx = None",,,false,,387,52,_v2_block
domains/arrowheads.py,extract._v2_block,nested_function,330,333,extract,,reason_key,,,false,,4,1,
domains/browser_organization.py,<module>,module,1,573,,,,,,true,Browser Organization domain extractor.,573,4,"_discover_bip_reverse_lookup,_resolve_sorting_parameter_name,_resolve_workset_crosswalk,_build_record,extract_browser_organization"
domains/browser_organization.py,_discover_bip_reverse_lookup,function,172,200,<module>,,,,,true,Map negative BuiltInParameter int value -> member name.,29,10,
domains/browser_organization.py,_resolve_sorting_parameter_name,function,203,227,<module>,,"doc, sp_int, bip_lookup",,,true,Resolve a SortingParameterId int to a human-readable name.,25,9,
domains/browser_organization.py,_resolve_workset_crosswalk,function,230,309,<module>,,"doc, org, is_workshared, workset_name_to_unique_id",,,true,"Resolve BrowserOrganization.WorksetId to (id, name, unique_id) evidence.",80,18,
domains/browser_organization.py,_build_record,function,312,468,<module>,,"category, org, doc, is_workshared, bip_lookup, workset_name_to_unique_id, ctx",,,false,,157,36,
domains/browser_organization.py,extract_browser_organization,function,471,573,<module>,,"doc, ctx = None",,,true,Extract per-BrowserOrganization identity records (domain=,103,18,
domains/ceiling_types.py,<module>,module,1,221,,,,,,true,Ceiling types domain extractor (ceiling_types).,221,6,extract_ceiling_types
domains/ceiling_types.py,extract_ceiling_types,function,55,221,<module>,,"doc, ctx = None",,,false,,167,25,
domains/compound_layers.py,<module>,module,1,500,,,,,,true,"Compound-structure layer helpers shared by wall_types, floor_types, roof_types,",500,6,"_enum_name,_build_name_key,_build_instance_count_map,_attach_placeholder_metadata,_na_or,_material_identity_from_layer,_layer_function_str,_stack_hash_field,_read_compound_structure,_read_type_name,_label_for_type,_require_compound_dependencies,_coarse_fill_reads"
domains/compound_layers.py,_enum_name,function,70,75,<module>,,"enum_class, int_val, fallback_map",,,false,,6,3,
domains/compound_layers.py,_build_name_key,function,78,96,<module>,,"ctx, domain_name, identity_items",,,true,"Canonical Name Identity Projection (PR1): second, independent join_hash variant",19,2,
domains/compound_layers.py,_build_instance_count_map,function,99,117,<module>,,"doc, ctx, bic, where_key",,,false,,19,8,
domains/compound_layers.py,_attach_placeholder_metadata,function,120,138,<module>,,"rec, type_elem, instance_count_map, instance_count_map_q, total_type_count",,,false,,19,7,
domains/compound_layers.py,_na_or,function,141,144,<module>,,"value, family, allowed_family",,,false,,4,2,
domains/compound_layers.py,_material_identity_from_layer,function,147,165,<module>,,"layer, doc, ctx",,,false,,19,12,
domains/compound_layers.py,_layer_function_str,function,168,173,<module>,,layer,,,false,,6,3,
domains/compound_layers.py,_stack_hash_field,function,175,178,<module>,,v,,,false,,4,2,
domains/compound_layers.py,_read_compound_structure,function,181,382,<module>,,"cs, doc, ctx, family",,,false,,202,45,
domains/compound_layers.py,_read_type_name,function,385,400,<module>,,wall_type,,,false,,16,10,
domains/compound_layers.py,_label_for_type,function,403,409,<module>,,type_name,,,false,,7,1,
domains/compound_layers.py,_require_compound_dependencies,function,412,427,<module>,,"ctx, info",,,false,,16,7,
domains/compound_layers.py,_coarse_fill_reads,function,430,500,<module>,,"type_elem, doc, fp_uid_to_sig_hash, ctx = None",,,true,Read coarse fill pattern sig hash and color from a compound type element.,71,23,
domains/dimension_types.py,<module>,module,1,3103,,,,,,true,Dimension Types domain family extractor.,3103,7,"_collect_dim_types,_build_dimension_instance_count_map,_attach_placeholder_metadata,_apply_family_name_override,extract_linear,_apply_family_name_override,extract_angular,_apply_family_name_override,extract_radial,_apply_family_name_override,extract_diameter,_apply_family_name_override,_read_symbol_name,extract_spot_elevation,_apply_family_name_override,_read_symbol_name,extract_spot_coordinate,_apply_family_name_override,extract_spot_slope"
domains/dimension_types.py,_collect_dim_types,function,106,120,<module>,,"doc, ctx",,,false,,15,5,
domains/dimension_types.py,_build_dimension_instance_count_map,function,123,141,<module>,,"doc, ctx",,,false,,19,8,
domains/dimension_types.py,_attach_placeholder_metadata,function,144,154,<module>,,"rec_v2, type_id_int, instance_count_map, instance_count_map_q",,,false,,11,5,
domains/dimension_types.py,_apply_family_name_override,function,156,175,<module>,,"d, shape_v, shape_family, shape_q, type_name",,,true,"Heuristic override: if the FamilyName prefix indicates a Spot family,",20,6,
domains/dimension_types.py,extract_linear,function,178,629,<module>,,"doc, ctx = None",,,false,,452,70,
domains/dimension_types.py,_apply_family_name_override,function,631,650,<module>,,"d, shape_v, shape_family, shape_q, type_name",,,true,"Heuristic override: if the FamilyName prefix indicates a Spot family,",20,6,
domains/dimension_types.py,extract_angular,function,653,1056,<module>,,"doc, ctx = None",,,false,,404,66,
domains/dimension_types.py,_apply_family_name_override,function,1058,1077,<module>,,"d, shape_v, shape_family, shape_q, type_name",,,true,"Heuristic override: if the FamilyName prefix indicates a Spot family,",20,6,
domains/dimension_types.py,extract_radial,function,1080,1429,<module>,,"doc, ctx = None",,,false,,350,59,
domains/dimension_types.py,_apply_family_name_override,function,1431,1450,<module>,,"d, shape_v, shape_family, shape_q, type_name",,,true,"Heuristic override: if the FamilyName prefix indicates a Spot family,",20,6,
domains/dimension_types.py,extract_diameter,function,1453,1802,<module>,,"doc, ctx = None",,,false,,350,58,
domains/dimension_types.py,_apply_family_name_override,function,1804,1822,<module>,,"d, shape_v, shape_family, shape_q, type_name",,,true,Heuristic override: use FamilyName prefix to more precisely classify Spot types.,19,6,
domains/dimension_types.py,_read_symbol_name,function,1825,1868,<module>,,"d, doc",,,true,"Try to read the ""Symbol"" parameter that references a loaded family.",44,15,
domains/dimension_types.py,extract_spot_elevation,function,1871,2261,<module>,,"doc, ctx = None",,,false,,391,69,
domains/dimension_types.py,_apply_family_name_override,function,2263,2281,<module>,,"d, shape_v, shape_family, shape_q, type_name",,,true,Heuristic override: use FamilyName prefix to more precisely classify Spot types.,19,6,
domains/dimension_types.py,_read_symbol_name,function,2284,2327,<module>,,"d, doc",,,true,"Try to read the ""Symbol"" parameter that references a loaded family.",44,15,
domains/dimension_types.py,extract_spot_coordinate,function,2330,2738,<module>,,"doc, ctx = None",,,false,,409,71,
domains/dimension_types.py,_apply_family_name_override,function,2740,2758,<module>,,"d, shape_v, shape_family, shape_q, type_name",,,true,Heuristic override: use FamilyName prefix to more precisely classify Spot types.,19,6,
domains/dimension_types.py,extract_spot_slope,function,2761,3103,<module>,,"doc, ctx = None",,,false,,343,55,
domains/fill_patterns.py,<module>,module,1,1945,,,,,,true,Fill Patterns domain family extractor.,1945,4,"_phase2_fill_pattern_is_import,_export_fill_pattern_ctx,_collect_fill_patterns,extract_drafting,extract_model"
domains/fill_patterns.py,_phase2_fill_pattern_is_import,function,54,95,<module>,,"elem, name",,,true,Best-effort PAT-import flag for FillPatternElement extraction.,42,13,
domains/fill_patterns.py,_export_fill_pattern_ctx,function,98,114,<module>,,"ctx, uid_to_hash_v2, id_to_value",,,false,,17,7,
domains/fill_patterns.py,_collect_fill_patterns,function,117,131,<module>,,"doc, ctx",,,false,,15,5,
domains/fill_patterns.py,extract_drafting,function,133,1038,<module>,,"doc, ctx = None",,,false,,906,100,"f,grid_sig,_bump_v2_reason,_grid_sig_v2,_phase2_try_get_grid,_phase2_add_float,_phase2_add_int,_phase2_add_bool,_phase2_add_str,_phase2_build_phase2"
domains/fill_patterns.py,extract_drafting.f,nested_function,175,181,extract_drafting,,"v, nd = 9",,,false,,7,4,
domains/fill_patterns.py,extract_drafting.grid_sig,nested_function,183,253,extract_drafting,,"fp, i",,,false,,71,9,"add_float,add_origin_2d"
domains/fill_patterns.py,extract_drafting.grid_sig.add_float,nested_function,205,210,extract_drafting.grid_sig,,"prop_name, key",,,false,,6,3,
domains/fill_patterns.py,extract_drafting.grid_sig.add_origin_2d,nested_function,213,246,extract_drafting.grid_sig,,,,,false,,34,12,
domains/fill_patterns.py,extract_drafting._bump_v2_reason,nested_function,256,261,extract_drafting,,reason,,,false,,6,3,
domains/fill_patterns.py,extract_drafting._grid_sig_v2,nested_function,263,357,extract_drafting,,"fp, i",,,true,"Return (ok, parts, reason). parts contain only numeric primitives.",95,13,"req_float,req_origin"
domains/fill_patterns.py,extract_drafting._grid_sig_v2.req_float,nested_function,286,298,extract_drafting._grid_sig_v2,,"prop_name, key",,,false,,13,6,
domains/fill_patterns.py,extract_drafting._grid_sig_v2.req_origin,nested_function,301,342,extract_drafting._grid_sig_v2,,,,,false,,42,14,
domains/fill_patterns.py,extract_drafting._phase2_try_get_grid,nested_function,363,376,extract_drafting,,"fp, i",,,false,,14,8,
domains/fill_patterns.py,extract_drafting._phase2_add_float,nested_function,378,383,extract_drafting,,"items, k, v, *, unreadable = False",,,false,,6,2,
domains/fill_patterns.py,extract_drafting._phase2_add_int,nested_function,385,390,extract_drafting,,"items, k, v, *, unreadable = False",,,false,,6,2,
domains/fill_patterns.py,extract_drafting._phase2_add_bool,nested_function,392,397,extract_drafting,,"items, k, v, *, unreadable = False",,,false,,6,2,
domains/fill_patterns.py,extract_drafting._phase2_add_str,nested_function,399,404,extract_drafting,,"items, k, v, *, allow_empty = False",,,false,,6,2,
domains/fill_patterns.py,extract_drafting._phase2_build_phase2,nested_function,406,604,extract_drafting,,"name, uid, elem_id_str, fp, elem",,,false,,199,49,
domains/fill_patterns.py,extract_model,function,1040,1945,<module>,,"doc, ctx = None",,,false,,906,100,"f,grid_sig,_bump_v2_reason,_grid_sig_v2,_phase2_try_get_grid,_phase2_add_float,_phase2_add_int,_phase2_add_bool,_phase2_add_str,_phase2_build_phase2"
domains/fill_patterns.py,extract_model.f,nested_function,1082,1088,extract_model,,"v, nd = 9",,,false,,7,4,
domains/fill_patterns.py,extract_model.grid_sig,nested_function,1090,1160,extract_model,,"fp, i",,,false,,71,9,"add_float,add_origin_2d"
domains/fill_patterns.py,extract_model.grid_sig.add_float,nested_function,1112,1117,extract_model.grid_sig,,"prop_name, key",,,false,,6,3,
domains/fill_patterns.py,extract_model.grid_sig.add_origin_2d,nested_function,1120,1153,extract_model.grid_sig,,,,,false,,34,12,
domains/fill_patterns.py,extract_model._bump_v2_reason,nested_function,1163,1168,extract_model,,reason,,,false,,6,3,
domains/fill_patterns.py,extract_model._grid_sig_v2,nested_function,1170,1264,extract_model,,"fp, i",,,true,"Return (ok, parts, reason). parts contain only numeric primitives.",95,13,"req_float,req_origin"
domains/fill_patterns.py,extract_model._grid_sig_v2.req_float,nested_function,1193,1205,extract_model._grid_sig_v2,,"prop_name, key",,,false,,13,6,
domains/fill_patterns.py,extract_model._grid_sig_v2.req_origin,nested_function,1208,1249,extract_model._grid_sig_v2,,,,,false,,42,14,
domains/fill_patterns.py,extract_model._phase2_try_get_grid,nested_function,1270,1283,extract_model,,"fp, i",,,false,,14,8,
domains/fill_patterns.py,extract_model._phase2_add_float,nested_function,1285,1290,extract_model,,"items, k, v, *, unreadable = False",,,false,,6,2,
domains/fill_patterns.py,extract_model._phase2_add_int,nested_function,1292,1297,extract_model,,"items, k, v, *, unreadable = False",,,false,,6,2,
domains/fill_patterns.py,extract_model._phase2_add_bool,nested_function,1299,1304,extract_model,,"items, k, v, *, unreadable = False",,,false,,6,2,
domains/fill_patterns.py,extract_model._phase2_add_str,nested_function,1306,1311,extract_model,,"items, k, v, *, allow_empty = False",,,false,,6,2,
domains/fill_patterns.py,extract_model._phase2_build_phase2,nested_function,1313,1511,extract_model,,"name, uid, elem_id_str, fp, elem",,,false,,199,49,
domains/floor_types.py,<module>,module,1,248,,,,,,true,Floor types domain extractor (floor_types).,248,8,extract_floor_types
domains/floor_types.py,extract_floor_types,function,64,248,<module>,,"doc, ctx = None",,,false,,185,30,
domains/identity.py,<module>,module,1,489,,,,,,true,Identity domain extractor.,489,6,"_param_raw_str,_read_project_info_builtin_item,_read_project_info_named_item,_configured_project_info_fields,_extract_project_info_items,_phase2_build_lineage_items,extract"
domains/identity.py,_param_raw_str,function,110,115,<module>,,p,,,true,"Best-effort string extraction from a Parameter, tolerant of storage type.",6,2,
domains/identity.py,_read_project_info_builtin_item,function,118,147,<module>,,"pi, key, bip_name",,,true,Read a ProjectInformation field via BuiltInParameter enum.,30,9,
domains/identity.py,_read_project_info_named_item,function,150,188,<module>,,"pi, key, param_name, guid_str = None",,,true,Read a ProjectInformation field by display name (shared/custom,39,12,
domains/identity.py,_configured_project_info_fields,function,191,193,<module>,,ctx,,,false,,3,3,
domains/identity.py,_extract_project_info_items,function,196,234,<module>,,"doc, ctx = None",,,true,Build project_info.* identity items from doc.ProjectInformation.,39,10,
domains/identity.py,_phase2_build_lineage_items,function,236,270,<module>,,info,,,true,"Phase-2 lineage signals for identity domain (heuristic, non-authoritative).",35,1,
domains/identity.py,extract,function,272,489,<module>,,"doc, ctx = None",,,true,Extract project identity metadata from document.,218,15,
domains/line_patterns.py,<module>,module,1,541,,,,,,true,Line Patterns domain extractor.,541,4,"_lp_seg_type_id_and_name,_line_pattern_segments_def_hash,extract"
domains/line_patterns.py,_lp_seg_type_id_and_name,function,76,109,<module>,,seg,,,true,Robustly read a line pattern segment type across API surfaces.,34,11,
domains/line_patterns.py,_line_pattern_segments_def_hash,function,111,140,<module>,,"*, segments",,,true,"Return (v, q) for line_pattern.segments_def_hash from ordered segments only.",30,8,
domains/line_patterns.py,extract,function,142,541,<module>,,"doc, ctx = None",,,true,Extract Line Patterns fingerprint from document.,400,71,
domains/line_styles.py,<module>,module,1,540,,,,,,true,Line Styles domain extractor.,540,4,"_line_pattern_segment_kind_id,_line_pattern_synopsis_from_segments,_line_pattern_synopsis_from_element,extract"
domains/line_styles.py,_line_pattern_segment_kind_id,function,70,81,<module>,,seg,,,false,,12,7,
domains/line_styles.py,_line_pattern_synopsis_from_segments,function,84,101,<module>,,segments,,,false,,18,8,
domains/line_styles.py,_line_pattern_synopsis_from_element,function,104,120,<module>,,lp_elem,,,false,,17,10,
domains/line_styles.py,extract,function,128,540,<module>,,"doc, ctx = None",,,true,Extract Line Styles fingerprint from document.,413,92,
domains/loaded_family_types.py,<module>,module,1,442,,,,,,true,Loaded family types discovery-stage semantic exporter.,442,4,"_safe_attr,_param_id_int,_read_param_value,_binding_scope,_semantic_role,_safe_guid_str,_build_param_key,_extract_param_meta,extract"
domains/loaded_family_types.py,_safe_attr,function,77,81,<module>,,"obj, attr, default = None",,,false,,5,3,
domains/loaded_family_types.py,_param_id_int,function,84,88,<module>,,param,,,false,,5,3,
domains/loaded_family_types.py,_read_param_value,function,91,138,<module>,,p,,,true,"Return (storage_type, has_value, value_display, value_raw) for a parameter.",48,13,
domains/loaded_family_types.py,_binding_scope,function,141,159,<module>,,"doc, param, guid, pid",,,false,,19,14,
domains/loaded_family_types.py,_semantic_role,function,162,170,<module>,,"name, scope",,,false,,9,5,
domains/loaded_family_types.py,_safe_guid_str,function,173,179,<module>,,param,,,true,Return GUID string when parameter is shared; empty string otherwise.,7,3,
domains/loaded_family_types.py,_build_param_key,function,182,187,<module>,,"pname, guid, pid, dtype, scope",,,false,,6,3,
domains/loaded_family_types.py,_extract_param_meta,function,190,214,<module>,,"p, doc",,,true,"Extract stable metadata for a parameter definition (schema-level, not value-level).",25,3,
domains/loaded_family_types.py,extract,function,217,442,<module>,,"doc, ctx = None",,,false,,226,40,
domains/materials.py,<module>,module,1,589,,,,,,true,Materials domain extractor (materials.v1).,589,4,"_read_prop,_canon_id_local,_rgb_sig,_read_param_as_string,_resolve_pattern_slot,_export_ctx,_safe_item_value,_mk_item,extract"
domains/materials.py,_read_prop,function,59,63,<module>,,"obj, name",,,false,,5,3,
domains/materials.py,_canon_id_local,function,66,76,<module>,,element,,,false,,11,6,
domains/materials.py,_rgb_sig,function,79,85,<module>,,col,,,false,,7,4,
domains/materials.py,_read_param_as_string,function,88,139,<module>,,"mat, *, bip_names, lookup_names",,,true,"Return (v, q) for optional identity metadata fields.",52,29,
domains/materials.py,_resolve_pattern_slot,function,142,201,<module>,,"*, doc, ctx, pattern_id_obj, debug",,,false,,60,17,
domains/materials.py,_export_ctx,function,204,210,<module>,,"ctx, maps",,,false,,7,5,
domains/materials.py,_safe_item_value,function,213,221,<module>,,v,,,true,"Return (value, q) safe for make_identity_item without sentinel literals.",9,4,
domains/materials.py,_mk_item,function,224,231,<module>,,"k, v",,,false,,8,5,
domains/materials.py,extract,function,253,589,<module>,,"doc, ctx = None",,,false,,337,25,
domains/object_styles.py,<module>,module,1,571,,,,,,true,Object Styles domain family extractor.,571,4,"_is_model_category_int0,_collect_categories,_is_analytical_category_type,_matches_category_type,_subcategory_purge_lookup,_rgb_sig,_material_ref_item,_build_info,_extract_object_styles,extract_model,extract_annotation,extract_analytical,extract_imported"
domains/object_styles.py,_is_model_category_int0,function,62,69,<module>,,cat,,,false,,8,5,
domains/object_styles.py,_collect_categories,function,72,117,<module>,,"doc, ctx, kind = None",,,false,,46,25,
domains/object_styles.py,_is_analytical_category_type,function,120,124,<module>,,ct,,,false,,5,3,
domains/object_styles.py,_matches_category_type,function,127,140,<module>,,"cat, kind",,,false,,14,7,
domains/object_styles.py,_subcategory_purge_lookup,function,143,149,<module>,,"doc, element_id_int, parent_cat_obj, ctx",,,false,,7,4,
domains/object_styles.py,_rgb_sig,function,152,156,<module>,,c,,,false,,5,3,
domains/object_styles.py,_material_ref_item,function,159,199,<module>,,"doc, cat_obj",,,false,,41,17,
domains/object_styles.py,_build_info,function,202,215,<module>,,,,,false,,14,1,
domains/object_styles.py,_extract_object_styles,function,218,555,<module>,,"doc, ctx, *, domain_name, kind, include_cut_weight, zero_records_valid, ctx_export",,,false,,338,111,
domains/object_styles.py,extract_model,function,558,559,<module>,,"doc, ctx = None",,,false,,2,1,
domains/object_styles.py,extract_annotation,function,562,563,<module>,,"doc, ctx = None",,,false,,2,1,
domains/object_styles.py,extract_analytical,function,566,567,<module>,,"doc, ctx = None",,,false,,2,1,
domains/object_styles.py,extract_imported,function,570,571,<module>,,"doc, ctx = None",,,false,,2,1,
domains/phase_filters.py,<module>,module,1,360,,,,,,true,Phase Filters domain extractor.,360,4,extract
domains/phase_filters.py,extract,function,64,360,<module>,,"doc, ctx = None",,,true,Extract phase filter fingerprint.,297,41,
domains/phase_graphics.py,<module>,module,1,202,,,,,,true,Phase Graphics domain extractor.,202,4,"_phase2_build_join_key_items,extract"
domains/phase_graphics.py,_phase2_build_join_key_items,function,56,65,<module>,,,,,true,"Build Phase-2 join-key IdentityItems (domain-specific, hypothesis-only).",10,1,
domains/phase_graphics.py,extract,function,68,202,<module>,,"doc, ctx = None",,,true,Extract Phase Graphics override settings from document.,135,11,
domains/phases.py,<module>,module,1,343,,,,,,true,Phases domain extractor.,343,4,"_phase2_build_phase2_payload,extract"
domains/phases.py,_phase2_build_phase2_payload,function,65,108,<module>,,"*, phase_name, seq, uid, elem",,,true,Phase-2 grouping (hypotheses only; no enforcement).,44,5,
domains/phases.py,extract,function,111,343,<module>,,"doc, ctx = None",,,true,Extract Phases fingerprint from document.,233,25,_v2_block
domains/phases.py,extract._v2_block,nested_function,170,174,extract,,reason_key,,,false,,5,2,
domains/roof_types.py,<module>,module,1,221,,,,,,true,Roof types domain extractor (roof_types).,221,6,extract_roof_types
domains/roof_types.py,extract_roof_types,function,55,221,<module>,,"doc, ctx = None",,,false,,167,25,
domains/text_types.py,<module>,module,1,595,,,,,,true,Text Types domain extractor.,595,4,"_phase2_item,_phase2_build_payload,_build_textnote_instance_count_map,_read_instance_and_sole_flags,extract"
domains/text_types.py,_phase2_item,function,76,78,<module>,,"k, raw_v, *, allow_empty = False",,,false,,3,1,
domains/text_types.py,_phase2_build_payload,function,81,133,<module>,,"rec, elem = None",,,false,,53,6,
domains/text_types.py,_build_textnote_instance_count_map,function,154,172,<module>,,"doc, ctx",,,false,,19,8,
domains/text_types.py,_read_instance_and_sole_flags,function,175,194,<module>,,"type_obj, total_type_count, inst_count_map, inst_count_map_q",,,false,,20,9,
domains/text_types.py,extract,function,195,595,<module>,,"doc, ctx = None",,,true,Extract Text Types fingerprint from document.,401,51,_v2_block
domains/text_types.py,extract._v2_block,nested_function,248,252,extract,,reason_key,,,false,,5,2,
domains/text_types.py,extract._canon_rgb,nested_function,285,306,extract,,v,,,false,,22,12,
domains/units.py,<module>,module,1,628,,,,,,true,Units domain extractor.,628,4,"extract,extract_units_doc"
domains/units.py,extract,function,119,488,<module>,,"doc, ctx = None",,,true,Extract Units fingerprint from document.,370,55,_resolve_spec
domains/units.py,extract._resolve_spec,nested_function,169,174,extract,,path_fn,,,true,Resolve a SpecTypeId attribute path once. Returns None if unavailable.,6,3,
domains/units.py,extract_units_doc,function,491,628,<module>,,"doc, ctx = None",,,true,Extract the single document-level units summary record,138,17,
domains/view_category_overrides.py,<module>,module,1,51,,,,,,true,Dispatcher for view category overrides domain family.,51,2,extract
domains/view_category_overrides.py,extract,function,18,43,<module>,,"doc, ctx = None",,,true,Legacy aggregate extractor for backward compatibility.,26,11,
domains/view_category_overrides_annotation.py,<module>,module,1,344,,,,,,true,Annotation partition for view category overrides.,344,4,"_phase2_partition_items,_safe_bool,_category_hidden_item,extract"
domains/view_category_overrides_annotation.py,_phase2_partition_items,function,49,63,<module>,,items,,,false,,15,7,
domains/view_category_overrides_annotation.py,_safe_bool,function,66,70,<module>,,"fn, default = False",,,false,,5,3,
domains/view_category_overrides_annotation.py,_category_hidden_item,function,73,80,<module>,,"template, cat",,,false,,8,4,
domains/view_category_overrides_annotation.py,extract,function,83,344,<module>,,"doc, ctx = None",,,false,,262,66,
domains/view_category_overrides_model.py,<module>,module,1,387,,,,,,true,Model partition for view category overrides.,387,4,"_compute_override_properties_hash,_phase2_partition_items,_safe_bool,_category_hidden_item,extract"
domains/view_category_overrides_model.py,_compute_override_properties_hash,function,51,70,<module>,,identity_items,,,false,,20,6,
domains/view_category_overrides_model.py,_phase2_partition_items,function,73,87,<module>,,items,,,false,,15,7,
domains/view_category_overrides_model.py,_safe_bool,function,90,94,<module>,,"fn, default = False",,,false,,5,3,
domains/view_category_overrides_model.py,_category_hidden_item,function,97,104,<module>,,"template, cat",,,false,,8,4,
domains/view_category_overrides_model.py,extract,function,107,387,<module>,,"doc, ctx = None",,,false,,281,76,
domains/view_filter_applications_view_templates.py,<module>,module,1,451,,,,,,true,domains/view_filter_applications_view_templates.py,451,1,"_is_schedule_view,_semantic_keys_from_identity_items,extract"
domains/view_filter_applications_view_templates.py,_is_schedule_view,function,54,68,<module>,,view,,bool,false,,15,8,
domains/view_filter_applications_view_templates.py,_semantic_keys_from_identity_items,function,71,82,<module>,,"identity_items: List[Dict[str, Any]]",,List[str],true,Declare semantic sig basis as selectors over canonical identity evidence.,12,7,
domains/view_filter_applications_view_templates.py,extract,function,85,451,<module>,,"doc, ctx = None",,,true,Extract record.v2 view filter application stacks for view templates.,367,72,
domains/view_filter_definitions.py,<module>,module,1,642,,,,,,true,domains/view_filter_definitions.py,642,1,"_logic_root_token,_param_ref_from_param_id,_value_token_from_rule,_op_token_from_rule,_walk_rules,extract"
domains/view_filter_definitions.py,_logic_root_token,function,55,66,<module>,,elem_filter,,"Tuple[Optional[str], str]",true,"Return (v, q) for vf.logic_root.",12,5,
domains/view_filter_definitions.py,_param_ref_from_param_id,function,69,114,<module>,,"doc, param_id: Any",,"Tuple[Tuple[Optional[str], str], Tuple[Optional[str], str], List[str]]",true,"Return ((kind_v, kind_q), (id_v, id_q), status_reasons_additions).",46,17,
domains/view_filter_definitions.py,_value_token_from_rule,function,117,159,<module>,,"doc, rule",,"Tuple[Optional[str], str, Optional[str]]",true,"Return (value_v, value_q, kind_v) where kind_v is a stable rule kind token.",43,12,
domains/view_filter_definitions.py,_op_token_from_rule,function,162,172,<module>,,rule,,"Tuple[Optional[str], str]",true,"Return (op_v, op_q) for vf.rule[i].op.",11,5,
domains/view_filter_definitions.py,_walk_rules,function,175,232,<module>,,"elem_filter, out_rules: List[Dict[str, Any]], doc, rule_prefix: str = ''",,"Tuple[bool, Optional[str]]",true,Depth-first traversal accumulating parameter rules.,58,20,_append_rule
domains/view_filter_definitions.py,_walk_rules._append_rule,nested_function,184,195,_walk_rules,,"rule_obj, prefix: str",,"Tuple[bool, Optional[str]]",true,"Append a rule, unwrapping FilterInverseRule wrappers into NOT.-prefixed inner rule.",12,6,
domains/view_filter_definitions.py,extract,function,235,635,<module>,,"doc, ctx = None",,,true,Extract record.v2 view filter definitions.,401,79,
domains/view_templates.py,<module>,module,1,2557,,,,,,true,View Templates domain family extractor.,2557,6,"_collect_templates,_non_ctrl_bips_from_view,_is_template_param_included,_append_assigned_view_count_cosmetic_item,_append_phase_filter_value,_append_filter_stack_signature,_append_workset_visibility,_phase2_items_from_def_signature,_canonical_identity_items_from_signature,_semantic_keys_from_identity_items,_build_floor_structural_area_viewtype_set,_build_ceiling_plan_viewtype_set,extract_floor_structural_area_plans,extract_ceiling_plans,_build_elevation_section_detail_viewtype_set,extract_elevations_sections_detail,_build_renderings_drafting_viewtype_set,extract_renderings_drafting,_is_schedule_view,extract_schedules"
domains/view_templates.py,_collect_templates,function,57,71,<module>,,"doc, ctx",,,false,,15,5,
domains/view_templates.py,_non_ctrl_bips_from_view,function,74,82,<module>,,v,,,false,,9,7,
domains/view_templates.py,_is_template_param_included,function,85,91,<module>,,"non_ctrl_bips, bip_name",,,false,,7,5,
domains/view_templates.py,_append_assigned_view_count_cosmetic_item,function,94,119,<module>,,"rec, doc, v, ctx",,,false,,26,10,
domains/view_templates.py,_append_phase_filter_value,function,122,173,<module>,,"v, doc, include_pf, phase_filter_map, phase_filter_map_v2, sig, sig_v2, v2_ok, v2_block_fn, debug_counters = None",,,false,,52,18,
domains/view_templates.py,_append_filter_stack_signature,function,176,271,<module>,,"v, doc, view_filter_map, sig, sig_v2, v2_ok, v2_block_fn",,,false,,96,37,
domains/view_templates.py,_append_workset_visibility,function,274,304,<module>,,"v, doc, sig, sig_v2, v2_ok, v2_block_fn",,,false,,31,14,
domains/view_templates.py,_phase2_items_from_def_signature,function,307,340,<module>,,def_signature,,,true,Convert legacy def_signature entries ('k=v') into IdentityItems safely.,34,18,
domains/view_templates.py,_canonical_identity_items_from_signature,function,343,348,<module>,,"def_hash, def_signature, override_stack_hash = None",,,false,,6,2,
domains/view_templates.py,_semantic_keys_from_identity_items,function,351,392,<module>,,identity_items,,,true,Semantic selector list over canonical evidence.,42,17,
domains/view_templates.py,_build_floor_structural_area_viewtype_set,function,395,405,<module>,,,,,true,Build the ViewType integer set for floor/structural/area plans.,11,1,
domains/view_templates.py,_build_ceiling_plan_viewtype_set,function,408,415,<module>,,,,,true,Build the ViewType integer set for ceiling plans.,8,1,
domains/view_templates.py,extract_floor_structural_area_plans,function,422,845,<module>,,"doc, ctx = None",,,false,,424,81,_v2_block
domains/view_templates.py,extract_floor_structural_area_plans._v2_block,nested_function,508,515,extract_floor_structural_area_plans,,reason,,,false,,8,3,
domains/view_templates.py,extract_ceiling_plans,function,847,1262,<module>,,"doc, ctx = None",,,false,,416,81,_v2_block
domains/view_templates.py,extract_ceiling_plans._v2_block,nested_function,933,940,extract_ceiling_plans,,reason,,,false,,8,3,
domains/view_templates.py,_build_elevation_section_detail_viewtype_set,function,1264,1291,<module>,,,,,true,Build the ViewType integer set for elevations/sections/detail.,28,5,
domains/view_templates.py,extract_elevations_sections_detail,function,1297,1705,<module>,,"doc, ctx = None",,,false,,409,79,_v2_block
domains/view_templates.py,extract_elevations_sections_detail._v2_block,nested_function,1383,1390,extract_elevations_sections_detail,,reason,,,false,,8,3,
domains/view_templates.py,_build_renderings_drafting_viewtype_set,function,1707,1717,<module>,,,,,true,Build the ViewType integer set for renderings/drafting.,11,1,
domains/view_templates.py,extract_renderings_drafting,function,1723,2125,<module>,,"doc, ctx = None",,,false,,403,77,_v2_block
domains/view_templates.py,extract_renderings_drafting._v2_block,nested_function,1809,1816,extract_renderings_drafting,,reason,,,false,,8,3,
domains/view_templates.py,_is_schedule_view,function,2127,2142,<module>,,v,,,true,Return True if this view element is a schedule (ViewSchedule or ViewType='Schedule').,16,8,
domains/view_templates.py,extract_schedules,function,2145,2557,<module>,,"doc, ctx = None",,,false,,413,75,_v2_block
domains/view_templates.py,extract_schedules._v2_block,nested_function,2230,2237,extract_schedules,,reason,,,false,,8,3,
domains/wall_types.py,<module>,module,1,341,,,,,,true,Wall types domain extractor (wall_types).,341,4,"_canon_non_sentinel_str,_read_wall_kind,_blocked_required_items,extract_wall_types"
domains/wall_types.py,_canon_non_sentinel_str,function,76,82,<module>,,v,,,false,,7,4,
domains/wall_types.py,_read_wall_kind,function,85,96,<module>,,wt,,,false,,12,4,
domains/wall_types.py,_blocked_required_items,function,99,105,<module>,,"wt_function_v = None, wt_function_q = ITEM_Q_UNREADABLE",,,false,,7,1,
domains/wall_types.py,extract_wall_types,function,108,341,<module>,,"doc, ctx = None",,,false,,234,33,
domains/worksets.py,<module>,module,1,681,,,,,,true,Worksets domain extractor.,681,5,"_discover_workset_kind_names,_build_per_workset_record,_build_doc_level_record,_read_is_workshared,_resolve_active_workset_id,_collect_user_worksets,_collect_kind_counts,_resolve_active_workset_name,extract_worksets,extract_worksets_doc"
domains/worksets.py,_discover_workset_kind_names,function,141,171,<module>,,,,,true,"Map WorksetKind int value -> member name (e.g. 0 -> ""UserWorkset"").",31,10,
domains/worksets.py,_build_per_workset_record,function,174,325,<module>,,"ws, active_workset_id, active_workset_lookup_ok, kind_name_by_int, ctx",,,false,,152,35,
domains/worksets.py,_build_doc_level_record,function,328,426,<module>,,"doc, is_workshared, active_workset_name, kind_counts, ctx",,,false,,99,16,
domains/worksets.py,_read_is_workshared,function,429,445,<module>,,doc,,,true,"Returns (is_workshared, is_workshared_for_gating).",17,3,
domains/worksets.py,_resolve_active_workset_id,function,448,463,<module>,,"doc, is_workshared",,,true,"Returns (active_workset_id, lookup_ok).",16,4,
domains/worksets.py,_collect_user_worksets,function,466,481,<module>,,"doc, is_workshared",,,true,"Returns (worksets, collector_failed).",16,4,
domains/worksets.py,_collect_kind_counts,function,484,497,<module>,,"doc, is_workshared",,,false,,14,6,
domains/worksets.py,_resolve_active_workset_name,function,500,509,<module>,,"user_worksets, active_workset_id",,,false,,10,6,
domains/worksets.py,extract_worksets,function,512,608,<module>,,"doc, ctx = None",,,true,"Extract per-UserWorkset identity records (domain=""worksets"").",97,12,
domains/worksets.py,extract_worksets_doc,function,611,681,<module>,,"doc, ctx = None",,,true,Extract the single document-level worksets summary record,71,5,
legacy/fingerprint_mvp.py,<module>,module,1,1402,,,,,,false,,1402,1,"add_origin,rgb_sig_from_color,canon_str,sig_val,get_element_display_name,_param,_as_string,_as_double,_as_int,_as_bool_from_param,first_param,fnum,format_len_inches,rgb_dict_from_color,try_get_color_rgb_from_elem,get_type_display_name,safe_str,make_hash,get_doc,get_linestyles_fingerprint,get_fillpattern_fingerprint,get_identity_fingerprint,get_units_fingerprint,get_objectstyles_fingerprint,get_linepattern_fingerprint,get_texttype_fingerprint,get_dimtype_fingerprint,get_viewtemplate_fingerprint"
legacy/fingerprint_mvp.py,add_origin,function,35,62,<module>,,key = 'origin',,,false,,28,8,
legacy/fingerprint_mvp.py,rgb_sig_from_color,function,64,68,<module>,,col,,,false,,5,3,
legacy/fingerprint_mvp.py,canon_str,function,70,77,<module>,,s,,,false,,8,4,
legacy/fingerprint_mvp.py,sig_val,function,79,83,<module>,,v,,,false,,5,2,
legacy/fingerprint_mvp.py,get_element_display_name,function,85,113,<module>,,elem,,,false,,29,12,
legacy/fingerprint_mvp.py,_param,function,115,119,<module>,,"elem, bip",,,false,,5,3,
legacy/fingerprint_mvp.py,_as_string,function,121,129,<module>,,p,,,false,,9,6,
legacy/fingerprint_mvp.py,_as_double,function,131,137,<module>,,p,,,false,,7,5,
legacy/fingerprint_mvp.py,_as_int,function,139,145,<module>,,p,,,false,,7,5,
legacy/fingerprint_mvp.py,_as_bool_from_param,function,147,151,<module>,,p,,,false,,5,2,
legacy/fingerprint_mvp.py,first_param,function,153,178,<module>,,"elem, bip_names = None, ui_names = None",,,false,,26,16,
legacy/fingerprint_mvp.py,fnum,function,180,181,<module>,,"v, nd",,,false,,2,1,
legacy/fingerprint_mvp.py,format_len_inches,function,183,192,<module>,,feet_val,,,false,,10,6,
legacy/fingerprint_mvp.py,rgb_dict_from_color,function,194,198,<module>,,col,,,false,,5,3,
legacy/fingerprint_mvp.py,try_get_color_rgb_from_elem,function,200,217,<module>,,elem,,,true,"Returns (color_int, color_rgb)",18,4,
legacy/fingerprint_mvp.py,get_type_display_name,function,219,244,<module>,,elem,,,true,Try to get the same name you see in the Type selector:,26,9,
legacy/fingerprint_mvp.py,safe_str,function,246,253,<module>,,x,,,false,,8,5,
legacy/fingerprint_mvp.py,make_hash,function,255,267,<module>,,values,,,true,Deterministic hash based on a sequence of strings.,13,3,
legacy/fingerprint_mvp.py,get_doc,function,269,270,<module>,,,,,false,,2,1,
legacy/fingerprint_mvp.py,get_linestyles_fingerprint,function,274,375,<module>,,doc,,,false,,102,25,
legacy/fingerprint_mvp.py,get_fillpattern_fingerprint,function,379,597,<module>,,doc,,,false,,219,24,"f,read_is_model,grid_sig"
legacy/fingerprint_mvp.py,get_fillpattern_fingerprint.f,nested_function,402,408,get_fillpattern_fingerprint,,"v, nd = 9",,,false,,7,4,
legacy/fingerprint_mvp.py,get_fillpattern_fingerprint.read_is_model,nested_function,410,426,get_fillpattern_fingerprint,,"fp, target",,,false,,17,9,
legacy/fingerprint_mvp.py,get_fillpattern_fingerprint.grid_sig,nested_function,428,498,get_fillpattern_fingerprint,,"fp, i",,,false,,71,9,"add_float,add_origin_2d"
legacy/fingerprint_mvp.py,get_fillpattern_fingerprint.grid_sig.add_float,nested_function,450,455,get_fillpattern_fingerprint.grid_sig,,"prop_name, key",,,false,,6,3,
legacy/fingerprint_mvp.py,get_fillpattern_fingerprint.grid_sig.add_origin_2d,nested_function,458,491,get_fillpattern_fingerprint.grid_sig,,,,,false,,34,12,
legacy/fingerprint_mvp.py,get_identity_fingerprint,function,601,627,<module>,,doc,,,false,,27,6,
legacy/fingerprint_mvp.py,get_units_fingerprint,function,631,691,<module>,,doc,,,true,Version-safe units snapshot (Revit 2022+).,61,13,
legacy/fingerprint_mvp.py,get_objectstyles_fingerprint,function,695,880,<module>,,doc,,,true,Object Styles / Category graphics fingerprint (non-import categories).,186,23,row_sig
legacy/fingerprint_mvp.py,get_objectstyles_fingerprint.row_sig,nested_function,739,789,get_objectstyles_fingerprint,,"cat_obj, parent_name, row_name, cat_type",,,false,,51,17,
legacy/fingerprint_mvp.py,get_linepattern_fingerprint,function,884,1071,<module>,,doc,,,false,,188,37,fnum
legacy/fingerprint_mvp.py,get_linepattern_fingerprint.fnum,nested_function,916,922,get_linepattern_fingerprint,,"v, nd = 9",,,false,,7,4,
legacy/fingerprint_mvp.py,get_texttype_fingerprint,function,1075,1226,<module>,,doc,,,false,,152,18,
legacy/fingerprint_mvp.py,get_dimtype_fingerprint,function,1230,1358,<module>,,doc,,,false,,129,20,
legacy/fingerprint_mvp.py,get_viewtemplate_fingerprint,function,1362,1385,<module>,,doc,,,false,,24,7,
mapping/__init__.py,<module>,module,1,21,,,,,,true,mapping/ -- Revit-side downstream utility that materializes governance mapping,21,1,
mapping/_dynamo_bootstrap.py,<module>,module,1,185,,,,,,true,Shared Dynamo CPython3 bootstrap logic for mapping/ entry points.,185,1,"looks_like_repo_root,resolve_repo_root,purge_repo_modules,promote_on_sys_path,add_revit_api_references,bootstrap"
mapping/_dynamo_bootstrap.py,looks_like_repo_root,function,60,67,<module>,,p: object,,bool,true,"True if `p` looks like a Revit_Fingerprint checkout root (has mapping/,",8,4,
mapping/_dynamo_bootstrap.py,resolve_repo_root,function,70,121,<module>,,explicit_repo_root: Optional[str] = None,,str,true,"Resolve the Revit_Fingerprint repo root, in priority order:",52,11,
mapping/_dynamo_bootstrap.py,purge_repo_modules,function,124,138,<module>,,prefixes: Iterable[str] = DEFAULT_PURGE_PREFIXES,,None,true,Unconditionally purge cached repo modules from sys.modules.,15,5,
mapping/_dynamo_bootstrap.py,promote_on_sys_path,function,141,149,<module>,,repo_root: str,,None,true,"Ensure `repo_root` is first on sys.path, removing any existing entry",9,2,
mapping/_dynamo_bootstrap.py,add_revit_api_references,function,152,165,<module>,,,,None,true,Reference RevitServices/RevitAPI so pythonnet exposes them.,14,1,
mapping/_dynamo_bootstrap.py,bootstrap,function,168,185,<module>,,"explicit_repo_root: Optional[str] = None, *, add_revit_references: bool = True, purge_prefixes: Iterable[str] = DEFAULT_PURGE_PREFIXES",,str,true,Full bootstrap sequence for a mapping/ Dynamo entry point: resolve the,18,2,
mapping/create_line_pattern_mappings.py,<module>,module,1,221,,,,,,false,,221,1,"_load_bootstrap_module_from,_load_dynamo_bootstrap,run"
mapping/create_line_pattern_mappings.py,_load_bootstrap_module_from,function,57,64,<module>,,candidate,,,false,,8,3,
mapping/create_line_pattern_mappings.py,_load_dynamo_bootstrap,function,67,127,<module>,,explicit_repo_root,,,true,"Locate and load mapping/_dynamo_bootstrap.py directly from disk, without",61,11,
mapping/create_line_pattern_mappings.py,run,function,155,214,<module>,,"doc, input_dir, report_path",,,false,,60,4,
mapping/line_pattern_reconstruction.py,<module>,module,1,673,,,,,,true,Pure-Python reconstruction/validation/naming logic for the line_patterns,673,2,"dominant_status,get_line_patterns_join_key_policy,read_csv_rows,load_bundle_pattern_detail_export,SkippedRequest,group_requested_join_hashes,group_settings_by_join_hash,group_names_by_join_hash,compute_segments_def_hash,compute_segments_norm_hash,compute_join_hash_for_segments,ReconstructedPattern,_blocked,reconstruct_pattern,short_join_hash,sanitize_revit_name,select_observed_name,resolve_observed_name,build_mapping_name_candidates,MappingOutcome,outcome_to_report_row,build_report_rows,write_report_csv,compute_run_status"
mapping/line_pattern_reconstruction.py,dominant_status,function,124,130,<module>,,statuses,,str,true,"blocked > degraded > ok, mirroring record.v2's dominance-ordering convention.",7,3,
mapping/line_pattern_reconstruction.py,get_line_patterns_join_key_policy,function,133,139,<module>,,,,"Optional[Dict[str, Any]]",true,Load (and cache) the authoritative line_patterns join-key policy.,7,2,
mapping/line_pattern_reconstruction.py,read_csv_rows,function,153,155,<module>,,path: str,,"List[Dict[str, str]]",false,,3,3,
mapping/line_pattern_reconstruction.py,load_bundle_pattern_detail_export,function,158,175,<module>,,input_dir: str,,"Dict[str, List[Dict[str, str]]]",true,Load the three CSVs produced by tools/export_bundle_pattern_detail.py.,18,5,
mapping/line_pattern_reconstruction.py,SkippedRequest,class,183,187,<module>,dataclass,,,,false,,5,1,
mapping/line_pattern_reconstruction.py,group_requested_join_hashes,function,190,245,<module>,,"inventory_rows: List[Dict[str, str]]",,"Tuple[Dict[str, Dict[str, Any]], List[SkippedRequest]]",true,"Dedupe bundle_pattern_inventory.csv rows into requested (domain, join_hash)",56,10,
mapping/line_pattern_reconstruction.py,group_settings_by_join_hash,function,248,257,<module>,,"settings_rows: List[Dict[str, str]]",,"Dict[str, List[Dict[str, str]]]",false,,10,4,
mapping/line_pattern_reconstruction.py,group_names_by_join_hash,function,260,269,<module>,,"names_rows: List[Dict[str, str]]",,"Dict[str, List[Dict[str, str]]]",false,,10,4,
mapping/line_pattern_reconstruction.py,compute_segments_def_hash,function,276,287,<module>,,"segments: List[Tuple[int, int, float]]",,str,true,Mirror domains/line_patterns.py::_line_pattern_segments_def_hash's token,12,2,
mapping/line_pattern_reconstruction.py,compute_segments_norm_hash,function,290,314,<module>,,"segments: List[Tuple[int, int, float]]",,str,true,Independent reimplementation of,25,9,
mapping/line_pattern_reconstruction.py,compute_join_hash_for_segments,function,317,340,<module>,,"segments: List[Tuple[int, int, float]], *, domain_policy: Optional[Dict[str, Any]] = None",,"Tuple[Optional[str], Dict[str, Any], List[str]]",true,"Authoritative join_hash for a reconstructed/read-back segment list, computed",24,2,
mapping/line_pattern_reconstruction.py,ReconstructedPattern,class,348,359,<module>,dataclass,,,,false,,12,1,blocked
mapping/line_pattern_reconstruction.py,ReconstructedPattern.blocked,method,358,359,ReconstructedPattern,property,self,,bool,false,,2,1,
mapping/line_pattern_reconstruction.py,_blocked,function,362,363,<module>,,"join_hash: str, reason: str",,ReconstructedPattern,false,,2,1,
mapping/line_pattern_reconstruction.py,reconstruct_pattern,function,366,504,<module>,,"join_hash: str, settings_rows: List[Dict[str, str]]",,ReconstructedPattern,true,Reconstruct an ordered segment list for one requested join_hash from,139,43,
mapping/line_pattern_reconstruction.py,short_join_hash,function,511,512,<module>,,"join_hash: str, length: int = SHORT_JOIN_HASH_LEN",,str,false,,2,1,
mapping/line_pattern_reconstruction.py,sanitize_revit_name,function,515,529,<module>,,raw: Optional[str],,str,true,Deterministically replace characters Revit rejects in element/type names,15,5,
mapping/line_pattern_reconstruction.py,select_observed_name,function,532,557,<module>,,"name_rows: List[Dict[str, str]]",,"Tuple[Optional[str], List[str]]",true,Deterministic observed_name selection per PR spec:,26,6,_files_count
mapping/line_pattern_reconstruction.py,select_observed_name._files_count,nested_function,547,551,select_observed_name,,"r: Dict[str, str]",,int,false,,5,3,
mapping/line_pattern_reconstruction.py,resolve_observed_name,function,560,566,<module>,,"name_rows: List[Dict[str, str]], join_hash: str",,"Tuple[str, bool, List[str]]",true,"Returns (observed_name, is_synthetic, reasons).",7,2,
mapping/line_pattern_reconstruction.py,build_mapping_name_candidates,function,569,574,<module>,,"observed_name: str, join_hash: str",,"Tuple[str, str]",true,"Returns (primary_mapping_name, collision_safe_mapping_name).",6,1,
mapping/line_pattern_reconstruction.py,MappingOutcome,class,588,605,<module>,dataclass,,,,true,"One requested (domain, join_hash) configuration's final disposition.",18,1,
mapping/line_pattern_reconstruction.py,outcome_to_report_row,function,625,640,<module>,,outcome: MappingOutcome,,"Dict[str, str]",false,,16,1,
mapping/line_pattern_reconstruction.py,build_report_rows,function,643,650,<module>,,outcomes: List[MappingOutcome],,"List[Dict[str, str]]",true,"Deterministic row ordering: by join_hash, then segment_id/pattern_ids for the",8,4,
mapping/line_pattern_reconstruction.py,write_report_csv,function,653,665,<module>,,"path: str, rows: List[Dict[str, str]]",,None,true,Atomic CSV write (write-to-temp then rename) so a failed/partial run never,13,6,
mapping/line_pattern_reconstruction.py,compute_run_status,function,668,673,<module>,,outcomes: List[MappingOutcome],,str,true,Overall run status using the same ok/degraded/blocked vocabulary as each row,6,3,
mapping/line_pattern_revit_apply.py,<module>,module,1,405,,,,,,true,Revit-API half of the line_patterns mapping utility. Everything here requires,405,6,"read_segments_from_element,build_name_index,VerificationResult,verify_element_join_hash,CreationResult,_build_api_segments,create_and_verify_line_pattern,resolve_mapping"
mapping/line_pattern_revit_apply.py,read_segments_from_element,function,83,130,<module>,,"doc: Any, element: Any",,"Optional[List[Tuple[int, int, float]]]",true,Mirror domains/line_patterns.py::extract()'s segment-acquisition path,48,19,
mapping/line_pattern_revit_apply.py,build_name_index,function,137,158,<module>,,"doc: Any, ctx: Optional[Dict[str, Any]] = None",,"Dict[str, Any]",true,"name -> LinePatternElement, for collision detection. Reuses",22,7,
mapping/line_pattern_revit_apply.py,VerificationResult,class,166,169,<module>,dataclass,,,,false,,4,1,
mapping/line_pattern_revit_apply.py,verify_element_join_hash,function,172,185,<module>,,"doc: Any, element: Any, requested_join_hash: str, *, domain_policy: Dict[str, Any]",,VerificationResult,false,,14,3,
mapping/line_pattern_revit_apply.py,CreationResult,class,193,198,<module>,dataclass,,,,false,,6,1,
mapping/line_pattern_revit_apply.py,_build_api_segments,function,201,209,<module>,,"segments: List[Tuple[int, int, float]]",,Any,false,,9,3,
mapping/line_pattern_revit_apply.py,create_and_verify_line_pattern,function,212,284,<module>,,"doc: Any, name: str, segments: List[Tuple[int, int, float]], requested_join_hash: str, *, domain_policy: Dict[str, Any]",,CreationResult,true,"Create one LinePatternElement inside its own bounded Transaction, verify it",73,12,
mapping/line_pattern_revit_apply.py,resolve_mapping,function,291,405,<module>,,"doc: Any, join_hash: str, request: Dict[str, Any], reconstructed: ReconstructedPattern, name_rows: List[Dict[str, str]], name_index: Dict[str, Any], *, domain_policy: Optional[Dict[str, Any]] = None",,MappingOutcome,true,"Resolve one requested (domain=line_patterns, join_hash) configuration to a",115,21,
runner/__init__.py,<module>,module,1,9,,,,,,true,Host-specific runners package.,9,1,
runner/extraction_context.py,<module>,module,1,28,,,,,,true,Importable runner context construction; deliberately free of Revit/Dynamo imports.,28,1,"operator_deployment_config_path,build_extraction_context"
runner/extraction_context.py,operator_deployment_config_path,function,13,16,<module>,,environ = None,,,true,Read the deployment path at the single operator/environment boundary.,4,2,
runner/extraction_context.py,build_extraction_context,function,19,28,<module>,,"repo_root, deployment_config_path = None",,,true,Build and validate context portions required before any domain executes.,10,1,
runner/probe_thin_runner.py,<module>,module,1,629,,,,,,true,probe_thin_runner.py,629,40,"_looks_like_unc_path,_is_probably_sync_path,_is_probes_root,_candidate_repo_dirs,_resolve_repo_dir,_read_tool_version,_get_in,_safe,_revit_version,_document_identity,_discover_probe_files,_matches_filter,_probe_in_for,_default_output_dir,_run_one_probe,_domains_declared_in_out,_json_block,_flush_domain"
runner/probe_thin_runner.py,_looks_like_unc_path,function,97,101,<module>,,p,,,false,,5,3,
runner/probe_thin_runner.py,_is_probably_sync_path,function,104,114,<module>,,p,,,false,,11,8,
runner/probe_thin_runner.py,_is_probes_root,function,117,122,<module>,,p,,,false,,6,3,
runner/probe_thin_runner.py,_candidate_repo_dirs,function,125,157,<module>,,explicit_override,,,false,,33,10,
runner/probe_thin_runner.py,_resolve_repo_dir,function,160,174,<module>,,explicit_override,,,false,,15,6,
runner/probe_thin_runner.py,_read_tool_version,function,177,186,<module>,,repo_root,,,false,,10,5,
runner/probe_thin_runner.py,_get_in,function,193,199,<module>,,"idx, default = None",,,false,,7,6,
runner/probe_thin_runner.py,_safe,function,246,250,<module>,,"fn, default = None",,,false,,5,3,
runner/probe_thin_runner.py,_revit_version,function,253,260,<module>,,,,,false,,8,3,
runner/probe_thin_runner.py,_document_identity,function,263,272,<module>,,,,,false,,10,3,
runner/probe_thin_runner.py,_discover_probe_files,function,290,304,<module>,,,,,false,,15,7,
runner/probe_thin_runner.py,_matches_filter,function,307,317,<module>,,"stem, declared_domains",,,false,,11,9,
runner/probe_thin_runner.py,_probe_in_for,function,320,325,<module>,,"stem, domain_guess",,,false,,6,4,
runner/probe_thin_runner.py,_default_output_dir,function,328,336,<module>,,,,,false,,9,6,
runner/probe_thin_runner.py,_run_one_probe,function,339,363,<module>,,path,,,true,Executes a single probe_*.py file's source in an isolated namespace,25,7,
runner/probe_thin_runner.py,_domains_declared_in_out,function,366,375,<module>,,out_value,,,false,,10,6,
runner/probe_thin_runner.py,_json_block,function,427,432,<module>,,value,,,true,Render a value as an indented JSON fragment suitable for splicing,6,1,
runner/probe_thin_runner.py,_flush_domain,function,461,487,<module>,,"domain, entries",,,false,,27,6,
runner/purge_sys_modules_standalone.py,<module>,module,1,130,,,,,,true,Standalone Dynamo Python-node helper to purge selected entries from sys.modules,130,4,"_to_list,_to_bool,_is_protected,purge_modules"
runner/purge_sys_modules_standalone.py,_to_list,function,36,44,<module>,,value,,,false,,9,8,
runner/purge_sys_modules_standalone.py,_to_bool,function,47,62,<module>,,"value, default = False",,,false,,16,8,
runner/purge_sys_modules_standalone.py,_is_protected,function,65,67,<module>,,module_name,,,false,,3,1,
runner/purge_sys_modules_standalone.py,purge_modules,function,70,110,<module>,,"prefixes, exact_names, dry_run = False",,,false,,41,12,
runner/run_dynamo.py,<module>,module,1,1581,,,,,,true,Dynamo runner for Revit Fingerprint extraction.,1581,61,"_looks_like_unc_path,_is_probably_sync_path,_is_repo_root,_read_tool_version,_use_filename_stamp,_extract_v2_hash,_extract_legacy_quality,_extract_v2_block_reasons,_looks_like_revit_unique_id,_has_v2_surface,_domain_run,_build_workset_name_to_unique_id_ctx,_enabled,get_doc,run_fingerprint,_resolve_output_mode,_strip_detail_surfaces,_canonicalize_all_domain_records"
runner/run_dynamo.py,_looks_like_unc_path,function,23,28,<module>,,p,,,false,,6,3,
runner/run_dynamo.py,_is_probably_sync_path,function,30,45,<module>,,p,,,true,"Heuristic, Windows-centric: previously used to hard-block sync paths.",16,8,
runner/run_dynamo.py,_is_repo_root,function,47,60,<module>,,p,,,false,,14,5,
runner/run_dynamo.py,_read_tool_version,function,91,100,<module>,,repo_root,,,false,,10,5,
runner/run_dynamo.py,_use_filename_stamp,function,171,200,<module>,,,,,true,Returns True unless explicitly disabled.,30,9,
runner/run_dynamo.py,_extract_v2_hash,function,202,218,<module>,,payload,,,true,Best-effort extraction of the contract semantic hash (v2) without changing legacy behavior.,17,7,
runner/run_dynamo.py,_extract_legacy_quality,function,221,230,<module>,,payload,,,false,,10,7,
runner/run_dynamo.py,_extract_v2_block_reasons,function,232,271,<module>,,payload,,,true,Best-effort extraction of v2 block reasons from a domain payload.,40,16,
runner/run_dynamo.py,_looks_like_revit_unique_id,function,274,283,<module>,,v,,,true,Heuristic: detect Revit UniqueId strings.,10,6,
runner/run_dynamo.py,_has_v2_surface,function,285,300,<module>,,payload,,,true,Return True if the domain payload appears to implement a v2 hash surface.,16,9,
runner/run_dynamo.py,_domain_run,function,302,470,<module>,,"domain_name, fn, doc, ctx, contract_domains, run_diag, runner_notes, *, require_v2_hash = True",,,true,Runs a domain extractor and records a contract envelope.,169,54,
runner/run_dynamo.py,_build_workset_name_to_unique_id_ctx,function,472,504,<module>,,worksets_legacy,,,true,Build a workset name -> unique_id crosswalk for browser_organization.,33,15,
runner/run_dynamo.py,_enabled,function,506,518,<module>,,domain_name,,,true,Allowlist gate for domain execution.,13,4,
runner/run_dynamo.py,get_doc,function,520,522,<module>,,,,,true,Get current Revit document from Dynamo context.,3,1,
runner/run_dynamo.py,run_fingerprint,function,524,1164,<module>,,"doc, timing = None",,,true,Execute fingerprint extraction on the given document.,641,121,
runner/run_dynamo.py,_resolve_output_mode,function,1175,1181,<module>,,,,,true,Read REVIT_FINGERPRINT_OUTPUT_MODE from env; absent/unrecognized values resolve to 'production'.,7,3,
runner/run_dynamo.py,_strip_detail_surfaces,function,1184,1244,<module>,,payload,,,true,Return a copy of the fingerprint payload with _DETAIL_SURFACE_KEYS removed from all records.,61,23,
runner/run_dynamo.py,_canonicalize_all_domain_records,function,1247,1260,<module>,,payload,,,false,,14,8,
runner/run_dynamo.py,_get_output_path_from_dynamo,function,1330,1377,<module>,,,,,false,,48,16,
runner/run_dynamo.py,_ensure_parent_dir,function,1379,1385,<module>,,path,,,false,,7,5,
runner/run_dynamo.py,_write_json_to_disk,function,1387,1414,<module>,,"path, payload",,,true,Writes JSON directly to disk to avoid returning multi-MB payloads through Dynamo.,28,5,
runner/run_dynamo.py,_write_fingerprint,function,1416,1448,<module>,,"base_payload_path, fingerprint_payload",,,true,Write one monolithic fingerprint JSON file.,33,1,_try_write
runner/run_dynamo.py,_write_fingerprint._try_write,nested_function,1431,1442,_write_fingerprint,,"kind, obj",,,false,,12,5,
runner/run_dynamo.py,_sha256_of_file,function,1450,1462,<module>,,"path, buf_size = 1024 * 1024",,,true,Compute SHA-256 of a file without loading it into memory.,13,4,
runner/thin_runner.py,<module>,module,1,550,,,,,,false,,550,60,"_parse_boolish,_looks_like_unc_path,_is_probably_sync_path,_is_repo_root,_iter_dyn_path_candidates,_nearest_repo_root_from_path,_candidate_repo_dirs"
runner/thin_runner.py,_parse_boolish,function,52,74,<module>,,v,,,false,,23,12,
runner/thin_runner.py,_looks_like_unc_path,function,146,151,<module>,,p,,,false,,6,3,
runner/thin_runner.py,_is_probably_sync_path,function,153,174,<module>,,p,,,true,"Heuristic, Windows-centric: previously used to hard-block sync paths.",22,8,
runner/thin_runner.py,_is_repo_root,function,176,183,<module>,,p,,,false,,8,3,
runner/thin_runner.py,_iter_dyn_path_candidates,function,185,357,<module>,,,,,false,,173,25,"_normalize_host_path,_add,_probe_dynamo_workspace_path"
runner/thin_runner.py,_iter_dyn_path_candidates._normalize_host_path,nested_function,190,212,_iter_dyn_path_candidates,,raw,,,false,,23,10,
runner/thin_runner.py,_iter_dyn_path_candidates._add,nested_function,214,250,_iter_dyn_path_candidates,,"src, value",,,false,,37,14,
runner/thin_runner.py,_iter_dyn_path_candidates._probe_dynamo_workspace_path,nested_function,252,305,_iter_dyn_path_candidates,,,,,true,Best-effort probe for currently running Dynamo workspace path.,54,16,
runner/thin_runner.py,_nearest_repo_root_from_path,function,359,381,<module>,,"p, max_up = 64",,,false,,23,8,
runner/thin_runner.py,_candidate_repo_dirs,function,383,425,<module>,,,,,false,,43,9,
runner/thin_runner.py,_purge_repo_modules,function,485,494,<module>,,,,,false,,10,6,
scripts/check_audit_references.py,<module>,module,1,48,,,,,,true,Verify audit_results references in tracked text resolve deterministically.,48,2,"tracked_files,main"
scripts/check_audit_references.py,tracked_files,function,14,18,<module>,,,,list[str],false,,5,3,
scripts/check_audit_references.py,main,function,21,44,<module>,,,,int,false,,24,9,
sync_revitlookup_reference.py,<module>,module,1,302,,,,,,true,sync_revitlookup_reference.py,302,2,"github_get,fetch_raw,get_current_commit_sha,list_all_cs_files,sync,main"
sync_revitlookup_reference.py,github_get,function,106,120,<module>,,"path: str, token: str = None",,dict,false,,15,5,
sync_revitlookup_reference.py,fetch_raw,function,123,134,<module>,,"owner: str, repo: str, branch: str, path: str, token: str = None",,,false,,12,5,
sync_revitlookup_reference.py,get_current_commit_sha,function,137,139,<module>,,"owner: str, repo: str, branch: str, token: str = None",,str,false,,3,1,
sync_revitlookup_reference.py,list_all_cs_files,function,142,150,<module>,,"owner: str, repo: str, branch: str, prefix: str, token: str = None",,list,false,,9,5,
sync_revitlookup_reference.py,sync,function,153,261,<module>,,"output_dir: Path, token: str = None, dry_run: bool = False, priority_only: bool = False",,None,false,,109,15,
sync_revitlookup_reference.py,main,function,264,298,<module>,,,,,false,,35,1,
tests/conftest.py,<module>,module,1,11,,,,,,false,,11,1,pytest_configure
tests/conftest.py,pytest_configure,function,6,11,<module>,,,,,false,,6,2,
tests/revit/_json_diff.py,<module>,module,1,149,,,,,,true,Deterministic JSON comparison helpers (pure CPython).,149,1,"_canon_obj,canonical_json_bytes,sha256_of_json,pretty_json,diff_paths,compare_json"
tests/revit/_json_diff.py,_canon_obj,function,19,26,<module>,,obj: Any,,Any,true,Return an object that is stable under json.dumps(sort_keys=True).,8,5,
tests/revit/_json_diff.py,canonical_json_bytes,function,29,33,<module>,,obj: Any,,bytes,true,Canonical JSON encoding used for hashing and deterministic file writes.,5,1,
tests/revit/_json_diff.py,sha256_of_json,function,36,37,<module>,,obj: Any,,str,false,,2,1,
tests/revit/_json_diff.py,pretty_json,function,40,42,<module>,,obj: Any,,str,false,,3,1,
tests/revit/_json_diff.py,diff_paths,function,45,135,<module>,,"a: Any, b: Any, *, max_diffs: int = 200",,"List[Dict[str, Any]]",true,Structural diff returning a bounded list of differing paths.,91,1,"_preview,_walk"
tests/revit/_json_diff.py,diff_paths._preview,nested_function,54,65,diff_paths,,x: Any,,Any,false,,12,7,
tests/revit/_json_diff.py,diff_paths._walk,nested_function,67,132,diff_paths,,"x: Any, y: Any, path: str",,None,false,,66,15,
tests/revit/_json_diff.py,compare_json,function,138,149,<module>,,"a: Any, b: Any, *, max_diffs: int = 200",,"Tuple[bool, Dict[str, Any]]",true,"Returns (equal, summary)",12,2,
tests/revit/revit_test_runner_pyrevit.py,<module>,module,1,239,,,,,,true,Revit-executed integration test runner (pyRevit-friendly).,239,3,"_load_json,_write_text,_write_json,_now_stamp,main"
tests/revit/revit_test_runner_pyrevit.py,_load_json,function,39,41,<module>,,path,,,false,,3,2,
tests/revit/revit_test_runner_pyrevit.py,_write_text,function,44,49,<module>,,"path, txt",,,false,,6,4,
tests/revit/revit_test_runner_pyrevit.py,_write_json,function,52,53,<module>,,"path, obj",,,false,,2,1,
tests/revit/revit_test_runner_pyrevit.py,_now_stamp,function,56,57,<module>,,,,,false,,2,1,
tests/revit/revit_test_runner_pyrevit.py,main,function,60,235,<module>,,,,,false,,176,34,
tests/run_join_key_tests.py,<module>,module,1,141,,,,,,true,Standalone tests for join_key migration.,141,19,_compute_override_properties_hash
tests/run_join_key_tests.py,_compute_override_properties_hash,function,21,36,<module>,,identity_items,,,false,,16,5,
tests/synthetic_governance_fixtures.py,<module>,module,1,13,,,,,,true,Shared neutral identities for governance tests; never imported by production.,13,1,
tests/test_analyze_promotion_candidates.py,<module>,module,1,519,,,,,,true,Synthetic-fixture tests for tools/analyze_promotion_candidates.py.,519,1,"_gov_row,_reuse_row,corpus_root,_read,test_enterprise_pool_flag_is_policy_driven_and_has_no_legacy_alias,test_invalid_source_schema_creates_no_output_directory,test_scope_gap_candidate_routing,test_baseline_equal_scope_excluded,test_underused_routed_separately,test_below_reuse_floor_not_classified,test_files_used_not_inflated_by_repeated_target_across_references,test_tied_client_rows_are_aggregated_not_dropped,test_pattern_label_variation_does_not_split_identity,test_unit_system_partitions_scope_evidence,test_used_view_preferred_over_all_view,test_all_view_fallback_dropped_when_used_data_exists_elsewhere,test_discipline_tied_rows_not_summed_within_client,test_domain_rollup_total_matches_bucket_sum,test_unclassified_reuse_routed_separately,test_min_enterprise_clients_downgrade,test_generic_reference_does_not_seed,test_baseline_threshold_gate_overrides_scope_gap,test_semantic_noise_filter_routes_separately,test_semantic_noise_filter_disabled_by_default,test_rank_is_ordinal_per_domain,test_no_bare_numeric_score_in_any_output,test_routing_buckets_are_mutually_exclusive"
tests/test_analyze_promotion_candidates.py,_gov_row,function,28,47,<module>,,"join_hash, **overrides",,,false,,20,1,
tests/test_analyze_promotion_candidates.py,_reuse_row,function,50,75,<module>,,"join_hash, **overrides",,,false,,26,1,
tests/test_analyze_promotion_candidates.py,corpus_root,function,79,246,<module>,pytest.fixture,tmp_path,,,false,,168,1,
tests/test_analyze_promotion_candidates.py,_read,function,249,250,<module>,,"root, name",,,false,,2,1,
tests/test_analyze_promotion_candidates.py,test_enterprise_pool_flag_is_policy_driven_and_has_no_legacy_alias,function,253,262,<module>,,,,,false,,10,3,
tests/test_analyze_promotion_candidates.py,test_invalid_source_schema_creates_no_output_directory,function,265,274,<module>,,tmp_path,,,false,,10,3,
tests/test_analyze_promotion_candidates.py,test_scope_gap_candidate_routing,function,277,284,<module>,,corpus_root,,,false,,8,5,
tests/test_analyze_promotion_candidates.py,test_baseline_equal_scope_excluded,function,287,292,<module>,,corpus_root,,,false,,6,3,
tests/test_analyze_promotion_candidates.py,test_underused_routed_separately,function,295,302,<module>,,corpus_root,,,false,,8,4,
tests/test_analyze_promotion_candidates.py,test_below_reuse_floor_not_classified,function,305,311,<module>,,corpus_root,,,false,,7,4,
tests/test_analyze_promotion_candidates.py,test_files_used_not_inflated_by_repeated_target_across_references,function,314,322,<module>,,corpus_root,,,false,,9,2,
tests/test_analyze_promotion_candidates.py,test_tied_client_rows_are_aggregated_not_dropped,function,325,337,<module>,,corpus_root,,,false,,13,7,
tests/test_analyze_promotion_candidates.py,test_pattern_label_variation_does_not_split_identity,function,340,350,<module>,,corpus_root,,,false,,11,4,
tests/test_analyze_promotion_candidates.py,test_unit_system_partitions_scope_evidence,function,353,368,<module>,,corpus_root,,,false,,16,6,
tests/test_analyze_promotion_candidates.py,test_used_view_preferred_over_all_view,function,371,380,<module>,,corpus_root,,,false,,10,4,
tests/test_analyze_promotion_candidates.py,test_all_view_fallback_dropped_when_used_data_exists_elsewhere,function,383,395,<module>,,corpus_root,,,false,,13,5,
tests/test_analyze_promotion_candidates.py,test_discipline_tied_rows_not_summed_within_client,function,398,407,<module>,,corpus_root,,,false,,10,3,
tests/test_analyze_promotion_candidates.py,test_domain_rollup_total_matches_bucket_sum,function,410,423,<module>,,corpus_root,,,false,,14,2,
tests/test_analyze_promotion_candidates.py,test_unclassified_reuse_routed_separately,function,426,432,<module>,,corpus_root,,,false,,7,4,
tests/test_analyze_promotion_candidates.py,test_min_enterprise_clients_downgrade,function,435,443,<module>,,corpus_root,,,false,,9,3,
tests/test_analyze_promotion_candidates.py,test_generic_reference_does_not_seed,function,446,450,<module>,,corpus_root,,,false,,5,2,
tests/test_analyze_promotion_candidates.py,test_baseline_threshold_gate_overrides_scope_gap,function,453,461,<module>,,corpus_root,,,false,,9,3,
tests/test_analyze_promotion_candidates.py,test_semantic_noise_filter_routes_separately,function,464,472,<module>,,corpus_root,,,false,,9,4,
tests/test_analyze_promotion_candidates.py,test_semantic_noise_filter_disabled_by_default,function,475,479,<module>,,corpus_root,,,false,,5,3,
tests/test_analyze_promotion_candidates.py,test_rank_is_ordinal_per_domain,function,482,486,<module>,,corpus_root,,,false,,5,2,
tests/test_analyze_promotion_candidates.py,test_no_bare_numeric_score_in_any_output,function,489,498,<module>,,corpus_root,,,false,,10,7,
tests/test_analyze_promotion_candidates.py,test_routing_buckets_are_mutually_exclusive,function,501,519,<module>,,corpus_root,,,false,,19,4,
tests/test_arrowheads_shape_gating.py,<module>,module,1,152,,,,,,false,,152,3,"test_style_discriminator_first,test_style_specific_keys_are_omitted_when_not_applicable,test_no_missing_for_unrelated_style_properties,test_join_key_builder_additional_required_only_for_shape,test_get_arrowhead_style_fallback,test_join_key_builder_other_style,test_join_key_keys_used_and_hash_for_arrow_style"
tests/test_arrowheads_shape_gating.py,test_style_discriminator_first,function,20,28,<module>,,,,,false,,9,3,
tests/test_arrowheads_shape_gating.py,test_style_specific_keys_are_omitted_when_not_applicable,function,31,47,<module>,,,,,false,,17,5,
tests/test_arrowheads_shape_gating.py,test_no_missing_for_unrelated_style_properties,function,50,66,<module>,,,,,false,,17,3,
tests/test_arrowheads_shape_gating.py,test_join_key_builder_additional_required_only_for_shape,function,69,84,<module>,,,,,false,,16,5,
tests/test_arrowheads_shape_gating.py,test_get_arrowhead_style_fallback,function,87,92,<module>,,,,,false,,6,3,
tests/test_arrowheads_shape_gating.py,test_join_key_builder_other_style,function,95,109,<module>,,,,,false,,15,4,
tests/test_arrowheads_shape_gating.py,test_join_key_keys_used_and_hash_for_arrow_style,function,112,152,<module>,,,,,false,,41,10,
tests/test_build_segment_manifest.py,<module>,module,1,1886,,,,,,true,Tests for tools/build_segment_manifest.py.,1886,1,"_meta_row,_full_row,_read_csv,_membership_ids,test_population_hash_deterministic,test_blank_unit_system_excluded,test_level1_segments_present,test_level1_run_type_skip_when_below_min_files,test_level1_run_type_bundle_at_min_files,test_level1_file_counts,test_level2_segments_present,test_level2_run_type_below_min,test_level2_run_type_at_min,test_seed_detection_level2,test_seed_detection_renown_no_seed,test_seed_detection_container_role,test_level1_parent_is_empty,test_level2_parent_is_unit_system,test_sort_order_level1_before_level2,test_sort_order_within_level_alphabetical,test_export_run_ids_sorted_pipe_delimited,test_membership_rows_no_pipe_delimited_values,test_manifest_and_registry_have_no_list_columns,test_population_hash_in_manifest,test_registry_excludes_skip_segments,test_registry_output_folder_sanitized,test_sanitize_folder_strips_path_separators,test_sanitize_folder_preserves_selected_blank_vs_unselected_dimension,test_sanitize_folder_renders_selected_blank_as_neutral_token,test_registry_output_folders_globally_unique_with_suffix_collision,test_registry_distinguishes_selected_blank_client_from_unselected_client_pool,test_registry_initial_status_pending,test_main_writes_files,test_seed_only_note_not_set_for_generic_only_segment,test_seed_only_note_not_suppressed_by_blank_eid_project_row,test_seed_only_note_set_when_segment_has_seeds_no_project,test_registry_folder_merges_for_client_label_case_variants,test_blank_client_label_no_longer_participates_in_subset,test_main_missing_metadata_file,test_main_fails_on_missing_required_columns,test_main_fails_when_export_run_id_column_absent,test_main_blocks_on_blank_export_run_id,test_main_fails_on_missing_columns_even_with_no_data_rows,test_level2_project_bundle_with_parent_bundle_runs_enabled,test_level2_project_registration_without_flag,test_mixed_role_client_segment_stays_reference,test_single_child_suppression_still_fires,_disc_rows,test_discipline_cut_level3_segment_generated,test_discipline_cut_level4_segment_generated,test_discipline_cut_extra_dimensions_populated,test_discipline_label_top_level_field_blank_for_non_discipline_segments,test_discipline_label_top_level_field_populated_in_mixed_cut,test_discipline_cut_level3_purpose,test_discipline_cut_level3_label,test_blank_discipline_does_not_generate_discipline_cut,test_no_discipline_column_rows_not_broken,test_discipline_cut_not_required_column_now_blocks,test_discipline_cut_level3_bundle_not_demoted_by_children,test_discipline_cut_level4_bundle_not_affected,test_multi_child_parent_not_demoted_redundant_single_child,test_single_child_same_hash_still_demoted,test_matching_child_demotes_parent_even_with_other_nonmatching_children,test_client_discipline_leaf_purpose_container,test_client_discipline_leaf_label_container,test_client_discipline_leaf_purpose_template,test_client_discipline_leaf_purpose_project,test_registry_first_run_no_existing_file_unaffected,test_registry_preserves_output_folder_across_runs_when_unchanged,test_registry_preserves_status_when_population_hash_unchanged,test_registry_resets_status_when_population_hash_changes,test_registry_new_segment_gets_unique_folder_not_colliding_with_carryover,_manifest_row,test_registry_resets_status_when_run_type_changes,test_registry_reserves_dropped_segment_folder_from_new_reuse,test_registry_drops_removed_segment_ids_with_warning,test_client_discipline_leaf_no_empty_purpose,test_unit_system_case_variants_merge_into_single_segment,test_governance_role_case_variants_merge_and_no_false_warning,test_unknown_governance_role_still_warns_after_normalization_added,test_client_label_first_seen_casing_is_canonical,test_business_center_label_zero_padded_short_digit_values,test_business_center_label_already_four_digits_unaffected,test_business_center_label_non_numeric_unaffected,test_business_center_label_zero_pad_merges_with_correctly_formatted_rows,test_business_center_label_zero_pad_warning_emitted,test_normalization_warning_emitted_with_aggregate_count,test_clean_corpus_unaffected_by_normalization,test_conformance_reference_mode_defaults_to_latest_for_new_segment,test_conformance_reference_mode_carried_over_across_runs,test_conformance_reference_mode_defaults_to_latest_for_old_registry_missing_field,test_registry_no_longer_carries_export_run_ids,test_registry_new_files_reason_when_file_added,test_registry_removed_files_reason_when_file_removed,test_registry_both_new_and_removed_files_reasons_when_combined_change,test_registry_new_files_reason_does_not_cause_false_removal_warnings,test_registry_no_reason_notes_for_brand_new_segment,test_segment_membership_round_trip_reconstructs_in_memory_sets,test_segment_membership_join_keys_present_in_manifest_and_metadata,test_population_hash_unchanged_by_membership_storage_migration,test_manifest_and_registry_fields_stay_under_size_threshold,test_enterprise_bc_0000_preserved_literally_not_folded_to_blank,test_enterprise_identity_not_inferred_from_blank_business_center,test_business_center_case_variants_of_0000_still_fold_by_casing_not_bookkeeping,test_collection_label_ignored_same_segments_same_membership,test_collection_label_column_absence_produces_identical_manifest,_write_metadata_csv,test_required_field_blank_blocks_entire_build,test_required_field_na_sentinel_blocks_entire_build,test_required_field_semicolon_blocks_entire_build,test_export_run_id_semicolon_does_not_block_build,test_validate_required_metadata_reports_row_and_field_directly,test_validate_required_metadata_empty_for_fully_valid_rows,test_duplicate_export_run_id_blocks_as_distinct_conflict_reason,test_unreadable_input_reported_distinctly_not_bare_except,test_business_center_0000_is_a_valid_value_not_a_validation_failure,test_business_center_0000_main_succeeds,test_project_label_not_a_required_field,test_project_label_sentinel_does_not_affect_segmentation,test_running_builder_twice_on_identical_input_is_byte_identical,test_reordering_input_rows_does_not_change_segment_ids_or_parents,test_former_collection_specific_rows_collapse_with_union_membership,test_ancestor_segment_ids_semicolon_joined_not_pipe,test_ancestor_segment_ids_two_element_roundtrip"
tests/test_build_segment_manifest.py,_meta_row,function,33,41,<module>,,"export_run_id, unit_system, client_label, governance_role, discipline_label = '', business_center_label = ''",,,false,,9,1,
tests/test_build_segment_manifest.py,_full_row,function,44,48,<module>,,"export_run_id, unit_system, client_label, governance_role, discipline_label, business_center_label",,,true,"Like _meta_row, but every required field must be passed explicitly --",5,1,
tests/test_build_segment_manifest.py,_read_csv,function,70,72,<module>,,path: Path,,,false,,3,2,
tests/test_build_segment_manifest.py,_membership_ids,function,75,78,<module>,,"out_dir: Path, segment_id: str",,set,true,Read segment_membership.csv and return the export_run_id set for one segment_id.,4,3,
tests/test_build_segment_manifest.py,test_population_hash_deterministic,function,99,105,<module>,,,,,false,,7,3,
tests/test_build_segment_manifest.py,test_blank_unit_system_excluded,function,108,111,<module>,,,,,false,,4,3,
tests/test_build_segment_manifest.py,test_level1_segments_present,function,114,118,<module>,,,,,false,,5,5,
tests/test_build_segment_manifest.py,test_level1_run_type_skip_when_below_min_files,function,121,126,<module>,,,,,false,,6,5,
tests/test_build_segment_manifest.py,test_level1_run_type_bundle_at_min_files,function,129,133,<module>,,,,,false,,5,6,
tests/test_build_segment_manifest.py,test_level1_file_counts,function,136,140,<module>,,,,,false,,5,5,
tests/test_build_segment_manifest.py,test_level2_segments_present,function,143,149,<module>,,,,,false,,7,7,
tests/test_build_segment_manifest.py,test_level2_run_type_below_min,function,152,155,<module>,,,,,false,,4,4,
tests/test_build_segment_manifest.py,test_level2_run_type_at_min,function,158,161,<module>,,,,,false,,4,4,
tests/test_build_segment_manifest.py,test_seed_detection_level2,function,164,168,<module>,,,,,false,,5,5,
tests/test_build_segment_manifest.py,test_seed_detection_renown_no_seed,function,171,175,<module>,,,,,false,,5,5,
tests/test_build_segment_manifest.py,test_seed_detection_container_role,function,178,182,<module>,,,,,false,,5,5,
tests/test_build_segment_manifest.py,test_level1_parent_is_empty,function,185,189,<module>,,,,,false,,5,4,
tests/test_build_segment_manifest.py,test_level2_parent_is_unit_system,function,192,196,<module>,,,,,false,,5,4,
tests/test_build_segment_manifest.py,test_sort_order_level1_before_level2,function,199,202,<module>,,,,,false,,4,3,
tests/test_build_segment_manifest.py,test_sort_order_within_level_alphabetical,function,205,210,<module>,,,,,false,,6,7,
tests/test_build_segment_manifest.py,test_export_run_ids_sorted_pipe_delimited,function,213,221,<module>,,,,,false,,9,5,
tests/test_build_segment_manifest.py,test_membership_rows_no_pipe_delimited_values,function,224,232,<module>,,,,,false,,9,4,
tests/test_build_segment_manifest.py,test_manifest_and_registry_have_no_list_columns,function,235,242,<module>,,,,,false,,8,5,
tests/test_build_segment_manifest.py,test_population_hash_in_manifest,function,245,249,<module>,,,,,false,,5,4,
tests/test_build_segment_manifest.py,test_registry_excludes_skip_segments,function,252,256,<module>,,,,,false,,5,3,
tests/test_build_segment_manifest.py,test_registry_output_folder_sanitized,function,259,263,<module>,,,,,false,,5,4,
tests/test_build_segment_manifest.py,test_sanitize_folder_strips_path_separators,function,266,273,<module>,,,,,false,,8,6,
tests/test_build_segment_manifest.py,test_sanitize_folder_preserves_selected_blank_vs_unselected_dimension,function,276,293,<module>,,,,,false,,18,3,
tests/test_build_segment_manifest.py,test_sanitize_folder_renders_selected_blank_as_neutral_token,function,296,310,<module>,,,,,false,,15,4,
tests/test_build_segment_manifest.py,test_registry_output_folders_globally_unique_with_suffix_collision,function,313,331,<module>,,,,,false,,19,6,
tests/test_build_segment_manifest.py,test_registry_distinguishes_selected_blank_client_from_unselected_client_pool,function,334,354,<module>,,,,,false,,21,6,
tests/test_build_segment_manifest.py,test_registry_initial_status_pending,function,357,362,<module>,,,,,false,,6,4,
tests/test_build_segment_manifest.py,test_main_writes_files,function,369,394,<module>,,tmp_path,,,false,,26,14,
tests/test_build_segment_manifest.py,test_seed_only_note_not_set_for_generic_only_segment,function,397,404,<module>,,,,,false,,8,7,
tests/test_build_segment_manifest.py,test_seed_only_note_not_suppressed_by_blank_eid_project_row,function,407,424,<module>,,,,,false,,18,8,
tests/test_build_segment_manifest.py,test_seed_only_note_set_when_segment_has_seeds_no_project,function,427,437,<module>,,,,,false,,11,6,
tests/test_build_segment_manifest.py,test_registry_folder_merges_for_client_label_case_variants,function,440,456,<module>,,,,,false,,17,9,
tests/test_build_segment_manifest.py,test_blank_client_label_no_longer_participates_in_subset,function,459,470,<module>,,,,,false,,12,8,
tests/test_build_segment_manifest.py,test_main_missing_metadata_file,function,473,475,<module>,,tmp_path,,,false,,3,2,
tests/test_build_segment_manifest.py,test_main_fails_on_missing_required_columns,function,478,490,<module>,,tmp_path,,,false,,13,4,
tests/test_build_segment_manifest.py,test_main_fails_when_export_run_id_column_absent,function,493,502,<module>,,tmp_path,,,false,,10,3,
tests/test_build_segment_manifest.py,test_main_blocks_on_blank_export_run_id,function,505,525,<module>,,"tmp_path, capsys",,,false,,21,8,
tests/test_build_segment_manifest.py,test_main_fails_on_missing_columns_even_with_no_data_rows,function,528,539,<module>,,tmp_path,,,false,,12,4,
tests/test_build_segment_manifest.py,test_level2_project_bundle_with_parent_bundle_runs_enabled,function,541,548,<module>,,,,,false,,8,6,
tests/test_build_segment_manifest.py,test_level2_project_registration_without_flag,function,551,558,<module>,,,,,false,,8,6,
tests/test_build_segment_manifest.py,test_mixed_role_client_segment_stays_reference,function,561,573,<module>,,,,,false,,13,5,
tests/test_build_segment_manifest.py,test_single_child_suppression_still_fires,function,576,581,<module>,,,,,false,,6,7,
tests/test_build_segment_manifest.py,_disc_rows,function,588,596,<module>,,,,,true,"Multi-client, multi-discipline Container corpus for discipline tests.",9,5,
tests/test_build_segment_manifest.py,test_discipline_cut_level3_segment_generated,function,599,603,<module>,,,,,false,,5,4,
tests/test_build_segment_manifest.py,test_discipline_cut_level4_segment_generated,function,606,610,<module>,,,,,false,,5,4,
tests/test_build_segment_manifest.py,test_discipline_cut_extra_dimensions_populated,function,613,618,<module>,,,,,false,,6,6,
tests/test_build_segment_manifest.py,test_discipline_label_top_level_field_blank_for_non_discipline_segments,function,621,628,<module>,,,,,false,,8,7,
tests/test_build_segment_manifest.py,test_discipline_label_top_level_field_populated_in_mixed_cut,function,631,635,<module>,,,,,false,,5,5,
tests/test_build_segment_manifest.py,test_discipline_cut_level3_purpose,function,638,643,<module>,,,,,false,,6,4,
tests/test_build_segment_manifest.py,test_discipline_cut_level3_label,function,646,649,<module>,,,,,false,,4,4,
tests/test_build_segment_manifest.py,test_blank_discipline_does_not_generate_discipline_cut,function,652,660,<module>,,,,,false,,9,7,
tests/test_build_segment_manifest.py,test_no_discipline_column_rows_not_broken,function,663,672,<module>,,,,,false,,10,5,
tests/test_build_segment_manifest.py,test_discipline_cut_not_required_column_now_blocks,function,675,692,<module>,,"tmp_path, capsys",,,false,,18,7,
tests/test_build_segment_manifest.py,test_discipline_cut_level3_bundle_not_demoted_by_children,function,699,707,<module>,,,,,false,,9,4,
tests/test_build_segment_manifest.py,test_discipline_cut_level4_bundle_not_affected,function,710,714,<module>,,,,,false,,5,4,
tests/test_build_segment_manifest.py,test_multi_child_parent_not_demoted_redundant_single_child,function,721,729,<module>,,,,,false,,9,8,
tests/test_build_segment_manifest.py,test_single_child_same_hash_still_demoted,function,732,739,<module>,,,,,false,,8,5,
tests/test_build_segment_manifest.py,test_matching_child_demotes_parent_even_with_other_nonmatching_children,function,742,773,<module>,,,,,false,,32,17,
tests/test_build_segment_manifest.py,test_client_discipline_leaf_purpose_container,function,780,783,<module>,,,,,false,,4,4,
tests/test_build_segment_manifest.py,test_client_discipline_leaf_label_container,function,786,789,<module>,,,,,false,,4,4,
tests/test_build_segment_manifest.py,test_client_discipline_leaf_purpose_template,function,792,800,<module>,,,,,false,,9,7,
tests/test_build_segment_manifest.py,test_client_discipline_leaf_purpose_project,function,803,811,<module>,,,,,false,,9,7,
tests/test_build_segment_manifest.py,test_registry_first_run_no_existing_file_unaffected,function,818,830,<module>,,,,,false,,13,8,
tests/test_build_segment_manifest.py,test_registry_preserves_output_folder_across_runs_when_unchanged,function,833,839,<module>,,,,,false,,7,4,
tests/test_build_segment_manifest.py,test_registry_preserves_status_when_population_hash_unchanged,function,842,854,<module>,,,,,false,,13,8,
tests/test_build_segment_manifest.py,test_registry_resets_status_when_population_hash_changes,function,857,876,<module>,,,,,false,,20,12,
tests/test_build_segment_manifest.py,test_registry_new_segment_gets_unique_folder_not_colliding_with_carryover,function,879,909,<module>,,,,,false,,31,18,
tests/test_build_segment_manifest.py,_manifest_row,function,912,919,<module>,,"segment_id, run_type = 'bundle', population_hash = 'h1', parent = '', notes = '', purpose = '', label = ''",,,true,Hand-craft a manifest-row-shaped dict for testing _build_registry() in,8,1,
tests/test_build_segment_manifest.py,test_registry_resets_status_when_run_type_changes,function,922,951,<module>,,,,,false,,30,18,
tests/test_build_segment_manifest.py,test_registry_reserves_dropped_segment_folder_from_new_reuse,function,954,972,<module>,,,,,false,,19,9,
tests/test_build_segment_manifest.py,test_registry_drops_removed_segment_ids_with_warning,function,975,990,<module>,,capsys,,,false,,16,10,
tests/test_build_segment_manifest.py,test_client_discipline_leaf_no_empty_purpose,function,993,1004,<module>,,,,,false,,12,9,
tests/test_build_segment_manifest.py,test_unit_system_case_variants_merge_into_single_segment,function,1020,1032,<module>,,,,,false,,13,9,
tests/test_build_segment_manifest.py,test_governance_role_case_variants_merge_and_no_false_warning,function,1035,1055,<module>,,"tmp_path, capsys",,,false,,21,10,
tests/test_build_segment_manifest.py,test_unknown_governance_role_still_warns_after_normalization_added,function,1058,1073,<module>,,"tmp_path, capsys",,,false,,16,5,
tests/test_build_segment_manifest.py,test_client_label_first_seen_casing_is_canonical,function,1076,1091,<module>,,,,,false,,16,9,
tests/test_build_segment_manifest.py,test_business_center_label_zero_padded_short_digit_values,function,1094,1107,<module>,,,,,false,,14,5,
tests/test_build_segment_manifest.py,test_business_center_label_already_four_digits_unaffected,function,1110,1115,<module>,,,,,false,,6,2,
tests/test_build_segment_manifest.py,test_business_center_label_non_numeric_unaffected,function,1118,1125,<module>,,,,,false,,8,2,
tests/test_build_segment_manifest.py,test_business_center_label_zero_pad_merges_with_correctly_formatted_rows,function,1128,1141,<module>,,,,,false,,14,11,
tests/test_build_segment_manifest.py,test_business_center_label_zero_pad_warning_emitted,function,1144,1162,<module>,,"tmp_path, capsys",,,false,,19,9,
tests/test_build_segment_manifest.py,test_normalization_warning_emitted_with_aggregate_count,function,1165,1183,<module>,,"tmp_path, capsys",,,false,,19,9,
tests/test_build_segment_manifest.py,test_clean_corpus_unaffected_by_normalization,function,1186,1200,<module>,,,,,false,,15,9,
tests/test_build_segment_manifest.py,test_conformance_reference_mode_defaults_to_latest_for_new_segment,function,1207,1211,<module>,,,,,false,,5,4,
tests/test_build_segment_manifest.py,test_conformance_reference_mode_carried_over_across_runs,function,1214,1219,<module>,,,,,false,,6,4,
tests/test_build_segment_manifest.py,test_conformance_reference_mode_defaults_to_latest_for_old_registry_missing_field,function,1222,1231,<module>,,,,,false,,10,5,
tests/test_build_segment_manifest.py,test_registry_no_longer_carries_export_run_ids,function,1234,1242,<module>,,,,,false,,9,4,
tests/test_build_segment_manifest.py,test_registry_new_files_reason_when_file_added,function,1245,1257,<module>,,,,,false,,13,6,
tests/test_build_segment_manifest.py,test_registry_removed_files_reason_when_file_removed,function,1260,1276,<module>,,,,,false,,17,8,
tests/test_build_segment_manifest.py,test_registry_both_new_and_removed_files_reasons_when_combined_change,function,1279,1295,<module>,,,,,false,,17,8,
tests/test_build_segment_manifest.py,test_registry_new_files_reason_does_not_cause_false_removal_warnings,function,1298,1317,<module>,,capsys,,,false,,20,5,
tests/test_build_segment_manifest.py,test_registry_no_reason_notes_for_brand_new_segment,function,1320,1333,<module>,,,,,false,,14,7,
tests/test_build_segment_manifest.py,test_segment_membership_round_trip_reconstructs_in_memory_sets,function,1341,1372,<module>,,tmp_path,,,false,,32,18,
tests/test_build_segment_manifest.py,test_segment_membership_join_keys_present_in_manifest_and_metadata,function,1375,1395,<module>,,tmp_path,,,false,,21,10,
tests/test_build_segment_manifest.py,test_population_hash_unchanged_by_membership_storage_migration,function,1398,1406,<module>,,,,,false,,9,6,
tests/test_build_segment_manifest.py,test_manifest_and_registry_fields_stay_under_size_threshold,function,1418,1451,<module>,,tmp_path,,,false,,34,12,
tests/test_build_segment_manifest.py,test_enterprise_bc_0000_preserved_literally_not_folded_to_blank,function,1459,1475,<module>,,,,,false,,17,11,
tests/test_build_segment_manifest.py,test_enterprise_identity_not_inferred_from_blank_business_center,function,1478,1488,<module>,,,,,false,,11,11,
tests/test_build_segment_manifest.py,test_business_center_case_variants_of_0000_still_fold_by_casing_not_bookkeeping,function,1491,1501,<module>,,,,,false,,11,6,
tests/test_build_segment_manifest.py,test_collection_label_ignored_same_segments_same_membership,function,1510,1530,<module>,,,,,false,,21,18,
tests/test_build_segment_manifest.py,test_collection_label_column_absence_produces_identical_manifest,function,1533,1562,<module>,,tmp_path,,,false,,30,3,_write_and_build
tests/test_build_segment_manifest.py,test_collection_label_column_absence_produces_identical_manifest._write_and_build,nested_function,1542,1558,test_collection_label_column_absence_produces_identical_manifest,,"out_name, extra_field",,,false,,17,6,
tests/test_build_segment_manifest.py,_write_metadata_csv,function,1572,1577,<module>,,"path, rows",,,false,,6,3,
tests/test_build_segment_manifest.py,test_required_field_blank_blocks_entire_build,function,1581,1599,<module>,"pytest.mark.parametrize('field', ['export_run_id', 'unit_system', 'governance_role', 'client_label', 'discipline_label', 'business_center_label'])","tmp_path, capsys, field",,,false,,19,10,
tests/test_build_segment_manifest.py,test_required_field_na_sentinel_blocks_entire_build,function,1603,1617,<module>,"pytest.mark.parametrize('field', ['export_run_id', 'unit_system', 'governance_role', 'client_label', 'discipline_label', 'business_center_label'])","tmp_path, capsys, field",,,false,,15,7,
tests/test_build_segment_manifest.py,test_required_field_semicolon_blocks_entire_build,function,1621,1641,<module>,"pytest.mark.parametrize('field', ['unit_system', 'governance_role', 'client_label', 'discipline_label', 'business_center_label'])","tmp_path, capsys, field",,,false,,21,7,
tests/test_build_segment_manifest.py,test_export_run_id_semicolon_does_not_block_build,function,1644,1659,<module>,,"tmp_path, capsys",,,false,,16,5,
tests/test_build_segment_manifest.py,test_validate_required_metadata_reports_row_and_field_directly,function,1662,1671,<module>,,,,,false,,10,7,
tests/test_build_segment_manifest.py,test_validate_required_metadata_empty_for_fully_valid_rows,function,1674,1675,<module>,,,,,false,,2,2,
tests/test_build_segment_manifest.py,test_duplicate_export_run_id_blocks_as_distinct_conflict_reason,function,1678,1692,<module>,,"tmp_path, capsys",,,false,,15,6,
tests/test_build_segment_manifest.py,test_unreadable_input_reported_distinctly_not_bare_except,function,1695,1710,<module>,,"tmp_path, capsys",,,false,,16,5,
tests/test_build_segment_manifest.py,test_business_center_0000_is_a_valid_value_not_a_validation_failure,function,1718,1720,<module>,,,,,false,,3,3,
tests/test_build_segment_manifest.py,test_business_center_0000_main_succeeds,function,1723,1731,<module>,,tmp_path,,,false,,9,5,
tests/test_build_segment_manifest.py,test_project_label_not_a_required_field,function,1741,1743,<module>,,,,,false,,3,4,
tests/test_build_segment_manifest.py,test_project_label_sentinel_does_not_affect_segmentation,function,1746,1769,<module>,,tmp_path,,,false,,24,4,_build_with_project_label
tests/test_build_segment_manifest.py,test_project_label_sentinel_does_not_affect_segmentation._build_with_project_label,nested_function,1754,1765,test_project_label_sentinel_does_not_affect_segmentation,,"out_name, rows",,,false,,12,4,
tests/test_build_segment_manifest.py,test_running_builder_twice_on_identical_input_is_byte_identical,function,1778,1788,<module>,,tmp_path,,,false,,11,5,
tests/test_build_segment_manifest.py,test_reordering_input_rows_does_not_change_segment_ids_or_parents,function,1791,1812,<module>,,tmp_path,,,false,,22,9,
tests/test_build_segment_manifest.py,test_former_collection_specific_rows_collapse_with_union_membership,function,1821,1843,<module>,,,,,false,,23,13,
tests/test_build_segment_manifest.py,test_ancestor_segment_ids_semicolon_joined_not_pipe,function,1850,1877,<module>,,,,,false,,28,8,
tests/test_build_segment_manifest.py,test_ancestor_segment_ids_two_element_roundtrip,function,1880,1886,<module>,,,,,false,,7,5,
tests/test_bundle_analysis_name_projection.py,<module>,module,1,766,,,,,,true,Tests for PR3 (Name-Projection Bundle Support).,766,1,"_write_csv,_materials_name_key_rows,_build_pr2_name_patterns_dir,TestValidationBlocksUnsupportedFeatures,TestConfigPassthroughUnchanged,TestPurgeViewDefaultIsTargetAware,TestSplitExportFileIdNormalization,TestNormalizeExportRunIdWithKnownIds,TestStageWithKnownExportRunIds,TestNameProjectionAdapterProducesConsumableInput,TestBundleProvenance,TestRunBundleAnalysisForTargetResolvesDetailsOnlyIdsFromMetadataFile,TestNameAllOutputLocation,TestStaleNameAllClearedBeforeRegenerationEvenOnFailure,TestAnnotateNameTargetCombinedFiles,TestRetryFsOp"
tests/test_bundle_analysis_name_projection.py,_write_csv,function,49,55,<module>,,"path: Path, fieldnames, rows",,None,false,,7,3,
tests/test_bundle_analysis_name_projection.py,_materials_name_key_rows,function,58,73,<module>,,,,,true,"3 files, domain=materials (Native), 2 co-occurring records (Concrete/Steel) present",16,2,
tests/test_bundle_analysis_name_projection.py,_build_pr2_name_patterns_dir,function,76,81,<module>,,tmp_path: Path,,Path,false,,6,1,
tests/test_bundle_analysis_name_projection.py,TestValidationBlocksUnsupportedFeatures,class,84,110,<module>,,,,,false,,27,1,"test_used_view_blocked,test_both_purge_view_blocked,test_share_profile_blocked,test_compare_blocked,test_config_target_never_blocked,test_name_target_all_view_no_extras_passes"
tests/test_bundle_analysis_name_projection.py,TestValidationBlocksUnsupportedFeatures.test_used_view_blocked,method,86,88,TestValidationBlocksUnsupportedFeatures,"pytest.mark.parametrize('comparison_target', ['name', 'both'])","self, comparison_target",,,false,,3,2,
tests/test_bundle_analysis_name_projection.py,TestValidationBlocksUnsupportedFeatures.test_both_purge_view_blocked,method,91,93,TestValidationBlocksUnsupportedFeatures,"pytest.mark.parametrize('comparison_target', ['name', 'both'])","self, comparison_target",,,false,,3,2,
tests/test_bundle_analysis_name_projection.py,TestValidationBlocksUnsupportedFeatures.test_share_profile_blocked,method,96,98,TestValidationBlocksUnsupportedFeatures,"pytest.mark.parametrize('comparison_target', ['name', 'both'])","self, comparison_target",,,false,,3,2,
tests/test_bundle_analysis_name_projection.py,TestValidationBlocksUnsupportedFeatures.test_compare_blocked,method,101,103,TestValidationBlocksUnsupportedFeatures,"pytest.mark.parametrize('comparison_target', ['name', 'both'])","self, comparison_target",,,false,,3,2,
tests/test_bundle_analysis_name_projection.py,TestValidationBlocksUnsupportedFeatures.test_config_target_never_blocked,method,105,107,TestValidationBlocksUnsupportedFeatures,,self,,,false,,3,1,
tests/test_bundle_analysis_name_projection.py,TestValidationBlocksUnsupportedFeatures.test_name_target_all_view_no_extras_passes,method,109,110,TestValidationBlocksUnsupportedFeatures,,self,,,false,,2,1,
tests/test_bundle_analysis_name_projection.py,TestConfigPassthroughUnchanged,class,113,164,<module>,,,,,false,,52,1,"test_config_target_calls_run_bundle_analysis_with_unchanged_out_dir,test_both_target_nests_config_output_under_config_subdir"
tests/test_bundle_analysis_name_projection.py,TestConfigPassthroughUnchanged.test_config_target_calls_run_bundle_analysis_with_unchanged_out_dir,method,114,134,TestConfigPassthroughUnchanged,,"self, tmp_path, monkeypatch",,,false,,21,5,_fake_run_bundle_analysis
tests/test_bundle_analysis_name_projection.py,TestConfigPassthroughUnchanged.test_config_target_calls_run_bundle_analysis_with_unchanged_out_dir._fake_run_bundle_analysis,nested_function,119,121,TestConfigPassthroughUnchanged.test_config_target_calls_run_bundle_analysis_with_unchanged_out_dir,,**kwargs,,,false,,3,1,
tests/test_bundle_analysis_name_projection.py,TestConfigPassthroughUnchanged.test_both_target_nests_config_output_under_config_subdir,method,136,164,TestConfigPassthroughUnchanged,,"self, tmp_path, monkeypatch",,,false,,29,5,_fake_run_bundle_analysis
tests/test_bundle_analysis_name_projection.py,TestConfigPassthroughUnchanged.test_both_target_nests_config_output_under_config_subdir._fake_run_bundle_analysis,nested_function,141,143,TestConfigPassthroughUnchanged.test_both_target_nests_config_output_under_config_subdir,,**kwargs,,,false,,3,1,
tests/test_bundle_analysis_name_projection.py,TestPurgeViewDefaultIsTargetAware,class,167,233,<module>,,,,,true,"PR #389 review: the flat ""both"" default (inherited from config target) made",67,1,"_capture,test_name_target_without_explicit_purge_view_does_not_raise,test_both_target_without_explicit_purge_view_does_not_raise,test_name_target_with_explicit_used_still_raises,test_config_target_without_explicit_purge_view_still_defaults_to_both,test_cli_purge_view_default_is_none"
tests/test_bundle_analysis_name_projection.py,TestPurgeViewDefaultIsTargetAware._capture,method,172,190,TestPurgeViewDefaultIsTargetAware,,"self, monkeypatch",,,false,,19,1,_fake_run_bundle_analysis
tests/test_bundle_analysis_name_projection.py,TestPurgeViewDefaultIsTargetAware._capture._fake_run_bundle_analysis,nested_function,177,179,TestPurgeViewDefaultIsTargetAware._capture,,**kwargs,,,false,,3,1,
tests/test_bundle_analysis_name_projection.py,TestPurgeViewDefaultIsTargetAware.test_name_target_without_explicit_purge_view_does_not_raise,method,192,200,TestPurgeViewDefaultIsTargetAware,,"self, tmp_path, monkeypatch",,,false,,9,2,
tests/test_bundle_analysis_name_projection.py,TestPurgeViewDefaultIsTargetAware.test_both_target_without_explicit_purge_view_does_not_raise,method,202,209,TestPurgeViewDefaultIsTargetAware,,"self, tmp_path, monkeypatch",,,false,,8,3,
tests/test_bundle_analysis_name_projection.py,TestPurgeViewDefaultIsTargetAware.test_name_target_with_explicit_used_still_raises,method,211,217,TestPurgeViewDefaultIsTargetAware,,"self, tmp_path, monkeypatch",,,false,,7,2,
tests/test_bundle_analysis_name_projection.py,TestPurgeViewDefaultIsTargetAware.test_config_target_without_explicit_purge_view_still_defaults_to_both,method,219,225,TestPurgeViewDefaultIsTargetAware,,"self, tmp_path, monkeypatch",,,false,,7,2,
tests/test_bundle_analysis_name_projection.py,TestPurgeViewDefaultIsTargetAware.test_cli_purge_view_default_is_none,method,227,233,TestPurgeViewDefaultIsTargetAware,,self,,,false,,7,2,
tests/test_bundle_analysis_name_projection.py,TestSplitExportFileIdNormalization,class,236,275,<module>,,,,,true,PR #389 review: tools/apply_name_key_policy.py records `export_file` as the,40,1,"test_details_filename_normalized_to_index_filename,test_details_filename_normalization_is_case_insensitive_on_suffix,test_index_filename_left_unchanged,test_plain_filename_left_unchanged,test_staged_presence_rows_use_index_export_run_id_for_split_export"
tests/test_bundle_analysis_name_projection.py,TestSplitExportFileIdNormalization.test_details_filename_normalized_to_index_filename,method,244,245,TestSplitExportFileIdNormalization,,self,,,false,,2,2,
tests/test_bundle_analysis_name_projection.py,TestSplitExportFileIdNormalization.test_details_filename_normalization_is_case_insensitive_on_suffix,method,247,248,TestSplitExportFileIdNormalization,,self,,,false,,2,2,
tests/test_bundle_analysis_name_projection.py,TestSplitExportFileIdNormalization.test_index_filename_left_unchanged,method,250,251,TestSplitExportFileIdNormalization,,self,,,false,,2,2,
tests/test_bundle_analysis_name_projection.py,TestSplitExportFileIdNormalization.test_plain_filename_left_unchanged,method,253,254,TestSplitExportFileIdNormalization,,self,,,false,,2,2,
tests/test_bundle_analysis_name_projection.py,TestSplitExportFileIdNormalization.test_staged_presence_rows_use_index_export_run_id_for_split_export,method,256,275,TestSplitExportFileIdNormalization,,"self, tmp_path",,,false,,20,6,
tests/test_bundle_analysis_name_projection.py,TestNormalizeExportRunIdWithKnownIds,class,278,303,<module>,,,,,true,"PR #390 review, fourth round: a details-only export (no sibling *.index.json) keeps",26,1,"test_split_export_resolves_to_normalized_form,test_details_only_export_resolves_to_raw_form,test_neither_form_known_falls_back_to_normalized_guess,test_no_known_ids_is_unchanged_blind_rewrite,test_index_and_plain_names_unaffected_by_known_ids"
tests/test_bundle_analysis_name_projection.py,TestNormalizeExportRunIdWithKnownIds.test_split_export_resolves_to_normalized_form,method,284,286,TestNormalizeExportRunIdWithKnownIds,,self,,,false,,3,2,
tests/test_bundle_analysis_name_projection.py,TestNormalizeExportRunIdWithKnownIds.test_details_only_export_resolves_to_raw_form,method,288,290,TestNormalizeExportRunIdWithKnownIds,,self,,,false,,3,2,
tests/test_bundle_analysis_name_projection.py,TestNormalizeExportRunIdWithKnownIds.test_neither_form_known_falls_back_to_normalized_guess,method,292,294,TestNormalizeExportRunIdWithKnownIds,,self,,,false,,3,2,
tests/test_bundle_analysis_name_projection.py,TestNormalizeExportRunIdWithKnownIds.test_no_known_ids_is_unchanged_blind_rewrite,method,296,299,TestNormalizeExportRunIdWithKnownIds,,self,,,false,,4,2,
tests/test_bundle_analysis_name_projection.py,TestNormalizeExportRunIdWithKnownIds.test_index_and_plain_names_unaffected_by_known_ids,method,301,303,TestNormalizeExportRunIdWithKnownIds,,self,,,false,,3,3,
tests/test_bundle_analysis_name_projection.py,TestStageWithKnownExportRunIds,class,306,344,<module>,,,,,false,,39,1,"test_details_only_export_stages_with_raw_id_when_known,test_without_known_export_run_ids_details_only_export_is_wrongly_normalized"
tests/test_bundle_analysis_name_projection.py,TestStageWithKnownExportRunIds.test_details_only_export_stages_with_raw_id_when_known,method,307,325,TestStageWithKnownExportRunIds,,"self, tmp_path",,,false,,19,3,
tests/test_bundle_analysis_name_projection.py,TestStageWithKnownExportRunIds.test_without_known_export_run_ids_details_only_export_is_wrongly_normalized,method,327,344,TestStageWithKnownExportRunIds,,"self, tmp_path",,,false,,18,3,
tests/test_bundle_analysis_name_projection.py,TestNameProjectionAdapterProducesConsumableInput,class,347,379,<module>,,,,,false,,33,1,"test_staged_input_is_consumed_by_unmodified_step1_step2_and_forms_a_bundle,test_staging_is_deterministic"
tests/test_bundle_analysis_name_projection.py,TestNameProjectionAdapterProducesConsumableInput.test_staged_input_is_consumed_by_unmodified_step1_step2_and_forms_a_bundle,method,348,369,TestNameProjectionAdapterProducesConsumableInput,,"self, tmp_path",,,false,,22,10,
tests/test_bundle_analysis_name_projection.py,TestNameProjectionAdapterProducesConsumableInput.test_staging_is_deterministic,method,371,379,TestNameProjectionAdapterProducesConsumableInput,,"self, tmp_path",,,false,,9,3,
tests/test_bundle_analysis_name_projection.py,TestBundleProvenance,class,382,425,<module>,,,,,false,,44,1,"_run_pipeline,test_every_bundle_declares_comparison_target_and_coverage_class,test_excluded_domains_stated_explicitly_in_readme_and_coverage_csv,test_determinism_of_provenance_output"
tests/test_bundle_analysis_name_projection.py,TestBundleProvenance._run_pipeline,method,383,390,TestBundleProvenance,,"self, tmp_path: Path",,,false,,8,1,
tests/test_bundle_analysis_name_projection.py,TestBundleProvenance.test_every_bundle_declares_comparison_target_and_coverage_class,method,392,404,TestBundleProvenance,,"self, tmp_path",,,false,,13,8,
tests/test_bundle_analysis_name_projection.py,TestBundleProvenance.test_excluded_domains_stated_explicitly_in_readme_and_coverage_csv,method,406,417,TestBundleProvenance,,"self, tmp_path",,,false,,12,7,
tests/test_bundle_analysis_name_projection.py,TestBundleProvenance.test_determinism_of_provenance_output,method,419,425,TestBundleProvenance,,"self, tmp_path",,,false,,7,2,
tests/test_bundle_analysis_name_projection.py,TestRunBundleAnalysisForTargetResolvesDetailsOnlyIdsFromMetadataFile,class,428,484,<module>,,,,,true,"PR #390 review, fourth round: run_bundle_analysis_for_target() must supply",57,1,"test_metadata_file_resolves_details_only_export_correctly,test_without_metadata_file_still_falls_back_to_blind_normalize"
tests/test_bundle_analysis_name_projection.py,TestRunBundleAnalysisForTargetResolvesDetailsOnlyIdsFromMetadataFile.test_metadata_file_resolves_details_only_export_correctly,method,433,461,TestRunBundleAnalysisForTargetResolvesDetailsOnlyIdsFromMetadataFile,,"self, tmp_path",,,false,,29,3,
tests/test_bundle_analysis_name_projection.py,TestRunBundleAnalysisForTargetResolvesDetailsOnlyIdsFromMetadataFile.test_without_metadata_file_still_falls_back_to_blind_normalize,method,463,484,TestRunBundleAnalysisForTargetResolvesDetailsOnlyIdsFromMetadataFile,,"self, tmp_path",,,false,,22,3,
tests/test_bundle_analysis_name_projection.py,TestNameAllOutputLocation,class,487,562,<module>,,,,,true,PR3 BI-output-compatibility follow-up: the name leg's BI-facing output must land at,76,1,"_run,test_name_all_is_flat_single_segment_under_out_dir,test_provenance_and_coverage_and_readme_relocated_alongside_bundle_output,test_staging_input_remains_under_internal_name_dir_not_relocated,test_rerun_against_same_out_dir_self_clears_stale_name_all,test_config_target_output_untouched_by_relocation"
tests/test_bundle_analysis_name_projection.py,TestNameAllOutputLocation._run,method,494,505,TestNameAllOutputLocation,,"self, tmp_path: Path",,Path,false,,12,1,
tests/test_bundle_analysis_name_projection.py,TestNameAllOutputLocation.test_name_all_is_flat_single_segment_under_out_dir,method,507,512,TestNameAllOutputLocation,,"self, tmp_path",,,false,,6,3,
tests/test_bundle_analysis_name_projection.py,TestNameAllOutputLocation.test_provenance_and_coverage_and_readme_relocated_alongside_bundle_output,method,514,519,TestNameAllOutputLocation,,"self, tmp_path",,,false,,6,5,
tests/test_bundle_analysis_name_projection.py,TestNameAllOutputLocation.test_staging_input_remains_under_internal_name_dir_not_relocated,method,521,524,TestNameAllOutputLocation,,"self, tmp_path",,,false,,4,3,
tests/test_bundle_analysis_name_projection.py,TestNameAllOutputLocation.test_rerun_against_same_out_dir_self_clears_stale_name_all,method,526,547,TestNameAllOutputLocation,,"self, tmp_path",,,false,,22,3,
tests/test_bundle_analysis_name_projection.py,TestNameAllOutputLocation.test_config_target_output_untouched_by_relocation,method,549,562,TestNameAllOutputLocation,,"self, tmp_path",,,false,,14,3,
tests/test_bundle_analysis_name_projection.py,TestStaleNameAllClearedBeforeRegenerationEvenOnFailure,class,565,638,<module>,,,,,true,Regression scenario: a failure during staging/mining/,74,1,"test_stale_name_all_removed_even_when_mining_raises,test_stale_name_all_removed_even_when_staging_raises,test_successful_run_still_repopulates_name_all_normally"
tests/test_bundle_analysis_name_projection.py,TestStaleNameAllClearedBeforeRegenerationEvenOnFailure.test_stale_name_all_removed_even_when_mining_raises,method,573,597,TestStaleNameAllClearedBeforeRegenerationEvenOnFailure,,"self, tmp_path, monkeypatch",,,false,,25,3,_raises
tests/test_bundle_analysis_name_projection.py,TestStaleNameAllClearedBeforeRegenerationEvenOnFailure.test_stale_name_all_removed_even_when_mining_raises._raises,nested_function,582,583,TestStaleNameAllClearedBeforeRegenerationEvenOnFailure.test_stale_name_all_removed_even_when_mining_raises,,**kwargs,,,false,,2,1,
tests/test_bundle_analysis_name_projection.py,TestStaleNameAllClearedBeforeRegenerationEvenOnFailure.test_stale_name_all_removed_even_when_staging_raises,method,599,622,TestStaleNameAllClearedBeforeRegenerationEvenOnFailure,,"self, tmp_path, monkeypatch",,,false,,24,3,_raises
tests/test_bundle_analysis_name_projection.py,TestStaleNameAllClearedBeforeRegenerationEvenOnFailure.test_stale_name_all_removed_even_when_staging_raises._raises,nested_function,607,608,TestStaleNameAllClearedBeforeRegenerationEvenOnFailure.test_stale_name_all_removed_even_when_staging_raises,,**kwargs,,,false,,2,1,
tests/test_bundle_analysis_name_projection.py,TestStaleNameAllClearedBeforeRegenerationEvenOnFailure.test_successful_run_still_repopulates_name_all_normally,method,624,638,TestStaleNameAllClearedBeforeRegenerationEvenOnFailure,,"self, tmp_path",,,false,,15,3,
tests/test_bundle_analysis_name_projection.py,TestAnnotateNameTargetCombinedFiles,class,641,716,<module>,,,,,true,PR3 BI-output-compatibility follow-up's 'Column-shape constraint': every,76,1,"test_adds_three_columns_after_existing_header_and_looks_up_coverage_class,test_missing_files_are_skipped_without_error,test_idempotent_second_call_leaves_already_annotated_file_unchanged,test_excluded_domain_row_still_annotated_with_its_own_coverage_class,test_covers_all_ten_bi_merge_filenames"
tests/test_bundle_analysis_name_projection.py,TestAnnotateNameTargetCombinedFiles.test_adds_three_columns_after_existing_header_and_looks_up_coverage_class,method,647,675,TestAnnotateNameTargetCombinedFiles,,"self, tmp_path",,,false,,29,11,
tests/test_bundle_analysis_name_projection.py,TestAnnotateNameTargetCombinedFiles.test_missing_files_are_skipped_without_error,method,677,681,TestAnnotateNameTargetCombinedFiles,,"self, tmp_path",,,false,,5,2,
tests/test_bundle_analysis_name_projection.py,TestAnnotateNameTargetCombinedFiles.test_idempotent_second_call_leaves_already_annotated_file_unchanged,method,683,697,TestAnnotateNameTargetCombinedFiles,,"self, tmp_path",,,false,,15,4,
tests/test_bundle_analysis_name_projection.py,TestAnnotateNameTargetCombinedFiles.test_excluded_domain_row_still_annotated_with_its_own_coverage_class,method,699,708,TestAnnotateNameTargetCombinedFiles,,"self, tmp_path",,,false,,10,2,
tests/test_bundle_analysis_name_projection.py,TestAnnotateNameTargetCombinedFiles.test_covers_all_ten_bi_merge_filenames,method,710,716,TestAnnotateNameTargetCombinedFiles,,self,,,false,,7,2,
tests/test_bundle_analysis_name_projection.py,TestRetryFsOp,class,719,766,<module>,,,,,true,"A cloud-synced segments root (OneDrive, etc.) can transiently lock a file/folder",48,1,"test_succeeds_on_first_try_without_retry,test_recovers_after_transient_failures,test_reraises_after_exhausting_attempts,test_passes_through_positional_args,test_non_os_error_is_not_retried"
tests/test_bundle_analysis_name_projection.py,TestRetryFsOp.test_succeeds_on_first_try_without_retry,method,727,730,TestRetryFsOp,,self,,,false,,4,2,
tests/test_bundle_analysis_name_projection.py,TestRetryFsOp.test_recovers_after_transient_failures,method,732,742,TestRetryFsOp,,self,,,false,,11,2,flaky
tests/test_bundle_analysis_name_projection.py,TestRetryFsOp.test_recovers_after_transient_failures.flaky,nested_function,735,739,TestRetryFsOp.test_recovers_after_transient_failures,,,,,false,,5,2,
tests/test_bundle_analysis_name_projection.py,TestRetryFsOp.test_reraises_after_exhausting_attempts,method,744,749,TestRetryFsOp,,self,,,false,,6,2,always_fails
tests/test_bundle_analysis_name_projection.py,TestRetryFsOp.test_reraises_after_exhausting_attempts.always_fails,nested_function,745,746,TestRetryFsOp.test_reraises_after_exhausting_attempts,,,,,false,,2,1,
tests/test_bundle_analysis_name_projection.py,TestRetryFsOp.test_passes_through_positional_args,method,751,755,TestRetryFsOp,,"self, tmp_path",,,false,,5,2,
tests/test_bundle_analysis_name_projection.py,TestRetryFsOp.test_non_os_error_is_not_retried,method,757,766,TestRetryFsOp,,self,,,false,,10,3,raises_value_error
tests/test_bundle_analysis_name_projection.py,TestRetryFsOp.test_non_os_error_is_not_retried.raises_value_error,nested_function,760,762,TestRetryFsOp.test_non_os_error_is_not_retried,,,,,false,,3,1,
tests/test_bundle_pattern_classification_roles.py,<module>,module,1,76,,,,,,false,,76,1,"_write_csv,test_emit_stub_classifies_root_to_leaf_patterns_as_differentiating"
tests/test_bundle_pattern_classification_roles.py,_write_csv,function,9,14,<module>,,"path: Path, fieldnames: list[str], rows: list[dict[str, str]]",,None,false,,6,2,
tests/test_bundle_pattern_classification_roles.py,test_emit_stub_classifies_root_to_leaf_patterns_as_differentiating,function,17,76,<module>,,tmp_path: Path,,None,false,,60,6,
tests/test_canonical_items_migration.py,<module>,module,1,84,,,,,,false,,84,1,"test_merge_legacy_buckets_to_flat_items_equivalence_and_dedupe,test_build_flat_items_preserves_counts_for_unique_keys,test_merge_legacy_buckets_preserves_existing_canonical_items,test_compile_and_resolve_roles_runtime_from_key_only,test_compile_role_policy_skips_scalar_string_for_role_keys,test_compile_role_policy_accepts_top_level_domains_wrapper"
tests/test_canonical_items_migration.py,test_merge_legacy_buckets_to_flat_items_equivalence_and_dedupe,function,9,19,<module>,,,,,false,,11,6,
tests/test_canonical_items_migration.py,test_build_flat_items_preserves_counts_for_unique_keys,function,22,26,<module>,,,,,false,,5,2,
tests/test_canonical_items_migration.py,test_merge_legacy_buckets_preserves_existing_canonical_items,function,29,34,<module>,,,,,false,,6,2,
tests/test_canonical_items_migration.py,test_compile_and_resolve_roles_runtime_from_key_only,function,37,57,<module>,,,,,false,,21,8,
tests/test_canonical_items_migration.py,test_compile_role_policy_skips_scalar_string_for_role_keys,function,60,70,<module>,,,,,false,,11,4,
tests/test_canonical_items_migration.py,test_compile_role_policy_accepts_top_level_domains_wrapper,function,73,84,<module>,,,,,false,,12,3,
tests/test_collect.py,<module>,module,1,260,,,,,,true,"Tests for core/collect.py — collection context, caching, and element filtering.",260,1,"TestCollectCtx,TestIsInvalidElementId,TestSafeUniqueId,TestMakeQueryKey,TestCollectIdIntsNoRevit,test_build_purgeable_id_set_ok,test_build_purgeable_id_set_failure,test_build_purgeable_id_set_uses_cache"
tests/test_collect.py,TestCollectCtx,class,18,46,<module>,,,,,false,,29,1,"test_inc_initializes_counter,test_inc_accumulates,test_inc_multiple_keys,test_inc_coerces_to_int,test_default_fields"
tests/test_collect.py,TestCollectCtx.test_inc_initializes_counter,method,19,22,TestCollectCtx,,self,,,false,,4,2,
tests/test_collect.py,TestCollectCtx.test_inc_accumulates,method,24,28,TestCollectCtx,,self,,,false,,5,2,
tests/test_collect.py,TestCollectCtx.test_inc_multiple_keys,method,30,34,TestCollectCtx,,self,,,false,,5,2,
tests/test_collect.py,TestCollectCtx.test_inc_coerces_to_int,method,36,40,TestCollectCtx,,self,,,false,,5,2,
tests/test_collect.py,TestCollectCtx.test_default_fields,method,42,46,TestCollectCtx,,self,,,false,,5,4,
tests/test_collect.py,TestIsInvalidElementId,class,53,90,<module>,,,,,false,,38,1,"test_none_is_invalid,test_object_without_integer_value_is_invalid,test_negative_integer_value_is_invalid,test_zero_is_invalid,test_positive_integer_value_is_valid,test_large_positive_is_valid,test_integer_value_none_is_invalid"
tests/test_collect.py,TestIsInvalidElementId.test_none_is_invalid,method,54,55,TestIsInvalidElementId,,self,,,false,,2,2,
tests/test_collect.py,TestIsInvalidElementId.test_object_without_integer_value_is_invalid,method,57,59,TestIsInvalidElementId,,self,,,true,An object with no IntegerValue attribute is treated as invalid.,3,2,
tests/test_collect.py,TestIsInvalidElementId.test_negative_integer_value_is_invalid,method,61,64,TestIsInvalidElementId,,self,,,false,,4,2,FakeId
tests/test_collect.py,TestIsInvalidElementId.test_negative_integer_value_is_invalid.FakeId,class,62,63,TestIsInvalidElementId.test_negative_integer_value_is_invalid,,,,,false,,2,1,
tests/test_collect.py,TestIsInvalidElementId.test_zero_is_invalid,method,66,75,TestIsInvalidElementId,,self,,,true,Zero IntegerValue should be invalid (Revit InvalidElementId).,10,2,FakeId
tests/test_collect.py,TestIsInvalidElementId.test_zero_is_invalid.FakeId,class,68,69,TestIsInvalidElementId.test_zero_is_invalid,,,,,false,,2,1,
tests/test_collect.py,TestIsInvalidElementId.test_positive_integer_value_is_valid,method,77,80,TestIsInvalidElementId,,self,,,false,,4,2,FakeId
tests/test_collect.py,TestIsInvalidElementId.test_positive_integer_value_is_valid.FakeId,class,78,79,TestIsInvalidElementId.test_positive_integer_value_is_valid,,,,,false,,2,1,
tests/test_collect.py,TestIsInvalidElementId.test_large_positive_is_valid,method,82,85,TestIsInvalidElementId,,self,,,false,,4,2,FakeId
tests/test_collect.py,TestIsInvalidElementId.test_large_positive_is_valid.FakeId,class,83,84,TestIsInvalidElementId.test_large_positive_is_valid,,,,,false,,2,1,
tests/test_collect.py,TestIsInvalidElementId.test_integer_value_none_is_invalid,method,87,90,TestIsInvalidElementId,,self,,,false,,4,2,FakeId
tests/test_collect.py,TestIsInvalidElementId.test_integer_value_none_is_invalid.FakeId,class,88,89,TestIsInvalidElementId.test_integer_value_none_is_invalid,,,,,false,,2,1,
tests/test_collect.py,TestSafeUniqueId,class,97,127,<module>,,,,,false,,31,1,"test_none_object,test_no_unique_id_attr,test_unique_id_none,test_unique_id_empty,test_unique_id_whitespace,test_unique_id_valid,test_unique_id_coerced_to_str"
tests/test_collect.py,TestSafeUniqueId.test_none_object,method,98,99,TestSafeUniqueId,,self,,,false,,2,2,
tests/test_collect.py,TestSafeUniqueId.test_no_unique_id_attr,method,101,102,TestSafeUniqueId,,self,,,false,,2,2,
tests/test_collect.py,TestSafeUniqueId.test_unique_id_none,method,104,107,TestSafeUniqueId,,self,,,false,,4,2,Fake
tests/test_collect.py,TestSafeUniqueId.test_unique_id_none.Fake,class,105,106,TestSafeUniqueId.test_unique_id_none,,,,,false,,2,1,
tests/test_collect.py,TestSafeUniqueId.test_unique_id_empty,method,109,112,TestSafeUniqueId,,self,,,false,,4,2,Fake
tests/test_collect.py,TestSafeUniqueId.test_unique_id_empty.Fake,class,110,111,TestSafeUniqueId.test_unique_id_empty,,,,,false,,2,1,
tests/test_collect.py,TestSafeUniqueId.test_unique_id_whitespace,method,114,117,TestSafeUniqueId,,self,,,false,,4,2,Fake
tests/test_collect.py,TestSafeUniqueId.test_unique_id_whitespace.Fake,class,115,116,TestSafeUniqueId.test_unique_id_whitespace,,,,,false,,2,1,
tests/test_collect.py,TestSafeUniqueId.test_unique_id_valid,method,119,122,TestSafeUniqueId,,self,,,false,,4,2,Fake
tests/test_collect.py,TestSafeUniqueId.test_unique_id_valid.Fake,class,120,121,TestSafeUniqueId.test_unique_id_valid,,,,,false,,2,1,
tests/test_collect.py,TestSafeUniqueId.test_unique_id_coerced_to_str,method,124,127,TestSafeUniqueId,,self,,,false,,4,2,Fake
tests/test_collect.py,TestSafeUniqueId.test_unique_id_coerced_to_str.Fake,class,125,126,TestSafeUniqueId.test_unique_id_coerced_to_str,,,,,false,,2,1,
tests/test_collect.py,TestMakeQueryKey,class,134,180,<module>,,,,,false,,47,1,"test_basic_key,test_class_name_extracted,test_category_as_int,test_where_key_included,test_same_inputs_same_key"
tests/test_collect.py,TestMakeQueryKey.test_basic_key,method,135,143,TestMakeQueryKey,,self,,,false,,9,2,
tests/test_collect.py,TestMakeQueryKey.test_class_name_extracted,method,145,155,TestMakeQueryKey,,self,,,false,,11,2,FakeClass
tests/test_collect.py,TestMakeQueryKey.test_class_name_extracted.FakeClass,class,146,147,TestMakeQueryKey.test_class_name_extracted,,,,,false,,2,1,
tests/test_collect.py,TestMakeQueryKey.test_category_as_int,method,157,165,TestMakeQueryKey,,self,,,false,,9,2,
tests/test_collect.py,TestMakeQueryKey.test_where_key_included,method,167,175,TestMakeQueryKey,,self,,,false,,9,2,
tests/test_collect.py,TestMakeQueryKey.test_same_inputs_same_key,method,177,180,TestMakeQueryKey,,self,,,true,Determinism: same inputs must produce the same key.,4,2,
tests/test_collect.py,TestCollectIdIntsNoRevit,class,187,209,<module>,,,,,false,,23,1,"test_no_revit_raises,test_none_doc_raises,test_cache_bypass_for_unkeyed_predicate"
tests/test_collect.py,TestCollectIdIntsNoRevit.test_no_revit_raises,method,188,191,TestCollectIdIntsNoRevit,,self,,,true,"Without Revit API, collect_id_ints should raise RuntimeError.",4,2,
tests/test_collect.py,TestCollectIdIntsNoRevit.test_none_doc_raises,method,193,197,TestCollectIdIntsNoRevit,,self,,,true,None doc should raise ValueError (after Revit check).,5,2,
tests/test_collect.py,TestCollectIdIntsNoRevit.test_cache_bypass_for_unkeyed_predicate,method,199,209,TestCollectIdIntsNoRevit,,self,,,true,"When where is provided without where_key, cache should be bypassed.",11,3,
tests/test_collect.py,test_build_purgeable_id_set_ok,function,211,227,<module>,,,,,false,,17,5,"FakeId,FakeDoc"
tests/test_collect.py,test_build_purgeable_id_set_ok.FakeId,class,215,216,test_build_purgeable_id_set_ok,,,,,false,,2,1,__init__
tests/test_collect.py,test_build_purgeable_id_set_ok.FakeId.__init__,method,216,216,test_build_purgeable_id_set_ok.FakeId,,"self, v",,,false,,1,1,
tests/test_collect.py,test_build_purgeable_id_set_ok.FakeDoc,class,218,220,test_build_purgeable_id_set_ok,,,,,false,,3,1,GetUnusedElements
tests/test_collect.py,test_build_purgeable_id_set_ok.FakeDoc.GetUnusedElements,method,219,220,test_build_purgeable_id_set_ok.FakeDoc,,"self, categories",,,false,,2,1,
tests/test_collect.py,test_build_purgeable_id_set_failure,function,230,243,<module>,,,,,false,,14,5,BadDoc
tests/test_collect.py,test_build_purgeable_id_set_failure.BadDoc,class,234,236,test_build_purgeable_id_set_failure,,,,,false,,3,1,GetUnusedElements
tests/test_collect.py,test_build_purgeable_id_set_failure.BadDoc.GetUnusedElements,method,235,236,test_build_purgeable_id_set_failure.BadDoc,,"self, categories",,,false,,2,1,
tests/test_collect.py,test_build_purgeable_id_set_uses_cache,function,246,260,<module>,,,,,false,,15,4,TrackingDoc
tests/test_collect.py,test_build_purgeable_id_set_uses_cache.TrackingDoc,class,251,254,test_build_purgeable_id_set_uses_cache,,,,,false,,4,1,GetUnusedElements
tests/test_collect.py,test_build_purgeable_id_set_uses_cache.TrackingDoc.GetUnusedElements,method,252,254,test_build_purgeable_id_set_uses_cache.TrackingDoc,,"self, categories",,,false,,3,1,
tests/test_compare_cross_segment_cardinality.py,<module>,module,1,583,,,,,,true,Tests for explicit cardinality/status and aggregation-method semantics in,583,1,"_write_csv,_write_segment,_manifest_entry,_registry_entry,_clear_caches,test_one_by_one_comparison_is_ok_and_populates_union_and_pairwise,test_one_by_twenty_comparison_is_degraded_single_a,test_three_by_twenty_comparison_n_pairs_not_used_for_status,test_union_metrics_stable_pairwise_mean_shifts_under_duplication,test_directed_reference_heterogeneity_core_share_below_one,test_directed_single_file_reference_produces_normal_output,test_zero_files_on_either_side_is_blocked_not_zero_valued,test_empty_domain_and_unreadable_segment_get_different_inventory_status,test_union_containment_does_not_track_file_count_ratio_like_pairwise_mean,test_single_file_side_is_never_blocked,test_pooled_comparison_schedules_pool_only_domain_for_empty_focal,test_pooled_comparison_skips_when_lineage_filtering_empties_the_pool,test_blocked_row_preserves_populated_side_bundle_availability,test_pooled_blocked_row_preserves_pool_bundle_availability"
tests/test_compare_cross_segment_cardinality.py,_write_csv,function,34,40,<module>,,"path: Path, rows",,,false,,7,2,
tests/test_compare_cross_segment_cardinality.py,_write_segment,function,43,60,<module>,,"seg_root: Path, folder: str, domain: str, files",,,true,"files: {export_run_id: [join_hash, ...]} -- writes domain_patterns.csv",18,3,
tests/test_compare_cross_segment_cardinality.py,_manifest_entry,function,63,67,<module>,,"role = 'Project', client = 'Acme', bc = '', unit = 'imperial'",,,false,,5,1,
tests/test_compare_cross_segment_cardinality.py,_registry_entry,function,70,71,<module>,,folder,,,false,,2,1,
tests/test_compare_cross_segment_cardinality.py,_clear_caches,function,74,77,<module>,,,,,false,,4,1,
tests/test_compare_cross_segment_cardinality.py,test_one_by_one_comparison_is_ok_and_populates_union_and_pairwise,function,84,105,<module>,,tmp_path,,,false,,22,9,
tests/test_compare_cross_segment_cardinality.py,test_one_by_twenty_comparison_is_degraded_single_a,function,112,134,<module>,,tmp_path,,,false,,23,11,
tests/test_compare_cross_segment_cardinality.py,test_three_by_twenty_comparison_n_pairs_not_used_for_status,function,141,161,<module>,,tmp_path,,,false,,21,6,
tests/test_compare_cross_segment_cardinality.py,test_union_metrics_stable_pairwise_mean_shifts_under_duplication,function,168,209,<module>,,tmp_path,,,false,,42,7,
tests/test_compare_cross_segment_cardinality.py,test_directed_reference_heterogeneity_core_share_below_one,function,216,230,<module>,,,,,false,,15,5,
tests/test_compare_cross_segment_cardinality.py,test_directed_single_file_reference_produces_normal_output,function,237,258,<module>,,tmp_path,,,false,,22,7,
tests/test_compare_cross_segment_cardinality.py,test_zero_files_on_either_side_is_blocked_not_zero_valued,function,265,302,<module>,,tmp_path,,,false,,38,12,
tests/test_compare_cross_segment_cardinality.py,test_empty_domain_and_unreadable_segment_get_different_inventory_status,function,309,352,<module>,,tmp_path,,,false,,44,9,
tests/test_compare_cross_segment_cardinality.py,test_union_containment_does_not_track_file_count_ratio_like_pairwise_mean,function,359,392,<module>,,tmp_path,,,true,A client population dominated by one business center (imbalanced file,34,6,
tests/test_compare_cross_segment_cardinality.py,test_single_file_side_is_never_blocked,function,399,414,<module>,,tmp_path,,,false,,16,4,
tests/test_compare_cross_segment_cardinality.py,test_pooled_comparison_schedules_pool_only_domain_for_empty_focal,function,426,461,<module>,,tmp_path,,,false,,36,9,
tests/test_compare_cross_segment_cardinality.py,test_pooled_comparison_skips_when_lineage_filtering_empties_the_pool,function,464,493,<module>,,tmp_path,,,false,,30,2,
tests/test_compare_cross_segment_cardinality.py,test_blocked_row_preserves_populated_side_bundle_availability,function,503,540,<module>,,tmp_path,,,false,,38,7,
tests/test_compare_cross_segment_cardinality.py,test_pooled_blocked_row_preserves_pool_bundle_availability,function,543,583,<module>,,tmp_path,,,false,,41,11,
tests/test_compare_cross_segment_comparison_registry.py,<module>,module,1,229,,,,,,true,Tests for comparison_registry.csv staleness tracking in tools/compare_cross_segment.py.,229,1,"_reg_row,test_comparison_is_stale_when_never_computed,test_comparison_not_stale_when_both_sides_unchanged,test_comparison_stale_when_reference_side_population_changed,test_comparison_stale_when_target_side_population_changed,test_comparison_stale_when_forced_rerun_changes_last_run_utc_without_population_change,test_comparison_staleness_is_isolated_per_domain,test_build_comparison_registry_rows_stamps_completed_work_items,test_build_comparison_registry_rows_is_a_full_snapshot_no_carryover,test_build_comparison_registry_rows_domain_scoped_run_omits_other_domains,test_build_comparison_registry_rows_omits_work_items_with_no_output,test_build_comparison_registry_rows_omits_pair_when_reference_segment_is_pending,test_build_comparison_registry_rows_omits_pair_when_target_segment_is_failed,test_build_comparison_registry_rows_stamps_when_both_sides_complete,test_load_comparison_registry_roundtrip,test_load_comparison_registry_missing_file_returns_empty"
tests/test_compare_cross_segment_comparison_registry.py,_reg_row,function,21,27,<module>,,"population_hash = 'h1', last_run_utc = '2026-01-01T00:00:00Z', conformance_reference_mode = 'latest', status = 'complete'",,,false,,7,1,
tests/test_compare_cross_segment_comparison_registry.py,test_comparison_is_stale_when_never_computed,function,30,32,<module>,,,,,false,,3,2,
tests/test_compare_cross_segment_comparison_registry.py,test_comparison_not_stale_when_both_sides_unchanged,function,35,43,<module>,,,,,false,,9,2,
tests/test_compare_cross_segment_comparison_registry.py,test_comparison_stale_when_reference_side_population_changed,function,46,58,<module>,,,,,false,,13,2,
tests/test_compare_cross_segment_comparison_registry.py,test_comparison_stale_when_target_side_population_changed,function,61,69,<module>,,,,,false,,9,2,
tests/test_compare_cross_segment_comparison_registry.py,test_comparison_stale_when_forced_rerun_changes_last_run_utc_without_population_change,function,72,82,<module>,,,,,false,,11,2,
tests/test_compare_cross_segment_comparison_registry.py,test_comparison_staleness_is_isolated_per_domain,function,85,96,<module>,,,,,false,,12,3,
tests/test_compare_cross_segment_comparison_registry.py,test_build_comparison_registry_rows_stamps_completed_work_items,function,99,114,<module>,,,,,false,,16,9,
tests/test_compare_cross_segment_comparison_registry.py,test_build_comparison_registry_rows_is_a_full_snapshot_no_carryover,function,117,129,<module>,,,,,false,,13,3,
tests/test_compare_cross_segment_comparison_registry.py,test_build_comparison_registry_rows_domain_scoped_run_omits_other_domains,function,132,158,<module>,,,,,false,,27,5,
tests/test_compare_cross_segment_comparison_registry.py,test_build_comparison_registry_rows_omits_work_items_with_no_output,function,161,171,<module>,,,,,false,,11,2,
tests/test_compare_cross_segment_comparison_registry.py,test_build_comparison_registry_rows_omits_pair_when_reference_segment_is_pending,function,174,190,<module>,,,,,false,,17,2,
tests/test_compare_cross_segment_comparison_registry.py,test_build_comparison_registry_rows_omits_pair_when_target_segment_is_failed,function,193,200,<module>,,,,,false,,8,2,
tests/test_compare_cross_segment_comparison_registry.py,test_build_comparison_registry_rows_stamps_when_both_sides_complete,function,203,210,<module>,,,,,false,,8,2,
tests/test_compare_cross_segment_comparison_registry.py,test_load_comparison_registry_roundtrip,function,213,225,<module>,,tmp_path,,,false,,13,3,
tests/test_compare_cross_segment_comparison_registry.py,test_load_comparison_registry_missing_file_returns_empty,function,228,229,<module>,,tmp_path,,,false,,2,2,
tests/test_compare_cross_segment_cross_client.py,<module>,module,1,623,,,,,,true,Tests for discover_cross_client() / _is_client_only_project_segment() in,623,1,"_summary_row,_seg,test_is_client_only_project_segment_true_for_bare_client_scope,test_is_client_only_project_segment_false_for_non_project_role,test_is_client_only_project_segment_false_when_client_blank,test_is_client_only_project_segment_true_when_further_scoped_by_discipline,test_is_client_only_project_segment_false_when_further_scoped_by_bc,test_is_client_only_project_segment_false_when_further_scoped_by_collection,test_discover_cross_client_pairs_distinct_clients_same_unit,test_discover_cross_client_no_pair_across_different_unit_systems,test_discover_cross_client_discipline_scoped_segment_does_not_mix_with_broader_grain,test_discover_cross_client_matching_discipline_peers_do_pair,test_discover_cross_client_discipline_mismatch_produces_no_pair,test_discover_cross_client_excludes_non_project_roles,test_discover_cross_client_excludes_registration_only_segments,test_discover_cross_client_three_clients_produces_all_pairs,test_discover_cross_client_no_self_pair_or_reverse_duplicate,test_drops_sibling_projects_when_same_pair_covered_by_cross_client,test_drop_legacy_sibling_projects_is_order_independent,test_drop_legacy_sibling_projects_leaves_uncovered_pairs_untouched,test_drop_legacy_sibling_projects_leaves_other_types_untouched,test_drop_legacy_sibling_projects_noop_when_no_cross_client_rows,test_segment_filter_before_drop_preserves_reversed_orientation_pair,test_drops_sibling_templates_when_same_pair_covered_by_bc_to_bc,test_drops_sibling_containers_when_same_pair_covered_by_bc_to_bc,test_drops_sibling_projects_when_same_pair_covered_by_client_cross_bc,test_drop_leaves_sibling_generic_and_sibling_segments_untouched_when_uncovered,test_redundant_child_segment_id_extracts_pointer,test_redundant_child_segment_id_survives_pipe_in_segment_id_and_prior_notes,test_redundant_child_segment_id_none_when_no_marker,test_resolve_runnable_segment_returns_self_when_already_eligible,test_resolve_runnable_segment_follows_single_hop,test_resolve_runnable_segment_follows_multi_hop_chain,test_resolve_runnable_segment_none_when_chain_dead_ends,test_resolve_runnable_segment_none_when_no_pointer_and_ineligible,test_resolve_runnable_segment_guards_against_cycle,test_discover_cross_client_rescues_single_bc_client_via_redundant_pointer,test_discover_cross_client_no_rescue_when_pointed_to_child_also_ineligible,test_discover_sibling_segments_rescues_single_bc_client_under_shared_parent,test_discover_parent_siblings_rescues_single_bc_template_rollup,test_discover_parent_siblings_does_not_misclassify_blank_role_rollup,test_discover_cross_client_rescued_pair_reports_original_blank_scope,test_discover_cross_client_override_does_not_leak_into_other_comparison_types,test_discover_cross_client_no_override_when_no_resolution_needed,test_discover_sibling_segments_rescued_pair_reports_original_scope,test_discover_parent_siblings_rescued_pair_reports_resolved_descendants_true_scope"
tests/test_compare_cross_segment_cross_client.py,_summary_row,function,37,49,<module>,,"seg_a, seg_b, ctype, manifest",,,true,Thin wrapper over _build_summary_row() supplying the required,13,1,
tests/test_compare_cross_segment_cross_client.py,_seg,function,52,75,<module>,,"role, client = '', unit = 'imperial', discipline = '', bc = '', collection = '', run_type = 'bundle', notes = '', parent = '', segment_level = ''",,,false,,24,1,
tests/test_compare_cross_segment_cross_client.py,test_is_client_only_project_segment_true_for_bare_client_scope,function,82,83,<module>,,,,,false,,2,2,
tests/test_compare_cross_segment_cross_client.py,test_is_client_only_project_segment_false_for_non_project_role,function,86,87,<module>,,,,,false,,2,2,
tests/test_compare_cross_segment_cross_client.py,test_is_client_only_project_segment_false_when_client_blank,function,90,92,<module>,,,,,false,,3,3,
tests/test_compare_cross_segment_cross_client.py,test_is_client_only_project_segment_true_when_further_scoped_by_discipline,function,95,101,<module>,,,,,true,"discipline_label is a grouping dimension for discover_cross_client(),",7,2,
tests/test_compare_cross_segment_cross_client.py,test_is_client_only_project_segment_false_when_further_scoped_by_bc,function,104,107,<module>,,,,,false,,4,2,
tests/test_compare_cross_segment_cross_client.py,test_is_client_only_project_segment_false_when_further_scoped_by_collection,function,110,113,<module>,,,,,false,,4,2,
tests/test_compare_cross_segment_cross_client.py,test_discover_cross_client_pairs_distinct_clients_same_unit,function,120,127,<module>,,,,,false,,8,3,
tests/test_compare_cross_segment_cross_client.py,test_discover_cross_client_no_pair_across_different_unit_systems,function,130,135,<module>,,,,,false,,6,2,
tests/test_compare_cross_segment_cross_client.py,test_discover_cross_client_discipline_scoped_segment_does_not_mix_with_broader_grain,function,138,150,<module>,,,,,true,A client's discipline-scoped Project child is its own distinct,13,4,
tests/test_compare_cross_segment_cross_client.py,test_discover_cross_client_matching_discipline_peers_do_pair,function,153,163,<module>,,,,,true,Two clients each with the SAME discipline-scoped Project population,11,3,
tests/test_compare_cross_segment_cross_client.py,test_discover_cross_client_discipline_mismatch_produces_no_pair,function,166,173,<module>,,,,,true,Matching unit_system alone is not sufficient -- differing,8,2,
tests/test_compare_cross_segment_cross_client.py,test_discover_cross_client_excludes_non_project_roles,function,176,181,<module>,,,,,false,,6,2,
tests/test_compare_cross_segment_cross_client.py,test_discover_cross_client_excludes_registration_only_segments,function,184,189,<module>,,,,,false,,6,2,
tests/test_compare_cross_segment_cross_client.py,test_discover_cross_client_three_clients_produces_all_pairs,function,192,199,<module>,,,,,false,,8,4,
tests/test_compare_cross_segment_cross_client.py,test_discover_cross_client_no_self_pair_or_reverse_duplicate,function,202,209,<module>,,,,,false,,8,3,
tests/test_compare_cross_segment_cross_client.py,test_drops_sibling_projects_when_same_pair_covered_by_cross_client,function,216,228,<module>,,,,,true,Regression for a Codex review finding on PR #370: when,13,2,
tests/test_compare_cross_segment_cross_client.py,test_drop_legacy_sibling_projects_is_order_independent,function,231,237,<module>,,,,,false,,7,2,
tests/test_compare_cross_segment_cross_client.py,test_drop_legacy_sibling_projects_leaves_uncovered_pairs_untouched,function,240,251,<module>,,,,,true,A sibling_projects pair with no matching cross_client entry (e.g. two,12,4,
tests/test_compare_cross_segment_cross_client.py,test_drop_legacy_sibling_projects_leaves_other_types_untouched,function,254,263,<module>,,,,,true,Only sibling_projects is special-cased against cross_client -- other,10,2,
tests/test_compare_cross_segment_cross_client.py,test_drop_legacy_sibling_projects_noop_when_no_cross_client_rows,function,266,268,<module>,,,,,false,,3,2,
tests/test_compare_cross_segment_cross_client.py,test_segment_filter_before_drop_preserves_reversed_orientation_pair,function,271,307,<module>,,,,,true,Regression for a fifth Codex review finding on PR #370: main() must,37,6,
tests/test_compare_cross_segment_cross_client.py,test_drops_sibling_templates_when_same_pair_covered_by_bc_to_bc,function,310,322,<module>,,,,,true,Regression for a PR #373 review finding: when two BC-scoped Template,13,2,
tests/test_compare_cross_segment_cross_client.py,test_drops_sibling_containers_when_same_pair_covered_by_bc_to_bc,function,325,331,<module>,,,,,false,,7,2,
tests/test_compare_cross_segment_cross_client.py,test_drops_sibling_projects_when_same_pair_covered_by_client_cross_bc,function,334,345,<module>,,,,,true,Regression for a PR #373 review finding: when client+BC-scoped Project,12,2,
tests/test_compare_cross_segment_cross_client.py,test_drop_leaves_sibling_generic_and_sibling_segments_untouched_when_uncovered,function,348,353,<module>,,,,,false,,6,2,
tests/test_compare_cross_segment_cross_client.py,test_redundant_child_segment_id_extracts_pointer,function,371,374,<module>,,,,,false,,4,2,
tests/test_compare_cross_segment_cross_client.py,test_redundant_child_segment_id_survives_pipe_in_segment_id_and_prior_notes,function,377,383,<module>,,,,,true,"segment_id uses ""|"" as its own separator, and redundant_single_child",7,2,
tests/test_compare_cross_segment_cross_client.py,test_redundant_child_segment_id_none_when_no_marker,function,386,387,<module>,,,,,false,,2,2,
tests/test_compare_cross_segment_cross_client.py,test_resolve_runnable_segment_returns_self_when_already_eligible,function,390,392,<module>,,,,,false,,3,2,
tests/test_compare_cross_segment_cross_client.py,test_resolve_runnable_segment_follows_single_hop,function,395,401,<module>,,,,,false,,7,2,
tests/test_compare_cross_segment_cross_client.py,test_resolve_runnable_segment_follows_multi_hop_chain,function,404,413,<module>,,,,,true,redundant_single_child can chain: a segment can be redundant to a,10,2,
tests/test_compare_cross_segment_cross_client.py,test_resolve_runnable_segment_none_when_chain_dead_ends,function,416,420,<module>,,,,,false,,5,2,
tests/test_compare_cross_segment_cross_client.py,test_resolve_runnable_segment_none_when_no_pointer_and_ineligible,function,423,425,<module>,,,,,false,,3,2,
tests/test_compare_cross_segment_cross_client.py,test_resolve_runnable_segment_guards_against_cycle,function,428,433,<module>,,,,,false,,6,2,
tests/test_compare_cross_segment_cross_client.py,test_discover_cross_client_rescues_single_bc_client_via_redundant_pointer,function,440,452,<module>,,,,,true,"ClientBeta's client-only Project rollup was demoted to ""registration""",13,2,
tests/test_compare_cross_segment_cross_client.py,test_discover_cross_client_no_rescue_when_pointed_to_child_also_ineligible,function,455,462,<module>,,,,,false,,8,2,
tests/test_compare_cross_segment_cross_client.py,test_discover_sibling_segments_rescues_single_bc_client_under_shared_parent,function,469,481,<module>,,,,,false,,13,3,
tests/test_compare_cross_segment_cross_client.py,test_discover_parent_siblings_rescues_single_bc_template_rollup,function,488,498,<module>,,,,,false,,11,2,
tests/test_compare_cross_segment_cross_client.py,test_discover_parent_siblings_does_not_misclassify_blank_role_rollup,function,501,519,<module>,,,,,true,"Regression: a blank-role, client-only rollup (pools every governance_role",19,2,
tests/test_compare_cross_segment_cross_client.py,test_discover_cross_client_rescued_pair_reports_original_blank_scope,function,537,551,<module>,,,,,false,,15,5,
tests/test_compare_cross_segment_cross_client.py,test_discover_cross_client_override_does_not_leak_into_other_comparison_types,function,554,568,<module>,,,,,true,The SAME resolved segment can legitimately appear under its own true,15,2,
tests/test_compare_cross_segment_cross_client.py,test_discover_cross_client_no_override_when_no_resolution_needed,function,571,580,<module>,,,,,true,A client-only segment that was already eligible (never demoted) must,10,3,
tests/test_compare_cross_segment_cross_client.py,test_discover_sibling_segments_rescued_pair_reports_original_scope,function,583,599,<module>,,,,,false,,17,3,
tests/test_compare_cross_segment_cross_client.py,test_discover_parent_siblings_rescued_pair_reports_resolved_descendants_true_scope,function,602,623,<module>,,,,,true,Deliberately the OPPOSITE of cross_client/sibling_projects: no override,22,4,
tests/test_compare_cross_segment_governance.py,<module>,module,1,2213,,,,,,true,Tests for governance semantics in tools/compare_cross_segment.py.,2213,1,"_seg,test_discover_governance_chain_includes_generic_upstream_roles,test_discover_governance_chain_falls_back_to_collection_label_for_na_client,test_discover_governance_chain_prefers_business_center_label_over_collection_label,test_discover_governance_chain_namespaces_business_center_fallback_from_real_client,test_discover_governance_chain_preserves_collection_scope_within_business_center,test_discover_governance_chain_final_fallback_normalizes_na_spelling,test_discover_governance_chain_collection_match_is_soft_for_client_scope,test_discover_governance_chain_rollup_does_not_wildcard_match_specific_collection,test_scope_level_derivation,test_0000_flows_through_as_literal_enterprise_value,test_bc_0000_spelling_variants_canonicalize_to_0000,test_na_spelled_business_center_labels_normalize_to_blank,test_discover_governance_chain_enterprise_to_project_reaches_every_scope,test_discover_governance_chain_bc_to_project_scoped_to_matching_bc_only,test_discover_governance_chain_enterprise_to_bc_and_client_are_same_role_only,test_enterprise_to_bc_and_sibling_template_survive_with_distinct_run_ids,test_make_comparison_run_id_differs_by_comparison_type_for_same_pair_and_timestamp,test_discover_governance_chain_excludes_generic_from_scope_fanout,test_discover_governance_chain_excludes_ancestor_descendant_from_scope_fanout,test_discover_governance_chain_enterprise_to_bc_reaches_every_real_bc,test_discover_governance_chain_bc_to_bc_pairs_every_peer_business_center,test_discover_governance_chain_bc_to_bc_excludes_same_bc_and_enterprise,test_discover_governance_chain_disc_match_has_no_blank_wildcard,test_discover_client_cross_bc_multi_bc_enumeration,test_discover_client_cross_bc_single_bc_produces_no_pairs,test_discover_client_cross_bc_and_bc_to_bc_do_not_reference_collection_label,test_pooled_comparison_bc_scope_pools_across_clients_ignoring_client,test_pooled_comparison_bc_scope_pools_enterprise_0000_segments,test_pooled_comparison_client_scope_pools_across_bcs_ignoring_bc,test_pooled_comparison_excludes_rollup_ancestor_from_bc_pool,test_project_target_governance_state_uses_target_used,test_standards_carrier_target_avoids_passive_bloat_label,_write_csv,_write_segment,_write_reference_analysis_segment,test_reference_analysis_segment_discovers_domains_without_bundle_outputs,test_reference_analysis_segment_loads_all_view_from_domain_patterns,test_reference_analysis_segment_groups_fallback_by_export_run_id_column,test_reference_analysis_segment_uses_presence_for_multi_file_fallback,test_build_governance_state_rows_include_inherited_unused_and_local_active,test_pair_domain_work_items_use_pair_domain_union,test_output_row_sort_helpers_are_stable_by_content,test_non_project_target_blanks_used_summary_shares,test_main_emits_governance_states_when_pair_skipped_by_min_patterns,test_main_skips_delta_generation_for_blocked_reference,_union_rows_for,test_union_inventory_project_all_view_normalized_union,test_union_inventory_project_used_view_normalized_union,test_union_inventory_non_project_used_view_not_active_usage,test_union_inventory_duplicate_join_hash_collapses_counts,test_union_inventory_pattern_id_not_cross_segment_identity,test_union_inventory_missing_source_cluster_status_no_synthetic_pattern,test_union_inventory_output_order_is_deterministic,test_union_inventory_used_view_unavailable_keeps_source_status_ok,test_union_inventory_client_denominator_includes_status_rows_used_by_reuse,test_union_inventory_missing_domain_patterns_keeps_source_status_ok,test_pattern_reuse_many_files_gets_broad_classification,test_pattern_reuse_one_file_gets_single_file_classification,test_project_used_view_uses_project_and_file_denominators_for_emerging_bucket,test_single_project_reuse_takes_precedence_over_emerging,test_missing_source_identity_degrades_reuse_classification,test_template_all_view_is_not_interpreted_as_active_usage,test_reuse_zero_denominator_is_degraded_unclassified,test_reuse_distribution_order_is_deterministic,test_reuse_thresholds_are_centralized_and_used,test_explicit_matrices_union_jaccard_differs_from_mean_file_pair,test_fragmentation_diagnostic_uses_all_domains_file_pair_aggregate,test_density_similarity_uses_domain_density_vectors_not_containment,test_pool_matrix_keeps_pool_scopes_distinct_for_same_project,test_fragmentation_diagnostic_unavailable_without_required_inputs,test_non_project_union_inventory_blocks_project_union_matrices,test_mean_file_pair_matrix_adds_synthetic_diagonal_cells,test_mean_file_pair_diagonals_limited_to_project_observed_domains,test_mean_file_pair_matrix_emits_symmetric_cells,test_missing_union_inventory_blocks_union_matrix_with_explicit_status,test_matrix_manifest_and_diagonal_are_deterministic,_write_within_project_segment,test_discover_within_project_na_spellings_do_not_group,test_discover_within_project_real_shared_label_still_groups"
tests/test_compare_cross_segment_governance.py,_seg,function,41,48,<module>,,"role: str, client: str = 'Acme', unit: str = 'imperial', discipline: str = 'Arch'",,,false,,8,1,
tests/test_compare_cross_segment_governance.py,test_discover_governance_chain_includes_generic_upstream_roles,function,51,68,<module>,,,,,false,,18,8,
tests/test_compare_cross_segment_governance.py,test_discover_governance_chain_falls_back_to_collection_label_for_na_client,function,71,87,<module>,,,,,false,,17,4,
tests/test_compare_cross_segment_governance.py,test_discover_governance_chain_prefers_business_center_label_over_collection_label,function,90,120,<module>,,,,,false,,31,4,
tests/test_compare_cross_segment_governance.py,test_discover_governance_chain_namespaces_business_center_fallback_from_real_client,function,123,150,<module>,,,,,false,,28,5,
tests/test_compare_cross_segment_governance.py,test_discover_governance_chain_preserves_collection_scope_within_business_center,function,153,204,<module>,,,,,false,,52,6,
tests/test_compare_cross_segment_governance.py,test_discover_governance_chain_final_fallback_normalizes_na_spelling,function,207,223,<module>,,,,,false,,17,4,
tests/test_compare_cross_segment_governance.py,test_discover_governance_chain_collection_match_is_soft_for_client_scope,function,226,258,<module>,,,,,false,,33,6,
tests/test_compare_cross_segment_governance.py,test_discover_governance_chain_rollup_does_not_wildcard_match_specific_collection,function,261,309,<module>,,,,,false,,49,5,
tests/test_compare_cross_segment_governance.py,test_scope_level_derivation,function,312,324,<module>,,,,,false,,13,7,
tests/test_compare_cross_segment_governance.py,test_0000_flows_through_as_literal_enterprise_value,function,327,334,<module>,,,,,false,,8,5,
tests/test_compare_cross_segment_governance.py,test_bc_0000_spelling_variants_canonicalize_to_0000,function,337,347,<module>,,,,,false,,11,5,
tests/test_compare_cross_segment_governance.py,test_na_spelled_business_center_labels_normalize_to_blank,function,350,360,<module>,,,,,false,,11,5,
tests/test_compare_cross_segment_governance.py,test_discover_governance_chain_enterprise_to_project_reaches_every_scope,function,363,377,<module>,,,,,false,,15,3,
tests/test_compare_cross_segment_governance.py,test_discover_governance_chain_bc_to_project_scoped_to_matching_bc_only,function,380,394,<module>,,,,,false,,15,3,
tests/test_compare_cross_segment_governance.py,test_discover_governance_chain_enterprise_to_bc_and_client_are_same_role_only,function,397,417,<module>,,,,,false,,21,5,
tests/test_compare_cross_segment_governance.py,test_enterprise_to_bc_and_sibling_template_survive_with_distinct_run_ids,function,420,462,<module>,,,,,false,,43,8,
tests/test_compare_cross_segment_governance.py,test_make_comparison_run_id_differs_by_comparison_type_for_same_pair_and_timestamp,function,465,471,<module>,,,,,false,,7,3,
tests/test_compare_cross_segment_governance.py,test_discover_governance_chain_excludes_generic_from_scope_fanout,function,474,486,<module>,,,,,false,,13,5,
tests/test_compare_cross_segment_governance.py,test_discover_governance_chain_excludes_ancestor_descendant_from_scope_fanout,function,489,527,<module>,,,,,false,,39,7,
tests/test_compare_cross_segment_governance.py,test_discover_governance_chain_enterprise_to_bc_reaches_every_real_bc,function,530,543,<module>,,,,,false,,14,4,
tests/test_compare_cross_segment_governance.py,test_discover_governance_chain_bc_to_bc_pairs_every_peer_business_center,function,546,557,<module>,,,,,false,,12,4,
tests/test_compare_cross_segment_governance.py,test_discover_governance_chain_bc_to_bc_excludes_same_bc_and_enterprise,function,560,572,<module>,,,,,false,,13,7,
tests/test_compare_cross_segment_governance.py,test_discover_governance_chain_disc_match_has_no_blank_wildcard,function,575,591,<module>,,,,,false,,17,5,
tests/test_compare_cross_segment_governance.py,test_discover_client_cross_bc_multi_bc_enumeration,function,594,605,<module>,,,,,false,,12,4,
tests/test_compare_cross_segment_governance.py,test_discover_client_cross_bc_single_bc_produces_no_pairs,function,608,614,<module>,,,,,false,,7,2,
tests/test_compare_cross_segment_governance.py,test_discover_client_cross_bc_and_bc_to_bc_do_not_reference_collection_label,function,617,643,<module>,,,,,false,,27,3,
tests/test_compare_cross_segment_governance.py,test_pooled_comparison_bc_scope_pools_across_clients_ignoring_client,function,646,679,<module>,,tmp_path,,,false,,34,6,
tests/test_compare_cross_segment_governance.py,test_pooled_comparison_bc_scope_pools_enterprise_0000_segments,function,682,726,<module>,,tmp_path,,,false,,45,7,
tests/test_compare_cross_segment_governance.py,test_pooled_comparison_client_scope_pools_across_bcs_ignoring_bc,function,729,762,<module>,,tmp_path,,,false,,34,6,
tests/test_compare_cross_segment_governance.py,test_pooled_comparison_excludes_rollup_ancestor_from_bc_pool,function,765,821,<module>,,tmp_path,,,false,,57,7,
tests/test_compare_cross_segment_governance.py,test_project_target_governance_state_uses_target_used,function,824,834,<module>,,,,,false,,11,5,
tests/test_compare_cross_segment_governance.py,test_standards_carrier_target_avoids_passive_bloat_label,function,837,846,<module>,,,,,false,,10,5,
tests/test_compare_cross_segment_governance.py,_write_csv,function,849,858,<module>,,"path: Path, rows",,,false,,10,3,
tests/test_compare_cross_segment_governance.py,_write_segment,function,861,881,<module>,,"seg_root: Path, folder: str, domain: str, patterns, all_rows, used_rows, bundle_all",,,false,,21,3,
tests/test_compare_cross_segment_governance.py,_write_reference_analysis_segment,function,884,927,<module>,,"seg_root: Path, folder: str, domain: str, rows, export_run_ids = None, presence_rows = None",,,false,,44,5,
tests/test_compare_cross_segment_governance.py,test_reference_analysis_segment_discovers_domains_without_bundle_outputs,function,930,943,<module>,,tmp_path,,,false,,14,2,
tests/test_compare_cross_segment_governance.py,test_reference_analysis_segment_loads_all_view_from_domain_patterns,function,946,968,<module>,,tmp_path,,,false,,23,3,
tests/test_compare_cross_segment_governance.py,test_reference_analysis_segment_groups_fallback_by_export_run_id_column,function,971,990,<module>,,tmp_path,,,false,,20,2,
tests/test_compare_cross_segment_governance.py,test_reference_analysis_segment_uses_presence_for_multi_file_fallback,function,993,1016,<module>,,tmp_path,,,false,,24,2,
tests/test_compare_cross_segment_governance.py,test_build_governance_state_rows_include_inherited_unused_and_local_active,function,1019,1087,<module>,,tmp_path,,,false,,69,7,
tests/test_compare_cross_segment_governance.py,test_pair_domain_work_items_use_pair_domain_union,function,1090,1114,<module>,,tmp_path,,,false,,25,4,
tests/test_compare_cross_segment_governance.py,test_output_row_sort_helpers_are_stable_by_content,function,1117,1144,<module>,,,,,false,,28,5,
tests/test_compare_cross_segment_governance.py,test_non_project_target_blanks_used_summary_shares,function,1147,1216,<module>,,tmp_path,,,false,,70,11,
tests/test_compare_cross_segment_governance.py,test_main_emits_governance_states_when_pair_skipped_by_min_patterns,function,1219,1326,<module>,,"tmp_path, monkeypatch",,,false,,108,17,
tests/test_compare_cross_segment_governance.py,test_main_skips_delta_generation_for_blocked_reference,function,1329,1430,<module>,,"tmp_path, monkeypatch",,,false,,102,15,
tests/test_compare_cross_segment_governance.py,_union_rows_for,function,1434,1446,<module>,,"tmp_path, manifest, registry, domain = 'line_patterns'",,,false,,13,1,
tests/test_compare_cross_segment_governance.py,test_union_inventory_project_all_view_normalized_union,function,1449,1471,<module>,,tmp_path,,,false,,23,8,
tests/test_compare_cross_segment_governance.py,test_union_inventory_project_used_view_normalized_union,function,1474,1497,<module>,,tmp_path,,,false,,24,7,
tests/test_compare_cross_segment_governance.py,test_union_inventory_non_project_used_view_not_active_usage,function,1500,1518,<module>,,tmp_path,,,false,,19,5,
tests/test_compare_cross_segment_governance.py,test_union_inventory_duplicate_join_hash_collapses_counts,function,1521,1559,<module>,,tmp_path,,,false,,39,7,
tests/test_compare_cross_segment_governance.py,test_union_inventory_pattern_id_not_cross_segment_identity,function,1562,1594,<module>,,tmp_path,,,false,,33,5,
tests/test_compare_cross_segment_governance.py,test_union_inventory_missing_source_cluster_status_no_synthetic_pattern,function,1597,1615,<module>,,tmp_path,,,false,,19,7,
tests/test_compare_cross_segment_governance.py,test_union_inventory_output_order_is_deterministic,function,1618,1648,<module>,,tmp_path,,,false,,31,4,
tests/test_compare_cross_segment_governance.py,test_union_inventory_used_view_unavailable_keeps_source_status_ok,function,1651,1692,<module>,,tmp_path,,,false,,42,4,
tests/test_compare_cross_segment_governance.py,test_union_inventory_client_denominator_includes_status_rows_used_by_reuse,function,1696,1744,<module>,,tmp_path,,,false,,49,24,
tests/test_compare_cross_segment_governance.py,test_union_inventory_missing_domain_patterns_keeps_source_status_ok,function,1746,1755,<module>,,tmp_path,,,false,,10,5,
tests/test_compare_cross_segment_governance.py,test_pattern_reuse_many_files_gets_broad_classification,function,1758,1774,<module>,,,,,false,,17,4,
tests/test_compare_cross_segment_governance.py,test_pattern_reuse_one_file_gets_single_file_classification,function,1777,1792,<module>,,,,,false,,16,3,
tests/test_compare_cross_segment_governance.py,test_project_used_view_uses_project_and_file_denominators_for_emerging_bucket,function,1795,1812,<module>,,,,,false,,18,5,
tests/test_compare_cross_segment_governance.py,test_single_project_reuse_takes_precedence_over_emerging,function,1815,1831,<module>,,,,,false,,17,3,
tests/test_compare_cross_segment_governance.py,test_missing_source_identity_degrades_reuse_classification,function,1834,1852,<module>,,,,,false,,19,4,
tests/test_compare_cross_segment_governance.py,test_template_all_view_is_not_interpreted_as_active_usage,function,1855,1870,<module>,,,,,false,,16,3,
tests/test_compare_cross_segment_governance.py,test_reuse_zero_denominator_is_degraded_unclassified,function,1873,1880,<module>,,,,,false,,8,4,
tests/test_compare_cross_segment_governance.py,test_reuse_distribution_order_is_deterministic,function,1883,1900,<module>,,,,,false,,18,5,
tests/test_compare_cross_segment_governance.py,test_reuse_thresholds_are_centralized_and_used,function,1903,1911,<module>,,,,,false,,9,5,
tests/test_compare_cross_segment_governance.py,test_explicit_matrices_union_jaccard_differs_from_mean_file_pair,function,1914,1941,<module>,,,,,false,,28,20,
tests/test_compare_cross_segment_governance.py,test_fragmentation_diagnostic_uses_all_domains_file_pair_aggregate,function,1944,1963,<module>,,,,,false,,20,14,
tests/test_compare_cross_segment_governance.py,test_density_similarity_uses_domain_density_vectors_not_containment,function,1966,1982,<module>,,,,,false,,17,11,
tests/test_compare_cross_segment_governance.py,test_pool_matrix_keeps_pool_scopes_distinct_for_same_project,function,1985,2024,<module>,,,,,false,,40,11,
tests/test_compare_cross_segment_governance.py,test_fragmentation_diagnostic_unavailable_without_required_inputs,function,2027,2044,<module>,,,,,false,,18,2,
tests/test_compare_cross_segment_governance.py,test_non_project_union_inventory_blocks_project_union_matrices,function,2047,2071,<module>,,,,,false,,25,3,
tests/test_compare_cross_segment_governance.py,test_mean_file_pair_matrix_adds_synthetic_diagonal_cells,function,2074,2092,<module>,,,,,false,,19,8,
tests/test_compare_cross_segment_governance.py,test_mean_file_pair_diagonals_limited_to_project_observed_domains,function,2095,2109,<module>,,,,,false,,15,21,
tests/test_compare_cross_segment_governance.py,test_mean_file_pair_matrix_emits_symmetric_cells,function,2112,2129,<module>,,,,,false,,18,10,
tests/test_compare_cross_segment_governance.py,test_missing_union_inventory_blocks_union_matrix_with_explicit_status,function,2132,2139,<module>,,,,,false,,8,3,
tests/test_compare_cross_segment_governance.py,test_matrix_manifest_and_diagonal_are_deterministic,function,2142,2155,<module>,,,,,false,,14,6,
tests/test_compare_cross_segment_governance.py,_write_within_project_segment,function,2158,2163,<module>,,"segments_root: Path, folder: str, domain: str, export_run_ids",,,false,,6,2,
tests/test_compare_cross_segment_governance.py,test_discover_within_project_na_spellings_do_not_group,function,2166,2193,<module>,,tmp_path,,,false,,28,2,
tests/test_compare_cross_segment_governance.py,test_discover_within_project_real_shared_label_still_groups,function,2196,2213,<module>,,tmp_path,,,false,,18,2,
tests/test_compare_cross_segment_lineage.py,<module>,module,1,571,,,,,,true,Tests for the structural_ancestor / population_containment lineage model,571,1,"_lattice_manifest,test_build_ancestor_map_full_lattice_closure,test_build_ancestor_map_superset_of_single_parent_chain,test_is_lineage_related_symmetric_across_full_closure,test_build_ancestor_map_cycle_detection_still_fires,_pop,_pop_hash,test_population_containment_above_and_below_materiality_bar,test_population_containment_excludes_structural_pairs_from_threshold_fit_but_still_flags_them,test_population_containment_identical_populations_always_contained,test_population_containment_boundary_value_included_not_excluded,test_compute_containment_thresholds_deterministic,test_compute_containment_thresholds_no_non_structural_pairs,test_compute_containment_thresholds_empty_membership,_sibling_row,_real_corpus_shaped_manifest,test_discover_sibling_segments_pre_fix_reproduces_violation,test_discover_sibling_segments_post_fix_excludes_violation,test_discover_sibling_segments_unrelated_siblings_still_pair,test_discover_sibling_segments_backward_compatible_without_ancestor_data,test_validate_membership_against_manifest_agreement_no_errors,test_validate_membership_against_manifest_file_count_mismatch,test_validate_membership_against_manifest_population_hash_mismatch,test_validate_membership_against_manifest_unknown_segment_ignored,test_validate_membership_against_manifest_entirely_missing_segment,test_validate_membership_against_manifest_zero_file_count_segment_not_flagged,test_detect_stale_ancestor_encoding_flags_pipe_joined_blob,test_detect_stale_ancestor_encoding_does_not_flag_wellformed_semicolon_data,test_detect_stale_ancestor_encoding_does_not_flag_genuine_single_ancestor,test_validate_membership_against_manifest_completely_empty_sidecar,_write_csv,test_main_removes_stale_thresholds_when_containment_disabled"
tests/test_compare_cross_segment_lineage.py,_lattice_manifest,function,46,74,<module>,,,,,true,Synthetic 3-non-root-field lattice (governance x client x business_,29,1,row
tests/test_compare_cross_segment_lineage.py,_lattice_manifest.row,nested_function,59,60,_lattice_manifest,,"parent, ancestor_ids",,,false,,2,1,
tests/test_compare_cross_segment_lineage.py,test_build_ancestor_map_full_lattice_closure,function,77,90,<module>,,,,,false,,14,2,
tests/test_compare_cross_segment_lineage.py,test_build_ancestor_map_superset_of_single_parent_chain,function,93,102,<module>,,,,,false,,10,3,
tests/test_compare_cross_segment_lineage.py,test_is_lineage_related_symmetric_across_full_closure,function,105,113,<module>,,,,,false,,9,4,
tests/test_compare_cross_segment_lineage.py,test_build_ancestor_map_cycle_detection_still_fires,function,116,125,<module>,,,,,false,,10,2,
tests/test_compare_cross_segment_lineage.py,_pop,function,132,133,<module>,,"prefix, n",,,false,,2,2,
tests/test_compare_cross_segment_lineage.py,_pop_hash,function,136,137,<module>,,eids,,,false,,2,1,
tests/test_compare_cross_segment_lineage.py,test_population_containment_above_and_below_materiality_bar,function,140,179,<module>,,,,,false,,40,9,
tests/test_compare_cross_segment_lineage.py,test_population_containment_excludes_structural_pairs_from_threshold_fit_but_still_flags_them,function,182,214,<module>,,,,,false,,33,6,
tests/test_compare_cross_segment_lineage.py,test_population_containment_identical_populations_always_contained,function,217,234,<module>,,,,,false,,18,2,
tests/test_compare_cross_segment_lineage.py,test_population_containment_boundary_value_included_not_excluded,function,237,265,<module>,,,,,false,,29,8,
tests/test_compare_cross_segment_lineage.py,test_compute_containment_thresholds_deterministic,function,272,283,<module>,,,,,false,,12,4,
tests/test_compare_cross_segment_lineage.py,test_compute_containment_thresholds_no_non_structural_pairs,function,286,296,<module>,,,,,false,,11,3,
tests/test_compare_cross_segment_lineage.py,test_compute_containment_thresholds_empty_membership,function,299,303,<module>,,,,,false,,5,3,
tests/test_compare_cross_segment_lineage.py,_sibling_row,function,311,322,<module>,,"parent, role, client = '', bc = '', ancestor_ids = (), run_type = 'bundle', notes = ''",,,false,,12,1,
tests/test_compare_cross_segment_lineage.py,_real_corpus_shaped_manifest,function,325,353,<module>,,,,,true,"Reproduces the exact shape of a real, corpus-verified",29,1,
tests/test_compare_cross_segment_lineage.py,test_discover_sibling_segments_pre_fix_reproduces_violation,function,356,361,<module>,,,,,false,,6,2,
tests/test_compare_cross_segment_lineage.py,test_discover_sibling_segments_post_fix_excludes_violation,function,364,374,<module>,,,,,false,,11,4,
tests/test_compare_cross_segment_lineage.py,test_discover_sibling_segments_unrelated_siblings_still_pair,function,377,389,<module>,,,,,false,,13,3,
tests/test_compare_cross_segment_lineage.py,test_discover_sibling_segments_backward_compatible_without_ancestor_data,function,392,404,<module>,,,,,false,,13,2,
tests/test_compare_cross_segment_lineage.py,test_validate_membership_against_manifest_agreement_no_errors,function,414,417,<module>,,,,,false,,4,2,
tests/test_compare_cross_segment_lineage.py,test_validate_membership_against_manifest_file_count_mismatch,function,420,425,<module>,,,,,false,,6,4,
tests/test_compare_cross_segment_lineage.py,test_validate_membership_against_manifest_population_hash_mismatch,function,428,433,<module>,,,,,false,,6,3,
tests/test_compare_cross_segment_lineage.py,test_validate_membership_against_manifest_unknown_segment_ignored,function,436,441,<module>,,,,,false,,6,2,
tests/test_compare_cross_segment_lineage.py,test_validate_membership_against_manifest_entirely_missing_segment,function,444,457,<module>,,,,,false,,14,4,
tests/test_compare_cross_segment_lineage.py,test_validate_membership_against_manifest_zero_file_count_segment_not_flagged,function,460,465,<module>,,,,,false,,6,2,
tests/test_compare_cross_segment_lineage.py,test_detect_stale_ancestor_encoding_flags_pipe_joined_blob,function,474,484,<module>,,,,,false,,11,3,
tests/test_compare_cross_segment_lineage.py,test_detect_stale_ancestor_encoding_does_not_flag_wellformed_semicolon_data,function,487,489,<module>,,,,,false,,3,2,
tests/test_compare_cross_segment_lineage.py,test_detect_stale_ancestor_encoding_does_not_flag_genuine_single_ancestor,function,492,499,<module>,,,,,false,,8,2,
tests/test_compare_cross_segment_lineage.py,test_validate_membership_against_manifest_completely_empty_sidecar,function,502,517,<module>,,,,,false,,16,6,
tests/test_compare_cross_segment_lineage.py,_write_csv,function,526,531,<module>,,"path, rows",,,false,,6,2,
tests/test_compare_cross_segment_lineage.py,test_main_removes_stale_thresholds_when_containment_disabled,function,534,571,<module>,,"tmp_path, monkeypatch",,,false,,38,4,
tests/test_compare_cross_segment_streamed_pairs.py,<module>,module,1,256,,,,,,true,Regression test for streamed (incremental) cross_segment_file_pairs.csv writes.,256,1,"_write_csv,_write_segment,test_main_streams_real_file_pair_rows_to_disk,_build_sibling_fixture,test_failure_after_streaming_leaves_previous_pairs_file_untouched"
tests/test_compare_cross_segment_streamed_pairs.py,_write_csv,function,21,26,<module>,,"path: Path, rows",,,false,,6,2,
tests/test_compare_cross_segment_streamed_pairs.py,_write_segment,function,29,49,<module>,,"seg_root: Path, folder: str, domain: str, patterns, all_rows, used_rows, bundle_all",,,false,,21,3,
tests/test_compare_cross_segment_streamed_pairs.py,test_main_streams_real_file_pair_rows_to_disk,function,52,149,<module>,,"tmp_path, monkeypatch",,,false,,98,15,
tests/test_compare_cross_segment_streamed_pairs.py,_build_sibling_fixture,function,152,205,<module>,,"tmp_path, domain",,,false,,54,3,
tests/test_compare_cross_segment_streamed_pairs.py,test_failure_after_streaming_leaves_previous_pairs_file_untouched,function,208,256,<module>,,"tmp_path, monkeypatch",,,false,,49,9,_boom
tests/test_compare_cross_segment_streamed_pairs.py,test_failure_after_streaming_leaves_previous_pairs_file_untouched._boom,nested_function,237,238,test_failure_after_streaming_leaves_previous_pairs_file_untouched,,"*args, **kwargs",,,false,,2,1,
tests/test_compare_cross_segment_worker_count.py,<module>,module,1,52,,,,,,true,Tests for resolve_worker_count() in tools/compare_cross_segment.py.,52,1,"test_auto_derives_from_cpu_count,test_auto_never_returns_zero_on_low_core_count,test_auto_with_no_cpu_count_falls_back_to_four,test_auto_is_case_insensitive_and_trims_whitespace,test_explicit_string_int_is_parsed,test_explicit_int_passthrough,test_auto_caps_at_61_on_windows,test_auto_uncapped_on_non_windows"
tests/test_compare_cross_segment_worker_count.py,test_auto_derives_from_cpu_count,function,11,14,<module>,,monkeypatch,,,false,,4,2,
tests/test_compare_cross_segment_worker_count.py,test_auto_never_returns_zero_on_low_core_count,function,17,20,<module>,,monkeypatch,,,false,,4,2,
tests/test_compare_cross_segment_worker_count.py,test_auto_with_no_cpu_count_falls_back_to_four,function,23,26,<module>,,monkeypatch,,,false,,4,2,
tests/test_compare_cross_segment_worker_count.py,test_auto_is_case_insensitive_and_trims_whitespace,function,29,30,<module>,,,,,false,,2,2,
tests/test_compare_cross_segment_worker_count.py,test_explicit_string_int_is_parsed,function,33,34,<module>,,,,,false,,2,2,
tests/test_compare_cross_segment_worker_count.py,test_explicit_int_passthrough,function,37,38,<module>,,,,,false,,2,2,
tests/test_compare_cross_segment_worker_count.py,test_auto_caps_at_61_on_windows,function,41,45,<module>,,monkeypatch,,,false,,5,2,
tests/test_compare_cross_segment_worker_count.py,test_auto_uncapped_on_non_windows,function,48,52,<module>,,monkeypatch,,,false,,5,2,
tests/test_compare_governance_populations.py,<module>,module,1,282,,,,,,false,,282,3,"_row,_synthetic_manifest,_records_rows,test_same_role_peer_produces_expected_comparison_type_set,test_same_role_peer_excludes_project_and_generic,test_same_role_peer_excludes_project_scoped_template_or_container,test_comparison_type_still_unambiguous_with_project_scoped_template,test_generic_pairs_unconditionally_against_every_tc_project_population,test_directed_enterprise_to_project_is_unconditional_on_scope,test_directed_bc_to_project_matches_by_business_center_label_alone,test_directed_bc_to_project_matches_regardless_of_differing_client,test_directed_client_to_project_matches_by_client_label_alone,test_files_with_no_inventory_for_domain_are_excluded_not_zero_padded,test_zero_inventory_domain_produces_no_row,test_comparison_type_never_mixes_symmetric_and_directed_metric_shape,test_run_comparisons_end_to_end_type_coverage"
tests/test_compare_governance_populations.py,_row,function,24,32,<module>,,"export_run_id, role, client_label, bc_label, unit = 'imperial', discipline = 'architectural'",,,false,,9,1,
tests/test_compare_governance_populations.py,_synthetic_manifest,function,35,52,<module>,,,,,true,A manifest shaped to exercise every comparison_type in one shot:,18,2,
tests/test_compare_governance_populations.py,_records_rows,function,55,60,<module>,,"jh_map, domain = 'object_styles_model'",,,false,,6,3,
tests/test_compare_governance_populations.py,test_same_role_peer_produces_expected_comparison_type_set,function,75,79,<module>,,,,,false,,5,3,
tests/test_compare_governance_populations.py,test_same_role_peer_excludes_project_and_generic,function,82,89,<module>,,,,,false,,8,6,
tests/test_compare_governance_populations.py,test_same_role_peer_excludes_project_scoped_template_or_container,function,92,107,<module>,,,,,false,,16,3,
tests/test_compare_governance_populations.py,test_comparison_type_still_unambiguous_with_project_scoped_template,function,110,128,<module>,,,,,false,,19,4,
tests/test_compare_governance_populations.py,test_generic_pairs_unconditionally_against_every_tc_project_population,function,131,137,<module>,,,,,false,,7,7,
tests/test_compare_governance_populations.py,test_directed_enterprise_to_project_is_unconditional_on_scope,function,140,149,<module>,,,,,false,,10,8,
tests/test_compare_governance_populations.py,test_directed_bc_to_project_matches_by_business_center_label_alone,function,152,162,<module>,,,,,false,,11,7,
tests/test_compare_governance_populations.py,test_directed_bc_to_project_matches_regardless_of_differing_client,function,165,184,<module>,,,,,false,,20,8,
tests/test_compare_governance_populations.py,test_directed_client_to_project_matches_by_client_label_alone,function,187,203,<module>,,,,,false,,17,6,
tests/test_compare_governance_populations.py,test_files_with_no_inventory_for_domain_are_excluded_not_zero_padded,function,206,230,<module>,,,,,false,,25,7,
tests/test_compare_governance_populations.py,test_zero_inventory_domain_produces_no_row,function,233,248,<module>,,,,,false,,16,3,
tests/test_compare_governance_populations.py,test_comparison_type_never_mixes_symmetric_and_directed_metric_shape,function,251,265,<module>,,,,,false,,15,4,
tests/test_compare_governance_populations.py,test_run_comparisons_end_to_end_type_coverage,function,268,282,<module>,,,,,false,,15,6,
tests/test_compound_types_wall.py,<module>,module,1,582,,,,,,false,,582,1,"_Id,_MatElem,_FillPatternDef,_FillPatternElem,_Param,_Layer,_LayerWidthError,_CS,_CSWrapError,_WallType,_ParamString,_Doc,_setup_module,_default_ctx,_basic_wall,test_basic_wall_produces_record,test_instance_count_present_on_wall_record,test_is_sole_type_in_category_true_when_single_wall,test_is_sole_type_in_category_false_when_multiple_walls,test_instance_count_not_in_identity_basis,test_is_sole_type_not_in_identity_basis,test_non_basic_wall_produces_blocked_record,test_core_boundary_in_layer_rows,test_layer_count_excludes_core_boundaries,test_stack_hash_loose_excludes_material_name,test_stack_hash_strict_includes_material_name,test_stack_hash_order_sensitive,test_material_ctx_miss_emits_missing_sentinel,test_coarse_fill_invalid_id_uses_producer_no_pattern_symbol,test_coarse_fill_uses_producer_mapping_for_solid_and_uid_hash,test_type_name_not_in_sig_hash,test_layer_rows_attached_to_record,test_identity_items_sorted_and_sig_basis_declared,test_label_has_quality_provenance_and_components,test_stack_hash_preserves_zero_vs_unreadable_thickness,test_unreadable_function_does_not_block_record,test_unreadable_layer_width_blocks_required_total_thickness,test_no_compound_structure_blocked_record_includes_required_keys,test_type_name_fallback_to_all_model_type_name,test_unreadable_wrap_fields_do_not_block_required_identity,test_mixed_ok_and_blocked_records_keep_domain_hash_from_ok_records"
tests/test_compound_types_wall.py,_Id,class,8,10,<module>,,,object,,false,,3,1,__init__
tests/test_compound_types_wall.py,_Id.__init__,method,9,10,_Id,,"self, i",,,false,,2,1,
tests/test_compound_types_wall.py,_MatElem,class,13,15,<module>,,,object,,false,,3,1,__init__
tests/test_compound_types_wall.py,_MatElem.__init__,method,14,15,_MatElem,,"self, uid",,,false,,2,1,
tests/test_compound_types_wall.py,_FillPatternDef,class,18,20,<module>,,,object,,false,,3,1,__init__
tests/test_compound_types_wall.py,_FillPatternDef.__init__,method,19,20,_FillPatternDef,,"self, is_solid = False",,,false,,2,1,
tests/test_compound_types_wall.py,_FillPatternElem,class,23,29,<module>,,,object,,false,,7,1,"__init__,GetFillPattern"
tests/test_compound_types_wall.py,_FillPatternElem.__init__,method,24,26,_FillPatternElem,,"self, uid, is_solid = False",,,false,,3,1,
tests/test_compound_types_wall.py,_FillPatternElem.GetFillPattern,method,28,29,_FillPatternElem,,self,,,false,,2,1,
tests/test_compound_types_wall.py,_Param,class,32,41,<module>,,,object,,false,,10,1,"__init__,AsElementId,AsInteger"
tests/test_compound_types_wall.py,_Param.__init__,method,33,35,_Param,,"self, elem_id = None, intval = None",,,false,,3,1,
tests/test_compound_types_wall.py,_Param.AsElementId,method,37,38,_Param,,self,,,false,,2,1,
tests/test_compound_types_wall.py,_Param.AsInteger,method,40,41,_Param,,self,,,false,,2,1,
tests/test_compound_types_wall.py,_Layer,class,44,60,<module>,,,object,,false,,17,1,__init__
tests/test_compound_types_wall.py,_Layer.__init__,method,45,60,_Layer,,"self, fn, width_ft, mat_id, structural = True, variable = False",,,false,,16,1,
tests/test_compound_types_wall.py,_LayerWidthError,class,63,82,<module>,,,_Layer,,false,,20,1,"__init__,Width"
tests/test_compound_types_wall.py,_LayerWidthError.__init__,method,64,78,_LayerWidthError,,"self, fn, width_ft, mat_id, structural = True, variable = False",,,false,,15,1,
tests/test_compound_types_wall.py,_LayerWidthError.Width,method,81,82,_LayerWidthError,property,self,,,false,,2,1,
tests/test_compound_types_wall.py,_CS,class,85,106,<module>,,,object,,false,,22,1,"__init__,GetLayers,GetCoreBoundaryLayerIndex,ParticipatesInWrapping,GetWallSweepsInfo"
tests/test_compound_types_wall.py,_CS.__init__,method,86,92,_CS,,"self, layers, ext_idx, int_idx, wraps_i = 'Both', wraps_e = 'Exterior', sweeps = None",,,false,,7,2,
tests/test_compound_types_wall.py,_CS.GetLayers,method,94,95,_CS,,self,,,false,,2,1,
tests/test_compound_types_wall.py,_CS.GetCoreBoundaryLayerIndex,method,97,100,_CS,,"self, shell_layer_type",,,false,,4,2,
tests/test_compound_types_wall.py,_CS.ParticipatesInWrapping,method,102,103,_CS,,"self, idx",,,false,,2,1,
tests/test_compound_types_wall.py,_CS.GetWallSweepsInfo,method,105,106,_CS,,self,,,false,,2,1,
tests/test_compound_types_wall.py,_CSWrapError,class,109,122,<module>,,,_CS,,false,,14,1,"__init__,WrapAtInserts,WrapAtEnds"
tests/test_compound_types_wall.py,_CSWrapError.__init__,method,110,114,_CSWrapError,,"self, layers, ext_idx, int_idx, sweeps = None",,,false,,5,2,
tests/test_compound_types_wall.py,_CSWrapError.WrapAtInserts,method,117,118,_CSWrapError,property,self,,,false,,2,1,
tests/test_compound_types_wall.py,_CSWrapError.WrapAtEnds,method,121,122,_CSWrapError,property,self,,,false,,2,1,
tests/test_compound_types_wall.py,_WallType,class,125,158,<module>,,,object,,false,,34,1,"__init__,Function,GetCompoundStructure,get_Parameter"
tests/test_compound_types_wall.py,_WallType.__init__,method,126,139,_WallType,,"self, name, kind, cs, fn = 'Interior', coarse_fill_id = -1",,,false,,14,1,
tests/test_compound_types_wall.py,_WallType.Function,method,142,145,_WallType,property,self,,,false,,4,2,
tests/test_compound_types_wall.py,_WallType.GetCompoundStructure,method,147,148,_WallType,,self,,,false,,2,1,
tests/test_compound_types_wall.py,_WallType.get_Parameter,method,150,158,_WallType,,"self, bip",,,false,,9,4,
tests/test_compound_types_wall.py,_ParamString,class,161,166,<module>,,,object,,false,,6,1,"__init__,AsString"
tests/test_compound_types_wall.py,_ParamString.__init__,method,162,163,_ParamString,,"self, s",,,false,,2,1,
tests/test_compound_types_wall.py,_ParamString.AsString,method,165,166,_ParamString,,self,,,false,,2,1,
tests/test_compound_types_wall.py,_Doc,class,169,180,<module>,,,object,,false,,12,1,"__init__,GetElement"
tests/test_compound_types_wall.py,_Doc.__init__,method,170,172,_Doc,,"self, id_to_uid = None, id_to_elem = None",,,false,,3,3,
tests/test_compound_types_wall.py,_Doc.GetElement,method,174,180,_Doc,,"self, eid",,,false,,7,3,
tests/test_compound_types_wall.py,_setup_module,function,183,199,<module>,,monkeypatch,,,false,,17,1,
tests/test_compound_types_wall.py,_default_ctx,function,202,209,<module>,,m,,,false,,8,1,
tests/test_compound_types_wall.py,_basic_wall,function,212,219,<module>,,name = 'Wall A',,,false,,8,1,
tests/test_compound_types_wall.py,test_basic_wall_produces_record,function,222,234,<module>,,monkeypatch,,,false,,13,6,
tests/test_compound_types_wall.py,test_instance_count_present_on_wall_record,function,237,246,<module>,,monkeypatch,,,false,,10,3,
tests/test_compound_types_wall.py,test_is_sole_type_in_category_true_when_single_wall,function,249,257,<module>,,monkeypatch,,,false,,9,3,
tests/test_compound_types_wall.py,test_is_sole_type_in_category_false_when_multiple_walls,function,260,269,<module>,,monkeypatch,,,false,,10,3,
tests/test_compound_types_wall.py,test_instance_count_not_in_identity_basis,function,272,280,<module>,,monkeypatch,,,false,,9,3,
tests/test_compound_types_wall.py,test_is_sole_type_not_in_identity_basis,function,283,291,<module>,,monkeypatch,,,false,,9,3,
tests/test_compound_types_wall.py,test_non_basic_wall_produces_blocked_record,function,294,310,<module>,,monkeypatch,,,false,,17,10,
tests/test_compound_types_wall.py,test_core_boundary_in_layer_rows,function,313,321,<module>,,monkeypatch,,,false,,9,6,
tests/test_compound_types_wall.py,test_layer_count_excludes_core_boundaries,function,324,331,<module>,,monkeypatch,,,false,,8,4,
tests/test_compound_types_wall.py,test_stack_hash_loose_excludes_material_name,function,334,352,<module>,,monkeypatch,,,false,,19,2,get
tests/test_compound_types_wall.py,test_stack_hash_loose_excludes_material_name.get,nested_function,349,350,test_stack_hash_loose_excludes_material_name,,"rec, key",,,false,,2,3,
tests/test_compound_types_wall.py,test_stack_hash_strict_includes_material_name,function,355,369,<module>,,monkeypatch,,,false,,15,4,
tests/test_compound_types_wall.py,test_stack_hash_order_sensitive,function,372,382,<module>,,monkeypatch,,,false,,11,4,
tests/test_compound_types_wall.py,test_material_ctx_miss_emits_missing_sentinel,function,385,393,<module>,,monkeypatch,,,false,,9,7,
tests/test_compound_types_wall.py,test_coarse_fill_invalid_id_uses_producer_no_pattern_symbol,function,396,403,<module>,,monkeypatch,,,false,,8,4,
tests/test_compound_types_wall.py,test_coarse_fill_uses_producer_mapping_for_solid_and_uid_hash,function,406,430,<module>,,monkeypatch,,,false,,25,6,
tests/test_compound_types_wall.py,test_type_name_not_in_sig_hash,function,433,438,<module>,,monkeypatch,,,false,,6,2,
tests/test_compound_types_wall.py,test_layer_rows_attached_to_record,function,441,448,<module>,,monkeypatch,,,false,,8,3,
tests/test_compound_types_wall.py,test_identity_items_sorted_and_sig_basis_declared,function,451,466,<module>,,monkeypatch,,,false,,16,5,
tests/test_compound_types_wall.py,test_label_has_quality_provenance_and_components,function,469,478,<module>,,monkeypatch,,,false,,10,5,
tests/test_compound_types_wall.py,test_stack_hash_preserves_zero_vs_unreadable_thickness,function,481,497,<module>,,monkeypatch,,,false,,17,4,
tests/test_compound_types_wall.py,test_unreadable_function_does_not_block_record,function,500,516,<module>,,monkeypatch,,,false,,17,7,
tests/test_compound_types_wall.py,test_unreadable_layer_width_blocks_required_total_thickness,function,519,533,<module>,,monkeypatch,,,false,,15,6,
tests/test_compound_types_wall.py,test_no_compound_structure_blocked_record_includes_required_keys,function,536,547,<module>,,monkeypatch,,,false,,12,7,
tests/test_compound_types_wall.py,test_type_name_fallback_to_all_model_type_name,function,550,556,<module>,,monkeypatch,,,false,,7,2,
tests/test_compound_types_wall.py,test_unreadable_wrap_fields_do_not_block_required_identity,function,559,573,<module>,,monkeypatch,,,false,,15,3,
tests/test_compound_types_wall.py,test_mixed_ok_and_blocked_records_keep_domain_hash_from_ok_records,function,576,582,<module>,,monkeypatch,,,false,,7,4,
tests/test_contracts_bounded_errors.py,<module>,module,1,35,,,,,,false,,35,1,"test_bounded_errors_caps_and_counts_dropped,test_bounded_errors_defensive_cap_nonpositive"
tests/test_contracts_bounded_errors.py,test_bounded_errors_caps_and_counts_dropped,function,6,22,<module>,,,,,false,,17,4,
tests/test_contracts_bounded_errors.py,test_bounded_errors_defensive_cap_nonpositive,function,25,35,<module>,,,,,false,,11,2,
tests/test_contracts_run_status.py,<module>,module,1,117,,,,,,false,,117,1,"_env,test_run_status_all_ok,test_run_status_degraded_if_any_degraded,test_run_status_degraded_if_any_blocked,test_run_status_degraded_if_any_unsupported,test_run_status_failed_if_any_failed,test_invalid_domain_status_counts_as_failed_and_records_error,test_new_run_envelope_rejects_mismatched_version,test_new_run_envelope_accepts_current_version"
tests/test_contracts_run_status.py,_env,function,22,31,<module>,,"name: str, status: str",,,false,,10,1,
tests/test_contracts_run_status.py,test_run_status_all_ok,function,34,42,<module>,,,,,false,,9,4,
tests/test_contracts_run_status.py,test_run_status_degraded_if_any_degraded,function,45,51,<module>,,,,,false,,7,2,
tests/test_contracts_run_status.py,test_run_status_degraded_if_any_blocked,function,54,60,<module>,,,,,false,,7,2,
tests/test_contracts_run_status.py,test_run_status_degraded_if_any_unsupported,function,63,69,<module>,,,,,false,,7,2,
tests/test_contracts_run_status.py,test_run_status_failed_if_any_failed,function,72,79,<module>,,,,,false,,8,3,
tests/test_contracts_run_status.py,test_invalid_domain_status_counts_as_failed_and_records_error,function,82,91,<module>,,,,,false,,10,5,
tests/test_contracts_run_status.py,test_new_run_envelope_rejects_mismatched_version,function,94,103,<module>,,,,,false,,10,2,
tests/test_contracts_run_status.py,test_new_run_envelope_accepts_current_version,function,106,117,<module>,,,,,false,,12,4,
tests/test_deployment_config.py,<module>,module,1,119,,,,,,false,,119,1,"_write,test_no_configuration_is_empty,test_valid_name_only_configuration,test_valid_guid_is_canonicalized,test_rejects_non_object_top_level,test_rejects_missing_or_invalid_schema,test_rejects_non_list_mapping,test_rejects_invalid_mapping_entries,test_rejects_duplicate_guid_mapped_to_conflicting_keys,test_rejects_unknown_top_level_field,test_rejects_missing_mapping_field,test_missing_contract_fails,test_malformed_contract_fails"
tests/test_deployment_config.py,_write,function,14,22,<module>,,"tmp_path, fields = _DEFAULT, **overrides",,,false,,9,1,
tests/test_deployment_config.py,test_no_configuration_is_empty,function,25,26,<module>,,,,,false,,2,2,
tests/test_deployment_config.py,test_valid_name_only_configuration,function,29,33,<module>,,tmp_path,,,false,,5,2,
tests/test_deployment_config.py,test_valid_guid_is_canonicalized,function,36,39,<module>,,tmp_path,,,false,,4,2,
tests/test_deployment_config.py,test_rejects_non_object_top_level,function,45,49,<module>,"pytest.mark.parametrize('payload', [[], None, 'bad', 1])","tmp_path, payload",,,false,,5,2,
tests/test_deployment_config.py,test_rejects_missing_or_invalid_schema,function,56,60,<module>,"pytest.mark.parametrize('payload', [{'project_info_shared_parameters': []}, {'schema': 'wrong', 'project_info_shared_parameters': []}])","tmp_path, payload",,,false,,5,2,
tests/test_deployment_config.py,test_rejects_non_list_mapping,function,64,66,<module>,"pytest.mark.parametrize('fields', [None, {}, 'bad'])","tmp_path, fields",,,false,,3,2,
tests/test_deployment_config.py,test_rejects_invalid_mapping_entries,function,79,81,<module>,"pytest.mark.parametrize('fields', [['bad'], [{'key': VALID_KEY, 'name': ' '}], [{'key': 'other.field', 'name': 'X'}], [{'key': 'project_info.number', 'name': 'X'}], [{'key': 'project_info.unregistered', 'name': 'X'}], [{'key': VALID_KEY, 'name': 'X', 'guid': 'bad'}], [{'key': VALID_KEY, 'name': 'X'}, {'key': VALID_KEY, 'name': 'Y'}], [{'key': VALID_KEY, 'name': 'X', 'extra': True}]])","tmp_path, fields",,,false,,3,2,
tests/test_deployment_config.py,test_rejects_duplicate_guid_mapped_to_conflicting_keys,function,84,94,<module>,,tmp_path,,,false,,11,2,
tests/test_deployment_config.py,test_rejects_unknown_top_level_field,function,97,99,<module>,,tmp_path,,,false,,3,2,
tests/test_deployment_config.py,test_rejects_missing_mapping_field,function,102,106,<module>,,tmp_path,,,false,,5,2,
tests/test_deployment_config.py,test_missing_contract_fails,function,109,111,<module>,,tmp_path,,,false,,3,2,
tests/test_deployment_config.py,test_malformed_contract_fails,function,115,119,<module>,"pytest.mark.parametrize('contract', [{}, {'domains': {'identity': {'allowed_keys': 'bad'}}}])","tmp_path, contract",,,false,,5,2,
tests/test_deps_require_domain.py,<module>,module,1,58,,,,,,false,,58,1,"test_require_domain_missing_upstream_blocks,test_require_domain_invalid_envelope_blocks,test_require_domain_upstream_not_acceptable_blocks,test_require_domain_allows_degraded_by_default"
tests/test_deps_require_domain.py,test_require_domain_missing_upstream_blocks,function,9,15,<module>,,,,,false,,7,5,
tests/test_deps_require_domain.py,test_require_domain_invalid_envelope_blocks,function,18,23,<module>,,,,,false,,6,4,
tests/test_deps_require_domain.py,test_require_domain_upstream_not_acceptable_blocks,function,26,42,<module>,,,,,false,,17,4,
tests/test_deps_require_domain.py,test_require_domain_allows_degraded_by_default,function,45,58,<module>,,,,,false,,14,2,
tests/test_dimension_types_placeholder_fields.py,<module>,module,1,15,,,,,,false,,15,1,"test_attach_placeholder_metadata_ok,test_attach_placeholder_metadata_unreadable"
tests/test_dimension_types_placeholder_fields.py,test_attach_placeholder_metadata_ok,function,4,8,<module>,,,,,false,,5,3,
tests/test_dimension_types_placeholder_fields.py,test_attach_placeholder_metadata_unreadable,function,11,15,<module>,,,,,false,,5,3,
tests/test_dimension_types_shape_gating.py,<module>,module,1,284,,,,,,true,Tests for dimension_types domain split architecture.,284,3,"TestShapeConstants,TestFamilyMappings,TestSplitDomainPolicies,TestPolicyLoadPattern,TestCanonicalEvidenceSelectors"
tests/test_dimension_types_shape_gating.py,TestShapeConstants,class,62,124,<module>,,,,,true,Test shape constant definitions and mappings.,63,1,"test_all_shape_constants_defined,test_all_family_constants_defined,test_shape_to_family_mapping_complete,test_shape_int_to_name_mapping"
tests/test_dimension_types_shape_gating.py,TestShapeConstants.test_all_shape_constants_defined,method,65,78,TestShapeConstants,,self,,,true,All expected shape constants must be defined.,14,2,
tests/test_dimension_types_shape_gating.py,TestShapeConstants.test_all_family_constants_defined,method,80,86,TestShapeConstants,,self,,,true,All expected family constants must be defined.,7,6,
tests/test_dimension_types_shape_gating.py,TestShapeConstants.test_shape_to_family_mapping_complete,method,88,110,TestShapeConstants,,self,,,true,SHAPE_TO_FAMILY must map all shapes to families.,23,13,
tests/test_dimension_types_shape_gating.py,TestShapeConstants.test_shape_int_to_name_mapping,method,112,124,TestShapeConstants,,self,,,true,SHAPE_INT_TO_NAME must map DimensionStyleType enum values correctly.,13,12,
tests/test_dimension_types_shape_gating.py,TestFamilyMappings,class,131,159,<module>,,,,,true,Test family mapping correctness via SHAPE_TO_FAMILY.,29,1,"test_linear_shapes_map_to_linear_family,test_radial_shapes_map_to_radial_family,test_angular_shapes_map_to_angular_family,test_spot_shapes_map_to_spot_family,test_unknown_maps_to_unknown_family"
tests/test_dimension_types_shape_gating.py,TestFamilyMappings.test_linear_shapes_map_to_linear_family,method,134,137,TestFamilyMappings,,self,,,true,Linear and LinearFixed must map to linear family.,4,3,
tests/test_dimension_types_shape_gating.py,TestFamilyMappings.test_radial_shapes_map_to_radial_family,method,139,143,TestFamilyMappings,,self,,,true,"Radial, Diameter, DiameterLinked must map to radial family.",5,4,
tests/test_dimension_types_shape_gating.py,TestFamilyMappings.test_angular_shapes_map_to_angular_family,method,145,148,TestFamilyMappings,,self,,,true,Angular and ArcLength must map to angular family.,4,3,
tests/test_dimension_types_shape_gating.py,TestFamilyMappings.test_spot_shapes_map_to_spot_family,method,150,155,TestFamilyMappings,,self,,,true,Spot elevation/coordinate/slope must map to spot family.,6,5,
tests/test_dimension_types_shape_gating.py,TestFamilyMappings.test_unknown_maps_to_unknown_family,method,157,159,TestFamilyMappings,,self,,,true,Unknown shape must map to unknown family.,3,2,
tests/test_dimension_types_shape_gating.py,TestSplitDomainPolicies,class,166,234,<module>,,,,,true,Test join key policies for each split dimension_types domain.,69,1,"_load_policy,test_linear_policy_has_witness_line_control,test_radial_policy_has_center_marks,test_angular_policy_has_unit_format_id,test_diameter_policy_exists,test_spot_elevation_policy_exists,test_spot_coordinate_policy_exists,test_spot_slope_policy_exists,test_all_split_domains_have_schemas"
tests/test_dimension_types_shape_gating.py,TestSplitDomainPolicies._load_policy,method,169,172,TestSplitDomainPolicies,,"self, domain_name",,,true,Load join key policy for a specific split domain.,4,1,
tests/test_dimension_types_shape_gating.py,TestSplitDomainPolicies.test_linear_policy_has_witness_line_control,method,174,180,TestSplitDomainPolicies,,self,,,true,Linear domain must require witness_line_control.,7,5,
tests/test_dimension_types_shape_gating.py,TestSplitDomainPolicies.test_radial_policy_has_center_marks,method,182,187,TestSplitDomainPolicies,,self,,,true,Radial domain must require center_marks and center_mark_size.,6,4,
tests/test_dimension_types_shape_gating.py,TestSplitDomainPolicies.test_angular_policy_has_unit_format_id,method,189,193,TestSplitDomainPolicies,,self,,,true,Angular domain must require unit_format_id.,5,3,
tests/test_dimension_types_shape_gating.py,TestSplitDomainPolicies.test_diameter_policy_exists,method,195,199,TestSplitDomainPolicies,,self,,,true,Diameter domain must have a valid policy.,5,3,
tests/test_dimension_types_shape_gating.py,TestSplitDomainPolicies.test_spot_elevation_policy_exists,method,201,205,TestSplitDomainPolicies,,self,,,true,Spot elevation domain must have a valid policy.,5,3,
tests/test_dimension_types_shape_gating.py,TestSplitDomainPolicies.test_spot_coordinate_policy_exists,method,207,211,TestSplitDomainPolicies,,self,,,true,Spot coordinate domain must have a valid policy.,5,3,
tests/test_dimension_types_shape_gating.py,TestSplitDomainPolicies.test_spot_slope_policy_exists,method,213,217,TestSplitDomainPolicies,,self,,,true,Spot slope domain must have a valid policy.,5,3,
tests/test_dimension_types_shape_gating.py,TestSplitDomainPolicies.test_all_split_domains_have_schemas,method,219,234,TestSplitDomainPolicies,,self,,,true,All split dimension_types domains must have valid join_key_schema.,16,4,
tests/test_dimension_types_shape_gating.py,TestPolicyLoadPattern,class,241,246,<module>,,,,,true,Documented integration test patterns for full Revit validation.,6,1,test_policy_load_integration_pattern
tests/test_dimension_types_shape_gating.py,TestPolicyLoadPattern.test_policy_load_integration_pattern,method,244,246,TestPolicyLoadPattern,,self,,,true,Policy load integration pattern placeholder.,3,2,
tests/test_dimension_types_shape_gating.py,TestCanonicalEvidenceSelectors,class,249,284,<module>,,,,,true,Pilot checks for canonical evidence + selectors behavior (new flat policies).,36,1,test_linear_join_key_uses_required_keys_only
tests/test_dimension_types_shape_gating.py,TestCanonicalEvidenceSelectors.test_linear_join_key_uses_required_keys_only,method,252,284,TestCanonicalEvidenceSelectors,,self,,,true,Linear domain: join key must include all required items and exclude optional.,33,7,
tests/test_discover_hash_policy.py,<module>,module,1,220,,,,,,false,,220,1,"_write_csv,test_discover_hash_policy_join_and_sig,test_validate_marks_blocked_when_required_fields_missing_from_selected,test_validate_pareto_auto_bumps_max_k_to_required_count,test_phase0_dir_can_be_results_root,test_phase0_dir_auto_resolves_results_records,test_phase0_dir_auto_resolves_records_subfolder,test_out_policy_creates_parent_directories,test_loaded_family_types_skips_orphan_gate_buckets,test_loaded_family_types_surfaces_missing_shape_gate_records,test_stratify_by_limits_overrepresentation"
tests/test_discover_hash_policy.py,_write_csv,function,6,9,<module>,,"path: Path, fields, rows",,,false,,4,2,
tests/test_discover_hash_policy.py,test_discover_hash_policy_join_and_sig,function,12,32,<module>,,tmp_path: Path,,,false,,21,9,
tests/test_discover_hash_policy.py,test_validate_marks_blocked_when_required_fields_missing_from_selected,function,35,55,<module>,,tmp_path: Path,,,false,,21,4,
tests/test_discover_hash_policy.py,test_validate_pareto_auto_bumps_max_k_to_required_count,function,58,82,<module>,,tmp_path: Path,,,false,,25,4,
tests/test_discover_hash_policy.py,test_phase0_dir_can_be_results_root,function,85,103,<module>,,tmp_path: Path,,,false,,19,6,
tests/test_discover_hash_policy.py,test_phase0_dir_auto_resolves_results_records,function,106,119,<module>,,tmp_path: Path,,,false,,14,2,
tests/test_discover_hash_policy.py,test_phase0_dir_auto_resolves_records_subfolder,function,122,135,<module>,,tmp_path: Path,,,false,,14,2,
tests/test_discover_hash_policy.py,test_out_policy_creates_parent_directories,function,138,151,<module>,,tmp_path: Path,,,false,,14,2,
tests/test_discover_hash_policy.py,test_loaded_family_types_skips_orphan_gate_buckets,function,154,172,<module>,,tmp_path: Path,,,false,,19,5,
tests/test_discover_hash_policy.py,test_loaded_family_types_surfaces_missing_shape_gate_records,function,175,193,<module>,,tmp_path: Path,,,false,,19,5,
tests/test_discover_hash_policy.py,test_stratify_by_limits_overrepresentation,function,196,220,<module>,,tmp_path: Path,,,true,Stratified sampling gives each family equal weight regardless of type count.,25,10,
tests/test_discover_join_policy_verification.py,<module>,module,1,622,,,,,,false,,622,1,"_write_csv,_items_row,test_full_population_verify_detects_fragmentation_sample_missed,test_full_population_verify_no_divergence_when_full_matches_sample,test_full_population_verify_flags_collision_rate_delta_above_threshold,test_full_population_verify_flags_coverage_collapse_even_with_zero_collision_and_fragmentation,test_full_population_verify_no_divergence_for_coverage_drop_within_threshold,test_stratified_sample_by_file_id_balances_across_files,test_stratified_sample_by_file_id_is_deterministic,test_stratified_sample_falls_back_to_flat_when_key_uncovered,test_stratified_sample_survivors_are_not_lexicographically_first_group_when_groups_exceed_cap,test_stratified_sample_group_selection_varies_by_seed_when_groups_exceed_cap,test_stratified_sample_does_not_starve_records_missing_the_stratifier,test_stratified_sample_ungrouped_stratum_is_deterministic,test_full_verify_columns_present_by_default,test_no_full_verify_flag_skips_verification,test_stratify_by_file_id_end_to_end,test_discover_greedy_seeds_selected_with_required_fields,test_discover_greedy_without_required_fields_behaves_as_before,test_discover_greedy_required_seed_still_scores_challengers,test_full_population_verify_uses_same_effective_gates_as_greedy_search,test_full_population_verify_stays_consistent_with_fixed_pareto_search,test_out_policy_excludes_candidate_that_diverges_on_full_population,test_validate_mode_blocked_when_required_field_absent_from_data,test_validate_mode_not_blocked_when_required_field_ranked_below_candidate_cap,test_stratified_sample_tops_up_from_ungrouped_remainder_when_groups_are_small,test_rank_all_is_deterministic_full_sort,test_diagnostics_domain_suffix_empty_when_unscoped,test_diagnostics_domain_suffix_short_domain_list,test_diagnostics_domain_suffix_falls_back_to_hash_for_long_lists,test_diagnostics_domain_suffix_includes_policy_modes_to_avoid_split_run_collisions,test_discover_join_policy_scoped_run_does_not_clobber_unscoped_filenames"
tests/test_discover_join_policy_verification.py,_write_csv,function,13,18,<module>,,"path: Path, fields, rows",,,false,,6,2,
tests/test_discover_join_policy_verification.py,_items_row,function,25,26,<module>,,"pk, k, v, q = 'ok'",,,false,,2,1,
tests/test_discover_join_policy_verification.py,test_full_population_verify_detects_fragmentation_sample_missed,function,29,46,<module>,,,,,false,,18,3,
tests/test_discover_join_policy_verification.py,test_full_population_verify_no_divergence_when_full_matches_sample,function,49,62,<module>,,,,,false,,14,3,
tests/test_discover_join_policy_verification.py,test_full_population_verify_flags_collision_rate_delta_above_threshold,function,65,82,<module>,,,,,false,,18,4,
tests/test_discover_join_policy_verification.py,test_full_population_verify_flags_coverage_collapse_even_with_zero_collision_and_fragmentation,function,85,105,<module>,,,,,false,,21,6,
tests/test_discover_join_policy_verification.py,test_full_population_verify_no_divergence_for_coverage_drop_within_threshold,function,108,122,<module>,,,,,false,,15,5,
tests/test_discover_join_policy_verification.py,test_stratified_sample_by_file_id_balances_across_files,function,130,138,<module>,,,,,false,,9,5,
tests/test_discover_join_policy_verification.py,test_stratified_sample_by_file_id_is_deterministic,function,141,145,<module>,,,,,false,,5,5,
tests/test_discover_join_policy_verification.py,test_stratified_sample_falls_back_to_flat_when_key_uncovered,function,148,152,<module>,,,,,false,,5,3,
tests/test_discover_join_policy_verification.py,test_stratified_sample_survivors_are_not_lexicographically_first_group_when_groups_exceed_cap,function,155,165,<module>,,,,,false,,11,5,
tests/test_discover_join_policy_verification.py,test_stratified_sample_group_selection_varies_by_seed_when_groups_exceed_cap,function,168,174,<module>,,,,,false,,7,5,
tests/test_discover_join_policy_verification.py,test_stratified_sample_does_not_starve_records_missing_the_stratifier,function,177,188,<module>,,,,,false,,12,7,
tests/test_discover_join_policy_verification.py,test_stratified_sample_ungrouped_stratum_is_deterministic,function,191,196,<module>,,,,,false,,6,6,
tests/test_discover_join_policy_verification.py,test_full_verify_columns_present_by_default,function,203,226,<module>,,tmp_path: Path,,,false,,24,7,
tests/test_discover_join_policy_verification.py,test_no_full_verify_flag_skips_verification,function,229,246,<module>,,tmp_path: Path,,,false,,18,4,
tests/test_discover_join_policy_verification.py,test_stratify_by_file_id_end_to_end,function,249,268,<module>,,tmp_path: Path,,,false,,20,7,
tests/test_discover_join_policy_verification.py,test_discover_greedy_seeds_selected_with_required_fields,function,278,290,<module>,,,,,false,,13,2,
tests/test_discover_join_policy_verification.py,test_discover_greedy_without_required_fields_behaves_as_before,function,293,303,<module>,,,,,false,,11,2,
tests/test_discover_join_policy_verification.py,test_discover_greedy_required_seed_still_scores_challengers,function,306,331,<module>,,,,,false,,26,3,
tests/test_discover_join_policy_verification.py,test_full_population_verify_uses_same_effective_gates_as_greedy_search,function,334,374,<module>,,tmp_path: Path,,,false,,41,7,
tests/test_discover_join_policy_verification.py,test_full_population_verify_stays_consistent_with_fixed_pareto_search,function,377,419,<module>,,tmp_path: Path,,,false,,43,7,
tests/test_discover_join_policy_verification.py,test_out_policy_excludes_candidate_that_diverges_on_full_population,function,422,457,<module>,,tmp_path: Path,,,false,,36,5,
tests/test_discover_join_policy_verification.py,test_validate_mode_blocked_when_required_field_absent_from_data,function,469,494,<module>,,tmp_path: Path,,,false,,26,5,
tests/test_discover_join_policy_verification.py,test_validate_mode_not_blocked_when_required_field_ranked_below_candidate_cap,function,497,535,<module>,,tmp_path: Path,,,false,,39,4,
tests/test_discover_join_policy_verification.py,test_stratified_sample_tops_up_from_ungrouped_remainder_when_groups_are_small,function,545,549,<module>,,,,,false,,5,3,
tests/test_discover_join_policy_verification.py,test_rank_all_is_deterministic_full_sort,function,552,558,<module>,,,,,false,,7,9,
tests/test_discover_join_policy_verification.py,test_diagnostics_domain_suffix_empty_when_unscoped,function,567,568,<module>,,,,,false,,2,2,
tests/test_discover_join_policy_verification.py,test_diagnostics_domain_suffix_short_domain_list,function,571,573,<module>,,,,,false,,3,3,
tests/test_discover_join_policy_verification.py,test_diagnostics_domain_suffix_falls_back_to_hash_for_long_lists,function,576,580,<module>,,,,,false,,5,4,
tests/test_discover_join_policy_verification.py,test_diagnostics_domain_suffix_includes_policy_modes_to_avoid_split_run_collisions,function,583,593,<module>,,,,,false,,11,5,
tests/test_discover_join_policy_verification.py,test_discover_join_policy_scoped_run_does_not_clobber_unscoped_filenames,function,596,622,<module>,,tmp_path: Path,,,false,,27,4,
tests/test_discover_vfd_edges.py,<module>,module,1,853,,,,,,false,,853,1,"read_csv,test_discover_vfd_edges_resolves_builtin_and_groups_edge,test_discover_vfd_edges_without_shared_names_keeps_guid_out_of_edges,test_discover_vfd_edges_filters_hint_comments_and_exact_bip_lookup,test_generated_dynamic_edges_include_category_id_for_reference_graph,test_discover_vfd_edges_keeps_same_name_param_categories_separate,test_discover_vfd_edges_applies_threshold_after_category_aggregation,test_discover_vfd_edges_emits_multi_domain_conflict_rows,test_discover_vfd_edges_gaps_multi_domain_identity_items_missing,test_discover_vfd_edges_skips_edges_without_category_scope,test_discover_vfd_edges_ignores_unusable_category_rows,test_discover_vfd_edges_ignores_unusable_param_ref_rows_with_item_quality,test_discover_vfd_edges_category_file_count_controls_generator_threshold,_write_unresolved_guid_inputs,test_dump_unresolved_files_writes_csv_and_summary,test_dump_unresolved_files_sort_order,test_dump_unresolved_files_requires_file_metadata,test_without_dump_unresolved_files_behavior_unchanged"
tests/test_discover_vfd_edges.py,read_csv,function,11,13,<module>,,path,,,false,,3,2,
tests/test_discover_vfd_edges.py,test_discover_vfd_edges_resolves_builtin_and_groups_edge,function,16,68,<module>,,tmp_path,,,false,,53,12,
tests/test_discover_vfd_edges.py,test_discover_vfd_edges_without_shared_names_keeps_guid_out_of_edges,function,71,107,<module>,,tmp_path,,,false,,37,5,
tests/test_discover_vfd_edges.py,test_discover_vfd_edges_filters_hint_comments_and_exact_bip_lookup,function,111,170,<module>,,tmp_path,,,false,,60,12,
tests/test_discover_vfd_edges.py,test_generated_dynamic_edges_include_category_id_for_reference_graph,function,172,246,<module>,,tmp_path,,,false,,75,8,
tests/test_discover_vfd_edges.py,test_discover_vfd_edges_keeps_same_name_param_categories_separate,function,249,297,<module>,,tmp_path,,,false,,49,7,
tests/test_discover_vfd_edges.py,test_discover_vfd_edges_applies_threshold_after_category_aggregation,function,300,342,<module>,,tmp_path,,,false,,43,7,
tests/test_discover_vfd_edges.py,test_discover_vfd_edges_emits_multi_domain_conflict_rows,function,345,396,<module>,,tmp_path,,,false,,52,11,
tests/test_discover_vfd_edges.py,test_discover_vfd_edges_gaps_multi_domain_identity_items_missing,function,399,448,<module>,,tmp_path,,,false,,50,12,
tests/test_discover_vfd_edges.py,test_discover_vfd_edges_skips_edges_without_category_scope,function,451,489,<module>,,tmp_path,,,false,,39,5,
tests/test_discover_vfd_edges.py,test_discover_vfd_edges_ignores_unusable_category_rows,function,492,532,<module>,,tmp_path,,,false,,41,6,
tests/test_discover_vfd_edges.py,test_discover_vfd_edges_ignores_unusable_param_ref_rows_with_item_quality,function,535,574,<module>,,tmp_path,,,false,,40,5,
tests/test_discover_vfd_edges.py,test_discover_vfd_edges_category_file_count_controls_generator_threshold,function,577,636,<module>,,tmp_path,,,false,,60,6,
tests/test_discover_vfd_edges.py,_write_unresolved_guid_inputs,function,639,661,<module>,,items_dir,,,false,,23,1,
tests/test_discover_vfd_edges.py,test_dump_unresolved_files_writes_csv_and_summary,function,664,737,<module>,,tmp_path,,,false,,74,23,
tests/test_discover_vfd_edges.py,test_dump_unresolved_files_sort_order,function,740,789,<module>,,tmp_path,,,false,,50,6,
tests/test_discover_vfd_edges.py,test_dump_unresolved_files_requires_file_metadata,function,792,821,<module>,,tmp_path,,,false,,30,3,
tests/test_discover_vfd_edges.py,test_without_dump_unresolved_files_behavior_unchanged,function,824,853,<module>,,tmp_path,,,false,,30,4,
tests/test_dynamo_bootstrap.py,<module>,module,1,174,,,,,,true,Pure-Python tests for mapping/_dynamo_bootstrap.py.,174,2,"test_looks_like_repo_root_true_for_real_checkout,test_looks_like_repo_root_false_for_bogus_path,test_resolve_repo_root_explicit_valid_wins_over_env,test_resolve_repo_root_explicit_bad_raises_not_silently_falls_back,test_resolve_repo_root_env_var_priority,test_resolve_repo_root_falls_back_to_module_file,test_resolve_repo_root_raises_when_nothing_resolves,test_purge_repo_modules_removes_matching_prefixes_only,test_purge_repo_modules_custom_prefixes,test_promote_on_sys_path_inserts_at_front,test_promote_on_sys_path_moves_existing_entry_to_front,test_bootstrap_without_revit_references_returns_repo_root,test_bootstrap_purges_stale_modules_before_promoting"
tests/test_dynamo_bootstrap.py,test_looks_like_repo_root_true_for_real_checkout,function,29,30,<module>,,,,,false,,2,2,
tests/test_dynamo_bootstrap.py,test_looks_like_repo_root_false_for_bogus_path,function,33,34,<module>,,tmp_path,,,false,,2,2,
tests/test_dynamo_bootstrap.py,test_resolve_repo_root_explicit_valid_wins_over_env,function,37,43,<module>,,"monkeypatch, tmp_path",,,false,,7,2,
tests/test_dynamo_bootstrap.py,test_resolve_repo_root_explicit_bad_raises_not_silently_falls_back,function,46,54,<module>,,"monkeypatch, tmp_path",,,false,,9,2,
tests/test_dynamo_bootstrap.py,test_resolve_repo_root_env_var_priority,function,57,66,<module>,,"monkeypatch, tmp_path",,,false,,10,2,
tests/test_dynamo_bootstrap.py,test_resolve_repo_root_falls_back_to_module_file,function,69,74,<module>,,monkeypatch,,,false,,6,2,
tests/test_dynamo_bootstrap.py,test_resolve_repo_root_raises_when_nothing_resolves,function,77,83,<module>,,monkeypatch,,,false,,7,2,
tests/test_dynamo_bootstrap.py,test_purge_repo_modules_removes_matching_prefixes_only,function,90,108,<module>,,,,,false,,19,7,
tests/test_dynamo_bootstrap.py,test_purge_repo_modules_custom_prefixes,function,111,121,<module>,,,,,false,,11,4,
tests/test_dynamo_bootstrap.py,test_promote_on_sys_path_inserts_at_front,function,128,138,<module>,,tmp_path,,,false,,11,6,
tests/test_dynamo_bootstrap.py,test_promote_on_sys_path_moves_existing_entry_to_front,function,141,152,<module>,,tmp_path,,,false,,12,7,
tests/test_dynamo_bootstrap.py,test_bootstrap_without_revit_references_returns_repo_root,function,159,165,<module>,,monkeypatch,,,false,,7,3,
tests/test_dynamo_bootstrap.py,test_bootstrap_purges_stale_modules_before_promoting,function,168,174,<module>,,monkeypatch,,,false,,7,3,
tests/test_enterprise_policy.py,<module>,module,1,63,,,,,,false,,63,1,"test_default_enterprise_label_is_synthetic,test_policy_file_and_cli_precedence,test_blank_override_rejected,test_policy_provenance_records_effective_configuration,test_policy_instances_are_immutable_serializable_and_do_not_leak_state,test_malformed_schema_and_invalid_bookkeeping_token_are_rejected,test_policy_file_path_is_memory_only_provenance_is_safe"
tests/test_enterprise_policy.py,test_default_enterprise_label_is_synthetic,function,7,9,<module>,,,,,false,,3,3,
tests/test_enterprise_policy.py,test_policy_file_and_cli_precedence,function,11,17,<module>,,tmp_path,,,false,,7,3,
tests/test_enterprise_policy.py,test_blank_override_rejected,function,19,21,<module>,,,,,false,,3,2,
tests/test_enterprise_policy.py,test_policy_provenance_records_effective_configuration,function,23,34,<module>,,tmp_path,,,false,,12,4,
tests/test_enterprise_policy.py,test_policy_instances_are_immutable_serializable_and_do_not_leak_state,function,36,44,<module>,,,,,false,,9,5,
tests/test_enterprise_policy.py,test_malformed_schema_and_invalid_bookkeeping_token_are_rejected,function,47,54,<module>,,tmp_path,,,false,,8,3,
tests/test_enterprise_policy.py,test_policy_file_path_is_memory_only_provenance_is_safe,function,57,63,<module>,,tmp_path,,,false,,7,3,
tests/test_export_bundle_pattern_detail_quality_resolution.py,<module>,module,1,82,,,,,,true,Regression test for tools/export_bundle_pattern_detail.py::_iter_identity_csv's,82,1,"_write_csv,test_v21_schema_reads_quality_from_item_value_type_when_role_blank,test_v21_schema_ignores_item_role_even_when_populated,test_legacy_kvq_schema_unaffected"
tests/test_export_bundle_pattern_detail_quality_resolution.py,_write_csv,function,27,31,<module>,,"path, fieldnames, rows",,,false,,5,2,
tests/test_export_bundle_pattern_detail_quality_resolution.py,test_v21_schema_reads_quality_from_item_value_type_when_role_blank,function,34,49,<module>,,tmp_path,,,false,,16,5,
tests/test_export_bundle_pattern_detail_quality_resolution.py,test_v21_schema_ignores_item_role_even_when_populated,function,52,69,<module>,,tmp_path,,,false,,18,3,
tests/test_export_bundle_pattern_detail_quality_resolution.py,test_legacy_kvq_schema_unaffected,function,72,82,<module>,,tmp_path,,,false,,11,4,
tests/test_export_layer_stacks.py,<module>,module,1,305,,,,,,true,Tests for the layer_stacks emit type in export_to_flat_tables.py.,305,2,"_write_fingerprint,_make_layer_row,_make_wall_record,_run_export,_read_csv,test_layer_stacks_basic,test_layer_stacks_type_count_deduplication,test_layer_stacks_multiple_domains,test_layer_stacks_not_in_default_emit,test_layer_stacks_split_by_domain,test_layer_stacks_total_thickness_excludes_core_boundary,test_layer_stacks_records_without_layer_rows_ignored"
tests/test_export_layer_stacks.py,_write_fingerprint,function,19,20,<module>,,"path: Path, payload: dict",,None,false,,2,1,
tests/test_export_layer_stacks.py,_make_layer_row,function,23,44,<module>,,"layer_index: int, is_core_boundary: bool = False, function: str = 'Structure [1]', thickness_in: float = 0.5, material_name: str = 'Concrete', material_class: str = 'Concrete'",,"Dict[str, Any]",false,,22,1,
tests/test_export_layer_stacks.py,_make_wall_record,function,47,72,<module>,,"record_id: str, stack_hash_loose: str, stack_hash_strict: str, stack_hash_function_only: str, layer_rows: List[Dict[str, Any]]",,"Dict[str, Any]",false,,26,1,
tests/test_export_layer_stacks.py,_run_export,function,75,90,<module>,,"root_dir: Path, out_dir: Path, emit: str = 'layer_stacks', extra_args: List[str] = None, monkeypatch = None",,None,false,,16,3,
tests/test_export_layer_stacks.py,_read_csv,function,93,95,<module>,,path: Path,,"List[Dict[str, str]]",false,,3,2,
tests/test_export_layer_stacks.py,test_layer_stacks_basic,function,100,143,<module>,,tmp_path: Path,,None,true,Single type with simple layers emits one stack row and correct layer rows.,44,20,
tests/test_export_layer_stacks.py,test_layer_stacks_type_count_deduplication,function,146,172,<module>,,tmp_path: Path,,None,true,Two types sharing the same stack_hash_loose collapse to one stack row with type_count=2.,27,4,
tests/test_export_layer_stacks.py,test_layer_stacks_multiple_domains,function,175,211,<module>,,tmp_path: Path,,None,true,wall_types and floor_types each emit separate rows distinguished by domain.,37,4,_make_floor_record
tests/test_export_layer_stacks.py,test_layer_stacks_multiple_domains._make_floor_record,nested_function,181,191,test_layer_stacks_multiple_domains,,"record_id: str, loose: str",,"Dict[str, Any]",false,,11,1,
tests/test_export_layer_stacks.py,test_layer_stacks_not_in_default_emit,function,214,232,<module>,,tmp_path: Path,,None,true,layer_stacks is NOT written when --emit uses the default set.,19,4,
tests/test_export_layer_stacks.py,test_layer_stacks_split_by_domain,function,235,253,<module>,,tmp_path: Path,,None,true,"With --split_by_domain, per-domain layer files are written.",19,4,
tests/test_export_layer_stacks.py,test_layer_stacks_total_thickness_excludes_core_boundary,function,256,280,<module>,,tmp_path: Path,,None,true,total_thickness_in sums only non-core-boundary layers.,25,4,
tests/test_export_layer_stacks.py,test_layer_stacks_records_without_layer_rows_ignored,function,283,302,<module>,,tmp_path: Path,,None,true,"Records without layer_rows (e.g., identity domain) do not produce stack rows.",20,3,
tests/test_extractor_unit_system.py,<module>,module,1,57,,,,,,false,,57,1,"_length_record,_legacy_length_record,_payload,test_accepts_plural_meters,test_continues_after_unrecognized_or_missing_unit_type_id,test_accepts_degraded_records,test_broader_length_unit_matching,test_falls_back_to_legacy_identity_basis_shape"
tests/test_extractor_unit_system.py,_length_record,function,4,13,<module>,,"unit_type_id, status = 'ok'",,,true,Canonical flat-`items` shape -- what runner/run_dynamo.py's,10,2,
tests/test_extractor_unit_system.py,_legacy_length_record,function,16,22,<module>,,"unit_type_id, status = 'ok'",,,true,"Pre-canonicalization identity_basis shape, kept only for the fallback",7,2,
tests/test_extractor_unit_system.py,_payload,function,25,26,<module>,,records,,,false,,2,1,
tests/test_extractor_unit_system.py,test_accepts_plural_meters,function,29,31,<module>,,,,,false,,3,2,
tests/test_extractor_unit_system.py,test_continues_after_unrecognized_or_missing_unit_type_id,function,34,40,<module>,,,,,false,,7,2,
tests/test_extractor_unit_system.py,test_accepts_degraded_records,function,43,45,<module>,,,,,false,,3,2,
tests/test_extractor_unit_system.py,test_broader_length_unit_matching,function,48,52,<module>,,,,,false,,5,3,
tests/test_extractor_unit_system.py,test_falls_back_to_legacy_identity_basis_shape,function,55,57,<module>,,,,,false,,3,2,
tests/test_fill_patterns_canonical_selectors.py,<module>,module,1,94,,,,,,false,,94,1,"test_fill_patterns_drafting_join_key_uses_policy_required_keys_only,test_fill_patterns_model_join_key_uses_policy_required_keys_only,test_fill_pattern_ctx_contract_exports_specials_and_preserves_uid_map"
tests/test_fill_patterns_canonical_selectors.py,test_fill_patterns_drafting_join_key_uses_policy_required_keys_only,function,9,43,<module>,,,,,false,,35,7,
tests/test_fill_patterns_canonical_selectors.py,test_fill_patterns_model_join_key_uses_policy_required_keys_only,function,46,71,<module>,,,,,false,,26,3,
tests/test_fill_patterns_canonical_selectors.py,test_fill_pattern_ctx_contract_exports_specials_and_preserves_uid_map,function,74,94,<module>,,,,,false,,21,8,
tests/test_fill_patterns_is_import_coercion.py,<module>,module,1,138,,,,,,true,Regression test for the fill_pattern.is_import bool -> string coercion bug.,138,1,"_Id,_FillPatternDef,_FillPatternElem,_module,_coordination_item,test_extract_drafting_is_import_direct_attribute_true_is_string_not_bool,test_extract_drafting_is_import_direct_attribute_false_is_string_not_bool,test_extract_drafting_is_import_name_regex_match_is_string_not_bool,test_extract_model_is_import_direct_attribute_is_string_not_bool,test_extract_model_is_import_name_regex_match_is_string_not_bool"
tests/test_fill_patterns_is_import_coercion.py,_Id,class,16,18,<module>,,,object,,false,,3,1,__init__
tests/test_fill_patterns_is_import_coercion.py,_Id.__init__,method,17,18,_Id,,"self, i",,,false,,2,1,
tests/test_fill_patterns_is_import_coercion.py,_FillPatternDef,class,21,27,<module>,,,object,,true,Minimal FillPattern double (the object GetFillPattern() returns).,7,1,__init__
tests/test_fill_patterns_is_import_coercion.py,_FillPatternDef.__init__,method,24,27,_FillPatternDef,,"self, target, is_solid = False, grid_count = 0",,,false,,4,1,
tests/test_fill_patterns_is_import_coercion.py,_FillPatternElem,class,30,46,<module>,,,object,,true,Minimal FillPatternElement double -- no Revit API dependency.,17,1,"__init__,GetFillPattern"
tests/test_fill_patterns_is_import_coercion.py,_FillPatternElem.__init__,method,37,43,_FillPatternElem,,"self, elem_id, uid, name, fp, is_imported = None",,,false,,7,2,
tests/test_fill_patterns_is_import_coercion.py,_FillPatternElem.GetFillPattern,method,45,46,_FillPatternElem,,self,,,false,,2,1,
tests/test_fill_patterns_is_import_coercion.py,_module,function,49,50,<module>,,,,,false,,2,1,
tests/test_fill_patterns_is_import_coercion.py,_coordination_item,function,53,55,<module>,,"rec, key",,,false,,3,3,
tests/test_fill_patterns_is_import_coercion.py,test_extract_drafting_is_import_direct_attribute_true_is_string_not_bool,function,58,73,<module>,,,,,false,,16,7,
tests/test_fill_patterns_is_import_coercion.py,test_extract_drafting_is_import_direct_attribute_false_is_string_not_bool,function,76,90,<module>,,,,,false,,15,4,
tests/test_fill_patterns_is_import_coercion.py,test_extract_drafting_is_import_name_regex_match_is_string_not_bool,function,93,106,<module>,,,,,false,,14,4,
tests/test_fill_patterns_is_import_coercion.py,test_extract_model_is_import_direct_attribute_is_string_not_bool,function,109,123,<module>,,,,,false,,15,6,
tests/test_fill_patterns_is_import_coercion.py,test_extract_model_is_import_name_regex_match_is_string_not_bool,function,126,138,<module>,,,,,false,,13,4,
tests/test_fingerprint_export_discovery.py,<module>,module,1,118,,,,,,false,,118,3,"_write_json,_fingerprint_payload,test_iter_export_files_prioritizes_fingerprint_and_uses_none_secondary,test_pick_sample_file_prefers_fingerprint_and_falls_back_to_split,test_detect_surfaces_counts_fingerprint_separately,test_domain_discovery_prefers_fingerprint_candidates,test_load_exports_prefers_fingerprint_files_before_plain_fallback"
tests/test_fingerprint_export_discovery.py,_write_json,function,23,24,<module>,,"path: Path, payload: dict",,None,false,,2,1,
tests/test_fingerprint_export_discovery.py,_fingerprint_payload,function,27,35,<module>,,*domains: str,,dict,false,,9,3,
tests/test_fingerprint_export_discovery.py,test_iter_export_files_prioritizes_fingerprint_and_uses_none_secondary,function,38,55,<module>,,tmp_path: Path,,None,false,,18,10,
tests/test_fingerprint_export_discovery.py,test_pick_sample_file_prefers_fingerprint_and_falls_back_to_split,function,58,79,<module>,,tmp_path: Path,,None,false,,22,5,
tests/test_fingerprint_export_discovery.py,test_detect_surfaces_counts_fingerprint_separately,function,82,90,<module>,,tmp_path: Path,,None,false,,9,4,
tests/test_fingerprint_export_discovery.py,test_domain_discovery_prefers_fingerprint_candidates,function,93,104,<module>,,tmp_path: Path,,None,false,,12,3,
tests/test_fingerprint_export_discovery.py,test_load_exports_prefers_fingerprint_files_before_plain_fallback,function,107,118,<module>,,tmp_path: Path,,None,false,,12,3,
tests/test_generate_governance_narrative_bc_client_sections.py,<module>,module,1,92,,,,,,true,Tests for render_bc_composition_section() / render_client_bc_distribution_section(),92,1,"_bc_client_row,_client_bc_row,test_bc_composition_section_absent_when_no_rows,test_bc_composition_section_lists_clients_by_descending_share,test_client_bc_distribution_section_absent_when_no_rows,test_client_bc_distribution_section_renders_per_bc_rows_when_both_matrices_supplied,test_client_bc_distribution_falls_back_to_business_centers_list_when_bc_matrix_missing,test_client_bc_distribution_no_fallback_bullets_when_business_centers_blank"
tests/test_generate_governance_narrative_bc_client_sections.py,_bc_client_row,function,17,25,<module>,,"bc, client, project_count, project_file_count, pct_bc, pct_client",,,false,,9,1,
tests/test_generate_governance_narrative_bc_client_sections.py,_client_bc_row,function,28,35,<module>,,"client, bc_count, business_centers, project_count, project_file_count",,,false,,8,1,
tests/test_generate_governance_narrative_bc_client_sections.py,test_bc_composition_section_absent_when_no_rows,function,38,39,<module>,,,,,false,,2,2,
tests/test_generate_governance_narrative_bc_client_sections.py,test_bc_composition_section_lists_clients_by_descending_share,function,42,52,<module>,,,,,false,,11,4,
tests/test_generate_governance_narrative_bc_client_sections.py,test_client_bc_distribution_section_absent_when_no_rows,function,55,56,<module>,,,,,false,,2,2,
tests/test_generate_governance_narrative_bc_client_sections.py,test_client_bc_distribution_section_renders_per_bc_rows_when_both_matrices_supplied,function,59,68,<module>,,,,,false,,10,5,
tests/test_generate_governance_narrative_bc_client_sections.py,test_client_bc_distribution_falls_back_to_business_centers_list_when_bc_matrix_missing,function,71,84,<module>,,,,,false,,14,6,
tests/test_generate_governance_narrative_bc_client_sections.py,test_client_bc_distribution_no_fallback_bullets_when_business_centers_blank,function,87,92,<module>,,,,,false,,6,4,
tests/test_generate_governance_narrative_brief.py,<module>,module,1,357,,,,,,true,"Tests for PR4 (interpretation & routing split): render_governance_brief(),",357,1,"_finding,test_brief_states_its_own_convenience_summary_role,test_brief_points_at_interpretation_guide_and_question_routes,test_brief_reports_package_health_and_corpus_counts,test_brief_groups_findings_by_type_with_domain_label,test_brief_omits_empty_sections,test_brief_caps_long_lists_and_points_to_findings_json,test_brief_lists_leadership_questions_as_numbered_list_not_findings,test_brief_includes_low_client_coherence_section,test_brief_does_not_recompute_only_consumes_passed_findings,test_file_inventory_section_omitted_when_no_files,test_file_inventory_section_lists_each_file_with_narrative,test_brief_omits_file_inventory_section_when_absent,test_brief_omits_file_inventory_section_when_files_list_empty,test_brief_includes_file_inventory_section_when_files_present,test_authority_header_points_to_brief_when_interpretation_layer_on,test_authority_header_omits_brief_pointer_when_interpretation_layer_off,test_authority_header_always_points_to_static_docs,test_interpretation_guide_and_question_routes_docs_exist,_summary_row,_pooled_row,_write_csv,_minimal_fixture,_run_main,test_default_invocation_writes_governance_brief,test_no_emit_interpretation_layer_suppresses_brief_but_not_findings,test_no_emit_evidence_package_also_suppresses_brief,test_stale_brief_removed_when_interpretation_layer_turned_off_between_runs,test_stale_brief_removed_when_evidence_package_turned_off_between_runs,test_manifest_records_governance_brief_output,test_manifest_omits_governance_brief_output_when_layer_off,test_evidence_map_governance_brief_present_true_by_default,test_evidence_map_governance_brief_absent_when_layer_off,test_evidence_map_static_docs_present_regardless_of_interpretation_layer_flag,test_evidence_map_related_artifacts_reference_valid_ids_including_pr4"
tests/test_generate_governance_narrative_brief.py,_finding,function,29,42,<module>,,"finding_type, subject_id = 'line_styles', subject_type = 'domain', summary = None, status = 'supported'",,,false,,14,2,
tests/test_generate_governance_narrative_brief.py,test_brief_states_its_own_convenience_summary_role,function,53,56,<module>,,,,,false,,4,3,
tests/test_generate_governance_narrative_brief.py,test_brief_points_at_interpretation_guide_and_question_routes,function,59,64,<module>,,,,,false,,6,5,
tests/test_generate_governance_narrative_brief.py,test_brief_reports_package_health_and_corpus_counts,function,67,70,<module>,,,,,false,,4,3,
tests/test_generate_governance_narrative_brief.py,test_brief_groups_findings_by_type_with_domain_label,function,73,77,<module>,,,,,false,,5,3,
tests/test_generate_governance_narrative_brief.py,test_brief_omits_empty_sections,function,80,83,<module>,,,,,false,,4,3,
tests/test_generate_governance_narrative_brief.py,test_brief_caps_long_lists_and_points_to_findings_json,function,86,92,<module>,,,,,false,,7,4,
tests/test_generate_governance_narrative_brief.py,test_brief_lists_leadership_questions_as_numbered_list_not_findings,function,95,103,<module>,,,,,false,,9,3,
tests/test_generate_governance_narrative_brief.py,test_brief_includes_low_client_coherence_section,function,106,110,<module>,,,,,false,,5,3,
tests/test_generate_governance_narrative_brief.py,test_brief_does_not_recompute_only_consumes_passed_findings,function,113,120,<module>,,,,,true,The brief must reflect exactly the findings list it was given -- no,8,3,
tests/test_generate_governance_narrative_brief.py,test_file_inventory_section_omitted_when_no_files,function,127,129,<module>,,,,,false,,3,3,
tests/test_generate_governance_narrative_brief.py,test_file_inventory_section_lists_each_file_with_narrative,function,132,141,<module>,,,,,false,,10,5,
tests/test_generate_governance_narrative_brief.py,test_brief_omits_file_inventory_section_when_absent,function,144,146,<module>,,,,,false,,3,2,
tests/test_generate_governance_narrative_brief.py,test_brief_omits_file_inventory_section_when_files_list_empty,function,149,151,<module>,,,,,false,,3,2,
tests/test_generate_governance_narrative_brief.py,test_brief_includes_file_inventory_section_when_files_present,function,154,160,<module>,,,,,false,,7,4,
tests/test_generate_governance_narrative_brief.py,test_authority_header_points_to_brief_when_interpretation_layer_on,function,167,170,<module>,,,,,false,,4,2,
tests/test_generate_governance_narrative_brief.py,test_authority_header_omits_brief_pointer_when_interpretation_layer_off,function,173,176,<module>,,,,,false,,4,2,
tests/test_generate_governance_narrative_brief.py,test_authority_header_always_points_to_static_docs,function,179,188,<module>,,,,,true,"Interpretation guide / question routes are static repo docs, not",10,5,
tests/test_generate_governance_narrative_brief.py,test_interpretation_guide_and_question_routes_docs_exist,function,195,199,<module>,,,,,false,,5,5,
tests/test_generate_governance_narrative_brief.py,_summary_row,function,206,209,<module>,,**overrides,,,false,,4,2,
tests/test_generate_governance_narrative_brief.py,_pooled_row,function,212,215,<module>,,**overrides,,,false,,4,2,
tests/test_generate_governance_narrative_brief.py,_write_csv,function,218,222,<module>,,"path: Path, fields: list, rows: list",,None,false,,5,2,
tests/test_generate_governance_narrative_brief.py,_minimal_fixture,function,225,249,<module>,,tmp_path: Path,,"tuple[Path, Path]",false,,25,1,
tests/test_generate_governance_narrative_brief.py,_run_main,function,252,254,<module>,,"monkeypatch, argv",,,false,,3,1,
tests/test_generate_governance_narrative_brief.py,test_default_invocation_writes_governance_brief,function,257,260,<module>,,"tmp_path, monkeypatch",,,false,,4,2,
tests/test_generate_governance_narrative_brief.py,test_no_emit_interpretation_layer_suppresses_brief_but_not_findings,function,263,269,<module>,,"tmp_path, monkeypatch",,,false,,7,4,
tests/test_generate_governance_narrative_brief.py,test_no_emit_evidence_package_also_suppresses_brief,function,272,276,<module>,,"tmp_path, monkeypatch",,,false,,5,2,
tests/test_generate_governance_narrative_brief.py,test_stale_brief_removed_when_interpretation_layer_turned_off_between_runs,function,279,285,<module>,,"tmp_path, monkeypatch",,,false,,7,3,
tests/test_generate_governance_narrative_brief.py,test_stale_brief_removed_when_evidence_package_turned_off_between_runs,function,288,294,<module>,,"tmp_path, monkeypatch",,,false,,7,3,
tests/test_generate_governance_narrative_brief.py,test_manifest_records_governance_brief_output,function,297,304,<module>,,"tmp_path, monkeypatch",,,false,,8,5,
tests/test_generate_governance_narrative_brief.py,test_manifest_omits_governance_brief_output_when_layer_off,function,307,313,<module>,,"tmp_path, monkeypatch",,,false,,7,3,
tests/test_generate_governance_narrative_brief.py,test_evidence_map_governance_brief_present_true_by_default,function,316,322,<module>,,"tmp_path, monkeypatch",,,false,,7,4,
tests/test_generate_governance_narrative_brief.py,test_evidence_map_governance_brief_absent_when_layer_off,function,325,332,<module>,,"tmp_path, monkeypatch",,,false,,8,4,
tests/test_generate_governance_narrative_brief.py,test_evidence_map_static_docs_present_regardless_of_interpretation_layer_flag,function,335,347,<module>,,"tmp_path, monkeypatch",,,true,The interpretation guide / question routes docs ship with the repo --,13,6,
tests/test_generate_governance_narrative_brief.py,test_evidence_map_related_artifacts_reference_valid_ids_including_pr4,function,350,357,<module>,,"tmp_path, monkeypatch",,,false,,8,5,
tests/test_generate_governance_narrative_classification.py,<module>,module,1,797,,,,,,true,Tests for discipline-vocabulary and client-sector classification in,797,1,"_summary_row,_pooled_row,test_disc_label_uses_override_for_known_discipline,test_disc_label_humanizes_unknown_discipline,test_render_discipline_section_includes_disciplines_beyond_disc_labels,test_load_client_sectors_empty_when_absent,test_load_client_sectors_builds_map,_client_fixture,test_known_healthcare_client_is_flagged_healthcare,test_known_non_healthcare_sector_gets_non_comparable_tier,test_unclassified_client_falls_through_to_normal_tiering,test_cascade_cross_client_jaccard_uses_sector_map,test_default_client_sector_path_exists_and_loads,test_unclassified_client_not_treated_as_confirmed_non_healthcare,test_within_client_sibling_projects_excluded_from_cross_client_xc,test_cascade_cross_client_requires_both_healthcare_like_sibling_projects,test_cascade_cross_client_feeds_xc_when_both_sides_healthcare,test_cascade_cross_client_and_sibling_projects_both_feed_xc,test_cascade_cross_client_excludes_pair_with_one_non_healthcare_side,test_build_client_summary_xc_mean_uses_cross_client_rows,test_build_client_summary_xc_mean_uses_client_label_not_segment_id_shape,test_build_client_summary_backfills_n_files_for_cross_client_only_clients,test_within_client_cross_client_like_pair_excluded_from_xc_mean,test_build_client_summary_excludes_confirmed_non_healthcare_partner_from_xc_mean,test_build_client_summary_unclassified_partner_still_feeds_xc_mean,test_build_client_summary_excludes_policy_excluded_domain_from_xc_mean,test_non_project_within_project_rows_excluded_from_client_summary,test_xc_mean_reads_used_union_jaccard_not_pairwise_mean,test_wp_mean_reads_used_union_jaccard_and_exposes_all_view_companion,test_cascade_xc_reads_used_union_jaccard_with_distinct_all_view_companion,test_cascade_wp_all_and_wp_used_stay_a_true_all_used_pair_not_flipped,test_cascade_wp_falls_back_to_pairwise_when_union_blank_real_producer_shape,test_wp_by_client_falls_back_to_pairwise_when_union_blank_real_producer_shape,test_disc_domain_wp_falls_back_to_pairwise_when_union_blank_real_producer_shape,test_xc_does_not_fall_back_to_pairwise_when_union_blank,test_disc_domain_wp_keeps_all_view_primary_for_non_project_within_project_rows,test_disc_domain_wp_labels_non_project_discipline_as_all_view_not_active_practice,test_disc_domain_wp_labels_mixed_project_and_non_project_discipline"
tests/test_generate_governance_narrative_classification.py,_summary_row,function,29,32,<module>,,**overrides,,,false,,4,2,
tests/test_generate_governance_narrative_classification.py,_pooled_row,function,35,38,<module>,,**overrides,,,false,,4,2,
tests/test_generate_governance_narrative_classification.py,test_disc_label_uses_override_for_known_discipline,function,45,46,<module>,,,,,false,,2,2,
tests/test_generate_governance_narrative_classification.py,test_disc_label_humanizes_unknown_discipline,function,49,52,<module>,,,,,false,,4,4,
tests/test_generate_governance_narrative_classification.py,test_render_discipline_section_includes_disciplines_beyond_disc_labels,function,55,74,<module>,,,,,true,lighting/medical_equipment/security are real disciplines not in DISC_LABELS',20,6,
tests/test_generate_governance_narrative_classification.py,test_load_client_sectors_empty_when_absent,function,81,83,<module>,,,,,false,,3,3,
tests/test_generate_governance_narrative_classification.py,test_load_client_sectors_builds_map,function,86,91,<module>,,,,,false,,6,2,
tests/test_generate_governance_narrative_classification.py,_client_fixture,function,94,111,<module>,,client_names,,,false,,18,2,
tests/test_generate_governance_narrative_classification.py,test_known_healthcare_client_is_flagged_healthcare,function,114,120,<module>,,,,,false,,7,5,
tests/test_generate_governance_narrative_classification.py,test_known_non_healthcare_sector_gets_non_comparable_tier,function,123,129,<module>,,,,,false,,7,5,
tests/test_generate_governance_narrative_classification.py,test_unclassified_client_falls_through_to_normal_tiering,function,132,142,<module>,,,,,true,A client absent from sector_map (or sector_map entirely absent) must NOT,11,6,
tests/test_generate_governance_narrative_classification.py,test_cascade_cross_client_jaccard_uses_sector_map,function,145,166,<module>,,,,,false,,22,2,
tests/test_generate_governance_narrative_classification.py,test_default_client_sector_path_exists_and_loads,function,173,180,<module>,,,,,true,Existing invocations that don't pass --client-sector must still pick up,8,4,
tests/test_generate_governance_narrative_classification.py,test_unclassified_client_not_treated_as_confirmed_non_healthcare,function,183,207,<module>,,,,,true,is_healthcare=False alone can't distinguish 'known different sector' from,25,5,
tests/test_generate_governance_narrative_classification.py,test_within_client_sibling_projects_excluded_from_cross_client_xc,function,215,240,<module>,,,,,true,"discover_sibling_segments() groups purely by (parent_segment_id,",26,2,
tests/test_generate_governance_narrative_classification.py,test_cascade_cross_client_requires_both_healthcare_like_sibling_projects,function,247,268,<module>,,,,,true,"cross_client's contribution to xc is gated to both-healthcare pairs,",22,2,
tests/test_generate_governance_narrative_classification.py,test_cascade_cross_client_feeds_xc_when_both_sides_healthcare,function,271,284,<module>,,,,,false,,14,2,
tests/test_generate_governance_narrative_classification.py,test_cascade_cross_client_and_sibling_projects_both_feed_xc,function,287,309,<module>,,,,,false,,23,2,
tests/test_generate_governance_narrative_classification.py,test_cascade_cross_client_excludes_pair_with_one_non_healthcare_side,function,312,333,<module>,,,,,false,,22,2,
tests/test_generate_governance_narrative_classification.py,test_build_client_summary_xc_mean_uses_cross_client_rows,function,336,354,<module>,,,,,true,governance_client_summary.csv's cross_client_similarity_mean must be,19,7,
tests/test_generate_governance_narrative_classification.py,test_build_client_summary_xc_mean_uses_client_label_not_segment_id_shape,function,357,378,<module>,,,,,true,Regression for a Codex review finding on PR #370: xc_by_client/,22,7,
tests/test_generate_governance_narrative_classification.py,test_build_client_summary_backfills_n_files_for_cross_client_only_clients,function,381,402,<module>,,,,,true,Regression for a second Codex review finding on PR #370: a client can,22,7,
tests/test_generate_governance_narrative_classification.py,test_within_client_cross_client_like_pair_excluded_from_xc_mean,function,405,431,<module>,,,,,true,ca != cb must still exclude a within-client pair from xc_by_client/,27,4,
tests/test_generate_governance_narrative_classification.py,test_build_client_summary_excludes_confirmed_non_healthcare_partner_from_xc_mean,function,434,458,<module>,,,,,true,Regression for a fourth Codex review finding on PR #370: cross_client,25,7,
tests/test_generate_governance_narrative_classification.py,test_build_client_summary_unclassified_partner_still_feeds_xc_mean,function,461,479,<module>,,,,,true,"An UNCLASSIFIED client (absent from sector_map, not a KNOWN different",19,4,
tests/test_generate_governance_narrative_classification.py,test_build_client_summary_excludes_policy_excluded_domain_from_xc_mean,function,482,514,<module>,,,,,true,Regression for a seventh Codex review finding on PR #370: xc_by_client,33,4,
tests/test_generate_governance_narrative_classification.py,test_non_project_within_project_rows_excluded_from_client_summary,function,517,534,<module>,,,,,true,discover_within_project() can emit within_project rows for any non-skip/,18,3,
tests/test_generate_governance_narrative_classification.py,test_xc_mean_reads_used_union_jaccard_not_pairwise_mean,function,550,571,<module>,,,,,false,,22,6,
tests/test_generate_governance_narrative_classification.py,test_wp_mean_reads_used_union_jaccard_and_exposes_all_view_companion,function,574,591,<module>,,,,,false,,18,6,
tests/test_generate_governance_narrative_classification.py,test_cascade_xc_reads_used_union_jaccard_with_distinct_all_view_companion,function,594,612,<module>,,,,,false,,19,4,
tests/test_generate_governance_narrative_classification.py,test_cascade_wp_all_and_wp_used_stay_a_true_all_used_pair_not_flipped,function,615,633,<module>,,,,,true,"Unlike xc (no prior used companion), wp_all/wp_used were already a",19,3,
tests/test_generate_governance_narrative_classification.py,test_cascade_wp_falls_back_to_pairwise_when_union_blank_real_producer_shape,function,646,662,<module>,,,,,false,,17,3,
tests/test_generate_governance_narrative_classification.py,test_wp_by_client_falls_back_to_pairwise_when_union_blank_real_producer_shape,function,665,680,<module>,,,,,false,,16,5,
tests/test_generate_governance_narrative_classification.py,test_disc_domain_wp_falls_back_to_pairwise_when_union_blank_real_producer_shape,function,683,697,<module>,,,,,false,,15,3,
tests/test_generate_governance_narrative_classification.py,test_xc_does_not_fall_back_to_pairwise_when_union_blank,function,700,721,<module>,,,,,true,The fallback is within_project-only. cross_client/sibling_projects,22,4,
tests/test_generate_governance_narrative_classification.py,test_disc_domain_wp_keeps_all_view_primary_for_non_project_within_project_rows,function,724,749,<module>,,,,,true,PR #376 P2 review finding: discover_within_project() emits within_project,26,2,
tests/test_generate_governance_narrative_classification.py,test_disc_domain_wp_labels_non_project_discipline_as_all_view_not_active_practice,function,752,770,<module>,,,,,true,"PR #376 review, second P2 finding: the rendered sentence must not claim",19,3,
tests/test_generate_governance_narrative_classification.py,test_disc_domain_wp_labels_mixed_project_and_non_project_discipline,function,773,797,<module>,,,,,true,A discipline fed by both a Project (used-view) row and a Template,25,2,
tests/test_generate_governance_narrative_comparison_registry.py,<module>,module,1,394,,,,,,true,Tests for D-032's comparison-registry input-completeness note:,394,1,"_summary_row,_pooled_row,_registry_row,_gov_state_summary_row,_write_csv,_minimal_fixture,_run_main,test_completeness_present_when_registry_row_matches,test_completeness_missing_when_no_matching_registry_row,test_completeness_stale_when_registry_computed_utc_predates_summary_executed_utc,test_completeness_not_stale_when_registry_computed_utc_is_current,test_completeness_counts_registry_only_entry_as_present_and_stale,test_completeness_registry_only_entry_uses_registry_own_domain_for_grouping,test_completeness_registry_only_entry_with_matching_state_evidence_is_not_stale,test_completeness_registry_only_entry_without_state_evidence_is_still_stale,test_completeness_registry_only_entry_with_state_evidence_is_stale_when_registry_predates_state,test_completeness_registry_only_entry_with_state_evidence_not_stale_when_registry_is_current,test_completeness_state_evidence_uses_newest_timestamp_across_both_state_sources,test_completeness_state_evidence_from_detailed_rows_also_prevents_stale,test_completeness_state_only_key_with_no_registry_or_summary_row_is_counted_missing,test_completeness_summary_row_stale_check_also_considers_newer_state_evidence,test_completeness_ignores_rows_with_no_domain,test_completeness_registry_content_never_appears_in_result,test_health_reports_comparison_registry_absent_when_not_supplied,test_health_reports_comparison_registry_present_and_completeness_when_supplied,test_health_overall_status_degrades_when_comparison_completeness_has_gaps,test_health_overall_status_stays_complete_when_comparison_completeness_has_no_gaps,test_evidence_map_comparison_registry_path_matches_explicit_flag,test_narrative_omits_completeness_note_when_not_supplied,test_narrative_includes_completeness_note_when_supplied_with_gap,test_registry_content_never_reproduced_in_output_package"
tests/test_generate_governance_narrative_comparison_registry.py,_summary_row,function,22,25,<module>,,**overrides,,,false,,4,2,
tests/test_generate_governance_narrative_comparison_registry.py,_pooled_row,function,28,31,<module>,,**overrides,,,false,,4,2,
tests/test_generate_governance_narrative_comparison_registry.py,_registry_row,function,34,37,<module>,,**overrides,,,false,,4,2,
tests/test_generate_governance_narrative_comparison_registry.py,_gov_state_summary_row,function,40,43,<module>,,**overrides,,,false,,4,2,
tests/test_generate_governance_narrative_comparison_registry.py,_write_csv,function,46,50,<module>,,"path: Path, fields: list, rows: list",,None,false,,5,2,
tests/test_generate_governance_narrative_comparison_registry.py,_minimal_fixture,function,53,77,<module>,,tmp_path: Path,,"tuple[Path, Path]",false,,25,1,
tests/test_generate_governance_narrative_comparison_registry.py,_run_main,function,80,82,<module>,,"monkeypatch, argv",,,false,,3,1,
tests/test_generate_governance_narrative_comparison_registry.py,test_completeness_present_when_registry_row_matches,function,89,95,<module>,,,,,false,,7,2,
tests/test_generate_governance_narrative_comparison_registry.py,test_completeness_missing_when_no_matching_registry_row,function,98,102,<module>,,,,,false,,5,2,
tests/test_generate_governance_narrative_comparison_registry.py,test_completeness_stale_when_registry_computed_utc_predates_summary_executed_utc,function,105,111,<module>,,,,,false,,7,2,
tests/test_generate_governance_narrative_comparison_registry.py,test_completeness_not_stale_when_registry_computed_utc_is_current,function,114,120,<module>,,,,,false,,7,2,
tests/test_generate_governance_narrative_comparison_registry.py,test_completeness_counts_registry_only_entry_as_present_and_stale,function,123,132,<module>,,,,,true,PR review finding: a registry stamp with no matching summary row (the,10,2,
tests/test_generate_governance_narrative_comparison_registry.py,test_completeness_registry_only_entry_uses_registry_own_domain_for_grouping,function,135,140,<module>,,,,,false,,6,3,
tests/test_generate_governance_narrative_comparison_registry.py,test_completeness_registry_only_entry_with_matching_state_evidence_is_not_stale,function,143,154,<module>,,,,,true,PR review finding: compare_cross_segment.py legitimately stamps,12,2,
tests/test_generate_governance_narrative_comparison_registry.py,test_completeness_registry_only_entry_without_state_evidence_is_still_stale,function,157,161,<module>,,,,,false,,5,2,
tests/test_generate_governance_narrative_comparison_registry.py,test_completeness_registry_only_entry_with_state_evidence_is_stale_when_registry_predates_state,function,164,176,<module>,,,,,true,PR review finding: an independently supplied registry and state CSV,13,2,
tests/test_generate_governance_narrative_comparison_registry.py,test_completeness_registry_only_entry_with_state_evidence_not_stale_when_registry_is_current,function,179,186,<module>,,,,,false,,8,2,
tests/test_generate_governance_narrative_comparison_registry.py,test_completeness_state_evidence_uses_newest_timestamp_across_both_state_sources,function,189,213,<module>,,,,,true,PR review finding: setdefault() kept whichever of governance_state_rows/,25,2,_gov_state_row
tests/test_generate_governance_narrative_comparison_registry.py,test_completeness_state_evidence_uses_newest_timestamp_across_both_state_sources._gov_state_row,nested_function,197,200,test_completeness_state_evidence_uses_newest_timestamp_across_both_state_sources,,**overrides,,,false,,4,2,
tests/test_generate_governance_narrative_comparison_registry.py,test_completeness_state_evidence_from_detailed_rows_also_prevents_stale,function,216,229,<module>,,,,,false,,14,2,_gov_state_row
tests/test_generate_governance_narrative_comparison_registry.py,test_completeness_state_evidence_from_detailed_rows_also_prevents_stale._gov_state_row,nested_function,219,222,test_completeness_state_evidence_from_detailed_rows_also_prevents_stale,,**overrides,,,false,,4,2,
tests/test_generate_governance_narrative_comparison_registry.py,test_completeness_state_only_key_with_no_registry_or_summary_row_is_counted_missing,function,232,243,<module>,,,,,true,PR review finding: a directed comparison that produced governance-state,12,2,
tests/test_generate_governance_narrative_comparison_registry.py,test_completeness_summary_row_stale_check_also_considers_newer_state_evidence,function,246,259,<module>,,,,,true,PR review finding: when a key has BOTH a summary row and state,14,2,
tests/test_generate_governance_narrative_comparison_registry.py,test_completeness_ignores_rows_with_no_domain,function,262,265,<module>,,,,,false,,4,2,
tests/test_generate_governance_narrative_comparison_registry.py,test_completeness_registry_content_never_appears_in_result,function,268,277,<module>,,,,,true,"Only derived counts, never registry row content (D-032: never",10,2,
tests/test_generate_governance_narrative_comparison_registry.py,test_health_reports_comparison_registry_absent_when_not_supplied,function,284,289,<module>,,"tmp_path, monkeypatch",,,false,,6,3,
tests/test_generate_governance_narrative_comparison_registry.py,test_health_reports_comparison_registry_present_and_completeness_when_supplied,function,292,305,<module>,,"tmp_path, monkeypatch",,,false,,14,4,
tests/test_generate_governance_narrative_comparison_registry.py,test_health_overall_status_degrades_when_comparison_completeness_has_gaps,function,308,321,<module>,,"tmp_path, monkeypatch",,,true,PR review finding: overall_status was computed before,14,4,
tests/test_generate_governance_narrative_comparison_registry.py,test_health_overall_status_stays_complete_when_comparison_completeness_has_no_gaps,function,324,336,<module>,,"tmp_path, monkeypatch",,,false,,13,4,
tests/test_generate_governance_narrative_comparison_registry.py,test_evidence_map_comparison_registry_path_matches_explicit_flag,function,339,356,<module>,,"tmp_path, monkeypatch",,,true,The evidence-map artifact and the health/manifest input tracking must,18,9,
tests/test_generate_governance_narrative_comparison_registry.py,test_narrative_omits_completeness_note_when_not_supplied,function,359,363,<module>,,"tmp_path, monkeypatch",,,false,,5,2,
tests/test_generate_governance_narrative_comparison_registry.py,test_narrative_includes_completeness_note_when_supplied_with_gap,function,366,374,<module>,,"tmp_path, monkeypatch",,,false,,9,3,
tests/test_generate_governance_narrative_comparison_registry.py,test_registry_content_never_reproduced_in_output_package,function,377,394,<module>,,"tmp_path, monkeypatch",,,false,,18,8,
tests/test_generate_governance_narrative_evidence_package.py,<module>,module,1,1058,,,,,,true,Tests for the PR1 governance evidence-package layer wired into,1058,1,"_summary_row,_pooled_row,_delta_row,_gov_state_summary_row,_write_csv,_minimal_fixture,_run_main,test_footer_references_real_generator_identity_not_stale_filename,test_authority_header_states_controlled_interpretation_and_no_llm,test_authority_header_inserted_between_header_and_state_model,test_comparison_type_coverage_matches_known_cascade_groups,test_bc_to_bc_and_client_cross_bc_are_registered_not_unrecognized,test_comparison_type_coverage_governance_state_uses_directed_types,test_unrecognized_comparison_type_still_warns_to_stderr,test_domain_csv_column_set_unchanged,test_client_csv_column_set_unchanged,test_emit_evidence_package_default_writes_three_json_files,test_no_emit_evidence_package_suppresses_json_but_not_existing_outputs,test_no_emit_removes_stale_evidence_package_files_from_prior_run,test_emit_and_no_emit_produce_identical_csvs,test_no_emit_narrative_does_not_point_at_missing_package_files,test_emit_narrative_points_at_package_files,test_package_manifest_records_inputs_and_outputs,test_package_manifest_reports_sibling_json_outputs_as_present_with_real_sizes,test_package_manifest_records_comparison_run_ids,test_package_manifest_comparison_run_ids_include_pooled_only_values,test_package_manifest_comparison_run_ids_include_optional_evidence_values,test_package_health_schema_detection_dual_for_dual_view_rows,test_package_health_optional_inputs_present_reflects_cli_flags,test_segment_manifest_recorded_in_evidence_package_when_supplied,test_segment_manifest_absent_from_evidence_package_when_not_supplied,test_evidence_map_lists_thirty_seven_artifacts_with_required_fields,test_governance_relationships_resolved_beside_supplied_matrix_not_summary_dir,test_pattern_reuse_summary_by_domain_resolved_beside_supplied_reuse_by_client_not_summary_dir,test_project_mean_file_pair_jaccard_matrix_resolved_beside_supplied_fragmentation_diagnostic_not_summary_dir,test_pattern_reuse_summary_by_domain_resolved_beside_supplied_union_inventory_when_no_reuse_flag,test_project_mean_file_pair_jaccard_matrix_resolved_beside_supplied_matrix_manifest_when_no_project_flag,test_evidence_map_findings_entry_has_a_real_path,test_manifest_output_artifact_ids_match_evidence_map_artifact_ids,test_manifest_input_artifact_ids_match_evidence_map_artifact_ids,test_evidence_map_related_artifacts_use_artifact_ids_not_filenames,test_file_inventory_written_and_registered_in_manifest_and_evidence_map,test_file_inventory_is_empty_when_no_undiscovered_files_present,test_file_inventory_surfaces_an_undiscovered_sibling_csv,test_file_inventory_never_flags_this_runs_own_outputs_as_undiscovered,test_file_inventory_borrows_interpretation_from_matrix_output_manifest,test_no_emit_evidence_package_suppresses_file_inventory,test_stale_file_inventory_removed_when_evidence_package_turned_off_between_runs,test_file_inventory_surfaces_regardless_of_interpretation_layer_flag,test_escalation_target_files_get_real_shape_in_evidence_map_not_generic_inventory,test_cli_accepts_policy_dir_and_package_schema_version_as_inert,test_package_schema_version_override_is_consistent_across_manifest_health_and_evidence_map"
tests/test_generate_governance_narrative_evidence_package.py,_summary_row,function,40,43,<module>,,**overrides,,,false,,4,2,
tests/test_generate_governance_narrative_evidence_package.py,_pooled_row,function,46,49,<module>,,**overrides,,,false,,4,2,
tests/test_generate_governance_narrative_evidence_package.py,_delta_row,function,52,55,<module>,,**overrides,,,false,,4,2,
tests/test_generate_governance_narrative_evidence_package.py,_gov_state_summary_row,function,58,61,<module>,,**overrides,,,false,,4,2,
tests/test_generate_governance_narrative_evidence_package.py,_write_csv,function,64,68,<module>,,"path: Path, fields: list, rows: list",,None,false,,5,2,
tests/test_generate_governance_narrative_evidence_package.py,_minimal_fixture,function,71,95,<module>,,tmp_path: Path,,"tuple[Path, Path]",false,,25,1,
tests/test_generate_governance_narrative_evidence_package.py,_run_main,function,98,100,<module>,,"monkeypatch, argv",,,false,,3,1,
tests/test_generate_governance_narrative_evidence_package.py,test_footer_references_real_generator_identity_not_stale_filename,function,107,111,<module>,,,,,false,,5,4,
tests/test_generate_governance_narrative_evidence_package.py,test_authority_header_states_controlled_interpretation_and_no_llm,function,118,123,<module>,,,,,false,,6,5,
tests/test_generate_governance_narrative_evidence_package.py,test_authority_header_inserted_between_header_and_state_model,function,126,134,<module>,,"tmp_path, monkeypatch",,,false,,9,3,
tests/test_generate_governance_narrative_evidence_package.py,test_comparison_type_coverage_matches_known_cascade_groups,function,141,149,<module>,,,,,false,,9,3,
tests/test_generate_governance_narrative_evidence_package.py,test_bc_to_bc_and_client_cross_bc_are_registered_not_unrecognized,function,152,172,<module>,,,,,true,Regression for a PR #373 review finding: compare_cross_segment.py's,21,7,
tests/test_generate_governance_narrative_evidence_package.py,test_comparison_type_coverage_governance_state_uses_directed_types,function,175,177,<module>,,,,,false,,3,2,
tests/test_generate_governance_narrative_evidence_package.py,test_unrecognized_comparison_type_still_warns_to_stderr,function,180,211,<module>,,"capsys, tmp_path, monkeypatch",,,true,Locks in that the _warn_unrecognized_comparison_types refactor (adding a,32,4,
tests/test_generate_governance_narrative_evidence_package.py,test_domain_csv_column_set_unchanged,function,252,257,<module>,,"tmp_path, monkeypatch",,,false,,6,3,
tests/test_generate_governance_narrative_evidence_package.py,test_client_csv_column_set_unchanged,function,260,265,<module>,,"tmp_path, monkeypatch",,,false,,6,3,
tests/test_generate_governance_narrative_evidence_package.py,test_emit_evidence_package_default_writes_three_json_files,function,272,277,<module>,,"tmp_path, monkeypatch",,,false,,6,4,
tests/test_generate_governance_narrative_evidence_package.py,test_no_emit_evidence_package_suppresses_json_but_not_existing_outputs,function,280,289,<module>,,"tmp_path, monkeypatch",,,false,,10,7,
tests/test_generate_governance_narrative_evidence_package.py,test_no_emit_removes_stale_evidence_package_files_from_prior_run,function,292,310,<module>,,"tmp_path, monkeypatch",,,true,Regression test for a PR review finding: rerunning with,19,8,
tests/test_generate_governance_narrative_evidence_package.py,test_emit_and_no_emit_produce_identical_csvs,function,313,326,<module>,,"tmp_path, monkeypatch",,,true,The two CSV outputs are unaffected by --emit-evidence-package -- only,14,3,
tests/test_generate_governance_narrative_evidence_package.py,test_no_emit_narrative_does_not_point_at_missing_package_files,function,329,344,<module>,,"tmp_path, monkeypatch",,,true,Regression test for a PR review finding: the narrative's authority,16,7,
tests/test_generate_governance_narrative_evidence_package.py,test_emit_narrative_points_at_package_files,function,347,353,<module>,,"tmp_path, monkeypatch",,,false,,7,4,
tests/test_generate_governance_narrative_evidence_package.py,test_package_manifest_records_inputs_and_outputs,function,356,366,<module>,,"tmp_path, monkeypatch",,,false,,11,8,
tests/test_generate_governance_narrative_evidence_package.py,test_package_manifest_reports_sibling_json_outputs_as_present_with_real_sizes,function,369,389,<module>,,"tmp_path, monkeypatch",,,true,Regression test for a PR review finding: the manifest is built (and,21,7,
tests/test_generate_governance_narrative_evidence_package.py,test_package_manifest_records_comparison_run_ids,function,392,397,<module>,,"tmp_path, monkeypatch",,,false,,6,3,
tests/test_generate_governance_narrative_evidence_package.py,test_package_manifest_comparison_run_ids_include_pooled_only_values,function,400,431,<module>,,"tmp_path, monkeypatch",,,true,"If --summary and --pooled are accidentally taken from different runs,",32,3,
tests/test_generate_governance_narrative_evidence_package.py,test_package_manifest_comparison_run_ids_include_optional_evidence_values,function,434,466,<module>,,"tmp_path, monkeypatch",,,true,Regression test for a PR review finding: --governance-state-summary/,33,3,
tests/test_generate_governance_narrative_evidence_package.py,test_package_health_schema_detection_dual_for_dual_view_rows,function,469,475,<module>,,"tmp_path, monkeypatch",,,false,,7,4,
tests/test_generate_governance_narrative_evidence_package.py,test_package_health_optional_inputs_present_reflects_cli_flags,function,478,486,<module>,,"tmp_path, monkeypatch",,,false,,9,3,
tests/test_generate_governance_narrative_evidence_package.py,test_segment_manifest_recorded_in_evidence_package_when_supplied,function,489,515,<module>,,"tmp_path, monkeypatch",,,true,Regression test for a PR #381 review finding: --segment-manifest changes,27,7,
tests/test_generate_governance_narrative_evidence_package.py,test_segment_manifest_absent_from_evidence_package_when_not_supplied,function,518,528,<module>,,"tmp_path, monkeypatch",,,false,,11,5,
tests/test_generate_governance_narrative_evidence_package.py,test_evidence_map_lists_thirty_seven_artifacts_with_required_fields,function,531,559,<module>,,"tmp_path, monkeypatch",,,false,,29,23,
tests/test_generate_governance_narrative_evidence_package.py,test_governance_relationships_resolved_beside_supplied_matrix_not_summary_dir,function,562,601,<module>,,"tmp_path, monkeypatch",,,true,Regression test for a PR review finding: tools/governance_relationships.py's,40,6,
tests/test_generate_governance_narrative_evidence_package.py,test_pattern_reuse_summary_by_domain_resolved_beside_supplied_reuse_by_client_not_summary_dir,function,604,634,<module>,,"tmp_path, monkeypatch",,,true,Regression test for a PR review finding (D-024): pattern_reuse_summary_by_domain.csv,31,9,
tests/test_generate_governance_narrative_evidence_package.py,test_project_mean_file_pair_jaccard_matrix_resolved_beside_supplied_fragmentation_diagnostic_not_summary_dir,function,637,670,<module>,,"tmp_path, monkeypatch",,,true,Regression test for a PR review finding (D-024): project_mean_file_pair_jaccard_matrix.csv,34,9,
tests/test_generate_governance_narrative_evidence_package.py,test_pattern_reuse_summary_by_domain_resolved_beside_supplied_union_inventory_when_no_reuse_flag,function,673,700,<module>,,"tmp_path, monkeypatch",,,true,Regression test for a PR-review follow-up (D-024): --union-inventory,28,9,
tests/test_generate_governance_narrative_evidence_package.py,test_project_mean_file_pair_jaccard_matrix_resolved_beside_supplied_matrix_manifest_when_no_project_flag,function,703,731,<module>,,"tmp_path, monkeypatch",,,true,Regression test for a PR-review follow-up (D-024): --matrix-manifest,29,9,
tests/test_generate_governance_narrative_evidence_package.py,test_evidence_map_findings_entry_has_a_real_path,function,734,747,<module>,,"tmp_path, monkeypatch",,,true,Regression test for a PR review finding: build_evidence_map() looked up,14,6,
tests/test_generate_governance_narrative_evidence_package.py,test_manifest_output_artifact_ids_match_evidence_map_artifact_ids,function,750,763,<module>,,"tmp_path, monkeypatch",,,true,Regression test for a PR review finding: governance_package_manifest.json's,14,4,
tests/test_generate_governance_narrative_evidence_package.py,test_manifest_input_artifact_ids_match_evidence_map_artifact_ids,function,766,781,<module>,,"tmp_path, monkeypatch",,,true,Regression test for a PR review finding: governance_package_manifest.json's,16,4,
tests/test_generate_governance_narrative_evidence_package.py,test_evidence_map_related_artifacts_use_artifact_ids_not_filenames,function,784,799,<module>,,"tmp_path, monkeypatch",,,true,Regression test for a PR review finding: related_artifacts entries,16,6,
tests/test_generate_governance_narrative_evidence_package.py,test_file_inventory_written_and_registered_in_manifest_and_evidence_map,function,806,815,<module>,,"tmp_path, monkeypatch",,,false,,10,6,
tests/test_generate_governance_narrative_evidence_package.py,test_file_inventory_is_empty_when_no_undiscovered_files_present,function,818,823,<module>,,"tmp_path, monkeypatch",,,false,,6,3,
tests/test_generate_governance_narrative_evidence_package.py,test_file_inventory_surfaces_an_undiscovered_sibling_csv,function,826,849,<module>,,"tmp_path, monkeypatch",,,true,The motivating scenario: a real pipeline export sits beside,24,9,
tests/test_generate_governance_narrative_evidence_package.py,test_file_inventory_never_flags_this_runs_own_outputs_as_undiscovered,function,852,863,<module>,,"tmp_path, monkeypatch",,,true,--out defaults to the same directory as --summary in these fixtures --,12,5,
tests/test_generate_governance_narrative_evidence_package.py,test_file_inventory_borrows_interpretation_from_matrix_output_manifest,function,866,911,<module>,,"tmp_path, monkeypatch",,,true,When a discovered file's name matches a matrix_name already documented,46,4,
tests/test_generate_governance_narrative_evidence_package.py,test_no_emit_evidence_package_suppresses_file_inventory,function,914,918,<module>,,"tmp_path, monkeypatch",,,false,,5,2,
tests/test_generate_governance_narrative_evidence_package.py,test_stale_file_inventory_removed_when_evidence_package_turned_off_between_runs,function,921,927,<module>,,"tmp_path, monkeypatch",,,false,,7,3,
tests/test_generate_governance_narrative_evidence_package.py,test_file_inventory_surfaces_regardless_of_interpretation_layer_flag,function,930,946,<module>,,"tmp_path, monkeypatch",,,true,"governance_file_inventory.json is gated by --emit-evidence-package only,",17,2,
tests/test_generate_governance_narrative_evidence_package.py,test_escalation_target_files_get_real_shape_in_evidence_map_not_generic_inventory,function,957,1020,<module>,,"tmp_path, monkeypatch",,,true,"The four files this generator's own module docstring lists as ""not yet",64,31,
tests/test_generate_governance_narrative_evidence_package.py,test_cli_accepts_policy_dir_and_package_schema_version_as_inert,function,1023,1033,<module>,,"tmp_path, monkeypatch",,,false,,11,4,
tests/test_generate_governance_narrative_evidence_package.py,test_package_schema_version_override_is_consistent_across_manifest_health_and_evidence_map,function,1036,1058,<module>,,"tmp_path, monkeypatch",,,true,Regression test for a PR review finding: --package-schema-version was,23,8,
tests/test_generate_governance_narrative_findings.py,<module>,module,1,503,,,,,,true,"Tests for structured governance findings (PR2): build_structured_findings(),",503,2,"_min_domain_dict,_client_row,test_strong_baseline_candidate_finding,test_baseline_candidate_without_strong_for_container_gap,test_active_local_practice_and_local_review_required,test_active_local_practice_finding_at_high_primary_containment,test_local_review_required_via_passive_or_missing_share_lists_all_triggering_fields,test_local_review_required_via_investigate_tier_lists_primary_containment_fields,test_high_fragmentation_finding,test_tier_based_findings_use_the_shared_driver_field_list,test_missing_or_degraded_evidence_when_primary_metric_absent,test_missing_or_degraded_evidence_for_sparse_tier_lists_primary_fields,test_missing_or_degraded_evidence_lists_container_to_project_scoped_fields,test_missing_or_degraded_evidence_not_emitted_for_non_renderable_domain,test_cross_client_convergence_finding_independent_of_tier,test_passive_inheritance_risk_finding_for_risk_domain_dual_schema,test_passive_inheritance_risk_not_flagged_for_non_risk_domain,test_passive_inheritance_risk_bundle_fallback_skipped_when_state_present_but_not_material,test_passive_inheritance_risk_not_flagged_below_threshold,test_passive_inheritance_risk_defers_to_clean_explicit_state_over_bundle_signal,test_passive_inheritance_risk_flagged_from_explicit_state_when_material,test_passive_inheritance_risk_finding_from_state_signal_without_bundle_data,test_low_client_coherence_finding,test_leadership_questions_are_questions_not_claims,test_every_finding_has_provenance_and_limits,test_findings_do_not_reference_nonexistent_artifact_ids,test_finding_ids_are_unique_and_stable_order,test_build_findings_document_wraps_with_schema_version,test_build_findings_document_rejects_unknown_finding_type,test_render_findings_uses_passed_in_findings_without_recomputing,test_render_findings_defaults_to_computing_findings_when_none_passed"
tests/test_generate_governance_narrative_findings.py,_min_domain_dict,function,46,54,<module>,,**overrides,,,false,,9,1,
tests/test_generate_governance_narrative_findings.py,_client_row,function,57,62,<module>,,"client = 'acme', wp_mean = None, xc_mean = None",,,false,,6,1,
tests/test_generate_governance_narrative_findings.py,test_strong_baseline_candidate_finding,function,69,87,<module>,,,,,true,Regression test for a PR review finding: strong_baseline_candidate's,19,9,
tests/test_generate_governance_narrative_findings.py,test_baseline_candidate_without_strong_for_container_gap,function,90,104,<module>,,,,,true,Regression test for a PR review finding: TIER_BASELINE_CONTAINER_GAP,15,8,
tests/test_generate_governance_narrative_findings.py,test_active_local_practice_and_local_review_required,function,107,113,<module>,,,,,false,,7,4,
tests/test_generate_governance_narrative_findings.py,test_active_local_practice_finding_at_high_primary_containment,function,116,137,<module>,,,,,true,Regression test for a PR review finding: when primary >= 0.90 and,22,11,
tests/test_generate_governance_narrative_findings.py,test_local_review_required_via_passive_or_missing_share_lists_all_triggering_fields,function,140,159,<module>,,,,,true,Regression test for a PR review finding: a domain can land in,20,8,
tests/test_generate_governance_narrative_findings.py,test_local_review_required_via_investigate_tier_lists_primary_containment_fields,function,162,177,<module>,,,,,true,Regression test for a PR review finding: TIER_INVESTIGATE (primary,16,7,
tests/test_generate_governance_narrative_findings.py,test_high_fragmentation_finding,function,180,185,<module>,,,,,false,,6,4,
tests/test_generate_governance_narrative_findings.py,test_tier_based_findings_use_the_shared_driver_field_list,function,188,217,<module>,,,,,true,Consolidation regression lock: after five separate PR review findings,30,5,
tests/test_generate_governance_narrative_findings.py,test_missing_or_degraded_evidence_when_primary_metric_absent,function,220,243,<module>,,,,,true,DoD requirement: no baseline finding is emitted when required,24,10,
tests/test_generate_governance_narrative_findings.py,test_missing_or_degraded_evidence_for_sparse_tier_lists_primary_fields,function,246,262,<module>,,,,,true,TIER_SPARSE_LIMITED (reliability sparse AND primary < 0.75) is the,17,8,
tests/test_generate_governance_narrative_findings.py,test_missing_or_degraded_evidence_lists_container_to_project_scoped_fields,function,265,279,<module>,,,,,true,Regression for a Codex review finding on PR #370: when,15,6,
tests/test_generate_governance_narrative_findings.py,test_missing_or_degraded_evidence_not_emitted_for_non_renderable_domain,function,282,290,<module>,,,,,true,Regression test for a PR review finding: a domain whose only signal is,9,4,
tests/test_generate_governance_narrative_findings.py,test_cross_client_convergence_finding_independent_of_tier,function,293,300,<module>,,,,,false,,8,4,
tests/test_generate_governance_narrative_findings.py,test_passive_inheritance_risk_finding_for_risk_domain_dual_schema,function,303,307,<module>,,,,,false,,5,3,
tests/test_generate_governance_narrative_findings.py,test_passive_inheritance_risk_not_flagged_for_non_risk_domain,function,310,316,<module>,,,,,false,,7,5,
tests/test_generate_governance_narrative_findings.py,test_passive_inheritance_risk_bundle_fallback_skipped_when_state_present_but_not_material,function,319,331,<module>,,,,,true,Regression test for a PR review finding: detect_anomalies() only runs,13,3,
tests/test_generate_governance_narrative_findings.py,test_passive_inheritance_risk_not_flagged_below_threshold,function,334,339,<module>,,,,,false,,6,5,
tests/test_generate_governance_narrative_findings.py,test_passive_inheritance_risk_defers_to_clean_explicit_state_over_bundle_signal,function,342,355,<module>,,,,,true,Regression test for a PR review finding: when explicit governance-state,14,3,
tests/test_generate_governance_narrative_findings.py,test_passive_inheritance_risk_flagged_from_explicit_state_when_material,function,358,370,<module>,,,,,true,The state-aware path must still flag a real state-reported passive,13,6,
tests/test_generate_governance_narrative_findings.py,test_passive_inheritance_risk_finding_from_state_signal_without_bundle_data,function,373,388,<module>,,,,,true,Regression test for a PR review finding: a risk-group domain with,16,8,
tests/test_generate_governance_narrative_findings.py,test_low_client_coherence_finding,function,391,397,<module>,,,,,false,,7,5,
tests/test_generate_governance_narrative_findings.py,test_leadership_questions_are_questions_not_claims,function,400,407,<module>,,,,,false,,8,8,
tests/test_generate_governance_narrative_findings.py,test_every_finding_has_provenance_and_limits,function,414,432,<module>,,,,,false,,19,14,
tests/test_generate_governance_narrative_findings.py,test_findings_do_not_reference_nonexistent_artifact_ids,function,435,442,<module>,,,,,false,,8,4,
tests/test_generate_governance_narrative_findings.py,test_finding_ids_are_unique_and_stable_order,function,445,455,<module>,,,,,false,,11,8,
tests/test_generate_governance_narrative_findings.py,test_build_findings_document_wraps_with_schema_version,function,462,466,<module>,,,,,false,,5,3,
tests/test_generate_governance_narrative_findings.py,test_build_findings_document_rejects_unknown_finding_type,function,469,472,<module>,,,,,false,,4,2,
tests/test_generate_governance_narrative_findings.py,test_render_findings_uses_passed_in_findings_without_recomputing,function,479,497,<module>,,,,,true,If render_findings_and_recommendations is given a findings list that,19,3,
tests/test_generate_governance_narrative_findings.py,test_render_findings_defaults_to_computing_findings_when_none_passed,function,500,503,<module>,,,,,false,,4,2,
tests/test_generate_governance_narrative_group1_bc_pooled.py,<module>,module,1,539,,,,,,true,Tests for the Group 1 (tc/cp/tp) bc-pooled fallback in,539,1,"_row,test_tc_enterprise_slice_unchanged_by_bc_scoped_rows,test_tp_by_scope_absent_when_no_group1_rows,test_tp_bc_pooled_when_both_sides_same_bc_no_enterprise_pair,test_group1_scope_pair_uses_both_sides_unlike_group2,test_scope_pair_separator_does_not_collide_across_multi_dimension_labels,test_group1_scope_pair_rejects_mismatched_bc_values,test_group1_scope_pair_accepts_matching_bc_values,test_group1_scope_pair_mismatched_client_bc_combo,test_has_renderable_cascade_signal_true_for_scope_only_evidence,test_has_renderable_cascade_signal_false_when_by_scope_dicts_all_empty,test_scope_only_domain_reaches_bc_evidence_tier_in_full_pipeline,test_cp_scoped_fallback_populated_when_n_files_sufficient_and_no_enterprise_pair,test_cp_scoped_fallback_ignores_n_files_insufficient_rows,test_cp_scoped_fallback_does_not_change_cp_by_scope_population,test_cp_scoped_fallback_prefers_enterprise_pair_when_present,test_cp_scoped_fallback_picks_bucket_with_most_rows,test_domain_with_no_group1_rows_at_all_absent,_bc_pooled_dict,test_has_group1_bc_pooled_evidence_true_for_tp_bc_bc,test_has_group1_bc_pooled_evidence_true_for_cp_bc_bc,test_has_group1_bc_pooled_evidence_false_when_only_other_scope_pairs,test_has_group1_bc_pooled_evidence_false_when_empty,test_assign_tier_returns_bc_evidence_tier_when_primary_none_and_bc_pooled_present,test_assign_tier_still_returns_insufficient_when_no_bc_pooled_evidence,test_assign_tier_enterprise_primary_path_unaffected_by_bc_data,test_tier_order_places_new_tier_between_high_fragmentation_and_insufficient,_group1_rows,test_detect_anomalies_flags_material_bc_divergence,test_detect_anomalies_silent_when_bc_pairs_agree,test_detect_anomalies_silent_when_only_one_bc_pair,test_render_group1_scope_section_includes_bc_bc_row,test_render_group1_scope_section_empty_when_only_enterprise_pair,test_render_group1_scope_section_empty_when_no_group1_data"
tests/test_generate_governance_narrative_group1_bc_pooled.py,_row,function,41,44,<module>,,**overrides,,,false,,4,2,
tests/test_generate_governance_narrative_group1_bc_pooled.py,test_tc_enterprise_slice_unchanged_by_bc_scoped_rows,function,51,80,<module>,,,,,true,tc (the rendered headline number) must equal exactly the,30,3,
tests/test_generate_governance_narrative_group1_bc_pooled.py,test_tp_by_scope_absent_when_no_group1_rows,function,83,93,<module>,,,,,false,,11,3,
tests/test_generate_governance_narrative_group1_bc_pooled.py,test_tp_bc_pooled_when_both_sides_same_bc_no_enterprise_pair,function,96,117,<module>,,,,,true,The core gap scenario: no fully-unscoped pair exists at all for this,22,4,
tests/test_generate_governance_narrative_group1_bc_pooled.py,test_group1_scope_pair_uses_both_sides_unlike_group2,function,120,135,<module>,,,,,true,"Unlike Group 2 (only the target/b side is classified, since the",16,3,
tests/test_generate_governance_narrative_group1_bc_pooled.py,test_scope_pair_separator_does_not_collide_across_multi_dimension_labels,function,138,168,<module>,,,,,true,"_target_scope_label() already joins multi-dimension side labels with ""_""",31,2,
tests/test_generate_governance_narrative_group1_bc_pooled.py,test_group1_scope_pair_rejects_mismatched_bc_values,function,171,191,<module>,,,,,true,_target_scope_label() only records SHAPE (which dimensions are,21,4,
tests/test_generate_governance_narrative_group1_bc_pooled.py,test_group1_scope_pair_accepts_matching_bc_values,function,194,203,<module>,,,,,true,"Same shape (both ""bc"") AND same value must still land in ""bc::bc"" --",10,2,
tests/test_generate_governance_narrative_group1_bc_pooled.py,test_group1_scope_pair_mismatched_client_bc_combo,function,206,217,<module>,,,,,true,"The value-match guard applies to every multi-dimension shape, not just",12,2,
tests/test_generate_governance_narrative_group1_bc_pooled.py,test_has_renderable_cascade_signal_true_for_scope_only_evidence,function,224,235,<module>,,,,,true,A domain whose ONLY signal is scoped Group 1 evidence (no enterprise,12,2,
tests/test_generate_governance_narrative_group1_bc_pooled.py,test_has_renderable_cascade_signal_false_when_by_scope_dicts_all_empty,function,238,244,<module>,,,,,false,,7,2,
tests/test_generate_governance_narrative_group1_bc_pooled.py,test_scope_only_domain_reaches_bc_evidence_tier_in_full_pipeline,function,247,262,<module>,,,,,true,End-to-end: a domain with ONLY a bc-scoped-both-sides template_to_project,16,3,
tests/test_generate_governance_narrative_group1_bc_pooled.py,test_cp_scoped_fallback_populated_when_n_files_sufficient_and_no_enterprise_pair,function,265,282,<module>,,,,,true,The container_to_project rollup-gap fix: cp stays None (no enterprise::,18,4,
tests/test_generate_governance_narrative_group1_bc_pooled.py,test_cp_scoped_fallback_ignores_n_files_insufficient_rows,function,285,299,<module>,,,,,true,A row below the n_files_a/b >= 5 threshold must not feed cp_scoped --,15,4,
tests/test_generate_governance_narrative_group1_bc_pooled.py,test_cp_scoped_fallback_does_not_change_cp_by_scope_population,function,302,318,<module>,,,,,true,"cp_by_scope_suff is a separate accumulator, not a filtered view -- the",17,4,
tests/test_generate_governance_narrative_group1_bc_pooled.py,test_cp_scoped_fallback_prefers_enterprise_pair_when_present,function,321,338,<module>,,,,,true,"When a genuine enterprise::enterprise pair exists, cp is populated and",18,3,
tests/test_generate_governance_narrative_group1_bc_pooled.py,test_cp_scoped_fallback_picks_bucket_with_most_rows,function,341,364,<module>,,,,,true,When more than one non-enterprise scope_pair with n_files_a/b >= 5,24,3,
tests/test_generate_governance_narrative_group1_bc_pooled.py,test_domain_with_no_group1_rows_at_all_absent,function,367,382,<module>,,,,,true,A domain with no template_to_container/container_to_project/,16,4,
tests/test_generate_governance_narrative_group1_bc_pooled.py,_bc_pooled_dict,function,389,398,<module>,,"tp_by_scope = None, cp_by_scope = None, tc = None, cp = None, tp = None",,,true,"Minimal dict shaped like a build_cascade() per-domain result, for",10,3,
tests/test_generate_governance_narrative_group1_bc_pooled.py,test_has_group1_bc_pooled_evidence_true_for_tp_bc_bc,function,401,403,<module>,,,,,false,,3,2,
tests/test_generate_governance_narrative_group1_bc_pooled.py,test_has_group1_bc_pooled_evidence_true_for_cp_bc_bc,function,406,408,<module>,,,,,false,,3,2,
tests/test_generate_governance_narrative_group1_bc_pooled.py,test_has_group1_bc_pooled_evidence_false_when_only_other_scope_pairs,function,411,415,<module>,,,,,true,"A ""client::bc"" or ""client::client"" bucket is not ""same-bc-both-sides"" --",5,2,
tests/test_generate_governance_narrative_group1_bc_pooled.py,test_has_group1_bc_pooled_evidence_false_when_empty,function,418,420,<module>,,,,,false,,3,2,
tests/test_generate_governance_narrative_group1_bc_pooled.py,test_assign_tier_returns_bc_evidence_tier_when_primary_none_and_bc_pooled_present,function,423,425,<module>,,,,,false,,3,2,
tests/test_generate_governance_narrative_group1_bc_pooled.py,test_assign_tier_still_returns_insufficient_when_no_bc_pooled_evidence,function,428,432,<module>,,,,,true,The genuinely-nothing case (e.g. materials/dimension_types_spot_coordinate,5,2,
tests/test_generate_governance_narrative_group1_bc_pooled.py,test_assign_tier_enterprise_primary_path_unaffected_by_bc_data,function,435,443,<module>,,,,,true,"When an enterprise tp/cp DOES exist, assign_tier() must use it exactly",9,3,
tests/test_generate_governance_narrative_group1_bc_pooled.py,test_tier_order_places_new_tier_between_high_fragmentation_and_insufficient,function,446,447,<module>,,,,,false,,2,2,
tests/test_generate_governance_narrative_group1_bc_pooled.py,_group1_rows,function,454,466,<module>,,"bc1_val, bc2_val, ctype = 'template_to_project', domain = 'materials'",,,false,,13,1,
tests/test_generate_governance_narrative_group1_bc_pooled.py,test_detect_anomalies_flags_material_bc_divergence,function,469,476,<module>,,,,,false,,8,7,
tests/test_generate_governance_narrative_group1_bc_pooled.py,test_detect_anomalies_silent_when_bc_pairs_agree,function,479,484,<module>,,,,,false,,6,3,
tests/test_generate_governance_narrative_group1_bc_pooled.py,test_detect_anomalies_silent_when_only_one_bc_pair,function,487,501,<module>,,,,,true,A single bc pair has no spread to compare (len(v) > 1 gate on,15,4,
tests/test_generate_governance_narrative_group1_bc_pooled.py,test_render_group1_scope_section_includes_bc_bc_row,function,508,514,<module>,,,,,false,,7,3,
tests/test_generate_governance_narrative_group1_bc_pooled.py,test_render_group1_scope_section_empty_when_only_enterprise_pair,function,517,527,<module>,,,,,false,,11,2,
tests/test_generate_governance_narrative_group1_bc_pooled.py,test_render_group1_scope_section_empty_when_no_group1_data,function,530,539,<module>,,,,,false,,10,2,
tests/test_generate_governance_narrative_policy.py,<module>,module,1,380,,,,,,true,Tests for policy externalization (PR3) in,380,1,"_reset_governance_policy,_summary_row,_pooled_row,_write_csv,_minimal_fixture,_run_main,test_default_policy_dir_is_policies_governance_in_repo,test_shipped_policy_file_matches_python_default_profile,test_finding_rules_json_documents_every_rule_id_generator_emits,test_loading_default_policy_dir_reproduces_module_level_defaults,test_overriding_tier_threshold_changes_assign_tier_output,test_overriding_excluded_from_scoring_changes_build_cascade,test_overriding_excluded_from_scoring_changes_render_limitations_note,test_render_limitations_excluded_note_pluralizes_for_multiple_domains,test_render_limitations_handles_empty_excluded_set,test_overriding_domain_guidance_changes_detect_anomalies_text,test_overriding_static_findings_guidance_changes_rendered_prose,test_overriding_client_onboarding_threshold_changes_profile_text,test_overriding_anomaly_threshold_changes_detect_anomalies_text,test_main_default_invocation_uses_shipped_policy_dir_and_stays_complete,test_main_with_policy_dir_missing_some_files_reports_defaulted_and_degraded,test_main_with_nonexistent_policy_dir_does_not_crash_and_uses_all_defaults,test_main_output_identical_with_default_and_explicit_shipped_policy_dir"
tests/test_generate_governance_narrative_policy.py,_reset_governance_policy,function,33,38,<module>,pytest.fixture(autouse=True),,,,true,"Undo any apply_governance_policy() call a test makes, so overridden",6,1,
tests/test_generate_governance_narrative_policy.py,_summary_row,function,41,44,<module>,,**overrides,,,false,,4,2,
tests/test_generate_governance_narrative_policy.py,_pooled_row,function,47,50,<module>,,**overrides,,,false,,4,2,
tests/test_generate_governance_narrative_policy.py,_write_csv,function,53,57,<module>,,"path: Path, fields: list, rows: list",,None,false,,5,2,
tests/test_generate_governance_narrative_policy.py,_minimal_fixture,function,60,84,<module>,,tmp_path: Path,,"tuple[Path, Path]",false,,25,1,
tests/test_generate_governance_narrative_policy.py,_run_main,function,87,89,<module>,,"monkeypatch, argv",,,false,,3,1,
tests/test_generate_governance_narrative_policy.py,test_default_policy_dir_is_policies_governance_in_repo,function,96,98,<module>,,,,,false,,3,3,
tests/test_generate_governance_narrative_policy.py,test_shipped_policy_file_matches_python_default_profile,function,109,128,<module>,"pytest.mark.parametrize('filename,profile_key,behavioral_keys', [('governance_thresholds.json', 'thresholds', ('thresholds',)), ('domain_governance_policy.json', 'domain_policy', ('excluded_from_scoring', 'passive_inheritance_risk_domains', 'domain_guidance', 'static_findings_guidance')), ('client_onboarding_policy.json', 'client_onboarding', ('thresholds',)), ('anomaly_thresholds.json', 'anomaly_thresholds', ('thresholds',))])","filename, profile_key, behavioral_keys",,,true,The shipped JSON and generate_governance_narrative.py's own,20,5,
tests/test_generate_governance_narrative_policy.py,test_finding_rules_json_documents_every_rule_id_generator_emits,function,131,143,<module>,,,,,true,generate_governance_narrative.py's own default finding_rules profile is,13,6,
tests/test_generate_governance_narrative_policy.py,test_loading_default_policy_dir_reproduces_module_level_defaults,function,146,166,<module>,,,,,true,apply_governance_policy() with the shipped default policy dir must,21,16,
tests/test_generate_governance_narrative_policy.py,test_overriding_tier_threshold_changes_assign_tier_output,function,173,185,<module>,,tmp_path,,,false,,13,3,
tests/test_generate_governance_narrative_policy.py,test_overriding_excluded_from_scoring_changes_build_cascade,function,188,206,<module>,,tmp_path,,,false,,19,4,
tests/test_generate_governance_narrative_policy.py,test_overriding_excluded_from_scoring_changes_render_limitations_note,function,209,223,<module>,,tmp_path,,,true,Regression test for a PR review finding: render_limitations()'s,15,3,
tests/test_generate_governance_narrative_policy.py,test_render_limitations_excluded_note_pluralizes_for_multiple_domains,function,226,235,<module>,,tmp_path,,,false,,10,5,
tests/test_generate_governance_narrative_policy.py,test_render_limitations_handles_empty_excluded_set,function,238,245,<module>,,tmp_path,,,false,,8,2,
tests/test_generate_governance_narrative_policy.py,test_overriding_domain_guidance_changes_detect_anomalies_text,function,248,263,<module>,,tmp_path,,,false,,16,2,
tests/test_generate_governance_narrative_policy.py,test_overriding_static_findings_guidance_changes_rendered_prose,function,266,274,<module>,,tmp_path,,,false,,9,2,
tests/test_generate_governance_narrative_policy.py,test_overriding_client_onboarding_threshold_changes_profile_text,function,277,285,<module>,,tmp_path,,,false,,9,2,
tests/test_generate_governance_narrative_policy.py,test_overriding_anomaly_threshold_changes_detect_anomalies_text,function,288,312,<module>,,tmp_path,,,true,Mirrors D-021's threshold-override test pattern (D-029): a,25,5,
tests/test_generate_governance_narrative_policy.py,test_main_default_invocation_uses_shipped_policy_dir_and_stays_complete,function,319,331,<module>,,"tmp_path, monkeypatch",,,true,No --policy-dir passed -- must resolve to policies/governance/ and,13,6,
tests/test_generate_governance_narrative_policy.py,test_main_with_policy_dir_missing_some_files_reports_defaulted_and_degraded,function,334,354,<module>,,"tmp_path, monkeypatch",,,false,,21,7,
tests/test_generate_governance_narrative_policy.py,test_main_with_nonexistent_policy_dir_does_not_crash_and_uses_all_defaults,function,357,364,<module>,,"tmp_path, monkeypatch",,,false,,8,4,
tests/test_generate_governance_narrative_policy.py,test_main_output_identical_with_default_and_explicit_shipped_policy_dir,function,367,380,<module>,,"tmp_path, monkeypatch",,,true,Passing --policy-dir pointing explicitly at the shipped policies/governance/,14,2,
tests/test_generate_governance_narrative_scope_breakdown.py,<module>,module,1,206,,,,,,true,Tests for gt/gc/gp per-target-scope-level breakdown (Option C) in,206,1,"_row,test_target_scope_label_enterprise,test_target_scope_label_single_dimensions,test_target_scope_label_combined_dimensions,test_target_scope_label_collection_only_is_other_scoped,test_gt_enterprise_slice_unchanged_by_scoped_rows,test_gt_by_scope_absent_when_no_generic_to_template_rows,test_generic_side_still_gated_to_unscoped_reference,_generic_to_template_rows,test_detect_anomalies_flags_material_scope_divergence,test_detect_anomalies_silent_when_no_material_divergence,test_detect_anomalies_silent_when_only_enterprise_scope_exists,test_render_generic_baseline_scope_section_includes_all_scopes,test_render_generic_baseline_scope_section_empty_when_no_data"
tests/test_generate_governance_narrative_scope_breakdown.py,_row,function,29,32,<module>,,**overrides,,,false,,4,2,
tests/test_generate_governance_narrative_scope_breakdown.py,test_target_scope_label_enterprise,function,35,37,<module>,,,,,false,,3,2,
tests/test_generate_governance_narrative_scope_breakdown.py,test_target_scope_label_single_dimensions,function,40,51,<module>,,,,,false,,12,4,
tests/test_generate_governance_narrative_scope_breakdown.py,test_target_scope_label_combined_dimensions,function,54,58,<module>,,,,,false,,5,2,
tests/test_generate_governance_narrative_scope_breakdown.py,test_target_scope_label_collection_only_is_other_scoped,function,61,66,<module>,,,,,true,collection_label is not yet a SUMMARY_FIELDS column (residual B6 gap) -- a,6,2,
tests/test_generate_governance_narrative_scope_breakdown.py,test_gt_enterprise_slice_unchanged_by_scoped_rows,function,69,103,<module>,,,,,true,gt (the rendered headline number) must equal exactly the enterprise-scope,35,3,
tests/test_generate_governance_narrative_scope_breakdown.py,test_gt_by_scope_absent_when_no_generic_to_template_rows,function,106,116,<module>,,,,,false,,11,3,
tests/test_generate_governance_narrative_scope_breakdown.py,test_generic_side_still_gated_to_unscoped_reference,function,119,133,<module>,,,,,true,The Generic (reference) side must still be the one canonical enterprise-,15,2,
tests/test_generate_governance_narrative_scope_breakdown.py,_generic_to_template_rows,function,140,155,<module>,,"enterprise_val, client_val, domain = 'arrowheads'",,,false,,16,2,
tests/test_generate_governance_narrative_scope_breakdown.py,test_detect_anomalies_flags_material_scope_divergence,function,158,165,<module>,,,,,false,,8,7,
tests/test_generate_governance_narrative_scope_breakdown.py,test_detect_anomalies_silent_when_no_material_divergence,function,168,174,<module>,,,,,true,A small gap (< 0.25) between enterprise and scoped must not fire the note.,7,4,
tests/test_generate_governance_narrative_scope_breakdown.py,test_detect_anomalies_silent_when_only_enterprise_scope_exists,function,177,184,<module>,,,,,true,"No scoped rows at all (only ""enterprise"") must not fire the divergence note --",8,3,
tests/test_generate_governance_narrative_scope_breakdown.py,test_render_generic_baseline_scope_section_includes_all_scopes,function,187,194,<module>,,,,,false,,8,4,
tests/test_generate_governance_narrative_scope_breakdown.py,test_render_generic_baseline_scope_section_empty_when_no_data,function,197,206,<module>,,,,,false,,10,2,
tests/test_generate_governance_narrative_state_types.py,<module>,module,1,132,,,,,,true,Tests for governance-state comparison_type handling in,132,1,"_gs_row,_state_row,test_directed_governance_types_match_producer_modulo_flagged_legacy_entries,test_rendered_types_excludes_scope_level_fan_out,test_compact_summary_loop_does_not_blend_distinct_comparison_types,test_detailed_loop_no_longer_drops_new_scope_types,test_domain_with_only_group3_state_is_omitted_from_result"
tests/test_generate_governance_narrative_state_types.py,_gs_row,function,26,38,<module>,,**overrides,,,false,,13,1,
tests/test_generate_governance_narrative_state_types.py,_state_row,function,41,45,<module>,,**overrides,,,false,,5,1,
tests/test_generate_governance_narrative_state_types.py,test_directed_governance_types_match_producer_modulo_flagged_legacy_entries,function,48,62,<module>,,,,,true,A future producer-side addition/removal to GOVERNANCE_STATE_DIRECTED_TYPES,15,3,
tests/test_generate_governance_narrative_state_types.py,test_rendered_types_excludes_scope_level_fan_out,function,65,67,<module>,,,,,false,,3,2,
tests/test_generate_governance_narrative_state_types.py,test_compact_summary_loop_does_not_blend_distinct_comparison_types,function,70,89,<module>,,,,,true,bc_to_project (scope-level) and template_to_project (cascade-stage) rows for,20,4,
tests/test_generate_governance_narrative_state_types.py,test_detailed_loop_no_longer_drops_new_scope_types,function,92,117,<module>,,,,,false,,26,9,
tests/test_generate_governance_narrative_state_types.py,test_domain_with_only_group3_state_is_omitted_from_result,function,120,132,<module>,,,,,true,A domain whose ENTIRE governance-state signal is Group 3 (scope-level,13,2,
tests/test_generate_governance_narrative_static_docs_copy.py,<module>,module,1,236,,,,,,true,Tests for D-034's static-doc copy-into-out behavior: main() copies the,236,1,"_summary_row,_pooled_row,_write_csv,_minimal_fixture,_run_main,test_render_header_points_at_out_directory_copy_when_guide_will_be_copied,test_render_header_points_at_repo_path_when_guide_will_not_be_copied,test_authority_header_points_at_out_directory_copy_when_guides_present,test_authority_header_points_at_repo_path_when_guides_absent,test_authority_header_points_at_repo_path_when_evidence_package_disabled,test_default_run_copies_all_four_static_docs_into_out,test_narrative_pointer_matches_actual_guide_presence_end_to_end,test_health_degrades_end_to_end_when_interpretation_guide_source_absent,test_no_emit_evidence_package_removes_previously_copied_docs,test_no_emit_evidence_package_does_not_delete_source_docs_when_out_is_docs_governance,test_copy_removed_when_source_doc_absent_but_stale_copy_exists,test_evidence_map_output_local_path_matches_actual_copy_end_to_end"
tests/test_generate_governance_narrative_static_docs_copy.py,_summary_row,function,18,21,<module>,,**overrides,,,false,,4,2,
tests/test_generate_governance_narrative_static_docs_copy.py,_pooled_row,function,24,27,<module>,,**overrides,,,false,,4,2,
tests/test_generate_governance_narrative_static_docs_copy.py,_write_csv,function,30,34,<module>,,"path: Path, fields: list, rows: list",,None,false,,5,2,
tests/test_generate_governance_narrative_static_docs_copy.py,_minimal_fixture,function,37,61,<module>,,tmp_path: Path,,"tuple[Path, Path]",false,,25,1,
tests/test_generate_governance_narrative_static_docs_copy.py,_run_main,function,64,66,<module>,,"monkeypatch, argv",,,false,,3,1,
tests/test_generate_governance_narrative_static_docs_copy.py,test_render_header_points_at_out_directory_copy_when_guide_will_be_copied,function,81,91,<module>,,,,,true,PR review finding: the 'How to Read the Analysis' pointer named the,11,3,
tests/test_generate_governance_narrative_static_docs_copy.py,test_render_header_points_at_repo_path_when_guide_will_not_be_copied,function,94,98,<module>,,,,,false,,5,3,
tests/test_generate_governance_narrative_static_docs_copy.py,test_authority_header_points_at_out_directory_copy_when_guides_present,function,101,113,<module>,,,,,true,PR review finding: render_evidence_authority_header() (the second,13,5,
tests/test_generate_governance_narrative_static_docs_copy.py,test_authority_header_points_at_repo_path_when_guides_absent,function,116,125,<module>,,monkeypatch,,,false,,10,5,
tests/test_generate_governance_narrative_static_docs_copy.py,test_authority_header_points_at_repo_path_when_evidence_package_disabled,function,128,130,<module>,,,,,false,,3,2,
tests/test_generate_governance_narrative_static_docs_copy.py,test_default_run_copies_all_four_static_docs_into_out,function,133,138,<module>,,"tmp_path, monkeypatch",,,false,,6,3,
tests/test_generate_governance_narrative_static_docs_copy.py,test_narrative_pointer_matches_actual_guide_presence_end_to_end,function,141,152,<module>,,"tmp_path, monkeypatch",,,false,,12,5,
tests/test_generate_governance_narrative_static_docs_copy.py,test_health_degrades_end_to_end_when_interpretation_guide_source_absent,function,155,166,<module>,,"tmp_path, monkeypatch",,,true,PR review finding: health had no signal for a missing,12,4,
tests/test_generate_governance_narrative_static_docs_copy.py,test_no_emit_evidence_package_removes_previously_copied_docs,function,169,181,<module>,,"tmp_path, monkeypatch",,,true,A prior run (default flags) copies the four docs in; a later run over,13,5,
tests/test_generate_governance_narrative_static_docs_copy.py,test_no_emit_evidence_package_does_not_delete_source_docs_when_out_is_docs_governance,function,184,203,<module>,,"tmp_path, monkeypatch",,,true,P1 PR review finding: if --out resolves to the same directory the four,20,5,
tests/test_generate_governance_narrative_static_docs_copy.py,test_copy_removed_when_source_doc_absent_but_stale_copy_exists,function,206,218,<module>,,"tmp_path, monkeypatch",,,true,A stripped-down deployment without docs/ (source absent) must not,13,3,
tests/test_generate_governance_narrative_static_docs_copy.py,test_evidence_map_output_local_path_matches_actual_copy_end_to_end,function,221,236,<module>,,"tmp_path, monkeypatch",,,true,PR review finding: reasoning_prerequisites must be resolvable from a,16,6,
tests/test_generate_governance_narrative_union_breadth.py,<module>,module,1,350,,,,,,true,Tests for D-033's union-inventory-derived domain confidence enrichment:,350,1,"_reset_governance_policy,_union_row,_minimal_cascade_dict,test_union_breadth_classifies_corpus_wide_pattern,test_union_breadth_classifies_client_wide_pattern,test_union_breadth_single_client_grain_never_classifies_corpus_or_client_wide,test_union_breadth_classifies_project_wide_pattern,test_union_breadth_classifies_file_level_pattern,test_union_breadth_does_not_merge_across_discipline_grains,test_union_breadth_records_broad_scopes_for_corpus_and_client_wide_patterns,test_union_breadth_broad_scopes_empty_when_no_broad_pattern,test_union_breadth_degraded_row_vetoes_healthy_classification_for_same_pattern,test_union_breadth_degraded_source_status_classifies_unclassified,test_union_breadth_degraded_inventory_status_classifies_unclassified,test_union_breadth_blank_status_fields_are_not_treated_as_degraded,test_union_breadth_ignores_non_project_role,test_union_breadth_ignores_non_all_view_scope,test_union_breadth_empty_input_returns_empty_dict,test_union_breadth_preserves_highest_tier_across_repeated_client_rows,test_union_breadth_preserves_highest_tier_regardless_of_row_order,test_union_breadth_never_returns_raw_pattern_content,test_broad_reuse_weak_cascade_fires,test_broad_reuse_note_names_qualifying_scope_when_present,test_broad_reuse_note_omits_scope_clause_when_broad_scopes_missing,test_narrow_reuse_strong_cascade_fires,test_unremarkable_breadth_and_cascade_does_not_fire,test_no_union_breadth_supplied_never_fires,test_broad_reuse_with_no_primary_containment_does_not_fire,test_overriding_union_breadth_threshold_changes_detect_anomalies_text"
tests/test_generate_governance_narrative_union_breadth.py,_reset_governance_policy,function,21,23,<module>,pytest.fixture(autouse=True),,,,false,,3,1,
tests/test_generate_governance_narrative_union_breadth.py,_union_row,function,26,33,<module>,,**overrides,,,false,,8,2,
tests/test_generate_governance_narrative_union_breadth.py,_minimal_cascade_dict,function,36,45,<module>,,**overrides,,,false,,10,1,
tests/test_generate_governance_narrative_union_breadth.py,test_union_breadth_classifies_corpus_wide_pattern,function,52,57,<module>,,,,,false,,6,3,
tests/test_generate_governance_narrative_union_breadth.py,test_union_breadth_classifies_client_wide_pattern,function,60,65,<module>,,,,,false,,6,3,
tests/test_generate_governance_narrative_union_breadth.py,test_union_breadth_single_client_grain_never_classifies_corpus_or_client_wide,function,68,78,<module>,,,,,true,"PR review finding: with only one client in the grain, pct_clients_present",11,3,
tests/test_generate_governance_narrative_union_breadth.py,test_union_breadth_classifies_project_wide_pattern,function,81,84,<module>,,,,,false,,4,2,
tests/test_generate_governance_narrative_union_breadth.py,test_union_breadth_classifies_file_level_pattern,function,87,91,<module>,,,,,false,,5,2,
tests/test_generate_governance_narrative_union_breadth.py,test_union_breadth_does_not_merge_across_discipline_grains,function,94,118,<module>,,,,,true,PR review finding: pct_clients_present/n_clients_denominator are,25,3,
tests/test_generate_governance_narrative_union_breadth.py,test_union_breadth_records_broad_scopes_for_corpus_and_client_wide_patterns,function,121,136,<module>,,,,,true,PR review finding: by_domain sums tier counts across every discipline/,16,2,
tests/test_generate_governance_narrative_union_breadth.py,test_union_breadth_broad_scopes_empty_when_no_broad_pattern,function,139,143,<module>,,,,,false,,5,2,
tests/test_generate_governance_narrative_union_breadth.py,test_union_breadth_degraded_row_vetoes_healthy_classification_for_same_pattern,function,146,165,<module>,,,,,true,"PR review finding: when one client row for a (domain, discipline,",20,4,
tests/test_generate_governance_narrative_union_breadth.py,test_union_breadth_degraded_source_status_classifies_unclassified,function,168,178,<module>,,,,,true,PR review finding: build_pattern_reuse_distribution_rows() sends a row,11,3,
tests/test_generate_governance_narrative_union_breadth.py,test_union_breadth_degraded_inventory_status_classifies_unclassified,function,181,186,<module>,,,,,false,,6,3,
tests/test_generate_governance_narrative_union_breadth.py,test_union_breadth_blank_status_fields_are_not_treated_as_degraded,function,189,198,<module>,,,,,true,A blank source_status/inventory_status (e.g. an older export missing,10,3,
tests/test_generate_governance_narrative_union_breadth.py,test_union_breadth_ignores_non_project_role,function,201,204,<module>,,,,,false,,4,2,
tests/test_generate_governance_narrative_union_breadth.py,test_union_breadth_ignores_non_all_view_scope,function,207,210,<module>,,,,,false,,4,2,
tests/test_generate_governance_narrative_union_breadth.py,test_union_breadth_empty_input_returns_empty_dict,function,213,214,<module>,,,,,false,,2,2,
tests/test_generate_governance_narrative_union_breadth.py,test_union_breadth_preserves_highest_tier_across_repeated_client_rows,function,217,235,<module>,,,,,true,PR review finding: cross_segment_union_inventory.csv emits one row,19,4,
tests/test_generate_governance_narrative_union_breadth.py,test_union_breadth_preserves_highest_tier_regardless_of_row_order,function,238,247,<module>,,,,,false,,10,3,
tests/test_generate_governance_narrative_union_breadth.py,test_union_breadth_never_returns_raw_pattern_content,function,250,258,<module>,,,,,true,Only aggregate integer counts per domain -- never join_hash/pattern_label,9,3,
tests/test_generate_governance_narrative_union_breadth.py,test_broad_reuse_weak_cascade_fires,function,265,270,<module>,,,,,false,,6,5,
tests/test_generate_governance_narrative_union_breadth.py,test_broad_reuse_note_names_qualifying_scope_when_present,function,273,284,<module>,,,,,true,PR review finding: the note must name which scope(s) qualified rather,12,5,
tests/test_generate_governance_narrative_union_breadth.py,test_broad_reuse_note_omits_scope_clause_when_broad_scopes_missing,function,287,294,<module>,,,,,true,Backward compatible with a hand-built union_breadth dict lacking the,8,4,
tests/test_generate_governance_narrative_union_breadth.py,test_narrow_reuse_strong_cascade_fires,function,297,302,<module>,,,,,false,,6,5,
tests/test_generate_governance_narrative_union_breadth.py,test_unremarkable_breadth_and_cascade_does_not_fire,function,305,315,<module>,,,,,true,A domain whose primary containment sits between the weak and strong,11,5,
tests/test_generate_governance_narrative_union_breadth.py,test_no_union_breadth_supplied_never_fires,function,318,321,<module>,,,,,false,,4,3,
tests/test_generate_governance_narrative_union_breadth.py,test_broad_reuse_with_no_primary_containment_does_not_fire,function,324,329,<module>,,,,,true,primary (tp else cp) is None -- no basis to judge 'weak cascade'.,6,3,
tests/test_generate_governance_narrative_union_breadth.py,test_overriding_union_breadth_threshold_changes_detect_anomalies_text,function,332,350,<module>,,tmp_path,,,true,Mirrors D-021/D-029's threshold-override test pattern: a --policy-dir,19,5,
tests/test_generate_governance_narrative_unscoped_segment.py,<module>,module,1,66,,,,,,true,Tests for _is_unscoped_segment() in tools/generate_governance_narrative.py.,66,1,"_row,test_genuinely_broadest_segment_is_unscoped,test_trailing_blank_client_token_is_still_unscoped,test_bc_scoped_segment_is_rejected,test_collection_scoped_segment_is_rejected,test_blank_client_token_with_real_hidden_scope_value_is_rejected,test_client_scoped_segment_is_rejected,test_blank_role_rollup_is_rejected"
tests/test_generate_governance_narrative_unscoped_segment.py,_row,function,24,30,<module>,,"segment_id: str, role: str = 'Template', client: str = '', disc: str = ''",,,false,,7,1,
tests/test_generate_governance_narrative_unscoped_segment.py,test_genuinely_broadest_segment_is_unscoped,function,33,34,<module>,,,,,false,,2,2,
tests/test_generate_governance_narrative_unscoped_segment.py,test_trailing_blank_client_token_is_still_unscoped,function,37,42,<module>,,,,,true,build_segment_manifest.py's _subset_to_id() emits a literal empty token,6,3,
tests/test_generate_governance_narrative_unscoped_segment.py,test_bc_scoped_segment_is_rejected,function,45,46,<module>,,,,,false,,2,2,
tests/test_generate_governance_narrative_unscoped_segment.py,test_collection_scoped_segment_is_rejected,function,49,50,<module>,,,,,false,,2,2,
tests/test_generate_governance_narrative_unscoped_segment.py,test_blank_client_token_with_real_hidden_scope_value_is_rejected,function,53,56,<module>,,,,,true,Blank client (empty token) followed by a REAL bc/collection value must,4,2,
tests/test_generate_governance_narrative_unscoped_segment.py,test_client_scoped_segment_is_rejected,function,59,60,<module>,,,,,false,,2,2,
tests/test_generate_governance_narrative_unscoped_segment.py,test_blank_role_rollup_is_rejected,function,63,66,<module>,,,,,true,See docs/governance_narrative_scope_gap_audit.md B5 -- a blank-role scope,4,2,
tests/test_generate_governance_narrative_wp_reliability_resolved.py,<module>,module,1,170,,,,,,true,Tests for the within_project score_reliability p10/p90 capture's,170,1,"_row,_wp_row,test_no_manifest_keeps_today_behavior_unknown,test_redundant_single_child_root_resolves_to_bc_scoped_row,test_dead_end_redundant_chain_stays_unknown,test_directly_unscoped_row_still_tagged_enterprise_not_resolved,test_manifest_provided_but_no_matching_row_leaves_unknown"
tests/test_generate_governance_narrative_wp_reliability_resolved.py,_row,function,37,40,<module>,,**overrides,,,false,,4,2,
tests/test_generate_governance_narrative_wp_reliability_resolved.py,_wp_row,function,43,52,<module>,,"dom, segment_id, unit_system = 'imperial', role = 'Project', p10 = '0.60', p90 = '0.90', n_files = '128'",,,false,,10,1,
tests/test_generate_governance_narrative_wp_reliability_resolved.py,test_no_manifest_keeps_today_behavior_unknown,function,55,65,<module>,,,,,true,"Without segment_manifest, a bc-scoped-only row (not _is_unscoped_segment)",11,5,
tests/test_generate_governance_narrative_wp_reliability_resolved.py,test_redundant_single_child_root_resolves_to_bc_scoped_row,function,68,95,<module>,,,,,true,"The real-corpus scenario: the true root (""imperial|Project"") is",28,6,
tests/test_generate_governance_narrative_wp_reliability_resolved.py,test_dead_end_redundant_chain_stays_unknown,function,98,123,<module>,,,,,true,A registration segment with no redundant_single_child pointer (a,26,5,
tests/test_generate_governance_narrative_wp_reliability_resolved.py,test_directly_unscoped_row_still_tagged_enterprise_not_resolved,function,126,143,<module>,,,,,true,When the row's own segment already passes _is_unscoped_segment (the,18,3,
tests/test_generate_governance_narrative_wp_reliability_resolved.py,test_manifest_provided_but_no_matching_row_leaves_unknown,function,146,170,<module>,,,,,true,segment_manifest resolves the root to a segment that simply has no,25,5,
tests/test_generate_name_key_patterns.py,<module>,module,1,222,,,,,,true,Tests for PR2's parameterized pattern generation (tools/generate_name_key_patterns.py).,222,1,"_write_csv,_read_csv,TestConfigPathRegression,TestNamePathCoverageClassTagging,TestExcludedDomainExplicitAbsence,TestBothModeNonCollision"
tests/test_generate_name_key_patterns.py,_write_csv,function,34,40,<module>,,"path: Path, fieldnames, rows",,None,false,,7,3,
tests/test_generate_name_key_patterns.py,_read_csv,function,43,45,<module>,,path: Path,,,false,,3,2,
tests/test_generate_name_key_patterns.py,TestConfigPathRegression,class,54,73,<module>,,,,,false,,20,1,"test_config_output_is_byte_identical_to_production_source,test_config_target_never_writes_to_the_source_path"
tests/test_generate_name_key_patterns.py,TestConfigPathRegression.test_config_output_is_byte_identical_to_production_source,method,55,66,TestConfigPathRegression,,"self, tmp_path: Path",,,false,,12,3,
tests/test_generate_name_key_patterns.py,TestConfigPathRegression.test_config_target_never_writes_to_the_source_path,method,68,73,TestConfigPathRegression,,"self, tmp_path: Path",,,false,,6,2,
tests/test_generate_name_key_patterns.py,TestNamePathCoverageClassTagging,class,76,143,<module>,,,,,false,,68,1,"_sample_rows,test_pattern_rows_tagged_with_coverage_class,test_materials_cluster_spans_both_files,test_source_cluster_id_matches_production_convention,test_non_ok_status_rows_excluded_from_patterns,test_membership_rows_link_records_to_pattern_ids,test_end_to_end_emit_name_patterns"
tests/test_generate_name_key_patterns.py,TestNamePathCoverageClassTagging._sample_rows,method,77,88,TestNamePathCoverageClassTagging,,self,,,false,,12,1,
tests/test_generate_name_key_patterns.py,TestNamePathCoverageClassTagging.test_pattern_rows_tagged_with_coverage_class,method,90,95,TestNamePathCoverageClassTagging,,self,,,false,,6,5,
tests/test_generate_name_key_patterns.py,TestNamePathCoverageClassTagging.test_materials_cluster_spans_both_files,method,97,101,TestNamePathCoverageClassTagging,,self,,,false,,5,5,
tests/test_generate_name_key_patterns.py,TestNamePathCoverageClassTagging.test_source_cluster_id_matches_production_convention,method,103,109,TestNamePathCoverageClassTagging,,self,,,false,,7,4,
tests/test_generate_name_key_patterns.py,TestNamePathCoverageClassTagging.test_non_ok_status_rows_excluded_from_patterns,method,111,116,TestNamePathCoverageClassTagging,,self,,,false,,6,5,
tests/test_generate_name_key_patterns.py,TestNamePathCoverageClassTagging.test_membership_rows_link_records_to_pattern_ids,method,118,125,TestNamePathCoverageClassTagging,,self,,,false,,8,8,
tests/test_generate_name_key_patterns.py,TestNamePathCoverageClassTagging.test_end_to_end_emit_name_patterns,method,127,143,TestNamePathCoverageClassTagging,,"self, tmp_path: Path",,,false,,17,7,
tests/test_generate_name_key_patterns.py,TestExcludedDomainExplicitAbsence,class,146,188,<module>,,,,,false,,43,1,"test_domain_coverage_lists_all_37_traced_domains,test_excluded_domains_marked_not_included_with_reason,test_eligible_domains_marked_included,test_excluded_domain_rows_in_name_key_csv_produce_no_pattern,test_untraced_input_domain_reported_not_traced_not_silently_dropped"
tests/test_generate_name_key_patterns.py,TestExcludedDomainExplicitAbsence.test_domain_coverage_lists_all_37_traced_domains,method,147,151,TestExcludedDomainExplicitAbsence,,self,,,false,,5,4,
tests/test_generate_name_key_patterns.py,TestExcludedDomainExplicitAbsence.test_excluded_domains_marked_not_included_with_reason,method,153,159,TestExcludedDomainExplicitAbsence,,self,,,false,,7,6,
tests/test_generate_name_key_patterns.py,TestExcludedDomainExplicitAbsence.test_eligible_domains_marked_included,method,161,165,TestExcludedDomainExplicitAbsence,,self,,,false,,5,4,
tests/test_generate_name_key_patterns.py,TestExcludedDomainExplicitAbsence.test_excluded_domain_rows_in_name_key_csv_produce_no_pattern,method,167,175,TestExcludedDomainExplicitAbsence,,self,,,false,,9,2,
tests/test_generate_name_key_patterns.py,TestExcludedDomainExplicitAbsence.test_untraced_input_domain_reported_not_traced_not_silently_dropped,method,177,188,TestExcludedDomainExplicitAbsence,,self,,,false,,12,9,
tests/test_generate_name_key_patterns.py,TestBothModeNonCollision,class,191,222,<module>,,,,,false,,32,1,"test_pattern_id_formula_differs_by_schema_even_for_same_domain_and_hash,test_end_to_end_both_target_no_collision"
tests/test_generate_name_key_patterns.py,TestBothModeNonCollision.test_pattern_id_formula_differs_by_schema_even_for_same_domain_and_hash,method,192,200,TestBothModeNonCollision,,self,,,false,,9,2,
tests/test_generate_name_key_patterns.py,TestBothModeNonCollision.test_end_to_end_both_target_no_collision,method,202,222,TestBothModeNonCollision,,"self, tmp_path: Path",,,false,,21,4,
tests/test_governance_evidence_package.py,<module>,module,1,758,,,,,,true,"Unit tests for tools/governance_evidence_package.py: build_package_manifest,",758,1,"test_write_json_round_trips,test_comparison_type_coverage_recognized_only,test_comparison_type_coverage_flags_unrecognized,test_comparison_type_coverage_intentionally_excluded_is_distinct_from_unrecognized,test_comparison_type_coverage_ignores_blank_values,_manifest,test_manifest_records_generator_identity_and_schema_version,test_manifest_marks_input_present_based_on_real_filesystem_state,test_manifest_does_not_claim_missing_source_identifiers,test_manifest_package_status_incomplete_when_required_input_missing,test_manifest_package_status_complete_when_required_inputs_present,test_manifest_records_output_sizes,test_manifest_records_policy_dir_as_inert_field,test_manifest_without_policy_profiles_kwarg_keeps_pr1_not_yet_implemented_note,test_manifest_records_policy_profiles_when_supplied,test_manifest_policy_profiles_note_says_five_profiles_not_four,_health,test_health_complete_when_all_required_present_and_no_warnings,test_health_invalid_when_required_input_missing,test_health_degraded_not_invalid_when_only_optional_signal_is_a_warning,test_health_reports_unrecognized_comparison_type_as_warning,test_health_reports_client_sector_default_missing,test_health_reports_client_sector_explicit_missing,test_health_omitted_policy_load_status_adds_no_warning_and_stays_complete,test_health_reports_policy_profile_defaulted_as_warning_and_degraded,test_health_all_policy_profiles_from_file_adds_no_warning,test_health_omitted_interpretation_guide_present_adds_no_warning,test_health_degrades_when_interpretation_guide_absent,test_health_no_warning_when_interpretation_guide_present,test_health_does_not_warn_when_client_sector_explicitly_provided,test_health_matrix_manifest_reports_row_count_and_names,test_health_warning_and_limitation_text_has_no_severity_language,_evidence_map,test_evidence_map_has_thirty_seven_unique_artifacts,test_evidence_map_required_fields_populated_for_every_artifact,test_evidence_map_omits_output_local_path_when_out_dir_not_supplied,test_evidence_map_output_local_path_present_when_sibling_present_and_out_dir_supplied,test_evidence_map_omits_output_local_path_when_sibling_absent_even_with_out_dir,test_evidence_map_authority_levels_use_only_defined_vocabulary,test_evidence_map_narrative_is_controlled_interpretation_not_authoritative,test_evidence_map_source_csvs_are_authoritative,test_evidence_map_client_sector_is_user_provided_note,test_evidence_map_related_artifacts_are_valid_artifact_ids,test_evidence_map_self_lists_all_other_artifacts,test_evidence_map_sibling_artifacts_present_flag_reflects_filesystem,test_evidence_map_excluded_siblings_get_scanned_columns_and_row_count_when_present,test_evidence_map_excluded_siblings_have_no_scan_fields_when_absent,test_evidence_map_excluded_sibling_scan_never_retains_sample_values,test_evidence_map_uses_overridden_package_schema_version_for_manifest_and_health_entries,test_evidence_map_defaults_manifest_and_health_schema_version_to_package_default,test_evidence_map_known_limitations_text_has_no_severity_language,test_evidence_map_governance_file_inventory_is_authoritative_and_has_no_fixed_related_artifacts,test_evidence_map_governance_file_inventory_honors_overridden_schema_version,test_evidence_map_reasoning_prerequisites_matches_required_before_conclusions_flags,test_evidence_map_reasoning_prerequisites_includes_primary_rollups_and_health_and_findings,test_evidence_map_reasoning_prerequisites_excludes_purely_descriptive_artifacts,test_evidence_map_governance_reading_order_present_flag_reflects_filesystem,test_evidence_map_governance_classification_rules_present_flag_reflects_filesystem,_write,test_inventory_scan_infers_column_dtypes,test_inventory_scan_blank_cells_do_not_break_integer_inference,test_inventory_scan_all_blank_column_is_empty_dtype,test_inventory_scan_mixed_numeric_and_text_column_is_string,test_inventory_scan_header_only_file_is_empty_file,test_inventory_scan_zero_byte_file_is_flagged_empty_file,test_inventory_scan_excludes_known_paths,test_inventory_scan_never_retains_sample_values,test_inventory_scan_dedupes_same_file_seen_via_two_scan_dirs,test_inventory_scan_skips_nonexistent_directory,test_inventory_scan_only_matches_csv_files,test_build_file_inventory_document_wraps_files_and_counts,test_domain_and_client_summary_null_semantics_cite_the_actual_em_dash"
tests/test_governance_evidence_package.py,test_write_json_round_trips,function,37,42,<module>,,tmp_path,,,false,,6,3,
tests/test_governance_evidence_package.py,test_comparison_type_coverage_recognized_only,function,49,55,<module>,,,,,false,,7,5,
tests/test_governance_evidence_package.py,test_comparison_type_coverage_flags_unrecognized,function,58,61,<module>,,,,,false,,4,3,
tests/test_governance_evidence_package.py,test_comparison_type_coverage_intentionally_excluded_is_distinct_from_unrecognized,function,64,72,<module>,,,,,false,,9,4,
tests/test_governance_evidence_package.py,test_comparison_type_coverage_ignores_blank_values,function,75,77,<module>,,,,,false,,3,2,
tests/test_governance_evidence_package.py,_manifest,function,84,97,<module>,,**overrides,,,false,,14,1,
tests/test_governance_evidence_package.py,test_manifest_records_generator_identity_and_schema_version,function,100,104,<module>,,,,,false,,5,4,
tests/test_governance_evidence_package.py,test_manifest_marks_input_present_based_on_real_filesystem_state,function,107,114,<module>,,tmp_path,,,false,,8,4,
tests/test_governance_evidence_package.py,test_manifest_does_not_claim_missing_source_identifiers,function,117,120,<module>,,,,,false,,4,3,
tests/test_governance_evidence_package.py,test_manifest_package_status_incomplete_when_required_input_missing,function,123,126,<module>,,tmp_path,,,false,,4,2,
tests/test_governance_evidence_package.py,test_manifest_package_status_complete_when_required_inputs_present,function,129,135,<module>,,tmp_path,,,false,,7,2,
tests/test_governance_evidence_package.py,test_manifest_records_output_sizes,function,138,150,<module>,,tmp_path,,,false,,13,4,
tests/test_governance_evidence_package.py,test_manifest_records_policy_dir_as_inert_field,function,153,155,<module>,,,,,false,,3,2,
tests/test_governance_evidence_package.py,test_manifest_without_policy_profiles_kwarg_keeps_pr1_not_yet_implemented_note,function,158,165,<module>,,,,,true,A caller that hasn't adopted policy loading (policy_profiles omitted),8,3,
tests/test_governance_evidence_package.py,test_manifest_records_policy_profiles_when_supplied,function,168,175,<module>,,,,,false,,8,3,
tests/test_governance_evidence_package.py,test_manifest_policy_profiles_note_says_five_profiles_not_four,function,178,191,<module>,,,,,true,PR review finding: adding anomaly_thresholds (D-029) means every,14,4,
tests/test_governance_evidence_package.py,_health,function,198,215,<module>,,**overrides,,,false,,18,1,
tests/test_governance_evidence_package.py,test_health_complete_when_all_required_present_and_no_warnings,function,218,222,<module>,,,,,false,,5,4,
tests/test_governance_evidence_package.py,test_health_invalid_when_required_input_missing,function,225,229,<module>,,,,,false,,5,4,
tests/test_governance_evidence_package.py,test_health_degraded_not_invalid_when_only_optional_signal_is_a_warning,function,232,236,<module>,,,,,false,,5,4,
tests/test_governance_evidence_package.py,test_health_reports_unrecognized_comparison_type_as_warning,function,239,244,<module>,,,,,false,,6,4,
tests/test_governance_evidence_package.py,test_health_reports_client_sector_default_missing,function,247,250,<module>,,,,,false,,4,3,
tests/test_governance_evidence_package.py,test_health_reports_client_sector_explicit_missing,function,253,256,<module>,,,,,false,,4,3,
tests/test_governance_evidence_package.py,test_health_omitted_policy_load_status_adds_no_warning_and_stays_complete,function,259,265,<module>,,,,,true,A caller that hasn't adopted policy loading (policy_load_status,7,3,
tests/test_governance_evidence_package.py,test_health_reports_policy_profile_defaulted_as_warning_and_degraded,function,268,276,<module>,,,,,false,,9,5,
tests/test_governance_evidence_package.py,test_health_all_policy_profiles_from_file_adds_no_warning,function,279,285,<module>,,,,,false,,7,3,
tests/test_governance_evidence_package.py,test_health_omitted_interpretation_guide_present_adds_no_warning,function,288,294,<module>,,,,,true,A caller that hasn't threaded this through (interpretation_guide_present,7,4,
tests/test_governance_evidence_package.py,test_health_degrades_when_interpretation_guide_absent,function,297,304,<module>,,,,,true,PR review finding: governance_interpretation_guide carries,8,4,
tests/test_governance_evidence_package.py,test_health_no_warning_when_interpretation_guide_present,function,307,310,<module>,,,,,false,,4,4,
tests/test_governance_evidence_package.py,test_health_does_not_warn_when_client_sector_explicitly_provided,function,313,317,<module>,,,,,false,,5,4,
tests/test_governance_evidence_package.py,test_health_matrix_manifest_reports_row_count_and_names,function,320,324,<module>,,,,,false,,5,4,
tests/test_governance_evidence_package.py,test_health_warning_and_limitation_text_has_no_severity_language,function,327,339,<module>,,,,,true,Task-spec decision: known_limitations/warnings text must be mechanical/,13,4,
tests/test_governance_evidence_package.py,_evidence_map,function,346,359,<module>,,**overrides,,,false,,14,1,
tests/test_governance_evidence_package.py,test_evidence_map_has_thirty_seven_unique_artifacts,function,362,380,<module>,,,,,false,,19,14,
tests/test_governance_evidence_package.py,test_evidence_map_required_fields_populated_for_every_artifact,function,383,397,<module>,,,,,false,,15,7,
tests/test_governance_evidence_package.py,test_evidence_map_omits_output_local_path_when_out_dir_not_supplied,function,400,406,<module>,,,,,true,"A caller that hasn't adopted out_dir (omitted, the default) must get",7,4,
tests/test_governance_evidence_package.py,test_evidence_map_output_local_path_present_when_sibling_present_and_out_dir_supplied,function,409,433,<module>,,tmp_path,,,true,PR review finding: an automated consumer following reasoning_,25,5,
tests/test_governance_evidence_package.py,test_evidence_map_omits_output_local_path_when_sibling_absent_even_with_out_dir,function,436,439,<module>,,tmp_path,,,false,,4,4,
tests/test_governance_evidence_package.py,test_evidence_map_authority_levels_use_only_defined_vocabulary,function,442,445,<module>,,,,,false,,4,3,
tests/test_governance_evidence_package.py,test_evidence_map_narrative_is_controlled_interpretation_not_authoritative,function,448,451,<module>,,,,,false,,4,4,
tests/test_governance_evidence_package.py,test_evidence_map_source_csvs_are_authoritative,function,454,459,<module>,,,,,false,,6,5,
tests/test_governance_evidence_package.py,test_evidence_map_client_sector_is_user_provided_note,function,462,465,<module>,,,,,false,,4,4,
tests/test_governance_evidence_package.py,test_evidence_map_related_artifacts_are_valid_artifact_ids,function,468,474,<module>,,,,,false,,7,6,
tests/test_governance_evidence_package.py,test_evidence_map_self_lists_all_other_artifacts,function,477,481,<module>,,,,,false,,5,6,
tests/test_governance_evidence_package.py,test_evidence_map_sibling_artifacts_present_flag_reflects_filesystem,function,484,497,<module>,,tmp_path,,,false,,14,6,
tests/test_governance_evidence_package.py,test_evidence_map_excluded_siblings_get_scanned_columns_and_row_count_when_present,function,515,530,<module>,,tmp_path,,,false,,16,8,
tests/test_governance_evidence_package.py,test_evidence_map_excluded_siblings_have_no_scan_fields_when_absent,function,533,541,<module>,,,,,true,Absent sibling files must not carry columns/row_count -- scanning a,9,5,
tests/test_governance_evidence_package.py,test_evidence_map_excluded_sibling_scan_never_retains_sample_values,function,544,551,<module>,,tmp_path,,,false,,8,2,
tests/test_governance_evidence_package.py,test_evidence_map_uses_overridden_package_schema_version_for_manifest_and_health_entries,function,554,560,<module>,,,,,false,,7,5,
tests/test_governance_evidence_package.py,test_evidence_map_defaults_manifest_and_health_schema_version_to_package_default,function,563,567,<module>,,,,,false,,5,4,
tests/test_governance_evidence_package.py,test_evidence_map_known_limitations_text_has_no_severity_language,function,570,577,<module>,,,,,false,,8,4,
tests/test_governance_evidence_package.py,test_evidence_map_governance_file_inventory_is_authoritative_and_has_no_fixed_related_artifacts,function,580,589,<module>,,,,,true,D-023: the artifact facts (header/dtype/row count) are directly,10,6,
tests/test_governance_evidence_package.py,test_evidence_map_governance_file_inventory_honors_overridden_schema_version,function,592,595,<module>,,,,,false,,4,4,
tests/test_governance_evidence_package.py,test_evidence_map_reasoning_prerequisites_matches_required_before_conclusions_flags,function,602,613,<module>,,,,,true,The invariant D-030 exists to guarantee: build_evidence_map()'s,12,5,
tests/test_governance_evidence_package.py,test_evidence_map_reasoning_prerequisites_includes_primary_rollups_and_health_and_findings,function,616,624,<module>,,,,,false,,9,3,
tests/test_governance_evidence_package.py,test_evidence_map_reasoning_prerequisites_excludes_purely_descriptive_artifacts,function,627,631,<module>,,,,,false,,5,3,
tests/test_governance_evidence_package.py,test_evidence_map_governance_reading_order_present_flag_reflects_filesystem,function,634,640,<module>,,,,,true,Same real Path.exists() treatment as the two existing static docs,7,5,
tests/test_governance_evidence_package.py,test_evidence_map_governance_classification_rules_present_flag_reflects_filesystem,function,643,649,<module>,,,,,true,Same real Path.exists() treatment as the other static docs -- see D-029.,7,6,
tests/test_governance_evidence_package.py,_write,function,657,659,<module>,,"path: Path, text: str",,Path,false,,3,1,
tests/test_governance_evidence_package.py,test_inventory_scan_infers_column_dtypes,function,662,668,<module>,,tmp_path,,,false,,7,5,
tests/test_governance_evidence_package.py,test_inventory_scan_blank_cells_do_not_break_integer_inference,function,671,674,<module>,,tmp_path,,,false,,4,2,
tests/test_governance_evidence_package.py,test_inventory_scan_all_blank_column_is_empty_dtype,function,677,680,<module>,,tmp_path,,,false,,4,2,
tests/test_governance_evidence_package.py,test_inventory_scan_mixed_numeric_and_text_column_is_string,function,683,686,<module>,,tmp_path,,,false,,4,2,
tests/test_governance_evidence_package.py,test_inventory_scan_header_only_file_is_empty_file,function,689,693,<module>,,tmp_path,,,false,,5,3,
tests/test_governance_evidence_package.py,test_inventory_scan_zero_byte_file_is_flagged_empty_file,function,696,700,<module>,,tmp_path,,,false,,5,3,
tests/test_governance_evidence_package.py,test_inventory_scan_excludes_known_paths,function,703,708,<module>,,tmp_path,,,false,,6,3,
tests/test_governance_evidence_package.py,test_inventory_scan_never_retains_sample_values,function,711,714,<module>,,tmp_path,,,false,,4,2,
tests/test_governance_evidence_package.py,test_inventory_scan_dedupes_same_file_seen_via_two_scan_dirs,function,717,720,<module>,,tmp_path,,,false,,4,2,
tests/test_governance_evidence_package.py,test_inventory_scan_skips_nonexistent_directory,function,723,725,<module>,,tmp_path,,,false,,3,2,
tests/test_governance_evidence_package.py,test_inventory_scan_only_matches_csv_files,function,728,733,<module>,,tmp_path,,,false,,6,3,
tests/test_governance_evidence_package.py,test_build_file_inventory_document_wraps_files_and_counts,function,736,745,<module>,,,,,false,,10,5,
tests/test_governance_evidence_package.py,test_domain_and_client_summary_null_semantics_cite_the_actual_em_dash,function,748,758,<module>,,,,,true,Regression test for a PR review finding: null_semantics claimed an,11,5,
tests/test_governance_field_completeness_gate.py,<module>,module,1,70,,,,,,false,,70,3,"_row,test_blank_client_label_fails_with_export_run_id,test_blank_business_center_label_fails_with_export_run_id,test_na_spelling_fails_same_as_blank,test_fully_populated_row_passes,test_multiple_offenders_all_reported"
tests/test_governance_field_completeness_gate.py,_row,function,17,22,<module>,,"export_run_id: str, client_label: str, business_center_label: str",,dict,false,,6,1,
tests/test_governance_field_completeness_gate.py,test_blank_client_label_fails_with_export_run_id,function,25,30,<module>,,,,None,false,,6,3,
tests/test_governance_field_completeness_gate.py,test_blank_business_center_label_fails_with_export_run_id,function,33,39,<module>,,,,None,false,,7,4,
tests/test_governance_field_completeness_gate.py,test_na_spelling_fails_same_as_blank,function,42,48,<module>,,,,None,false,,7,4,
tests/test_governance_field_completeness_gate.py,test_fully_populated_row_passes,function,51,56,<module>,,,,None,false,,6,1,
tests/test_governance_field_completeness_gate.py,test_multiple_offenders_all_reported,function,59,70,<module>,,,,None,false,,12,5,
tests/test_governance_manifest.py,<module>,module,1,321,,,,,,false,,321,3,"_row,_find,_members,test_normalize_strips_bc_prefix_case_insensitive,test_normalize_recognizes_enterprise_tokens_before_prefix_strip,test_normalize_zero_pads_short_numeric_values,test_normalize_zero_pad_recognizes_collapsed_enterprise_token,test_normalize_zero_pad_does_not_affect_bc_prefixed_values,test_scope_key_requires_both_conditions_for_enterprise,test_internalenterprise_and_0000_collapse_to_one_enterprise_population,test_legacy_bc_prefixed_and_bare_numeric_collapse_to_one_population,test_excel_collapsed_and_correctly_formatted_bc_collapse_to_one_population,test_generic_role_gets_no_scope_key,test_generic_host_role_treated_same_as_generic,test_case_variant_role_merges_into_canonical_population,test_generic_host_case_variant_folds_to_generic_role_label,test_unit_system_case_variants_merge_to_lowercase,test_client_label_case_variants_merge_to_first_seen_casing,test_discipline_label_case_variants_merge,test_business_center_label_case_variants_merge_after_prefix_strip,test_enterprise_bookkeeping_casing_still_recognized_after_normalization,test_unrecognized_role_excluded_with_loud_report,test_blank_client_label_raises_defense_in_depth,test_na_business_center_label_raises_defense_in_depth,test_fully_populated_rows_build_without_raising,test_compute_scope_key_accepts_case_insensitive_deployment_override,test_cross_segment_and_governance_manifest_share_policy_classification"
tests/test_governance_manifest.py,_row,function,25,33,<module>,,"export_run_id, role, client_label, bc_label, unit = 'imperial', discipline = 'architectural'",,,false,,9,1,
tests/test_governance_manifest.py,_find,function,36,42,<module>,,"manifest_rows, **kwargs",,,false,,7,5,
tests/test_governance_manifest.py,_members,function,45,46,<module>,,"governance_id, membership_rows",,,false,,2,3,
tests/test_governance_manifest.py,test_normalize_strips_bc_prefix_case_insensitive,function,53,56,<module>,,,,,false,,4,4,
tests/test_governance_manifest.py,test_normalize_recognizes_enterprise_tokens_before_prefix_strip,function,59,62,<module>,,,,,false,,4,4,
tests/test_governance_manifest.py,test_normalize_zero_pads_short_numeric_values,function,65,74,<module>,,,,,false,,10,4,
tests/test_governance_manifest.py,test_normalize_zero_pad_recognizes_collapsed_enterprise_token,function,77,80,<module>,,,,,false,,4,2,
tests/test_governance_manifest.py,test_normalize_zero_pad_does_not_affect_bc_prefixed_values,function,83,86,<module>,,,,,false,,4,2,
tests/test_governance_manifest.py,test_scope_key_requires_both_conditions_for_enterprise,function,89,101,<module>,,,,,false,,13,10,
tests/test_governance_manifest.py,test_internalenterprise_and_0000_collapse_to_one_enterprise_population,function,108,117,<module>,,,,,false,,10,4,
tests/test_governance_manifest.py,test_legacy_bc_prefixed_and_bare_numeric_collapse_to_one_population,function,120,131,<module>,,,,,false,,12,6,
tests/test_governance_manifest.py,test_excel_collapsed_and_correctly_formatted_bc_collapse_to_one_population,function,134,149,<module>,,,,,false,,16,6,
tests/test_governance_manifest.py,test_generic_role_gets_no_scope_key,function,152,162,<module>,,,,,false,,11,6,
tests/test_governance_manifest.py,test_generic_host_role_treated_same_as_generic,function,165,169,<module>,,,,,false,,5,3,
tests/test_governance_manifest.py,test_case_variant_role_merges_into_canonical_population,function,172,186,<module>,,,,,false,,15,5,
tests/test_governance_manifest.py,test_generic_host_case_variant_folds_to_generic_role_label,function,189,198,<module>,,,,,false,,10,5,
tests/test_governance_manifest.py,test_unit_system_case_variants_merge_to_lowercase,function,201,211,<module>,,,,,false,,11,5,
tests/test_governance_manifest.py,test_client_label_case_variants_merge_to_first_seen_casing,function,214,225,<module>,,,,,false,,12,6,
tests/test_governance_manifest.py,test_discipline_label_case_variants_merge,function,228,236,<module>,,,,,false,,9,4,
tests/test_governance_manifest.py,test_business_center_label_case_variants_merge_after_prefix_strip,function,239,251,<module>,,,,,false,,13,4,
tests/test_governance_manifest.py,test_enterprise_bookkeeping_casing_still_recognized_after_normalization,function,254,263,<module>,,,,,false,,10,5,
tests/test_governance_manifest.py,test_unrecognized_role_excluded_with_loud_report,function,266,278,<module>,,capsys,,,false,,13,7,
tests/test_governance_manifest.py,test_blank_client_label_raises_defense_in_depth,function,281,284,<module>,,,,,false,,4,2,
tests/test_governance_manifest.py,test_na_business_center_label_raises_defense_in_depth,function,287,290,<module>,,,,,false,,4,2,
tests/test_governance_manifest.py,test_fully_populated_rows_build_without_raising,function,293,298,<module>,,,,,false,,6,4,
tests/test_governance_manifest.py,test_compute_scope_key_accepts_case_insensitive_deployment_override,function,301,305,<module>,,,,,false,,5,3,
tests/test_governance_manifest.py,test_cross_segment_and_governance_manifest_share_policy_classification,function,308,321,<module>,,,,,false,,14,4,
tests/test_governance_policy.py,<module>,module,1,97,,,,,,true,Tests for tools/governance_policy.py's generic JSON policy-profile loader.,97,1,"test_default_policy_dir_is_repo_policies_governance,test_none_policy_dir_uses_default_for_every_profile,test_missing_files_in_existing_dir_use_default_per_file,test_present_file_overrides_default_for_that_profile_only,test_all_five_profile_files_can_be_overridden_independently,test_present_but_malformed_json_raises_not_silently_falls_back,test_policy_dir_string_input_normalised_to_str_in_result"
tests/test_governance_policy.py,test_default_policy_dir_is_repo_policies_governance,function,38,40,<module>,,,,,false,,3,3,
tests/test_governance_policy.py,test_none_policy_dir_uses_default_for_every_profile,function,43,49,<module>,,,,,false,,7,6,
tests/test_governance_policy.py,test_missing_files_in_existing_dir_use_default_per_file,function,52,57,<module>,,tmp_path,,,false,,6,5,
tests/test_governance_policy.py,test_present_file_overrides_default_for_that_profile_only,function,60,71,<module>,,tmp_path,,,false,,12,6,
tests/test_governance_policy.py,test_all_five_profile_files_can_be_overridden_independently,function,74,86,<module>,,tmp_path,,,false,,13,9,
tests/test_governance_policy.py,test_present_but_malformed_json_raises_not_silently_falls_back,function,89,92,<module>,,tmp_path,,,false,,4,2,
tests/test_governance_policy.py,test_policy_dir_string_input_normalised_to_str_in_result,function,95,97,<module>,,tmp_path,,,false,,3,2,
tests/test_governance_relationships.py,<module>,module,1,246,,,,,,false,,246,3,"_row,_find,test_non_project_roles_excluded,test_lowercase_governance_role_still_counted_as_project,test_client_label_casing_variants_fold_to_one_project,test_bc_prefix_variant_folds_to_same_bc_identity,test_excel_collapsed_bc_folds_to_same_bc_identity,test_same_project_label_different_client_stays_distinct,test_blank_project_label_falls_back_to_export_run_id_per_file,test_multi_discipline_project_collects_sorted_discipline_list,test_enterprise_bookkeeping_bc_token_blanked_not_carried_as_fake_bc,test_enterprise_bookkeeping_project_excluded_from_bc_client_matrix,test_inconsistent_unit_system_within_one_project_warns_not_raises,_rel_row,test_percentage_of_bc_and_client_single_bc_per_client,test_percentage_of_client_sums_to_one_across_multiple_bcs,test_client_bc_matrix_never_recomputes_percentage_it_only_sums_counts"
tests/test_governance_relationships.py,_row,function,19,28,<module>,,"export_run_id, client, bc, project_label, role = 'Project', discipline = 'architectural', unit = 'imperial'",,,false,,10,1,
tests/test_governance_relationships.py,_find,function,31,34,<module>,,"rows, **kwargs",,,false,,4,5,
tests/test_governance_relationships.py,test_non_project_roles_excluded,function,41,50,<module>,,,,,false,,10,4,
tests/test_governance_relationships.py,test_lowercase_governance_role_still_counted_as_project,function,53,60,<module>,,,,,false,,8,3,
tests/test_governance_relationships.py,test_client_label_casing_variants_fold_to_one_project,function,63,71,<module>,,,,,false,,9,4,
tests/test_governance_relationships.py,test_bc_prefix_variant_folds_to_same_bc_identity,function,74,84,<module>,,,,,false,,11,4,
tests/test_governance_relationships.py,test_excel_collapsed_bc_folds_to_same_bc_identity,function,87,99,<module>,,,,,false,,13,4,
tests/test_governance_relationships.py,test_same_project_label_different_client_stays_distinct,function,102,119,<module>,,,,,false,,18,7,
tests/test_governance_relationships.py,test_blank_project_label_falls_back_to_export_run_id_per_file,function,122,136,<module>,,,,,false,,15,7,
tests/test_governance_relationships.py,test_multi_discipline_project_collects_sorted_discipline_list,function,139,148,<module>,,,,,false,,10,4,
tests/test_governance_relationships.py,test_enterprise_bookkeeping_bc_token_blanked_not_carried_as_fake_bc,function,151,163,<module>,,,,,false,,13,6,
tests/test_governance_relationships.py,test_enterprise_bookkeeping_project_excluded_from_bc_client_matrix,function,166,178,<module>,,,,,false,,13,5,
tests/test_governance_relationships.py,test_inconsistent_unit_system_within_one_project_warns_not_raises,function,181,190,<module>,,,,,false,,10,5,
tests/test_governance_relationships.py,_rel_row,function,197,203,<module>,,"client, bc, n_files",,,false,,7,1,
tests/test_governance_relationships.py,test_percentage_of_bc_and_client_single_bc_per_client,function,206,214,<module>,,,,,false,,9,3,
tests/test_governance_relationships.py,test_percentage_of_client_sums_to_one_across_multiple_bcs,function,217,237,<module>,,,,,false,,21,9,
tests/test_governance_relationships.py,test_client_bc_matrix_never_recomputes_percentage_it_only_sums_counts,function,240,246,<module>,,,,,false,,7,5,
tests/test_graphic_overrides.py,<module>,module,1,214,,,,,,true,Tests for core/graphic_overrides.py — graphics extraction helpers.,214,1,"TestIsInvalidElementId,TestRgbFromColor,TestReadAttr,TestReadFirstAttr,TestExtractUnknownSource"
tests/test_graphic_overrides.py,TestIsInvalidElementId,class,27,49,<module>,,,,,false,,23,1,"test_none_is_invalid,test_positive_integer_value_is_valid,test_zero_is_invalid,test_negative_is_invalid,test_no_integer_value_attr_is_valid"
tests/test_graphic_overrides.py,TestIsInvalidElementId.test_none_is_invalid,method,28,29,TestIsInvalidElementId,,self,,,false,,2,2,
tests/test_graphic_overrides.py,TestIsInvalidElementId.test_positive_integer_value_is_valid,method,31,34,TestIsInvalidElementId,,self,,,false,,4,2,FakeId
tests/test_graphic_overrides.py,TestIsInvalidElementId.test_positive_integer_value_is_valid.FakeId,class,32,33,TestIsInvalidElementId.test_positive_integer_value_is_valid,,,,,false,,2,1,
tests/test_graphic_overrides.py,TestIsInvalidElementId.test_zero_is_invalid,method,36,40,TestIsInvalidElementId,,self,,,true,"In OGS context, 0 means 'no override' and should be invalid.",5,2,FakeId
tests/test_graphic_overrides.py,TestIsInvalidElementId.test_zero_is_invalid.FakeId,class,38,39,TestIsInvalidElementId.test_zero_is_invalid,,,,,false,,2,1,
tests/test_graphic_overrides.py,TestIsInvalidElementId.test_negative_is_invalid,method,42,45,TestIsInvalidElementId,,self,,,false,,4,2,FakeId
tests/test_graphic_overrides.py,TestIsInvalidElementId.test_negative_is_invalid.FakeId,class,43,44,TestIsInvalidElementId.test_negative_is_invalid,,,,,false,,2,1,
tests/test_graphic_overrides.py,TestIsInvalidElementId.test_no_integer_value_attr_is_valid,method,47,49,TestIsInvalidElementId,,self,,,true,Object without IntegerValue should not be considered invalid.,3,2,
tests/test_graphic_overrides.py,TestRgbFromColor,class,56,97,<module>,,,,,false,,42,1,"test_none_returns_missing,test_valid_color,test_black,test_white,test_unreadable_color"
tests/test_graphic_overrides.py,TestRgbFromColor.test_none_returns_missing,method,57,60,TestRgbFromColor,,self,,,false,,4,3,
tests/test_graphic_overrides.py,TestRgbFromColor.test_valid_color,method,62,69,TestRgbFromColor,,self,,,false,,8,3,FakeColor
tests/test_graphic_overrides.py,TestRgbFromColor.test_valid_color.FakeColor,class,63,66,TestRgbFromColor.test_valid_color,,,,,false,,4,1,
tests/test_graphic_overrides.py,TestRgbFromColor.test_black,method,71,78,TestRgbFromColor,,self,,,false,,8,3,FakeColor
tests/test_graphic_overrides.py,TestRgbFromColor.test_black.FakeColor,class,72,75,TestRgbFromColor.test_black,,,,,false,,4,1,
tests/test_graphic_overrides.py,TestRgbFromColor.test_white,method,80,87,TestRgbFromColor,,self,,,false,,8,3,FakeColor
tests/test_graphic_overrides.py,TestRgbFromColor.test_white.FakeColor,class,81,84,TestRgbFromColor.test_white,,,,,false,,4,1,
tests/test_graphic_overrides.py,TestRgbFromColor.test_unreadable_color,method,89,97,TestRgbFromColor,,self,,,true,Color that raises on attribute access should return unreadable.,9,3,BadColor
tests/test_graphic_overrides.py,TestRgbFromColor.test_unreadable_color.BadColor,class,91,94,TestRgbFromColor.test_unreadable_color,,,,,false,,4,1,Red
tests/test_graphic_overrides.py,TestRgbFromColor.test_unreadable_color.BadColor.Red,method,93,94,TestRgbFromColor.test_unreadable_color.BadColor,property,self,,,false,,2,1,
tests/test_graphic_overrides.py,TestReadAttr,class,104,124,<module>,,,,,false,,21,1,"test_existing_attr,test_missing_attr,test_raising_attr"
tests/test_graphic_overrides.py,TestReadAttr.test_existing_attr,method,105,110,TestReadAttr,,self,,,false,,6,3,Obj
tests/test_graphic_overrides.py,TestReadAttr.test_existing_attr.Obj,class,106,107,TestReadAttr.test_existing_attr,,,,,false,,2,1,
tests/test_graphic_overrides.py,TestReadAttr.test_missing_attr,method,112,115,TestReadAttr,,self,,,false,,4,3,
tests/test_graphic_overrides.py,TestReadAttr.test_raising_attr,method,117,124,TestReadAttr,,self,,,false,,8,3,Obj
tests/test_graphic_overrides.py,TestReadAttr.test_raising_attr.Obj,class,118,121,TestReadAttr.test_raising_attr,,,,,false,,4,1,broken
tests/test_graphic_overrides.py,TestReadAttr.test_raising_attr.Obj.broken,method,120,121,TestReadAttr.test_raising_attr.Obj,property,self,,,false,,2,1,
tests/test_graphic_overrides.py,TestReadFirstAttr,class,131,154,<module>,,,,,false,,24,1,"test_first_found,test_none_found,test_first_raises_returns_unreadable"
tests/test_graphic_overrides.py,TestReadFirstAttr.test_first_found,method,132,138,TestReadFirstAttr,,self,,,false,,7,4,Obj
tests/test_graphic_overrides.py,TestReadFirstAttr.test_first_found.Obj,class,133,134,TestReadFirstAttr.test_first_found,,,,,false,,2,1,
tests/test_graphic_overrides.py,TestReadFirstAttr.test_none_found,method,140,144,TestReadFirstAttr,,self,,,false,,5,4,
tests/test_graphic_overrides.py,TestReadFirstAttr.test_first_raises_returns_unreadable,method,146,154,TestReadFirstAttr,,self,,,false,,9,4,Obj
tests/test_graphic_overrides.py,TestReadFirstAttr.test_first_raises_returns_unreadable.Obj,class,147,150,TestReadFirstAttr.test_first_raises_returns_unreadable,,,,,false,,4,1,a
tests/test_graphic_overrides.py,TestReadFirstAttr.test_first_raises_returns_unreadable.Obj.a,method,149,150,TestReadFirstAttr.test_first_raises_returns_unreadable.Obj,property,self,,,false,,2,1,
tests/test_graphic_overrides.py,TestExtractUnknownSource,class,161,214,<module>,,,,,true,"When source is neither Category nor OverrideGraphicSettings,",54,1,"test_projection_graphics_unknown_source,test_cut_graphics_unknown_source,test_halftone_unknown_source,test_transparency_unknown_source,test_custom_key_prefix,test_halftone_custom_prefix,test_transparency_custom_prefix"
tests/test_graphic_overrides.py,TestExtractUnknownSource.test_projection_graphics_unknown_source,method,165,175,TestExtractUnknownSource,,self,,,false,,11,10,
tests/test_graphic_overrides.py,TestExtractUnknownSource.test_cut_graphics_unknown_source,method,177,187,TestExtractUnknownSource,,self,,,false,,11,10,
tests/test_graphic_overrides.py,TestExtractUnknownSource.test_halftone_unknown_source,method,189,193,TestExtractUnknownSource,,self,,,false,,5,4,
tests/test_graphic_overrides.py,TestExtractUnknownSource.test_transparency_unknown_source,method,195,199,TestExtractUnknownSource,,self,,,false,,5,4,
tests/test_graphic_overrides.py,TestExtractUnknownSource.test_custom_key_prefix,method,201,206,TestExtractUnknownSource,,self,,,false,,6,4,
tests/test_graphic_overrides.py,TestExtractUnknownSource.test_halftone_custom_prefix,method,208,210,TestExtractUnknownSource,,self,,,false,,3,2,
tests/test_graphic_overrides.py,TestExtractUnknownSource.test_transparency_custom_prefix,method,212,214,TestExtractUnknownSource,,self,,,false,,3,2,
tests/test_hashing_incremental.py,<module>,module,1,77,,,,,,false,,77,1,"_reference_hash,test_make_hash_matches_reference_empty,test_make_hash_matches_reference_single,test_make_hash_matches_reference_multiple_and_unicode_and_pipes,test_make_hash_deterministic_repeated_calls,test_make_hash_is_order_sensitive_contract,test_make_hash_separator_off_by_one_cases,test_make_hash_handles_unrepr_values,test_make_hash_accepts_generator_large_input_sanity"
tests/test_hashing_incremental.py,_reference_hash,function,9,16,<module>,,values,,,true,"Reference implementation: MD5(""|"".join(safe_str(v) for v in values)) over UTF-8 bytes.",8,2,
tests/test_hashing_incremental.py,test_make_hash_matches_reference_empty,function,19,20,<module>,,,,,false,,2,2,
tests/test_hashing_incremental.py,test_make_hash_matches_reference_single,function,23,25,<module>,,,,,false,,3,2,
tests/test_hashing_incremental.py,test_make_hash_matches_reference_multiple_and_unicode_and_pipes,function,28,30,<module>,,,,,false,,3,2,
tests/test_hashing_incremental.py,test_make_hash_deterministic_repeated_calls,function,33,37,<module>,,,,,false,,5,3,
tests/test_hashing_incremental.py,test_make_hash_is_order_sensitive_contract,function,40,43,<module>,,,,,false,,4,2,
tests/test_hashing_incremental.py,test_make_hash_separator_off_by_one_cases,function,46,57,<module>,,,,,false,,12,3,
tests/test_hashing_incremental.py,test_make_hash_handles_unrepr_values,function,60,67,<module>,,,,,false,,8,2,BadStr
tests/test_hashing_incremental.py,test_make_hash_handles_unrepr_values.BadStr,class,61,63,test_make_hash_handles_unrepr_values,,,object,,false,,3,1,__str__
tests/test_hashing_incremental.py,test_make_hash_handles_unrepr_values.BadStr.__str__,method,62,63,test_make_hash_handles_unrepr_values.BadStr,,self,,,false,,2,1,
tests/test_hashing_incremental.py,test_make_hash_accepts_generator_large_input_sanity,function,70,77,<module>,,,,,false,,8,4,
tests/test_identity_canonical_selectors.py,<module>,module,1,46,,,,,,false,,46,1,test_identity_join_key_uses_required_plus_gated_required_only
tests/test_identity_canonical_selectors.py,test_identity_join_key_uses_required_plus_gated_required_only,function,9,46,<module>,,,,,false,,38,11,
tests/test_identity_project_info.py,<module>,module,1,486,,,,,,true,Tests for the project_info.* identity items added to domains/identity.py (D-025).,486,1,"FakeParameter,FakeBuiltInParameter,FakeGuid,_system_guid_available,FakeProjectInformation,_project_info_with_configured_business_center,_project_info_without_configured_business_center,_extract_items,_as_dict,_DocForPI,FakeDoc,test_extract_project_info_items_covers_exact_expected_keys,test_no_deployment_configuration_emits_only_builtin_fields,test_malformed_configured_guid_is_rejected,test_extract_project_info_items_keys_are_registered_in_contract,test_builtin_fields_resolve_regardless_of_configured_shared_parameter,test_business_center_and_ifc_guids_resolve_ok_when_present,test_business_center_is_read_via_shared_parameter_guid_when_available,test_guid_configuration_fails_closed_when_guid_type_unavailable,test_business_center_is_not_applicable_when_shared_param_absent_not_unreadable,test_ifc_guid_builtins_follow_same_semantics_as_other_builtins,test_named_field_present_but_blank_is_missing_not_not_applicable,test_named_field_read_exception_is_unreadable,test_configured_field_quality_states_participate_in_signature,test_builtin_field_unreadable_when_no_builtinparameter_enum,test_project_information_missing_marks_every_field_unreadable,test_extract_end_to_end_includes_project_info_in_sig_hash_and_leaves_status_ok,test_phase2_semantic_keys_excludes_project_info_and_stays_the_pre_d025_core,test_extract_end_to_end_without_configured_shared_parameter_stays_ok,test_join_key_and_name_key_are_unaffected_by_project_info_fields"
tests/test_identity_project_info.py,FakeParameter,class,14,22,<module>,,,,,false,,9,1,"__init__,AsString,AsValueString"
tests/test_identity_project_info.py,FakeParameter.__init__,method,15,16,FakeParameter,,"self, value",,,false,,2,1,
tests/test_identity_project_info.py,FakeParameter.AsString,method,18,19,FakeParameter,,self,,,false,,2,1,
tests/test_identity_project_info.py,FakeParameter.AsValueString,method,21,22,FakeParameter,,self,,,false,,2,1,
tests/test_identity_project_info.py,FakeBuiltInParameter,class,25,37,<module>,,,,,true,Stand-in for Autodesk.Revit.DB.BuiltInParameter's enum members used here.,13,1,
tests/test_identity_project_info.py,FakeGuid,class,40,53,<module>,,,,,true,Stand-in for System.Guid: equality/hash by string value.,14,1,"__init__,__eq__,__hash__,__repr__"
tests/test_identity_project_info.py,FakeGuid.__init__,method,43,44,FakeGuid,,"self, s",,,false,,2,1,
tests/test_identity_project_info.py,FakeGuid.__eq__,method,46,47,FakeGuid,,"self, other",,,false,,2,2,
tests/test_identity_project_info.py,FakeGuid.__hash__,method,49,50,FakeGuid,,self,,,false,,2,1,
tests/test_identity_project_info.py,FakeGuid.__repr__,method,52,53,FakeGuid,,self,,,false,,2,1,
tests/test_identity_project_info.py,_system_guid_available,function,57,59,<module>,pytest.fixture(autouse=True),monkeypatch,,,true,Normal extraction tests model production's required System.Guid surface.,3,1,
tests/test_identity_project_info.py,FakeProjectInformation,class,62,96,<module>,,,,,true,Fake ProjectInformation element.,35,1,"__init__,get_Parameter,LookupParameter"
tests/test_identity_project_info.py,FakeProjectInformation.__init__,method,77,82,FakeProjectInformation,,"self, name, builtin_values, named_present, named_values = None, guid_values = None",,,false,,6,3,
tests/test_identity_project_info.py,FakeProjectInformation.get_Parameter,method,84,91,FakeProjectInformation,,"self, token",,,false,,8,4,
tests/test_identity_project_info.py,FakeProjectInformation.LookupParameter,method,93,96,FakeProjectInformation,,"self, name",,,false,,4,2,
tests/test_identity_project_info.py,_project_info_with_configured_business_center,function,117,127,<module>,,,,,false,,11,1,
tests/test_identity_project_info.py,_project_info_without_configured_business_center,function,130,139,<module>,,,,,false,,10,1,
tests/test_identity_project_info.py,_extract_items,function,153,154,<module>,,"doc, ctx = _CONFIG_CTX",,,false,,2,1,
tests/test_identity_project_info.py,_as_dict,function,173,174,<module>,,items,,,false,,2,2,
tests/test_identity_project_info.py,_DocForPI,class,177,183,<module>,,,,,true,"Minimal doc stand-in exposing only .ProjectInformation, for unit-level",7,1,__init__
tests/test_identity_project_info.py,_DocForPI.__init__,method,182,183,_DocForPI,,"self, project_information",,,false,,2,1,
tests/test_identity_project_info.py,FakeDoc,class,186,198,<module>,,,,,false,,13,1,__init__
tests/test_identity_project_info.py,FakeDoc.__init__,method,187,198,FakeDoc,,"self, project_information",,,false,,12,1,_App
tests/test_identity_project_info.py,FakeDoc.__init__._App,class,193,196,FakeDoc.__init__,,,,,false,,4,1,
tests/test_identity_project_info.py,test_extract_project_info_items_covers_exact_expected_keys,function,201,206,<module>,,monkeypatch,,,false,,6,4,
tests/test_identity_project_info.py,test_no_deployment_configuration_emits_only_builtin_fields,function,209,213,<module>,,monkeypatch,,,false,,5,3,
tests/test_identity_project_info.py,test_malformed_configured_guid_is_rejected,function,216,223,<module>,,monkeypatch,,,false,,8,2,
tests/test_identity_project_info.py,test_extract_project_info_items_keys_are_registered_in_contract,function,226,230,<module>,,,,,false,,5,3,
tests/test_identity_project_info.py,test_builtin_fields_resolve_regardless_of_configured_shared_parameter,function,233,249,<module>,,monkeypatch,,,false,,17,4,
tests/test_identity_project_info.py,test_business_center_and_ifc_guids_resolve_ok_when_present,function,252,260,<module>,,monkeypatch,,,false,,9,6,
tests/test_identity_project_info.py,test_business_center_is_read_via_shared_parameter_guid_when_available,function,263,280,<module>,,monkeypatch,,,true,"Business Center must be read via Element.get_Parameter(Guid), not LookupParameter",18,3,
tests/test_identity_project_info.py,test_guid_configuration_fails_closed_when_guid_type_unavailable,function,283,289,<module>,,monkeypatch,,,true,A configured GUID never silently degrades to ambiguous name lookup.,7,2,
tests/test_identity_project_info.py,test_business_center_is_not_applicable_when_shared_param_absent_not_unreadable,function,292,308,<module>,,monkeypatch,,,false,,17,7,
tests/test_identity_project_info.py,test_ifc_guid_builtins_follow_same_semantics_as_other_builtins,function,311,332,<module>,,monkeypatch,,,true,"IFC GUID fields are true BuiltInParameter members (PR review follow-up),",22,5,
tests/test_identity_project_info.py,test_named_field_present_but_blank_is_missing_not_not_applicable,function,335,346,<module>,,monkeypatch,,,false,,12,3,
tests/test_identity_project_info.py,test_named_field_read_exception_is_unreadable,function,349,360,<module>,,monkeypatch,,,false,,12,2,ThrowingParameter
tests/test_identity_project_info.py,test_named_field_read_exception_is_unreadable.ThrowingParameter,class,352,354,test_named_field_read_exception_is_unreadable,,,FakeParameter,,false,,3,1,AsString
tests/test_identity_project_info.py,test_named_field_read_exception_is_unreadable.ThrowingParameter.AsString,method,353,354,test_named_field_read_exception_is_unreadable.ThrowingParameter,,self,,,false,,2,1,
tests/test_identity_project_info.py,test_configured_field_quality_states_participate_in_signature,function,368,381,<module>,"pytest.mark.parametrize('state, expected_q, raw', [('unsupported', ITEM_Q_UNSUPPORTED_NOT_APPLICABLE, 'absent'), ('missing', ITEM_Q_MISSING, None), ('readable', ITEM_Q_OK, 'Synthetic Value')])","monkeypatch, state, expected_q, raw",,,true,Unconfigured is excluded; every configured q/v state is hash-significant.,14,5,
tests/test_identity_project_info.py,test_builtin_field_unreadable_when_no_builtinparameter_enum,function,384,389,<module>,,monkeypatch,,,false,,6,3,
tests/test_identity_project_info.py,test_project_information_missing_marks_every_field_unreadable,function,392,396,<module>,,monkeypatch,,,false,,5,4,
tests/test_identity_project_info.py,test_extract_end_to_end_includes_project_info_in_sig_hash_and_leaves_status_ok,function,399,418,<module>,,monkeypatch,,,false,,20,8,
tests/test_identity_project_info.py,test_phase2_semantic_keys_excludes_project_info_and_stays_the_pre_d025_core,function,421,444,<module>,,monkeypatch,,,true,"phase2.semantic_keys (""Phase-2 behavior-defining"") must stay decoupled",24,6,
tests/test_identity_project_info.py,test_extract_end_to_end_without_configured_shared_parameter_stays_ok,function,447,460,<module>,,monkeypatch,,,false,,14,4,
tests/test_identity_project_info.py,test_join_key_and_name_key_are_unaffected_by_project_info_fields,function,463,486,<module>,,monkeypatch,,,true,project_info.* is explicitly_excluded from the identity join-key policy;,24,4,
tests/test_join_key_builder_shape_gating_dedupe.py,<module>,module,1,55,,,,,,false,,55,3,"_policy_with_overlap,test_join_key_builder_dedupes_required_and_optional"
tests/test_join_key_builder_shape_gating_dedupe.py,_policy_with_overlap,function,12,29,<module>,,,,,false,,18,1,
tests/test_join_key_builder_shape_gating_dedupe.py,test_join_key_builder_dedupes_required_and_optional,function,32,55,<module>,,,,,false,,24,8,
tests/test_join_key_discovery_shape_matching.py,<module>,module,1,92,,,,,,false,,92,1,"test_shape_gating_matches_bool_case_variants,test_shape_gating_does_not_require_phase_filter_for_false,test_identity_index_keeps_q_only_rows_for_required_presence"
tests/test_join_key_discovery_shape_matching.py,test_shape_gating_matches_bool_case_variants,function,6,36,<module>,,,,,false,,31,4,
tests/test_join_key_discovery_shape_matching.py,test_shape_gating_does_not_require_phase_filter_for_false,function,39,68,<module>,,,,,false,,30,4,
tests/test_join_key_discovery_shape_matching.py,test_identity_index_keeps_q_only_rows_for_required_presence,function,71,92,<module>,,,,,false,,22,4,
tests/test_join_key_migration.py,<module>,module,1,317,,,,,,true,Tests for join_key migration for view_category_overrides and view_templates domains.,317,2,"TestViewCategoryOverridesOverrideHash,TestViewCategoryOverridesPhase2Partition,TestViewTemplatesJoinKey,TestJoinKeyPolicyStructure,TestJoinKeyStructureValidation,TestGroupingBasis"
tests/test_join_key_migration.py,TestViewCategoryOverridesOverrideHash,class,29,104,<module>,,,,,true,Tests for _compute_override_properties_hash function.,76,1,"test_override_hash_deterministic,test_override_hash_excludes_baseline_items,test_override_hash_handles_none_values,test_override_hash_different_values_produce_different_hash"
tests/test_join_key_migration.py,TestViewCategoryOverridesOverrideHash.test_override_hash_deterministic,method,32,53,TestViewCategoryOverridesOverrideHash,,self,,,true,Override hash must be deterministic for same property set.,22,3,
tests/test_join_key_migration.py,TestViewCategoryOverridesOverrideHash.test_override_hash_excludes_baseline_items,method,55,74,TestViewCategoryOverridesOverrideHash,,self,,,true,Override hash must exclude baseline reference items.,20,2,
tests/test_join_key_migration.py,TestViewCategoryOverridesOverrideHash.test_override_hash_handles_none_values,method,76,87,TestViewCategoryOverridesOverrideHash,,self,,,true,Override hash must handle None values gracefully.,12,2,
tests/test_join_key_migration.py,TestViewCategoryOverridesOverrideHash.test_override_hash_different_values_produce_different_hash,method,89,104,TestViewCategoryOverridesOverrideHash,,self,,,true,Different override values must produce different hashes.,16,2,
tests/test_join_key_migration.py,TestViewCategoryOverridesPhase2Partition,class,107,149,<module>,,,,,true,Tests for _phase2_partition_items function.,43,1,"test_partition_semantic_items,test_partition_cosmetic_items"
tests/test_join_key_migration.py,TestViewCategoryOverridesPhase2Partition.test_partition_semantic_items,method,110,128,TestViewCategoryOverridesPhase2Partition,,self,,,true,Semantic items must include baseline refs and override_properties_hash.,19,6,
tests/test_join_key_migration.py,TestViewCategoryOverridesPhase2Partition.test_partition_cosmetic_items,method,130,149,TestViewCategoryOverridesPhase2Partition,,self,,,true,Cosmetic items must include individual delta properties.,20,7,
tests/test_join_key_migration.py,TestViewTemplatesJoinKey,class,156,188,<module>,,,,,true,Tests for view_templates join_key structure.,33,1,"test_join_hash_format,test_join_hash_equals_def_hash"
tests/test_join_key_migration.py,TestViewTemplatesJoinKey.test_join_hash_format,method,159,179,TestViewTemplatesJoinKey,,self,,,true,join_hash must be a 32-char hex string (MD5).,21,4,
tests/test_join_key_migration.py,TestViewTemplatesJoinKey.test_join_hash_equals_def_hash,method,181,188,TestViewTemplatesJoinKey,,self,,,true,"For v1 policy, join_hash must equal def_hash.",8,2,
tests/test_join_key_migration.py,TestJoinKeyPolicyStructure,class,195,242,<module>,,,,,true,Tests that join_key policies are properly defined.,48,1,"test_vco_policy_exists,test_vt_policy_exists"
tests/test_join_key_migration.py,TestJoinKeyPolicyStructure.test_vco_policy_exists,method,198,212,TestJoinKeyPolicyStructure,,self,,,true,view_category_overrides policy must exist in policies file.,15,7,
tests/test_join_key_migration.py,TestJoinKeyPolicyStructure.test_vt_policy_exists,method,214,242,TestJoinKeyPolicyStructure,,self,,,true,view_templates split domain policies must exist in policies file.,29,8,
tests/test_join_key_migration.py,TestJoinKeyStructureValidation,class,249,289,<module>,,,,,true,Tests that validate expected join_key structure.,41,1,"test_vco_join_key_has_required_fields,test_vt_join_key_has_required_fields"
tests/test_join_key_migration.py,TestJoinKeyStructureValidation.test_vco_join_key_has_required_fields,method,252,270,TestJoinKeyStructureValidation,,self,,,true,VCO join_key must have all required fields.,19,6,
tests/test_join_key_migration.py,TestJoinKeyStructureValidation.test_vt_join_key_has_required_fields,method,272,289,TestJoinKeyStructureValidation,,self,,,true,VT join_key must have all required fields.,18,7,
tests/test_join_key_migration.py,TestGroupingBasis,class,292,317,<module>,,,,,true,Tests that grouping_basis is correctly set.,26,1,"test_vco_grouping_basis_is_join_key,test_vt_grouping_basis_is_join_key"
tests/test_join_key_migration.py,TestGroupingBasis.test_vco_grouping_basis_is_join_key,method,295,305,TestGroupingBasis,,self,,,true,VCO phase2 grouping_basis must be 'join_key.join_hash'.,11,2,
tests/test_join_key_migration.py,TestGroupingBasis.test_vt_grouping_basis_is_join_key,method,307,317,TestGroupingBasis,,self,,,true,VT phase2 grouping_basis must be 'join_key.join_hash'.,11,2,
tests/test_join_key_policy_validation.py,<module>,module,1,90,,,,,,false,,90,3,"test_valid_shape_gated_policy_has_no_errors,test_rule_a1_discriminator_first_required,test_rule_a2_no_overlap_common_required,test_rule_a3_additional_required_in_optional_items,test_rule_a4_requires_non_empty_additional_required,test_rule_a5_orphaned_keys_warning_only"
tests/test_join_key_policy_validation.py,test_valid_shape_gated_policy_has_no_errors,function,28,30,<module>,,,,,false,,3,2,
tests/test_join_key_policy_validation.py,test_rule_a1_discriminator_first_required,function,33,40,<module>,,,,,false,,8,5,
tests/test_join_key_policy_validation.py,test_rule_a2_no_overlap_common_required,function,43,53,<module>,,,,,false,,11,5,
tests/test_join_key_policy_validation.py,test_rule_a3_additional_required_in_optional_items,function,56,63,<module>,,,,,false,,8,5,
tests/test_join_key_policy_validation.py,test_rule_a4_requires_non_empty_additional_required,function,66,76,<module>,,,,,false,,11,6,
tests/test_join_key_policy_validation.py,test_rule_a5_orphaned_keys_warning_only,function,79,90,<module>,,,,,false,,12,7,
tests/test_label_synthesis_domain_prompt_loader.py,<module>,module,1,13,,,,,,false,,13,1,"test_domain_prompt_loader_supports_single_word_domains,test_domain_prompt_loader_falls_back_to_base_for_multi_segment_domains"
tests/test_label_synthesis_domain_prompt_loader.py,test_domain_prompt_loader_supports_single_word_domains,function,4,7,<module>,,,,,false,,4,3,
tests/test_label_synthesis_domain_prompt_loader.py,test_domain_prompt_loader_falls_back_to_base_for_multi_segment_domains,function,10,13,<module>,,,,,false,,4,3,
tests/test_line_pattern_mapping_reconstruction.py,<module>,module,1,393,,,,,,true,Pure-Python tests for mapping/line_pattern_reconstruction.py.,393,1,"_seg_rows,_requested_join_hash_for,test_reconstruct_ok_with_full_evidence,test_reconstruct_degraded_when_forensic_evidence_absent,test_dot_length_normalization_forces_zero_and_degrades,test_block_settings_absent,test_block_no_items_marker,test_block_duplicate_segment_key,test_block_segment_count_mismatch,test_block_segment_indices_non_contiguous,test_block_quality_not_ok,test_block_segment_kind_unmapped,test_block_non_positive_length_for_non_dot_segment,test_block_segments_def_hash_mismatch,test_block_reconstructed_join_hash_mismatch,_reference_norm_hash_via_run_extract_all,test_segments_norm_hash_matches_run_extract_all_reference,test_select_observed_name_highest_files_count_wins,test_select_observed_name_ignores_non_ok_and_empty,test_select_observed_name_none_when_no_acceptable_rows,test_resolve_observed_name_synthetic_fallback_is_deterministic,test_build_mapping_name_candidates_deterministic_collision_name,test_sanitize_revit_name_replaces_illegal_characters,test_group_requested_join_hashes_dedupes_and_preserves_bundle_associations,test_dominant_status_ordering,test_build_report_rows_deterministic_ordering_and_dedup_of_reasons,test_compute_run_status_dominance_over_outcomes"
tests/test_line_pattern_mapping_reconstruction.py,_seg_rows,function,42,59,<module>,,"segments, *, join_hash = '', segment_count = None, extra = None",,,true,Build pattern_settings.csv-shaped rows for a segment list,18,3,
tests/test_line_pattern_mapping_reconstruction.py,_requested_join_hash_for,function,62,64,<module>,,segments,,,false,,3,1,
tests/test_line_pattern_mapping_reconstruction.py,test_reconstruct_ok_with_full_evidence,function,74,89,<module>,,,,,false,,16,5,
tests/test_line_pattern_mapping_reconstruction.py,test_reconstruct_degraded_when_forensic_evidence_absent,function,92,101,<module>,,,,,false,,10,5,
tests/test_line_pattern_mapping_reconstruction.py,test_dot_length_normalization_forces_zero_and_degrades,function,104,119,<module>,,,,,false,,16,7,
tests/test_line_pattern_mapping_reconstruction.py,test_block_settings_absent,function,126,130,<module>,,,,,false,,5,4,
tests/test_line_pattern_mapping_reconstruction.py,test_block_no_items_marker,function,133,137,<module>,,,,,false,,5,3,
tests/test_line_pattern_mapping_reconstruction.py,test_block_duplicate_segment_key,function,140,148,<module>,,,,,false,,9,3,
tests/test_line_pattern_mapping_reconstruction.py,test_block_segment_count_mismatch,function,151,155,<module>,,,,,false,,5,3,
tests/test_line_pattern_mapping_reconstruction.py,test_block_segment_indices_non_contiguous,function,158,169,<module>,,,,,false,,12,3,
tests/test_line_pattern_mapping_reconstruction.py,test_block_quality_not_ok,function,172,181,<module>,,,,,false,,10,5,
tests/test_line_pattern_mapping_reconstruction.py,test_block_segment_kind_unmapped,function,184,188,<module>,,,,,false,,5,3,
tests/test_line_pattern_mapping_reconstruction.py,test_block_non_positive_length_for_non_dot_segment,function,191,195,<module>,,,,,false,,5,3,
tests/test_line_pattern_mapping_reconstruction.py,test_block_segments_def_hash_mismatch,function,198,206,<module>,,,,,false,,9,3,
tests/test_line_pattern_mapping_reconstruction.py,test_block_reconstructed_join_hash_mismatch,function,209,215,<module>,,,,,false,,7,3,
tests/test_line_pattern_mapping_reconstruction.py,_reference_norm_hash_via_run_extract_all,function,222,259,<module>,,"tmp_path, segments",,,false,,38,9,
tests/test_line_pattern_mapping_reconstruction.py,test_segments_norm_hash_matches_run_extract_all_reference,function,262,275,<module>,,tmp_path,,,false,,14,3,
tests/test_line_pattern_mapping_reconstruction.py,test_select_observed_name_highest_files_count_wins,function,282,291,<module>,,,,,false,,10,3,
tests/test_line_pattern_mapping_reconstruction.py,test_select_observed_name_ignores_non_ok_and_empty,function,294,302,<module>,,,,,false,,9,3,
tests/test_line_pattern_mapping_reconstruction.py,test_select_observed_name_none_when_no_acceptable_rows,function,305,309,<module>,,,,,false,,5,3,
tests/test_line_pattern_mapping_reconstruction.py,test_resolve_observed_name_synthetic_fallback_is_deterministic,function,312,318,<module>,,,,,false,,7,5,
tests/test_line_pattern_mapping_reconstruction.py,test_build_mapping_name_candidates_deterministic_collision_name,function,321,328,<module>,,,,,false,,8,4,
tests/test_line_pattern_mapping_reconstruction.py,test_sanitize_revit_name_replaces_illegal_characters,function,331,334,<module>,,,,,false,,4,4,
tests/test_line_pattern_mapping_reconstruction.py,test_group_requested_join_hashes_dedupes_and_preserves_bundle_associations,function,341,359,<module>,,,,,false,,19,9,
tests/test_line_pattern_mapping_reconstruction.py,test_dominant_status_ordering,function,366,370,<module>,,,,,false,,5,5,
tests/test_line_pattern_mapping_reconstruction.py,test_build_report_rows_deterministic_ordering_and_dedup_of_reasons,function,373,380,<module>,,,,,false,,8,4,
tests/test_line_pattern_mapping_reconstruction.py,test_compute_run_status_dominance_over_outcomes,function,383,393,<module>,,,,,false,,11,4,
tests/test_line_patterns_canonical_selectors.py,<module>,module,1,66,,,,,,false,,66,1,"_Seg,_line_patterns_policy,test_line_patterns_canonical_evidence_selectors_and_hashing"
tests/test_line_patterns_canonical_selectors.py,_Seg,class,12,15,<module>,,,object,,false,,4,1,__init__
tests/test_line_patterns_canonical_selectors.py,_Seg.__init__,method,13,15,_Seg,,"self, seg_type, length",,,false,,3,1,
tests/test_line_patterns_canonical_selectors.py,_line_patterns_policy,function,18,20,<module>,,,,,false,,3,1,
tests/test_line_patterns_canonical_selectors.py,test_line_patterns_canonical_evidence_selectors_and_hashing,function,23,66,<module>,,,,,false,,44,9,
tests/test_line_styles_canonical_selectors.py,<module>,module,1,49,,,,,,false,,49,1,"_line_styles_policy,test_line_styles_canonical_evidence_selectors_and_hashing"
tests/test_line_styles_canonical_selectors.py,_line_styles_policy,function,10,12,<module>,,,,,false,,3,1,
tests/test_line_styles_canonical_selectors.py,test_line_styles_canonical_evidence_selectors_and_hashing,function,15,49,<module>,,,,,false,,35,11,
tests/test_materials.py,<module>,module,1,363,,,,,,false,,363,1,"_Id,_Color,_Param,_FillPatternElem,_Mat,_Doc,_identity_map,_material_payload,_make_ctx_with_fill_patterns,test_materials_emits_records_and_hash,test_identity_fields_captured_but_excluded_from_graphics_hash,test_use_render_appearance_captured_but_not_hashed,test_color_and_transparency_are_displayed_values,test_no_pattern_element_id_minus_one_maps_to_none,test_missing_fill_pattern_ctx_degrades_not_blocks,test_fill_pattern_ctx_resolution_populates_sig_hash,test_material_ctx_maps_populated,test_optional_identity_fields_do_not_emit_canonical_sentinel_literals,test_identity_basis_contains_uid_and_sig_basis_items,test_sig_basis_keys_used_reproduces_sig_hash,test_graphics_sig_basis_keys_used_reproduces_graphics_sig_hash_v2,test_label_uses_contract_provenance_token,test_fill_pattern_ctx_missing_is_evaluated_per_record,test_keynote_populated_emits_ok_item,test_keynote_blank_emits_missing_item_not_omitted,test_keynote_unset_param_emits_missing_item_not_omitted,test_blocked_when_api_unavailable"
tests/test_materials.py,_Id,class,8,10,<module>,,,object,,false,,3,1,__init__
tests/test_materials.py,_Id.__init__,method,9,10,_Id,,"self, iv",,,false,,2,1,
tests/test_materials.py,_Color,class,13,17,<module>,,,object,,false,,5,1,__init__
tests/test_materials.py,_Color.__init__,method,14,17,_Color,,"self, r, g, b",,,false,,4,1,
tests/test_materials.py,_Param,class,20,29,<module>,,,object,,false,,10,1,"__init__,AsString,AsValueString"
tests/test_materials.py,_Param.__init__,method,21,23,_Param,,"self, value",,,false,,3,1,
tests/test_materials.py,_Param.AsString,method,25,26,_Param,,self,,,false,,2,1,
tests/test_materials.py,_Param.AsValueString,method,28,29,_Param,,self,,,false,,2,1,
tests/test_materials.py,_FillPatternElem,class,32,35,<module>,,,object,,false,,4,1,__init__
tests/test_materials.py,_FillPatternElem.__init__,method,33,35,_FillPatternElem,,"self, uid, name",,,false,,3,1,
tests/test_materials.py,_Mat,class,38,71,<module>,,,object,,false,,34,1,"__init__,LookupParameter"
tests/test_materials.py,_Mat.__init__,method,39,68,_Mat,,"self, *, uid = 'uid-1', eid = 1, name = 'Concrete', material_class = 'Structure', use_render = True",,,false,,30,1,
tests/test_materials.py,_Mat.LookupParameter,method,70,71,_Mat,,"self, name",,,false,,2,1,
tests/test_materials.py,_Doc,class,74,80,<module>,,,object,,false,,7,1,"__init__,GetElement"
tests/test_materials.py,_Doc.__init__,method,75,76,_Doc,,"self, elems_by_id = None",,,false,,2,2,
tests/test_materials.py,_Doc.GetElement,method,78,80,_Doc,,"self, eid",,,false,,3,1,
tests/test_materials.py,_identity_map,function,83,85,<module>,,rec,,,false,,3,5,
tests/test_materials.py,_material_payload,function,88,89,<module>,,rec,,,false,,2,3,
tests/test_materials.py,_make_ctx_with_fill_patterns,function,92,100,<module>,,m,,,false,,9,1,
tests/test_materials.py,test_materials_emits_records_and_hash,function,103,116,<module>,,monkeypatch,,,false,,14,5,
tests/test_materials.py,test_identity_fields_captured_but_excluded_from_graphics_hash,function,119,138,<module>,,monkeypatch,,,false,,20,4,
tests/test_materials.py,test_use_render_appearance_captured_but_not_hashed,function,141,157,<module>,,monkeypatch,,,false,,17,4,
tests/test_materials.py,test_color_and_transparency_are_displayed_values,function,160,170,<module>,,monkeypatch,,,false,,11,3,
tests/test_materials.py,test_no_pattern_element_id_minus_one_maps_to_none,function,173,184,<module>,,monkeypatch,,,false,,12,4,
tests/test_materials.py,test_missing_fill_pattern_ctx_degrades_not_blocks,function,187,197,<module>,,monkeypatch,,,false,,11,4,
tests/test_materials.py,test_fill_pattern_ctx_resolution_populates_sig_hash,function,200,207,<module>,,monkeypatch,,,false,,8,2,
tests/test_materials.py,test_material_ctx_maps_populated,function,210,225,<module>,,monkeypatch,,,false,,16,9,
tests/test_materials.py,test_optional_identity_fields_do_not_emit_canonical_sentinel_literals,function,228,239,<module>,,monkeypatch,,,false,,12,3,
tests/test_materials.py,test_identity_basis_contains_uid_and_sig_basis_items,function,242,251,<module>,,monkeypatch,,,false,,10,7,
tests/test_materials.py,test_sig_basis_keys_used_reproduces_sig_hash,function,254,267,<module>,,monkeypatch,,,false,,14,6,
tests/test_materials.py,test_graphics_sig_basis_keys_used_reproduces_graphics_sig_hash_v2,function,270,280,<module>,,monkeypatch,,,false,,11,10,
tests/test_materials.py,test_label_uses_contract_provenance_token,function,283,288,<module>,,monkeypatch,,,false,,6,2,
tests/test_materials.py,test_fill_pattern_ctx_missing_is_evaluated_per_record,function,291,305,<module>,,monkeypatch,,,false,,15,4,
tests/test_materials.py,test_keynote_populated_emits_ok_item,function,308,320,<module>,,monkeypatch,,,false,,13,8,
tests/test_materials.py,test_keynote_blank_emits_missing_item_not_omitted,function,323,335,<module>,,monkeypatch,,,false,,13,8,
tests/test_materials.py,test_keynote_unset_param_emits_missing_item_not_omitted,function,338,350,<module>,,monkeypatch,,,false,,13,8,
tests/test_materials.py,test_blocked_when_api_unavailable,function,353,363,<module>,,monkeypatch,,,false,,11,5,
tests/test_na_token.py,<module>,module,1,42,,,,,,false,,42,1,"TestIsNaToken,TestIsBlankOrNa"
tests/test_na_token.py,TestIsNaToken,class,9,27,<module>,,,,,false,,19,1,"test_recognizes_common_spellings,test_real_values_are_not_na,test_blank_is_not_na"
tests/test_na_token.py,TestIsNaToken.test_recognizes_common_spellings,method,10,18,TestIsNaToken,,self,,,false,,9,3,
tests/test_na_token.py,TestIsNaToken.test_real_values_are_not_na,method,20,22,TestIsNaToken,,self,,,false,,3,3,
tests/test_na_token.py,TestIsNaToken.test_blank_is_not_na,method,24,27,TestIsNaToken,,self,,,false,,4,2,
tests/test_na_token.py,TestIsBlankOrNa,class,30,42,<module>,,,,,false,,13,1,"test_blank_variants_are_ignore,test_na_variants_are_ignore,test_real_values_are_not_ignore"
tests/test_na_token.py,TestIsBlankOrNa.test_blank_variants_are_ignore,method,31,33,TestIsBlankOrNa,,self,,,false,,3,3,
tests/test_na_token.py,TestIsBlankOrNa.test_na_variants_are_ignore,method,35,38,TestIsBlankOrNa,,self,,,false,,4,4,
tests/test_na_token.py,TestIsBlankOrNa.test_real_values_are_not_ignore,method,40,42,TestIsBlankOrNa,,self,,,false,,3,3,
tests/test_name_key_inline_analysis_agreement.py,<module>,module,1,189,,,,,,true,Item 0 (PR2 brief): verify inline vs. analysis-side agreement for join_key_name_identity.,189,4,"_inline_equivalent,_native_case,_bucket_widened_case,_label_only_case,name_key_policies,test_inline_equivalent_matches_analysis_side,test_agreement_sample_size_and_match_rate"
tests/test_name_key_inline_analysis_agreement.py,_inline_equivalent,function,48,61,<module>,,"pol: Dict[str, Any], identity_items: List[Dict[str, Any]]",,"Dict[str, Any]",true,Mirrors the exact build_join_key_from_policy call every domains/*.py inline call,14,1,
tests/test_name_key_inline_analysis_agreement.py,_native_case,function,70,77,<module>,,"domain: str, item_key: str, value: str",,None,false,,8,1,
tests/test_name_key_inline_analysis_agreement.py,_bucket_widened_case,function,80,88,<module>,,"domain: str, item_key: str, value: str, bucket: str",,None,false,,9,1,
tests/test_name_key_inline_analysis_agreement.py,_label_only_case,function,91,101,<module>,,"domain: str, item_key: str, value: str, component: str = None",,None,false,,11,2,
tests/test_name_key_inline_analysis_agreement.py,name_key_policies,function,142,143,<module>,pytest.fixture(scope='module'),,,,false,,2,1,
tests/test_name_key_inline_analysis_agreement.py,test_inline_equivalent_matches_analysis_side,function,147,164,<module>,"pytest.mark.parametrize('domain,rec,base_items,widened_key,widened_value', CASES, ids=[c[0] for c in CASES])","domain, rec, base_items, widened_key, widened_value, name_key_policies",,,false,,18,7,
tests/test_name_key_inline_analysis_agreement.py,test_agreement_sample_size_and_match_rate,function,167,189,<module>,,name_key_policies,,,true,"Reports the concrete sample size / match rate this file's parametrized cases give,",23,7,
tests/test_name_key_policy.py,<module>,module,1,286,,,,,,true,Tests for the Canonical Name Identity Projection (PR1).,286,1,"name_key_policies,test_policy_file_loads_and_validates,test_eligibility_allow_list_matches_exactly,test_excluded_domains_have_no_policy_entry,test_every_eligible_entry_has_exactly_one_required_item,test_phases_carries_explicit_redundancy_marker,test_non_phases_entries_use_bare_schema,TestStatusVocabulary,TestDimensionConfigNonInclusion,TestAnalysisSideReconstruction"
tests/test_name_key_policy.py,name_key_policies,function,71,72,<module>,pytest.fixture(scope='module'),,,,false,,2,1,
tests/test_name_key_policy.py,test_policy_file_loads_and_validates,function,75,77,<module>,,name_key_policies,,,false,,3,3,
tests/test_name_key_policy.py,test_eligibility_allow_list_matches_exactly,function,80,82,<module>,,name_key_policies,,,false,,3,2,
tests/test_name_key_policy.py,test_excluded_domains_have_no_policy_entry,function,85,92,<module>,,name_key_policies,,,false,,8,2,
tests/test_name_key_policy.py,test_every_eligible_entry_has_exactly_one_required_item,function,95,99,<module>,,name_key_policies,,,false,,5,4,
tests/test_name_key_policy.py,test_phases_carries_explicit_redundancy_marker,function,102,106,<module>,,name_key_policies,,,false,,5,4,
tests/test_name_key_policy.py,test_non_phases_entries_use_bare_schema,function,109,113,<module>,,name_key_policies,,,false,,5,4,
tests/test_name_key_policy.py,TestStatusVocabulary,class,116,129,<module>,,,,,false,,14,1,"test_missing_policy,test_blocked_when_no_required_items_configured,test_missing_required_when_required_item_absent,test_ok_when_required_items_present"
tests/test_name_key_policy.py,TestStatusVocabulary.test_missing_policy,method,117,118,TestStatusVocabulary,,self,,,false,,2,2,
tests/test_name_key_policy.py,TestStatusVocabulary.test_blocked_when_no_required_items_configured,method,120,121,TestStatusVocabulary,,self,,,false,,2,2,
tests/test_name_key_policy.py,TestStatusVocabulary.test_missing_required_when_required_item_absent,method,123,125,TestStatusVocabulary,,self,,,false,,3,2,
tests/test_name_key_policy.py,TestStatusVocabulary.test_ok_when_required_items_present,method,127,129,TestStatusVocabulary,,self,,,false,,3,2,
tests/test_name_key_policy.py,TestDimensionConfigNonInclusion,class,132,153,<module>,,,,,false,,22,1,"test_dimension_config_has_no_name_key_field,test_dimension_config_fields_unchanged"
tests/test_name_key_policy.py,TestDimensionConfigNonInclusion.test_dimension_config_has_no_name_key_field,method,133,140,TestDimensionConfigNonInclusion,,self,,,false,,8,4,
tests/test_name_key_policy.py,TestDimensionConfigNonInclusion.test_dimension_config_fields_unchanged,method,142,153,TestDimensionConfigNonInclusion,,self,,,false,,12,3,
tests/test_name_key_policy.py,TestAnalysisSideReconstruction,class,156,286,<module>,,,,,false,,131,1,"test_native_domain_materials,test_widened_domain_phase_filters_reads_coordination_bucket,test_label_only_domain_arrowheads_reads_raw_component,test_loaded_family_types_reads_raw_family_name_not_decorated_display,test_view_filter_definitions_reads_raw_name_not_decorated_display,test_ineligible_domain_returns_none,test_missing_name_yields_missing_required_status,test_summary_only_record_does_not_synthesize_label_only_name_key,test_has_detail_data_true_for_identity_basis_phase2_or_items,test_flat_items_for_record_merges_all_buckets"
tests/test_name_key_policy.py,TestAnalysisSideReconstruction.test_native_domain_materials,method,157,166,TestAnalysisSideReconstruction,,"self, name_key_policies",,,false,,10,4,
tests/test_name_key_policy.py,TestAnalysisSideReconstruction.test_widened_domain_phase_filters_reads_coordination_bucket,method,168,177,TestAnalysisSideReconstruction,,"self, name_key_policies",,,false,,10,3,
tests/test_name_key_policy.py,TestAnalysisSideReconstruction.test_label_only_domain_arrowheads_reads_raw_component,method,179,190,TestAnalysisSideReconstruction,,"self, name_key_policies",,,false,,12,3,
tests/test_name_key_policy.py,TestAnalysisSideReconstruction.test_loaded_family_types_reads_raw_family_name_not_decorated_display,method,192,210,TestAnalysisSideReconstruction,,"self, name_key_policies",,,false,,19,2,
tests/test_name_key_policy.py,TestAnalysisSideReconstruction.test_view_filter_definitions_reads_raw_name_not_decorated_display,method,212,238,TestAnalysisSideReconstruction,,"self, name_key_policies",,,false,,27,3,
tests/test_name_key_policy.py,TestAnalysisSideReconstruction.test_ineligible_domain_returns_none,method,240,246,TestAnalysisSideReconstruction,,"self, name_key_policies",,,false,,7,2,
tests/test_name_key_policy.py,TestAnalysisSideReconstruction.test_missing_name_yields_missing_required_status,method,248,256,TestAnalysisSideReconstruction,,"self, name_key_policies",,,false,,9,3,
tests/test_name_key_policy.py,TestAnalysisSideReconstruction.test_summary_only_record_does_not_synthesize_label_only_name_key,method,258,267,TestAnalysisSideReconstruction,,"self, name_key_policies",,,false,,10,5,
tests/test_name_key_policy.py,TestAnalysisSideReconstruction.test_has_detail_data_true_for_identity_basis_phase2_or_items,method,269,273,TestAnalysisSideReconstruction,,self,,,false,,5,5,
tests/test_name_key_policy.py,TestAnalysisSideReconstruction.test_flat_items_for_record_merges_all_buckets,method,275,286,TestAnalysisSideReconstruction,,self,,,false,,12,3,
tests/test_no_direct_filtered_element_collector_in_domains.py,<module>,module,1,30,,,,,,false,,30,1,"_repo_root,test_domains_do_not_reference_filtered_element_collector"
tests/test_no_direct_filtered_element_collector_in_domains.py,_repo_root,function,6,7,<module>,,,,str,false,,2,1,
tests/test_no_direct_filtered_element_collector_in_domains.py,test_domains_do_not_reference_filtered_element_collector,function,10,30,<module>,,,,,true,PR5 policy:,21,6,
tests/test_object_styles_canonical_selectors.py,<module>,module,1,121,,,,,,false,,121,1,"_object_styles_model_policy,test_object_styles_model_canonical_evidence_selectors_and_hashing,_domain_identity_registry_v2,_area9_identity_items,test_object_styles_model_area9_fields_pass_contract_validation_for_subcategory,test_object_styles_model_parent_name_missing_and_none_for_top_level_category"
tests/test_object_styles_canonical_selectors.py,_object_styles_model_policy,function,12,14,<module>,,,,,false,,3,1,
tests/test_object_styles_canonical_selectors.py,test_object_styles_model_canonical_evidence_selectors_and_hashing,function,17,55,<module>,,,,,false,,39,9,
tests/test_object_styles_canonical_selectors.py,_domain_identity_registry_v2,function,58,60,<module>,,,,,false,,3,2,
tests/test_object_styles_canonical_selectors.py,_area9_identity_items,function,63,80,<module>,,"*, is_subcategory",,,false,,18,1,
tests/test_object_styles_canonical_selectors.py,test_object_styles_model_area9_fields_pass_contract_validation_for_subcategory,function,83,96,<module>,,,,,false,,14,2,
tests/test_object_styles_canonical_selectors.py,test_object_styles_model_parent_name_missing_and_none_for_top_level_category,function,99,121,<module>,,,,,false,,23,6,
tests/test_pareto_shape_gating.py,<module>,module,1,119,,,,,,false,,119,3,"_write_csv,test_pareto_shape_gating_per_shape"
tests/test_pareto_shape_gating.py,_write_csv,function,16,20,<module>,,"path: Path, header, rows",,,false,,5,2,
tests/test_pareto_shape_gating.py,test_pareto_shape_gating_per_shape,function,35,119,<module>,"pytest.mark.xfail(reason=""Pre-existing KeyError: 'max_sigcnt' bug in pareto_joinkey_search.py's main() CLI path (per-shape rollup), unrelated to the pareto_search() Callable API discover_join_policy.py actually calls -- tools/pareto_joinkey_search.py entry and docs/tools_DEPRECATED.md. This has never surfaced in CI before since pandas was never installed there; surfaced now that CI installs pandas to actually exercise pareto-mode tests instead of silently skipping/falling back."", strict=True)","tmp_path: Path, monkeypatch",,,false,,85,7,
tests/test_phase_filters_canonical_selectors.py,<module>,module,1,49,,,,,,false,,49,1,test_phase_filters_selectors_and_hashing_use_policy_required_presentation_ids
tests/test_phase_filters_canonical_selectors.py,test_phase_filters_selectors_and_hashing_use_policy_required_presentation_ids,function,9,49,<module>,,,,,false,,41,9,
tests/test_phases_canonical_selectors.py,<module>,module,1,49,,,,,,false,,49,1,"_phases_policy,test_phases_join_hash_uses_policy_required_only_and_semantic_selector_is_separate"
tests/test_phases_canonical_selectors.py,_phases_policy,function,10,12,<module>,,,,,false,,3,1,
tests/test_phases_canonical_selectors.py,test_phases_join_hash_uses_policy_required_only_and_semantic_selector_is_separate,function,15,49,<module>,,,,,false,,35,13,
tests/test_placeholder_exclusions.py,<module>,module,1,26,,,,,,false,,26,1,"_wcsv,test_placeholder_exclusions_smoke"
tests/test_placeholder_exclusions.py,_wcsv,function,4,7,<module>,,"p, rows",,,false,,4,2,
tests/test_placeholder_exclusions.py,test_placeholder_exclusions_smoke,function,9,26,<module>,,tmp_path,,,false,,18,9,
tests/test_probe_inventory_builder.py,<module>,module,1,320,,,,,,false,,320,1,"_run,_read_csv_rows,test_merges_and_dedupes_across_dated_runs,test_empty_probes_dir_refuses_to_overwrite_by_default,test_all_inputs_invalid_refuses_to_overwrite_by_default,test_empty_probes_dir_with_force_writes_empty_inventory,_run_shaped_payload,test_merges_run_shaped_files_and_tracks_revit_version,test_merges_across_legacy_and_run_shapes_for_same_domain"
tests/test_probe_inventory_builder.py,_run,function,10,24,<module>,,"probes_dir, out_md, out_csv, domains_dir = None, force = False, expect_returncode = 0",,,false,,15,4,
tests/test_probe_inventory_builder.py,_read_csv_rows,function,27,29,<module>,,out_csv,,,false,,3,2,
tests/test_probe_inventory_builder.py,test_merges_and_dedupes_across_dated_runs,function,32,135,<module>,,tmp_path,,,false,,104,16,
tests/test_probe_inventory_builder.py,test_empty_probes_dir_refuses_to_overwrite_by_default,function,138,154,<module>,,tmp_path,,,false,,17,4,
tests/test_probe_inventory_builder.py,test_all_inputs_invalid_refuses_to_overwrite_by_default,function,157,178,<module>,,tmp_path,,,false,,22,5,
tests/test_probe_inventory_builder.py,test_empty_probes_dir_with_force_writes_empty_inventory,function,181,189,<module>,,tmp_path,,,false,,9,3,
tests/test_probe_inventory_builder.py,_run_shaped_payload,function,192,204,<module>,,"revit_version, run_id, extraction_date, domains",,,false,,13,1,
tests/test_probe_inventory_builder.py,test_merges_run_shaped_files_and_tracks_revit_version,function,207,267,<module>,,tmp_path,,,false,,61,9,
tests/test_probe_inventory_builder.py,test_merges_across_legacy_and_run_shapes_for_same_domain,function,270,320,<module>,,tmp_path,,,false,,51,6,
tests/test_record_contract_v2.py,<module>,module,1,76,,,,,,false,,76,1,"domain_identity_registry_v2,exported_fingerprint_json,test_all_exported_records_conform_to_record_contract_v2,test_blocked_records_have_no_sig_hash,test_exported_records_have_unique_record_id_per_file_and_domain"
tests/test_record_contract_v2.py,domain_identity_registry_v2,function,11,13,<module>,pytest.fixture(scope='session'),,,,false,,3,2,
tests/test_record_contract_v2.py,exported_fingerprint_json,function,17,29,<module>,pytest.fixture(scope='session'),,,,true,Provide exporter output JSON for validation.,13,3,
tests/test_record_contract_v2.py,test_all_exported_records_conform_to_record_contract_v2,function,32,56,<module>,,"exported_fingerprint_json, domain_identity_registry_v2",,,false,,25,9,
tests/test_record_contract_v2.py,test_blocked_records_have_no_sig_hash,function,59,63,<module>,,exported_fingerprint_json,,,false,,5,5,
tests/test_record_contract_v2.py,test_exported_records_have_unique_record_id_per_file_and_domain,function,66,76,<module>,,exported_fingerprint_json,,,false,,11,5,
tests/test_record_id_determinism.py,<module>,module,1,109,,,,,,false,,109,1,"_make_record,test_structural_record_id_dup_index_deterministic,test_structural_record_id_duplicate_keys_blocked,test_structural_record_id_stable_across_runs,test_validate_records_duplicate_within_file_and_domain"
tests/test_record_id_determinism.py,_make_record,function,11,22,<module>,,"base_id, alg, sort_key, label_display",,,false,,12,1,
tests/test_record_id_determinism.py,test_structural_record_id_dup_index_deterministic,function,25,36,<module>,,,,,false,,12,4,
tests/test_record_id_determinism.py,test_structural_record_id_duplicate_keys_blocked,function,39,51,<module>,,,,,false,,13,5,
tests/test_record_id_determinism.py,test_structural_record_id_stable_across_runs,function,54,70,<module>,,,,,false,,17,4,_build_records_in_order
tests/test_record_id_determinism.py,test_structural_record_id_stable_across_runs._build_records_in_order,nested_function,55,60,test_structural_record_id_stable_across_runs,,order,,,false,,6,2,
tests/test_record_id_determinism.py,test_validate_records_duplicate_within_file_and_domain,function,73,109,<module>,,,,,false,,37,3,
tests/test_record_v2_utils.py,<module>,module,1,84,,,,,,false,,84,1,"test_canonicalize_str_rules,test_canonicalize_int_rules,test_canonicalize_float_rules,test_canonicalize_bool_rules,test_make_identity_item_banned_substring_guard,test_make_identity_item_empty_string_becomes_null_missing,test_serialize_identity_items_is_sorted_and_deterministic,test_compute_identity_quality_dominance,test_compute_identity_quality_blocked_short_circuit"
tests/test_record_v2_utils.py,test_canonicalize_str_rules,function,8,11,<module>,,,,,false,,4,4,
tests/test_record_v2_utils.py,test_canonicalize_int_rules,function,14,20,<module>,,,,,false,,7,7,
tests/test_record_v2_utils.py,test_canonicalize_float_rules,function,23,27,<module>,,,,,false,,5,4,
tests/test_record_v2_utils.py,test_canonicalize_bool_rules,function,30,38,<module>,,,,,false,,9,9,
tests/test_record_v2_utils.py,test_make_identity_item_banned_substring_guard,function,41,43,<module>,,,,,false,,3,2,
tests/test_record_v2_utils.py,test_make_identity_item_empty_string_becomes_null_missing,function,46,49,<module>,,,,,false,,4,3,
tests/test_record_v2_utils.py,test_serialize_identity_items_is_sorted_and_deterministic,function,52,63,<module>,,,,,false,,12,3,
tests/test_record_v2_utils.py,test_compute_identity_quality_dominance,function,78,80,<module>,"pytest.mark.parametrize('required_qs, expected', [([], 'complete'), (['ok', 'ok'], 'complete'), (['missing'], 'incomplete_missing'), (['unsupported'], 'incomplete_unsupported'), (['unreadable'], 'incomplete_unreadable'), (['missing', 'unsupported'], 'incomplete_unsupported'), (['missing', 'unreadable'], 'incomplete_unreadable')])","required_qs, expected",,,false,,3,2,
tests/test_record_v2_utils.py,test_compute_identity_quality_blocked_short_circuit,function,83,84,<module>,,,,,false,,2,2,
tests/test_reference_bundle.py,<module>,module,1,44,,,,,,false,,44,1,"test_load_and_validate_allows_legacy_control_characters,test_load_and_validate_allows_raw_newline_in_string"
tests/test_reference_bundle.py,test_load_and_validate_allows_legacy_control_characters,function,6,23,<module>,,tmp_path: Path,,None,false,,18,2,
tests/test_reference_bundle.py,test_load_and_validate_allows_raw_newline_in_string,function,26,44,<module>,,tmp_path: Path,,None,false,,19,2,
tests/test_reformat_to_flat_items_identity_lineage.py,<module>,module,1,42,,,,,,false,,42,1,test_identity_lineage_items_are_preserved_in_canonical_conversion
tests/test_reformat_to_flat_items_identity_lineage.py,test_identity_lineage_items_are_preserved_in_canonical_conversion,function,4,42,<module>,,,,,false,,39,12,
tests/test_repository_data_remediation.py,<module>,module,1,43,,,,,,true,Regression checks for repository-neutral runtime and sample configuration.,43,1,"_read,test_runner_install_discovery_has_only_generic_defaults,test_dynamo_graphs_embed_current_runners_without_workstation_paths,test_default_client_sector_policy_uses_synthetic_labels"
tests/test_repository_data_remediation.py,_read,function,10,11,<module>,,path: str,,str,false,,2,1,
tests/test_repository_data_remediation.py,test_runner_install_discovery_has_only_generic_defaults,function,14,21,<module>,,,,,false,,8,6,
tests/test_repository_data_remediation.py,test_dynamo_graphs_embed_current_runners_without_workstation_paths,function,24,35,<module>,,,,,false,,12,7,
tests/test_repository_data_remediation.py,test_default_client_sector_policy_uses_synthetic_labels,function,38,43,<module>,,,,,false,,6,5,
tests/test_revitlookup_audit_regressions.py,<module>,module,1,61,,,,,,false,,61,1,"_install_revit_stubs,test_vfa_phase2_payload_carries_semantic_keys,test_view_templates_signatures_capture_filter_enabled_and_workset_visibility,test_vco_category_hidden_is_semantic_for_model_and_annotation,test_object_styles_model_semantic_keys_include_material_sig_hash"
tests/test_revitlookup_audit_regressions.py,_install_revit_stubs,function,10,22,<module>,,,,,false,,13,1,
tests/test_revitlookup_audit_regressions.py,test_vfa_phase2_payload_carries_semantic_keys,function,25,27,<module>,,,,,false,,3,2,
tests/test_revitlookup_audit_regressions.py,test_view_templates_signatures_capture_filter_enabled_and_workset_visibility,function,30,35,<module>,,,,,false,,6,5,
tests/test_revitlookup_audit_regressions.py,test_vco_category_hidden_is_semantic_for_model_and_annotation,function,38,54,<module>,,,,,false,,17,9,
tests/test_revitlookup_audit_regressions.py,test_object_styles_model_semantic_keys_include_material_sig_hash,function,57,61,<module>,,,,,false,,5,2,
tests/test_run_segment_orchestrator_name_projection.py,<module>,module,1,766,,,,,,true,Tests for PR4 (Segment-Orchestrator Name-Projection Support).,766,1,"_write_csv,_read_csv,TestFilterNameKeyCsvToSegment,TestActiveDomainsFromNamePatterns,TestMergeBiOutputsExcludesStaleDomainsForEmptySegment,TestSegmentHasNameLegOutput,TestCLIComparisonTarget,TestCompleteSegmentSkipHonorsNameTarget,TestStaleNameBundleOutputClearedBeforeRerun,TestClearStaleNameAllBeforeRun,TestAnnotationFailureFailsTheSegment,TestClearStaleNameAllFailureFailsTheSegment"
tests/test_run_segment_orchestrator_name_projection.py,_write_csv,function,41,47,<module>,,"path: Path, fieldnames, rows",,None,false,,7,3,
tests/test_run_segment_orchestrator_name_projection.py,_read_csv,function,50,52,<module>,,path: Path,,,false,,3,2,
tests/test_run_segment_orchestrator_name_projection.py,TestFilterNameKeyCsvToSegment,class,55,124,<module>,,,,,false,,70,1,"test_filters_by_export_run_id_membership,test_matches_split_export_details_rows_against_canonical_index_id,test_raises_on_missing_corpus_csv,test_preserves_details_only_export_with_no_index_sibling,test_split_export_and_details_only_export_coexist_correctly"
tests/test_run_segment_orchestrator_name_projection.py,TestFilterNameKeyCsvToSegment.test_filters_by_export_run_id_membership,method,56,68,TestFilterNameKeyCsvToSegment,,"self, tmp_path",,,false,,13,4,
tests/test_run_segment_orchestrator_name_projection.py,TestFilterNameKeyCsvToSegment.test_matches_split_export_details_rows_against_canonical_index_id,method,70,87,TestFilterNameKeyCsvToSegment,,"self, tmp_path",,,false,,18,3,
tests/test_run_segment_orchestrator_name_projection.py,TestFilterNameKeyCsvToSegment.test_raises_on_missing_corpus_csv,method,89,91,TestFilterNameKeyCsvToSegment,,"self, tmp_path",,,false,,3,2,
tests/test_run_segment_orchestrator_name_projection.py,TestFilterNameKeyCsvToSegment.test_preserves_details_only_export_with_no_index_sibling,method,93,110,TestFilterNameKeyCsvToSegment,,"self, tmp_path",,,false,,18,3,
tests/test_run_segment_orchestrator_name_projection.py,TestFilterNameKeyCsvToSegment.test_split_export_and_details_only_export_coexist_correctly,method,112,124,TestFilterNameKeyCsvToSegment,,"self, tmp_path",,,false,,13,2,
tests/test_run_segment_orchestrator_name_projection.py,TestActiveDomainsFromNamePatterns,class,127,153,<module>,,,,,false,,27,1,"test_reads_domain_column,test_returns_none_when_missing,test_returns_empty_frozenset_when_present_but_empty"
tests/test_run_segment_orchestrator_name_projection.py,TestActiveDomainsFromNamePatterns.test_reads_domain_column,method,128,138,TestActiveDomainsFromNamePatterns,,"self, tmp_path",,,false,,11,2,
tests/test_run_segment_orchestrator_name_projection.py,TestActiveDomainsFromNamePatterns.test_returns_none_when_missing,method,140,141,TestActiveDomainsFromNamePatterns,,"self, tmp_path",,,false,,2,2,
tests/test_run_segment_orchestrator_name_projection.py,TestActiveDomainsFromNamePatterns.test_returns_empty_frozenset_when_present_but_empty,method,143,153,TestActiveDomainsFromNamePatterns,,"self, tmp_path",,,false,,11,3,
tests/test_run_segment_orchestrator_name_projection.py,TestMergeBiOutputsExcludesStaleDomainsForEmptySegment,class,156,221,<module>,,,,,false,,66,1,"test_empty_active_domains_merges_nothing_even_with_stale_folder_present,test_none_active_domains_merges_everything_found_unfiltered,test_stale_combined_csv_from_previous_run_is_deleted_on_empty_rerun,test_stale_combined_csv_deleted_when_all_candidates_are_headerless"
tests/test_run_segment_orchestrator_name_projection.py,TestMergeBiOutputsExcludesStaleDomainsForEmptySegment.test_empty_active_domains_merges_nothing_even_with_stale_folder_present,method,157,168,TestMergeBiOutputsExcludesStaleDomainsForEmptySegment,,"self, tmp_path",,,false,,12,3,
tests/test_run_segment_orchestrator_name_projection.py,TestMergeBiOutputsExcludesStaleDomainsForEmptySegment.test_none_active_domains_merges_everything_found_unfiltered,method,170,183,TestMergeBiOutputsExcludesStaleDomainsForEmptySegment,,"self, tmp_path",,,false,,14,3,
tests/test_run_segment_orchestrator_name_projection.py,TestMergeBiOutputsExcludesStaleDomainsForEmptySegment.test_stale_combined_csv_from_previous_run_is_deleted_on_empty_rerun,method,185,203,TestMergeBiOutputsExcludesStaleDomainsForEmptySegment,,"self, tmp_path",,,false,,19,4,
tests/test_run_segment_orchestrator_name_projection.py,TestMergeBiOutputsExcludesStaleDomainsForEmptySegment.test_stale_combined_csv_deleted_when_all_candidates_are_headerless,method,205,221,TestMergeBiOutputsExcludesStaleDomainsForEmptySegment,,"self, tmp_path",,,false,,17,3,
tests/test_run_segment_orchestrator_name_projection.py,TestSegmentHasNameLegOutput,class,224,232,<module>,,,,,false,,9,1,"test_false_when_no_provenance_file,test_true_when_provenance_file_present"
tests/test_run_segment_orchestrator_name_projection.py,TestSegmentHasNameLegOutput.test_false_when_no_provenance_file,method,225,226,TestSegmentHasNameLegOutput,,"self, tmp_path",,,false,,2,2,
tests/test_run_segment_orchestrator_name_projection.py,TestSegmentHasNameLegOutput.test_true_when_provenance_file_present,method,228,232,TestSegmentHasNameLegOutput,,"self, tmp_path",,,false,,5,2,
tests/test_run_segment_orchestrator_name_projection.py,TestCLIComparisonTarget,class,235,310,<module>,,,,,false,,76,1,"_build_fixture,_base_args,test_name_target_requires_name_key_results_csv,test_config_target_dry_run_has_no_name_leg_lines,test_name_target_dry_run_includes_name_leg_commands"
tests/test_run_segment_orchestrator_name_projection.py,TestCLIComparisonTarget._build_fixture,method,236,261,TestCLIComparisonTarget,,"self, tmp_path: Path",,dict,false,,26,1,
tests/test_run_segment_orchestrator_name_projection.py,TestCLIComparisonTarget._base_args,method,263,275,TestCLIComparisonTarget,,"self, fx: dict, tmp_path: Path",,list,false,,13,1,
tests/test_run_segment_orchestrator_name_projection.py,TestCLIComparisonTarget.test_name_target_requires_name_key_results_csv,method,277,284,TestCLIComparisonTarget,,"self, tmp_path",,,false,,8,3,
tests/test_run_segment_orchestrator_name_projection.py,TestCLIComparisonTarget.test_config_target_dry_run_has_no_name_leg_lines,method,286,292,TestCLIComparisonTarget,,"self, tmp_path",,,false,,7,5,
tests/test_run_segment_orchestrator_name_projection.py,TestCLIComparisonTarget.test_name_target_dry_run_includes_name_leg_commands,method,294,310,TestCLIComparisonTarget,,"self, tmp_path",,,false,,17,7,
tests/test_run_segment_orchestrator_name_projection.py,TestCompleteSegmentSkipHonorsNameTarget,class,313,420,<module>,,,,,true,PR #390 review: a segment already marked complete under a prior config-only run,108,1,"_build_fixture,_base_args,test_config_target_still_skips_complete_segment,test_name_target_does_not_skip_complete_segment_missing_name_leg,test_name_target_still_skips_complete_segment_with_existing_name_leg_output,test_name_target_still_skips_complete_reference_row_missing_name_leg"
tests/test_run_segment_orchestrator_name_projection.py,TestCompleteSegmentSkipHonorsNameTarget._build_fixture,method,319,351,TestCompleteSegmentSkipHonorsNameTarget,,"self, tmp_path: Path, *, with_name_leg_output: bool, run_type: str = 'bundle'",,dict,false,,33,2,
tests/test_run_segment_orchestrator_name_projection.py,TestCompleteSegmentSkipHonorsNameTarget._base_args,method,353,365,TestCompleteSegmentSkipHonorsNameTarget,,"self, fx: dict, tmp_path: Path",,list,false,,13,1,
tests/test_run_segment_orchestrator_name_projection.py,TestCompleteSegmentSkipHonorsNameTarget.test_config_target_still_skips_complete_segment,method,367,371,TestCompleteSegmentSkipHonorsNameTarget,,"self, tmp_path",,,false,,5,3,
tests/test_run_segment_orchestrator_name_projection.py,TestCompleteSegmentSkipHonorsNameTarget.test_name_target_does_not_skip_complete_segment_missing_name_leg,method,373,387,TestCompleteSegmentSkipHonorsNameTarget,,"self, tmp_path",,,false,,15,5,
tests/test_run_segment_orchestrator_name_projection.py,TestCompleteSegmentSkipHonorsNameTarget.test_name_target_still_skips_complete_segment_with_existing_name_leg_output,method,389,401,TestCompleteSegmentSkipHonorsNameTarget,,"self, tmp_path",,,false,,13,3,
tests/test_run_segment_orchestrator_name_projection.py,TestCompleteSegmentSkipHonorsNameTarget.test_name_target_still_skips_complete_reference_row_missing_name_leg,method,403,420,TestCompleteSegmentSkipHonorsNameTarget,,"self, tmp_path",,,false,,18,3,
tests/test_run_segment_orchestrator_name_projection.py,TestStaleNameBundleOutputClearedBeforeRerun,class,423,540,<module>,,,,,true,"PR #390 review, third round: run_bundle_analysis.py only ever writes per-domain",118,1,"_materials_name_key_rows,_build_populated_name_patterns_dir,_build_empty_name_patterns_dir,_run_name_bundle_analysis,test_reusing_the_same_out_dir_without_clearing_no_longer_leaves_stale_provenance,test_clearing_out_dir_before_rerun_removes_stale_provenance"
tests/test_run_segment_orchestrator_name_projection.py,TestStaleNameBundleOutputClearedBeforeRerun._materials_name_key_rows,method,440,453,TestStaleNameBundleOutputClearedBeforeRerun,,self,,,false,,14,2,
tests/test_run_segment_orchestrator_name_projection.py,TestStaleNameBundleOutputClearedBeforeRerun._build_populated_name_patterns_dir,method,455,462,TestStaleNameBundleOutputClearedBeforeRerun,,"self, tmp_path: Path",,Path,false,,8,1,
tests/test_run_segment_orchestrator_name_projection.py,TestStaleNameBundleOutputClearedBeforeRerun._build_empty_name_patterns_dir,method,464,471,TestStaleNameBundleOutputClearedBeforeRerun,,"self, tmp_path: Path",,Path,false,,8,1,
tests/test_run_segment_orchestrator_name_projection.py,TestStaleNameBundleOutputClearedBeforeRerun._run_name_bundle_analysis,method,473,485,TestStaleNameBundleOutputClearedBeforeRerun,,"self, out_dir: Path, name_patterns_dir: Path",,subprocess.CompletedProcess,false,,13,1,
tests/test_run_segment_orchestrator_name_projection.py,TestStaleNameBundleOutputClearedBeforeRerun.test_reusing_the_same_out_dir_without_clearing_no_longer_leaves_stale_provenance,method,487,514,TestStaleNameBundleOutputClearedBeforeRerun,,"self, tmp_path",,,false,,28,7,
tests/test_run_segment_orchestrator_name_projection.py,TestStaleNameBundleOutputClearedBeforeRerun.test_clearing_out_dir_before_rerun_removes_stale_provenance,method,516,540,TestStaleNameBundleOutputClearedBeforeRerun,,"self, tmp_path",,,false,,25,8,
tests/test_run_segment_orchestrator_name_projection.py,TestClearStaleNameAllBeforeRun,class,543,596,<module>,,,,,true,Regression scenario: a failure in step 2b,54,1,"test_clears_existing_name_all_for_bundle_and_name_target,test_clears_for_both_target_too,test_noop_when_name_all_does_not_exist,test_noop_for_config_target,test_noop_for_reference_run_type"
tests/test_run_segment_orchestrator_name_projection.py,TestClearStaleNameAllBeforeRun.test_clears_existing_name_all_for_bundle_and_name_target,method,551,561,TestClearStaleNameAllBeforeRun,,"self, tmp_path",,,false,,11,4,
tests/test_run_segment_orchestrator_name_projection.py,TestClearStaleNameAllBeforeRun.test_clears_for_both_target_too,method,563,570,TestClearStaleNameAllBeforeRun,,"self, tmp_path",,,false,,8,2,
tests/test_run_segment_orchestrator_name_projection.py,TestClearStaleNameAllBeforeRun.test_noop_when_name_all_does_not_exist,method,572,576,TestClearStaleNameAllBeforeRun,,"self, tmp_path",,,false,,5,2,
tests/test_run_segment_orchestrator_name_projection.py,TestClearStaleNameAllBeforeRun.test_noop_for_config_target,method,578,585,TestClearStaleNameAllBeforeRun,,"self, tmp_path",,,false,,8,2,
tests/test_run_segment_orchestrator_name_projection.py,TestClearStaleNameAllBeforeRun.test_noop_for_reference_run_type,method,587,596,TestClearStaleNameAllBeforeRun,,"self, tmp_path",,,false,,10,2,
tests/test_run_segment_orchestrator_name_projection.py,TestAnnotationFailureFailsTheSegment,class,599,680,<module>,,,,,true,Regression scenario: if,82,1,"_run,test_annotation_failure_marks_segment_failed_not_complete,test_no_annotation_failure_still_marks_segment_complete"
tests/test_run_segment_orchestrator_name_projection.py,TestAnnotationFailureFailsTheSegment._run,method,609,668,TestAnnotationFailureFailsTheSegment,,"self, tmp_path: Path, *, annotate_raises: bool, monkeypatch",,dict,false,,60,2,_fake_run_step_log
tests/test_run_segment_orchestrator_name_projection.py,TestAnnotationFailureFailsTheSegment._run._fake_run_step_log,nested_function,620,626,TestAnnotationFailureFailsTheSegment._run,,"cmd, log_path, cwd = None",,,false,,7,3,
tests/test_run_segment_orchestrator_name_projection.py,TestAnnotationFailureFailsTheSegment._run._raises,nested_function,632,633,TestAnnotationFailureFailsTheSegment._run,,"*a, **k",,,false,,2,1,
tests/test_run_segment_orchestrator_name_projection.py,TestAnnotationFailureFailsTheSegment.test_annotation_failure_marks_segment_failed_not_complete,method,670,673,TestAnnotationFailureFailsTheSegment,,"self, tmp_path, monkeypatch",,,false,,4,3,
tests/test_run_segment_orchestrator_name_projection.py,TestAnnotationFailureFailsTheSegment.test_no_annotation_failure_still_marks_segment_complete,method,675,680,TestAnnotationFailureFailsTheSegment,,"self, tmp_path, monkeypatch",,,false,,6,2,
tests/test_run_segment_orchestrator_name_projection.py,TestClearStaleNameAllFailureFailsTheSegment,class,683,766,<module>,,,,,true,Regression scenario: _clear_stale_name_all_,84,1,"_run,test_persistent_clear_failure_does_not_escape_and_marks_segment_failed,test_no_clear_failure_still_marks_segment_complete"
tests/test_run_segment_orchestrator_name_projection.py,TestClearStaleNameAllFailureFailsTheSegment._run,method,694,753,TestClearStaleNameAllFailureFailsTheSegment,,"self, tmp_path: Path, *, clear_raises: bool, monkeypatch",,dict,false,,60,2,_fake_run_step_log
tests/test_run_segment_orchestrator_name_projection.py,TestClearStaleNameAllFailureFailsTheSegment._run._fake_run_step_log,nested_function,700,706,TestClearStaleNameAllFailureFailsTheSegment._run,,"cmd, log_path, cwd = None",,,false,,7,3,
tests/test_run_segment_orchestrator_name_projection.py,TestClearStaleNameAllFailureFailsTheSegment._run._raises,nested_function,713,714,TestClearStaleNameAllFailureFailsTheSegment._run,,"*a, **k",,,false,,2,1,
tests/test_run_segment_orchestrator_name_projection.py,TestClearStaleNameAllFailureFailsTheSegment.test_persistent_clear_failure_does_not_escape_and_marks_segment_failed,method,755,761,TestClearStaleNameAllFailureFailsTheSegment,,"self, tmp_path, monkeypatch",,,false,,7,3,
tests/test_run_segment_orchestrator_name_projection.py,TestClearStaleNameAllFailureFailsTheSegment.test_no_clear_failure_still_marks_segment_complete,method,763,766,TestClearStaleNameAllFailureFailsTheSegment,,"self, tmp_path, monkeypatch",,,false,,4,2,
tests/test_run_segment_orchestrator_worker_split.py,<module>,module,1,59,,,,,,true,Tests for compute_worker_split() in tools/run_segment_orchestrator.py.,59,1,"test_small_budget_gives_low_single_digits,test_large_budget_gives_expected_split,test_budget_of_one_never_returns_zero,test_explicit_segment_workers_coordinates_domain_workers,test_explicit_segment_workers_never_returns_zero_domain_workers,test_explicit_segment_workers_small_n_gets_larger_domain_share,test_explicit_segment_workers_with_no_cpu_count_falls_back_to_four_budget,test_auto_with_no_cpu_count_falls_back_to_hardcoded_four_four"
tests/test_run_segment_orchestrator_worker_split.py,test_small_budget_gives_low_single_digits,function,11,14,<module>,,,,,false,,4,3,
tests/test_run_segment_orchestrator_worker_split.py,test_large_budget_gives_expected_split,function,17,19,<module>,,,,,false,,3,2,
tests/test_run_segment_orchestrator_worker_split.py,test_budget_of_one_never_returns_zero,function,22,25,<module>,,,,,false,,4,3,
tests/test_run_segment_orchestrator_worker_split.py,test_explicit_segment_workers_coordinates_domain_workers,function,28,33,<module>,,,,,false,,6,3,
tests/test_run_segment_orchestrator_worker_split.py,test_explicit_segment_workers_never_returns_zero_domain_workers,function,36,39,<module>,,,,,false,,4,3,
tests/test_run_segment_orchestrator_worker_split.py,test_explicit_segment_workers_small_n_gets_larger_domain_share,function,42,45,<module>,,,,,false,,4,3,
tests/test_run_segment_orchestrator_worker_split.py,test_explicit_segment_workers_with_no_cpu_count_falls_back_to_four_budget,function,48,53,<module>,,monkeypatch,,,false,,6,3,
tests/test_run_segment_orchestrator_worker_split.py,test_auto_with_no_cpu_count_falls_back_to_hardcoded_four_four,function,56,59,<module>,,monkeypatch,,,false,,4,2,
tests/test_runner_canonicalization.py,<module>,module,1,28,,,,,,false,,28,1,test_canonicalize_record_merges_all_sources_and_strips_legacy_keys
tests/test_runner_canonicalization.py,test_canonicalize_record_merges_all_sources_and_strips_legacy_keys,function,4,28,<module>,,,,,false,,25,7,
tests/test_runner_extraction_context.py,<module>,module,1,46,,,,,,false,,46,1,"test_operator_environment_boundary,test_runner_loaded_mapping_reaches_identity_and_signature"
tests/test_runner_extraction_context.py,test_operator_environment_boundary,function,11,13,<module>,,,,,false,,3,3,
tests/test_runner_extraction_context.py,test_runner_loaded_mapping_reaches_identity_and_signature,function,16,46,<module>,,"tmp_path, monkeypatch",,,true,Proves file -> real runner builder -> exact ctx -> identity item/hash path.,31,8,
tests/test_sentinel_policy.py,<module>,module,1,47,,,,,,false,,47,1,"_repo_root,test_domains_do_not_emit_extra_angle_bracket_tokens"
tests/test_sentinel_policy.py,_repo_root,function,10,11,<module>,,,,str,false,,2,1,
tests/test_sentinel_policy.py,test_domains_do_not_emit_extra_angle_bracket_tokens,function,14,47,<module>,,,,,true,Enforces PR3 sentinel policy:,34,8,
tests/test_sig_hash_policy_builder.py,<module>,module,1,193,,,,,,false,,193,1,"test_generated_sig_hash_policy_loads,test_sig_hash_builder_hashes_allowed_items_from_items_list_order_independent,test_sig_hash_builder_blocks_when_required_not_ok,test_sig_hash_builder_degrades_when_optional_hash_item_not_ok,test_sig_hash_builder_degrades_when_required_not_ok_and_block_disabled,test_sig_hash_builder_prefix_and_first_writer_wins,test_apply_sig_hash_policy_to_record_uses_items_and_writes_sig_basis,test_text_types_sig_hash_excludes_name_includes_behavioral_items,test_object_styles_model_sig_hash_excludes_area9_additions"
tests/test_sig_hash_policy_builder.py,test_generated_sig_hash_policy_loads,function,9,12,<module>,,,,,false,,4,3,
tests/test_sig_hash_policy_builder.py,test_sig_hash_builder_hashes_allowed_items_from_items_list_order_independent,function,15,29,<module>,,,,,false,,15,6,
tests/test_sig_hash_policy_builder.py,test_sig_hash_builder_blocks_when_required_not_ok,function,32,49,<module>,,,,,false,,18,4,
tests/test_sig_hash_policy_builder.py,test_sig_hash_builder_degrades_when_optional_hash_item_not_ok,function,52,72,<module>,,,,,false,,21,6,
tests/test_sig_hash_policy_builder.py,test_sig_hash_builder_degrades_when_required_not_ok_and_block_disabled,function,75,85,<module>,,,,,false,,11,4,
tests/test_sig_hash_policy_builder.py,test_sig_hash_builder_prefix_and_first_writer_wins,function,88,103,<module>,,,,,false,,16,5,
tests/test_sig_hash_policy_builder.py,test_apply_sig_hash_policy_to_record_uses_items_and_writes_sig_basis,function,106,125,<module>,,,,,false,,20,6,
tests/test_sig_hash_policy_builder.py,test_text_types_sig_hash_excludes_name_includes_behavioral_items,function,128,156,<module>,,,,,false,,29,9,
tests/test_sig_hash_policy_builder.py,test_object_styles_model_sig_hash_excludes_area9_additions,function,159,193,<module>,,,,,false,,35,8,
tests/test_split_export.py,<module>,module,1,67,,,,,,true,Smoke tests for monolithic fingerprint exports.,67,2,"_sample_monolithic,test_monolithic_manifest_surface,test_monolithic_features_surface"
tests/test_split_export.py,_sample_monolithic,function,15,47,<module>,,,,dict,false,,33,1,
tests/test_split_export.py,test_monolithic_manifest_surface,function,50,57,<module>,,,,,false,,8,5,
tests/test_split_export.py,test_monolithic_features_surface,function,60,67,<module>,,,,,false,,8,5,
tests/test_split_named_clusters_and_thresholds.py,<module>,module,1,159,,,,,,false,,159,1,"_write_csv,test_compute_named_cluster_flags_largest_gap_and_equal_shares,test_compute_named_cluster_flags_uses_raw_share_not_rounded_percentage,test_thresholds_breaks_and_ordering,test_thresholds_reject_non_three_classes,test_compute_alignment_rates_and_contract_header_preserves_is_named_cluster,test_compute_alignment_rates_uses_raw_share_or_size_for_unrounded_result,test_compute_alignment_rates_falls_back_to_percentage_when_size_absent,test_compute_alignment_rates_falls_back_to_percentage_when_size_values_are_invalid"
tests/test_split_named_clusters_and_thresholds.py,_write_csv,function,15,20,<module>,,"path: Path, fieldnames: list[str], rows: list[dict[str, str]]",,None,false,,6,2,
tests/test_split_named_clusters_and_thresholds.py,test_compute_named_cluster_flags_largest_gap_and_equal_shares,function,23,42,<module>,,,,,false,,20,4,
tests/test_split_named_clusters_and_thresholds.py,test_compute_named_cluster_flags_uses_raw_share_not_rounded_percentage,function,45,53,<module>,,,,,false,,9,2,
tests/test_split_named_clusters_and_thresholds.py,test_thresholds_breaks_and_ordering,function,56,62,<module>,,,,,false,,7,5,
tests/test_split_named_clusters_and_thresholds.py,test_thresholds_reject_non_three_classes,function,65,68,<module>,,,,,false,,4,2,
tests/test_split_named_clusters_and_thresholds.py,test_compute_alignment_rates_and_contract_header_preserves_is_named_cluster,function,71,111,<module>,,tmp_path: Path,,,false,,41,6,
tests/test_split_named_clusters_and_thresholds.py,test_compute_alignment_rates_uses_raw_share_or_size_for_unrounded_result,function,114,127,<module>,,tmp_path: Path,,,false,,14,2,
tests/test_split_named_clusters_and_thresholds.py,test_compute_alignment_rates_falls_back_to_percentage_when_size_absent,function,130,143,<module>,,tmp_path: Path,,,false,,14,2,
tests/test_split_named_clusters_and_thresholds.py,test_compute_alignment_rates_falls_back_to_percentage_when_size_values_are_invalid,function,146,159,<module>,,tmp_path: Path,,,false,,14,2,
tests/test_suggest_discovery_params.py,<module>,module,1,440,,,,,,false,,440,1,"_write_csv,test_compute_domain_stats_counts_n_g_f_and_candidates,test_compute_domain_stats_file_hhi_treats_blank_file_id_as_unknown_bucket,test_compute_domain_stats_file_hhi_perfectly_even_distribution,test_compute_domain_stats_file_hhi_fully_concentrated_in_one_file,test_suggest_sample_size_scales_with_diversity_not_just_population,test_suggest_sample_size_never_exceeds_population,test_suggest_sample_size_zero_population,test_cumulative_subset_count_matches_manual_sum,test_solve_candidate_fields_and_k_keeps_all_fields_when_budget_allows,test_solve_candidate_fields_and_k_trims_fields_when_budget_too_small_for_min_k,test_suggest_params_for_domain_required_baseline_never_makes_harsh_infeasible,test_suggest_params_for_domain_harsh_max_k_grows_independently_of_discover_max_k,test_suggest_params_for_domain_harsh_infeasible_only_when_subset_budget_below_one,test_suggest_params_for_domain_optional_items_inflate_extra_pool_not_the_required_floor,test_suggest_params_for_domain_required_items_alone_bump_harsh_max_k_independent_of_optional,test_suggest_params_for_domain_dedupes_extra_pool_when_required_fields_overlap_candidates,test_suggest_params_for_domain_recommends_stratify_by_file_id_on_real_concentration,test_suggest_params_for_domain_no_stratify_recommendation_when_records_evenly_spread,test_suggest_params_for_domain_no_stratify_recommendation_when_no_sampling_needed,test_cli_writes_suggestions_csv_and_reads_required_counts_from_policy,test_load_policy_fields_falls_back_to_selected_fields_like_normalize_policy_block,test_load_policy_fields_prefers_required_fields_over_required_items_like_normalize_policy_block,test_cli_emit_commands_prints_ready_to_run_invocations,test_cli_emit_commands_uses_resolved_phase0_dir_not_unresolved_argument,test_emit_command_single_command_when_discover_and_harsh_k_match,test_emit_command_splits_into_discover_and_harsh_commands_when_k_differs,test_emit_command_forces_greedy_on_harsh_command_when_pareto_infeasible,test_emit_command_single_command_when_harsh_feasible_and_k_matches,test_emit_command_quotes_paths_containing_spaces"
tests/test_suggest_discovery_params.py,_write_csv,function,19,24,<module>,,"path: Path, fields, rows",,,false,,6,2,
tests/test_suggest_discovery_params.py,test_compute_domain_stats_counts_n_g_f_and_candidates,function,27,48,<module>,,,,,false,,22,8,
tests/test_suggest_discovery_params.py,test_compute_domain_stats_file_hhi_treats_blank_file_id_as_unknown_bucket,function,51,61,<module>,,,,,false,,11,3,
tests/test_suggest_discovery_params.py,test_compute_domain_stats_file_hhi_perfectly_even_distribution,function,64,70,<module>,,,,,false,,7,5,
tests/test_suggest_discovery_params.py,test_compute_domain_stats_file_hhi_fully_concentrated_in_one_file,function,73,77,<module>,,,,,false,,5,4,
tests/test_suggest_discovery_params.py,test_suggest_sample_size_scales_with_diversity_not_just_population,function,80,84,<module>,,,,,false,,5,4,
tests/test_suggest_discovery_params.py,test_suggest_sample_size_never_exceeds_population,function,87,88,<module>,,,,,false,,2,2,
tests/test_suggest_discovery_params.py,test_suggest_sample_size_zero_population,function,91,92,<module>,,,,,false,,2,2,
tests/test_suggest_discovery_params.py,test_cumulative_subset_count_matches_manual_sum,function,95,97,<module>,,,,,false,,3,2,
tests/test_suggest_discovery_params.py,test_solve_candidate_fields_and_k_keeps_all_fields_when_budget_allows,function,100,103,<module>,,,,,false,,4,3,
tests/test_suggest_discovery_params.py,test_solve_candidate_fields_and_k_trims_fields_when_budget_too_small_for_min_k,function,106,112,<module>,,,,,false,,7,4,
tests/test_suggest_discovery_params.py,test_suggest_params_for_domain_required_baseline_never_makes_harsh_infeasible,function,115,129,<module>,,,,,false,,15,4,
tests/test_suggest_discovery_params.py,test_suggest_params_for_domain_harsh_max_k_grows_independently_of_discover_max_k,function,132,142,<module>,,,,,false,,11,3,
tests/test_suggest_discovery_params.py,test_suggest_params_for_domain_harsh_infeasible_only_when_subset_budget_below_one,function,145,153,<module>,,,,,false,,9,3,
tests/test_suggest_discovery_params.py,test_suggest_params_for_domain_optional_items_inflate_extra_pool_not_the_required_floor,function,156,171,<module>,,,,,false,,16,5,
tests/test_suggest_discovery_params.py,test_suggest_params_for_domain_required_items_alone_bump_harsh_max_k_independent_of_optional,function,174,184,<module>,,,,,false,,11,4,
tests/test_suggest_discovery_params.py,test_suggest_params_for_domain_dedupes_extra_pool_when_required_fields_overlap_candidates,function,187,221,<module>,,,,,false,,35,9,
tests/test_suggest_discovery_params.py,test_suggest_params_for_domain_recommends_stratify_by_file_id_on_real_concentration,function,224,234,<module>,,,,,false,,11,5,
tests/test_suggest_discovery_params.py,test_suggest_params_for_domain_no_stratify_recommendation_when_records_evenly_spread,function,237,244,<module>,,,,,false,,8,3,
tests/test_suggest_discovery_params.py,test_suggest_params_for_domain_no_stratify_recommendation_when_no_sampling_needed,function,247,255,<module>,,,,,false,,9,4,
tests/test_suggest_discovery_params.py,test_cli_writes_suggestions_csv_and_reads_required_counts_from_policy,function,258,282,<module>,,tmp_path: Path,,,false,,25,6,
tests/test_suggest_discovery_params.py,test_load_policy_fields_falls_back_to_selected_fields_like_normalize_policy_block,function,285,299,<module>,,tmp_path: Path,,,false,,15,4,
tests/test_suggest_discovery_params.py,test_load_policy_fields_prefers_required_fields_over_required_items_like_normalize_policy_block,function,302,311,<module>,,tmp_path: Path,,,false,,10,3,
tests/test_suggest_discovery_params.py,test_cli_emit_commands_prints_ready_to_run_invocations,function,314,327,<module>,,tmp_path: Path,,,false,,14,3,
tests/test_suggest_discovery_params.py,test_cli_emit_commands_uses_resolved_phase0_dir_not_unresolved_argument,function,330,352,<module>,,tmp_path: Path,,,false,,23,4,
tests/test_suggest_discovery_params.py,test_emit_command_single_command_when_discover_and_harsh_k_match,function,355,364,<module>,,,,,false,,10,4,
tests/test_suggest_discovery_params.py,test_emit_command_splits_into_discover_and_harsh_commands_when_k_differs,function,367,379,<module>,,,,,false,,13,6,
tests/test_suggest_discovery_params.py,test_emit_command_forces_greedy_on_harsh_command_when_pareto_infeasible,function,382,401,<module>,,,,,false,,20,6,
tests/test_suggest_discovery_params.py,test_emit_command_single_command_when_harsh_feasible_and_k_matches,function,404,417,<module>,,,,,false,,14,4,
tests/test_suggest_discovery_params.py,test_emit_command_quotes_paths_containing_spaces,function,420,440,<module>,,,,,false,,21,6,
tests/test_text_types_canonical_selectors.py,<module>,module,1,62,,,,,,false,,62,1,"_text_types_policy,test_text_types_canonical_evidence_selectors_and_hashing"
tests/test_text_types_canonical_selectors.py,_text_types_policy,function,10,12,<module>,,,,,false,,3,1,
tests/test_text_types_canonical_selectors.py,test_text_types_canonical_evidence_selectors_and_hashing,function,15,62,<module>,,,,,false,,48,11,
tests/test_text_types_conversion_convergence.py,<module>,module,1,66,,,,,,false,,66,1,"_Id,_Type,_extract_record,test_converted_old_and_new_records_converge"
tests/test_text_types_conversion_convergence.py,_Id,class,6,8,<module>,,,,,false,,3,1,__init__
tests/test_text_types_conversion_convergence.py,_Id.__init__,method,7,8,_Id,,"self, v",,,false,,2,1,
tests/test_text_types_conversion_convergence.py,_Type,class,11,14,<module>,,,,,false,,4,1,__init__
tests/test_text_types_conversion_convergence.py,_Type.__init__,method,12,14,_Type,,self,,,false,,3,1,
tests/test_text_types_conversion_convergence.py,_extract_record,function,17,30,<module>,,monkeypatch,,,false,,14,1,
tests/test_text_types_conversion_convergence.py,test_converted_old_and_new_records_converge,function,33,66,<module>,,monkeypatch,,,false,,34,15,
tests/test_text_types_flat_items_export.py,<module>,module,1,45,,,,,,false,,45,1,"_Id,_Type,test_text_types_extract_emits_flat_items_only"
tests/test_text_types_flat_items_export.py,_Id,class,5,7,<module>,,,,,false,,3,1,__init__
tests/test_text_types_flat_items_export.py,_Id.__init__,method,6,7,_Id,,"self, v",,,false,,2,1,
tests/test_text_types_flat_items_export.py,_Type,class,10,13,<module>,,,,,false,,4,1,__init__
tests/test_text_types_flat_items_export.py,_Type.__init__,method,11,13,_Type,,self,,,false,,3,1,
tests/test_text_types_flat_items_export.py,test_text_types_extract_emits_flat_items_only,function,16,45,<module>,,monkeypatch,,,false,,30,18,
tests/test_timing_collector.py,<module>,module,1,314,,,,,,true,Tests for core/timing_collector.py,314,1,"TestTimingCollectorBasic,TestTimingCollectorDomainScoping,TestTimingCollectorReport,TestTimingCollectorThreadSafety,TestTimingCollectorDefensive,TestHashingTimingIntegration"
tests/test_timing_collector.py,TestTimingCollectorBasic,class,22,81,<module>,,,,,true,Basic start/end timer functionality.,60,1,"test_single_timer,test_multiple_calls_same_label,test_record_elapsed_single_call,test_record_elapsed_multiple_calls,test_unmatched_end_timer_silently_ignored,test_overlapping_timers"
tests/test_timing_collector.py,TestTimingCollectorBasic.test_single_timer,method,25,35,TestTimingCollectorBasic,,self,,,false,,11,4,
tests/test_timing_collector.py,TestTimingCollectorBasic.test_multiple_calls_same_label,method,37,45,TestTimingCollectorBasic,,self,,,false,,9,3,
tests/test_timing_collector.py,TestTimingCollectorBasic.test_record_elapsed_single_call,method,47,54,TestTimingCollectorBasic,,self,,,false,,8,3,
tests/test_timing_collector.py,TestTimingCollectorBasic.test_record_elapsed_multiple_calls,method,56,63,TestTimingCollectorBasic,,self,,,false,,8,3,
tests/test_timing_collector.py,TestTimingCollectorBasic.test_unmatched_end_timer_silently_ignored,method,65,70,TestTimingCollectorBasic,,self,,,false,,6,2,
tests/test_timing_collector.py,TestTimingCollectorBasic.test_overlapping_timers,method,72,81,TestTimingCollectorBasic,,self,,,false,,10,3,
tests/test_timing_collector.py,TestTimingCollectorDomainScoping,class,84,161,<module>,,,,,true,Domain-scoped sub-timing attribution.,78,1,"test_sub_timings_attributed_to_active_domain,test_record_elapsed_domain_scoped,test_record_elapsed_no_active_domain,test_sub_timings_without_active_domain_not_scoped,test_multiple_domains_scoped_independently"
tests/test_timing_collector.py,TestTimingCollectorDomainScoping.test_sub_timings_attributed_to_active_domain,method,87,104,TestTimingCollectorDomainScoping,,self,,,false,,18,6,
tests/test_timing_collector.py,TestTimingCollectorDomainScoping.test_record_elapsed_domain_scoped,method,106,117,TestTimingCollectorDomainScoping,,self,,,false,,12,3,
tests/test_timing_collector.py,TestTimingCollectorDomainScoping.test_record_elapsed_no_active_domain,method,119,125,TestTimingCollectorDomainScoping,,self,,,false,,7,3,
tests/test_timing_collector.py,TestTimingCollectorDomainScoping.test_sub_timings_without_active_domain_not_scoped,method,127,136,TestTimingCollectorDomainScoping,,self,,,false,,10,3,
tests/test_timing_collector.py,TestTimingCollectorDomainScoping.test_multiple_domains_scoped_independently,method,138,161,TestTimingCollectorDomainScoping,,self,,,false,,24,6,
tests/test_timing_collector.py,TestTimingCollectorReport,class,164,215,<module>,,,,,true,Report structure and summary calculations.,52,1,"test_report_has_required_keys,test_summary_totals,test_domain_other_seconds_non_negative,test_empty_report"
tests/test_timing_collector.py,TestTimingCollectorReport.test_report_has_required_keys,method,167,172,TestTimingCollectorReport,,self,,,false,,6,4,
tests/test_timing_collector.py,TestTimingCollectorReport.test_summary_totals,method,174,193,TestTimingCollectorReport,,self,,,false,,20,5,
tests/test_timing_collector.py,TestTimingCollectorReport.test_domain_other_seconds_non_negative,method,195,205,TestTimingCollectorReport,,self,,,false,,11,2,
tests/test_timing_collector.py,TestTimingCollectorReport.test_empty_report,method,207,215,TestTimingCollectorReport,,self,,,false,,9,6,
tests/test_timing_collector.py,TestTimingCollectorThreadSafety,class,218,249,<module>,,,,,true,Thread-safety under concurrent access.,32,1,test_concurrent_timers
tests/test_timing_collector.py,TestTimingCollectorThreadSafety.test_concurrent_timers,method,221,249,TestTimingCollectorThreadSafety,,self,,,false,,29,5,worker
tests/test_timing_collector.py,TestTimingCollectorThreadSafety.test_concurrent_timers.worker,nested_function,225,235,TestTimingCollectorThreadSafety.test_concurrent_timers,,domain_name,,,false,,11,3,
tests/test_timing_collector.py,TestTimingCollectorDefensive,class,252,279,<module>,,,,,true,Defensive behavior - no exceptions leak.,28,1,"test_start_timer_with_none_label,test_end_timer_with_none_label,test_record_elapsed_defensive,test_set_active_domain_none"
tests/test_timing_collector.py,TestTimingCollectorDefensive.test_start_timer_with_none_label,method,255,258,TestTimingCollectorDefensive,,self,,,false,,4,1,
tests/test_timing_collector.py,TestTimingCollectorDefensive.test_end_timer_with_none_label,method,260,263,TestTimingCollectorDefensive,,self,,,false,,4,1,
tests/test_timing_collector.py,TestTimingCollectorDefensive.test_record_elapsed_defensive,method,265,273,TestTimingCollectorDefensive,,self,,,false,,9,5,
tests/test_timing_collector.py,TestTimingCollectorDefensive.test_set_active_domain_none,method,275,279,TestTimingCollectorDefensive,,self,,,false,,5,2,
tests/test_timing_collector.py,TestHashingTimingIntegration,class,282,314,<module>,,,,,true,Verify hashing module timing integration does not affect hash output.,33,1,"test_make_hash_determinism_with_timing,test_make_hash_timing_cleaned_up"
tests/test_timing_collector.py,TestHashingTimingIntegration.test_make_hash_determinism_with_timing,method,285,307,TestHashingTimingIntegration,,self,,,false,,23,5,
tests/test_timing_collector.py,TestHashingTimingIntegration.test_make_hash_timing_cleaned_up,method,309,314,TestHashingTimingIntegration,,self,,,false,,6,2,
tests/test_units_canonical_selectors.py,<module>,module,1,135,,,,,,false,,135,1,"_units_policy,_domain_identity_registry_v2,test_units_join_selectors_and_sig_basis_are_distinct,test_units_boolean_formatting_flags_are_semantic,_FakeDecimalSymbol,_FakeDigitGroupingSymbol,_FakeUnits,_FakeDoc,_FakeDocUnitsUnreadable,test_extract_units_doc_emits_exactly_one_populated_record,test_extract_units_doc_never_blocks_on_read_failure"
tests/test_units_canonical_selectors.py,_units_policy,function,14,16,<module>,,,,,false,,3,1,
tests/test_units_canonical_selectors.py,_domain_identity_registry_v2,function,19,21,<module>,,,,,false,,3,2,
tests/test_units_canonical_selectors.py,test_units_join_selectors_and_sig_basis_are_distinct,function,24,58,<module>,,,,,false,,35,11,
tests/test_units_canonical_selectors.py,test_units_boolean_formatting_flags_are_semantic,function,61,70,<module>,,,,,false,,10,3,
tests/test_units_canonical_selectors.py,_FakeDecimalSymbol,class,73,75,<module>,,,enum.Enum,,false,,3,1,
tests/test_units_canonical_selectors.py,_FakeDigitGroupingSymbol,class,78,80,<module>,,,enum.Enum,,false,,3,1,
tests/test_units_canonical_selectors.py,_FakeUnits,class,83,86,<module>,,,object,,false,,4,1,
tests/test_units_canonical_selectors.py,_FakeDoc,class,89,91,<module>,,,object,,false,,3,1,GetUnits
tests/test_units_canonical_selectors.py,_FakeDoc.GetUnits,method,90,91,_FakeDoc,,self,,,false,,2,1,
tests/test_units_canonical_selectors.py,_FakeDocUnitsUnreadable,class,94,96,<module>,,,object,,false,,3,1,GetUnits
tests/test_units_canonical_selectors.py,_FakeDocUnitsUnreadable.GetUnits,method,95,96,_FakeDocUnitsUnreadable,,self,,,false,,2,1,
tests/test_units_canonical_selectors.py,test_extract_units_doc_emits_exactly_one_populated_record,function,99,122,<module>,,,,,false,,24,16,
tests/test_units_canonical_selectors.py,test_extract_units_doc_never_blocks_on_read_failure,function,125,135,<module>,,,,,false,,11,7,
tests/test_v21_join_policy_compat.py,<module>,module,1,292,,,,,,false,,292,1,"_write_csv,test_flat_required_fields_backward_compatible,test_required_items_alias_and_shape_gating,test_apply_diagnostics_include_discriminator_context,test_optional_items_not_required_or_selected_by_default,test_discover_emits_legacy_compat_shape_and_lists,test_validate_pareto_auto_bumps_max_k_for_required_items"
tests/test_v21_join_policy_compat.py,_write_csv,function,10,16,<module>,,"path: Path, fields, rows",,,false,,7,3,
tests/test_v21_join_policy_compat.py,test_flat_required_fields_backward_compatible,function,19,33,<module>,,,,,false,,15,3,
tests/test_v21_join_policy_compat.py,test_required_items_alias_and_shape_gating,function,36,70,<module>,,,,,false,,35,8,
tests/test_v21_join_policy_compat.py,test_apply_diagnostics_include_discriminator_context,function,73,136,<module>,,tmp_path: Path,,,false,,64,13,
tests/test_v21_join_policy_compat.py,test_optional_items_not_required_or_selected_by_default,function,139,147,<module>,,,,,false,,9,4,
tests/test_v21_join_policy_compat.py,test_discover_emits_legacy_compat_shape_and_lists,function,150,218,<module>,,tmp_path: Path,,,false,,69,10,
tests/test_v21_join_policy_compat.py,test_validate_pareto_auto_bumps_max_k_for_required_items,function,221,292,<module>,,tmp_path: Path,,,false,,72,6,
tests/test_view_category_overrides_canonical_selectors.py,<module>,module,1,47,,,,,,false,,47,1,test_view_category_overrides_join_and_sig_selectors_are_distinct
tests/test_view_category_overrides_canonical_selectors.py,test_view_category_overrides_join_and_sig_selectors_are_distinct,function,9,47,<module>,,,,,false,,39,12,
tests/test_view_filter_applications_view_templates_canonical_selectors.py,<module>,module,1,65,,,,,,false,,65,1,"_policy,test_view_filter_applications_view_templates_uses_canonical_selectors_for_join_and_sig"
tests/test_view_filter_applications_view_templates_canonical_selectors.py,_policy,function,28,30,<module>,,,,,false,,3,1,
tests/test_view_filter_applications_view_templates_canonical_selectors.py,test_view_filter_applications_view_templates_uses_canonical_selectors_for_join_and_sig,function,33,65,<module>,,,,,false,,33,12,
tests/test_view_filter_definitions_canonical_selectors.py,<module>,module,1,167,,,,,,false,,167,1,"_install_fake_revit_db,test_view_filter_definitions_join_hash_uses_policy_required_keys_only,test_view_filter_definitions_inverse_rule_not_prefix_and_sig_diverges,test_view_filter_definitions_inverse_rule_unwrapped_from_leaf_rule_list"
tests/test_view_filter_definitions_canonical_selectors.py,_install_fake_revit_db,function,13,33,<module>,,,,,false,,21,1,_T
tests/test_view_filter_definitions_canonical_selectors.py,_install_fake_revit_db._T,class,18,19,_install_fake_revit_db,,,object,,false,,2,1,
tests/test_view_filter_definitions_canonical_selectors.py,test_view_filter_definitions_join_hash_uses_policy_required_keys_only,function,36,70,<module>,,,,,false,,35,10,
tests/test_view_filter_definitions_canonical_selectors.py,test_view_filter_definitions_inverse_rule_not_prefix_and_sig_diverges,function,73,132,<module>,,monkeypatch,,,false,,60,9,"FakeLeafRule,FakeElementParameterFilter,FakeFilterInverseRule"
tests/test_view_filter_definitions_canonical_selectors.py,test_view_filter_definitions_inverse_rule_not_prefix_and_sig_diverges.FakeLeafRule,class,77,79,test_view_filter_definitions_inverse_rule_not_prefix_and_sig_diverges,,,object,,false,,3,1,__init__
tests/test_view_filter_definitions_canonical_selectors.py,test_view_filter_definitions_inverse_rule_not_prefix_and_sig_diverges.FakeLeafRule.__init__,method,78,79,test_view_filter_definitions_inverse_rule_not_prefix_and_sig_diverges.FakeLeafRule,,"self, token",,,false,,2,1,
tests/test_view_filter_definitions_canonical_selectors.py,test_view_filter_definitions_inverse_rule_not_prefix_and_sig_diverges.FakeElementParameterFilter,class,81,86,test_view_filter_definitions_inverse_rule_not_prefix_and_sig_diverges,,,object,,false,,6,1,"__init__,GetRules"
tests/test_view_filter_definitions_canonical_selectors.py,test_view_filter_definitions_inverse_rule_not_prefix_and_sig_diverges.FakeElementParameterFilter.__init__,method,82,83,test_view_filter_definitions_inverse_rule_not_prefix_and_sig_diverges.FakeElementParameterFilter,,"self, rules",,,false,,2,1,
tests/test_view_filter_definitions_canonical_selectors.py,test_view_filter_definitions_inverse_rule_not_prefix_and_sig_diverges.FakeElementParameterFilter.GetRules,method,85,86,test_view_filter_definitions_inverse_rule_not_prefix_and_sig_diverges.FakeElementParameterFilter,,self,,,false,,2,1,
tests/test_view_filter_definitions_canonical_selectors.py,test_view_filter_definitions_inverse_rule_not_prefix_and_sig_diverges.FakeFilterInverseRule,class,88,93,test_view_filter_definitions_inverse_rule_not_prefix_and_sig_diverges,,,object,,false,,6,1,"__init__,GetInnerRule"
tests/test_view_filter_definitions_canonical_selectors.py,test_view_filter_definitions_inverse_rule_not_prefix_and_sig_diverges.FakeFilterInverseRule.__init__,method,89,90,test_view_filter_definitions_inverse_rule_not_prefix_and_sig_diverges.FakeFilterInverseRule,,"self, inner",,,false,,2,1,
tests/test_view_filter_definitions_canonical_selectors.py,test_view_filter_definitions_inverse_rule_not_prefix_and_sig_diverges.FakeFilterInverseRule.GetInnerRule,method,92,93,test_view_filter_definitions_inverse_rule_not_prefix_and_sig_diverges.FakeFilterInverseRule,,self,,,false,,2,1,
tests/test_view_filter_definitions_canonical_selectors.py,test_view_filter_definitions_inverse_rule_unwrapped_from_leaf_rule_list,function,135,167,<module>,,monkeypatch,,,false,,33,4,"FakeLeafRule,FakeElementParameterFilter,FakeFilterInverseRule"
tests/test_view_filter_definitions_canonical_selectors.py,test_view_filter_definitions_inverse_rule_unwrapped_from_leaf_rule_list.FakeLeafRule,class,139,140,test_view_filter_definitions_inverse_rule_unwrapped_from_leaf_rule_list,,,object,,false,,2,1,
tests/test_view_filter_definitions_canonical_selectors.py,test_view_filter_definitions_inverse_rule_unwrapped_from_leaf_rule_list.FakeElementParameterFilter,class,142,147,test_view_filter_definitions_inverse_rule_unwrapped_from_leaf_rule_list,,,object,,false,,6,1,"__init__,GetRules"
tests/test_view_filter_definitions_canonical_selectors.py,test_view_filter_definitions_inverse_rule_unwrapped_from_leaf_rule_list.FakeElementParameterFilter.__init__,method,143,144,test_view_filter_definitions_inverse_rule_unwrapped_from_leaf_rule_list.FakeElementParameterFilter,,"self, rules",,,false,,2,1,
tests/test_view_filter_definitions_canonical_selectors.py,test_view_filter_definitions_inverse_rule_unwrapped_from_leaf_rule_list.FakeElementParameterFilter.GetRules,method,146,147,test_view_filter_definitions_inverse_rule_unwrapped_from_leaf_rule_list.FakeElementParameterFilter,,self,,,false,,2,1,
tests/test_view_filter_definitions_canonical_selectors.py,test_view_filter_definitions_inverse_rule_unwrapped_from_leaf_rule_list.FakeFilterInverseRule,class,149,154,test_view_filter_definitions_inverse_rule_unwrapped_from_leaf_rule_list,,,object,,false,,6,1,"__init__,GetInnerRule"
tests/test_view_filter_definitions_canonical_selectors.py,test_view_filter_definitions_inverse_rule_unwrapped_from_leaf_rule_list.FakeFilterInverseRule.__init__,method,150,151,test_view_filter_definitions_inverse_rule_unwrapped_from_leaf_rule_list.FakeFilterInverseRule,,"self, inner",,,false,,2,1,
tests/test_view_filter_definitions_canonical_selectors.py,test_view_filter_definitions_inverse_rule_unwrapped_from_leaf_rule_list.FakeFilterInverseRule.GetInnerRule,method,153,154,test_view_filter_definitions_inverse_rule_unwrapped_from_leaf_rule_list.FakeFilterInverseRule,,self,,,false,,2,1,
tests/test_view_filter_definitions_empty_domain.py,<module>,module,1,43,,,,,,false,,43,1,"_install_fake_revit_db,test_view_filter_definitions_empty_collection_is_not_blocked"
tests/test_view_filter_definitions_empty_domain.py,_install_fake_revit_db,function,8,28,<module>,,,,,false,,21,1,_T
tests/test_view_filter_definitions_empty_domain.py,_install_fake_revit_db._T,class,13,14,_install_fake_revit_db,,,object,,false,,2,1,
tests/test_view_filter_definitions_empty_domain.py,test_view_filter_definitions_empty_collection_is_not_blocked,function,31,43,<module>,,monkeypatch,,,false,,13,6,
tests/test_view_instances_cache_key_consistency.py,<module>,module,1,18,,,,,,false,,18,1,test_view_instances_cache_key_consistency
tests/test_view_instances_cache_key_consistency.py,test_view_instances_cache_key_consistency,function,6,18,<module>,,,,,false,,13,7,
tests/test_view_templates_canonical_selectors.py,<module>,module,1,123,,,,,,false,,123,1,"_load_policy,test_view_templates_all_split_domains_have_schemas,test_view_templates_all_split_domains_require_def_hash,test_view_templates_floor_policy,test_view_templates_ceiling_policy,test_view_templates_elevations_policy,test_view_templates_renderings_policy,test_view_templates_schedules_policy,test_view_templates_name_uid_excluded,test_view_templates_join_key_build_with_def_hash,test_view_templates_join_key_missing_def_hash"
tests/test_view_templates_canonical_selectors.py,_load_policy,function,8,10,<module>,,domain_name,,,false,,3,1,
tests/test_view_templates_canonical_selectors.py,test_view_templates_all_split_domains_have_schemas,function,22,33,<module>,,,,,true,All view_templates split domains must have a valid join_key_schema.,12,8,
tests/test_view_templates_canonical_selectors.py,test_view_templates_all_split_domains_require_def_hash,function,36,42,<module>,,,,,true,All split view_template domains must require view_template.def_hash in join key.,7,3,
tests/test_view_templates_canonical_selectors.py,test_view_templates_floor_policy,function,45,48,<module>,,,,,true,Floor/structural/area plans policy must use view_template.def_hash.,4,2,
tests/test_view_templates_canonical_selectors.py,test_view_templates_ceiling_policy,function,51,54,<module>,,,,,true,Ceiling plans policy must use view_template.def_hash.,4,2,
tests/test_view_templates_canonical_selectors.py,test_view_templates_elevations_policy,function,57,60,<module>,,,,,true,Elevations/sections/detail policy must use view_template.def_hash.,4,2,
tests/test_view_templates_canonical_selectors.py,test_view_templates_renderings_policy,function,63,66,<module>,,,,,true,Renderings/drafting policy must use view_template.def_hash.,4,2,
tests/test_view_templates_canonical_selectors.py,test_view_templates_schedules_policy,function,69,72,<module>,,,,,true,Schedules policy must use view_template.def_hash.,4,2,
tests/test_view_templates_canonical_selectors.py,test_view_templates_name_uid_excluded,function,75,83,<module>,,,,,true,"Name, uid, and element_id must be excluded from all split domain join keys.",9,4,
tests/test_view_templates_canonical_selectors.py,test_view_templates_join_key_build_with_def_hash,function,86,105,<module>,,,,,true,Build join key from policy using view_template.def_hash identity item.,20,4,
tests/test_view_templates_canonical_selectors.py,test_view_templates_join_key_missing_def_hash,function,108,123,<module>,,,,,true,Join key build must report missing when view_template.def_hash is absent.,16,2,
tools/_archive/join_key_derivation_phase05.py,<module>,module,1,550,,,,,,false,,550,2,"safe_str,stable_serialize_value,serialize_identity_items,md5_utf8_join_pipe,JoinKeyPolicy,_as_str_list,load_join_key_policies,index_items_by_k,choose_candidate_deterministically,is_usable_q,choose_record_handle,select_items_for_policy,read_json,extract_file_id,extract_records,derive_join_keys,write_csv,expand_globs,main"
tools/_archive/join_key_derivation_phase05.py,safe_str,function,39,40,<module>,,x: Any,,str,false,,2,1,
tools/_archive/join_key_derivation_phase05.py,stable_serialize_value,function,42,49,<module>,,v: Any,,str,false,,8,3,
tools/_archive/join_key_derivation_phase05.py,serialize_identity_items,function,51,72,<module>,,"items: Sequence[Dict[str, Any]]",,List[str],false,,22,3,_k
tools/_archive/join_key_derivation_phase05.py,serialize_identity_items._k,nested_function,59,63,serialize_identity_items,,"it: Dict[str, Any]",,str,false,,5,3,
tools/_archive/join_key_derivation_phase05.py,md5_utf8_join_pipe,function,74,76,<module>,,lines: Sequence[str],,str,false,,3,1,
tools/_archive/join_key_derivation_phase05.py,JoinKeyPolicy,class,84,92,<module>,dataclass(frozen=True),,,,false,,9,1,
tools/_archive/join_key_derivation_phase05.py,_as_str_list,function,94,102,<module>,,x: Any,,List[str],false,,9,6,
tools/_archive/join_key_derivation_phase05.py,load_join_key_policies,function,104,179,<module>,,policy_path: str,,"Dict[str, JoinKeyPolicy]",false,,76,23,
tools/_archive/join_key_derivation_phase05.py,index_items_by_k,function,186,196,<module>,,"items: Sequence[Dict[str, Any]]",,"Dict[str, List[Dict[str, Any]]]",false,,11,5,
tools/_archive/join_key_derivation_phase05.py,choose_candidate_deterministically,function,198,203,<module>,,"candidates: List[Dict[str, Any]]",,"Dict[str, Any]",false,,6,1,
tools/_archive/join_key_derivation_phase05.py,is_usable_q,function,205,206,<module>,,"q: Any, allowed: Iterable[str]",,bool,false,,2,2,
tools/_archive/join_key_derivation_phase05.py,choose_record_handle,function,208,213,<module>,,"rec: Dict[str, Any]",,str,false,,6,2,
tools/_archive/join_key_derivation_phase05.py,select_items_for_policy,function,215,362,<module>,,"items_by_k: Dict[str, List[Dict[str, Any]]], policy: JoinKeyPolicy, policy_mode: str",,"Tuple[List[Dict[str, Any]], Dict[str, Any]]",false,,148,33,
tools/_archive/join_key_derivation_phase05.py,read_json,function,369,371,<module>,,path: str,,Any,false,,3,2,
tools/_archive/join_key_derivation_phase05.py,extract_file_id,function,373,386,<module>,,"payload: Any, fallback_from_filename: str",,str,false,,14,11,
tools/_archive/join_key_derivation_phase05.py,extract_records,function,388,409,<module>,,payload,,,true,Return all record.v2 dicts found anywhere in a fingerprint.details.json payload.,22,1,walk
tools/_archive/join_key_derivation_phase05.py,extract_records.walk,nested_function,395,406,extract_records,,x,,,false,,12,6,
tools/_archive/join_key_derivation_phase05.py,derive_join_keys,function,416,495,<module>,,"details_json_paths: List[str], policy_path: str, analysis_run_id: str, output_dir: str, policy_mode: str",,None,false,,80,6,
tools/_archive/join_key_derivation_phase05.py,write_csv,function,497,502,<module>,,"path: str, rows: List[Dict[str, Any]], fieldnames: List[str]",,None,false,,6,4,
tools/_archive/join_key_derivation_phase05.py,expand_globs,function,509,521,<module>,,patterns: List[str],,List[str],false,,13,4,
tools/_archive/join_key_derivation_phase05.py,main,function,523,547,<module>,,,,int,false,,25,3,
tools/acc_scan_dc.py,<module>,module,1,316,,,,,,true,acc_scan_dc.py — Desktop Connector / network folder scanner,316,2,"read_rvt_version,scan,load_existing_includes,write_manifest,parse_types,main"
tools/acc_scan_dc.py,read_rvt_version,function,83,105,<module>,,"path, size_bytes",,,true,"Return the Revit version year as a string (e.g. ""2025""),",23,8,
tools/acc_scan_dc.py,scan,function,112,168,<module>,,"root, extensions, include_version",,,true,"Walk root, yield one dict per matching file.",57,11,
tools/acc_scan_dc.py,load_existing_includes,function,175,185,<module>,,out_path,,,true,Return {relative_path: include_value} from an existing manifest.,11,5,
tools/acc_scan_dc.py,write_manifest,function,188,203,<module>,,"rows, out_path, existing_includes",,,false,,16,3,
tools/acc_scan_dc.py,parse_types,function,210,224,<module>,,raw,,,true,Expand --types argument to a set of lowercase extensions.,15,4,
tools/acc_scan_dc.py,main,function,227,312,<module>,,,,,false,,86,14,
tools/acc_sync_dc.py,<module>,module,1,405,,,,,,true,acc_sync_dc.py — Desktop Connector pre-sync tool,405,2,"is_stub,_trigger_read,hydrate,load_included_entries,write_log,main"
tools/acc_sync_dc.py,is_stub,function,59,78,<module>,,path,,,true,Return True if the file is an online-only stub (not fully downloaded).,20,4,
tools/acc_sync_dc.py,_trigger_read,function,91,98,<module>,,"path, result",,,true,Run in a daemon thread — attempts to read 4096 bytes from path.,8,4,
tools/acc_sync_dc.py,hydrate,function,101,164,<module>,,"path, timeout",,,true,Trigger hydration of a stub by opening the file for read.,64,10,
tools/acc_sync_dc.py,load_included_entries,function,170,187,<module>,,csv_path,,,false,,18,6,
tools/acc_sync_dc.py,write_log,function,193,265,<module>,,"log_path, run_meta, results",,,true,Write a persistent timestamped sync log.,73,12,
tools/acc_sync_dc.py,main,function,271,401,<module>,,,,,false,,131,27,
tools/analyze_promotion_candidates.py,<module>,module,1,1066,,,,,,true,Scope-consistency analysis for governed patterns.,1066,2,"parse_args,require_columns,safe_bool_series,apply_export_cap,compute_seeded_scope,compute_reuse_scope,main"
tools/analyze_promotion_candidates.py,parse_args,function,172,311,<module>,,argv = None,,,false,,140,6,
tools/analyze_promotion_candidates.py,require_columns,function,318,321,<module>,,"df, required_columns, source_name",,,false,,4,2,
tools/analyze_promotion_candidates.py,safe_bool_series,function,324,333,<module>,,series,,,false,,10,2,
tools/analyze_promotion_candidates.py,apply_export_cap,function,336,339,<module>,,"df, export_top, group_col",,,false,,4,3,
tools/analyze_promotion_candidates.py,compute_seeded_scope,function,346,392,<module>,,gov: pd.DataFrame,,pd.DataFrame,true,Broadest scope at which a Template/Container reference segment's,47,2,
tools/analyze_promotion_candidates.py,compute_reuse_scope,function,399,567,<module>,,"reuse: pd.DataFrame, min_enterprise_clients: int, policy: EnterprisePolicy | None = None",,tuple,true,"Broadest reuse_scope observed for a (domain, join_hash, unit_system),",169,6,_union_tokens
tools/analyze_promotion_candidates.py,compute_reuse_scope._union_tokens,nested_function,501,505,compute_reuse_scope,,series,,,false,,5,4,
tools/analyze_promotion_candidates.py,main,function,574,1062,<module>,,argv = None,,,false,,489,22,"_join_labels,_row_is_unclassified,_route"
tools/analyze_promotion_candidates.py,main._join_labels,nested_function,704,706,main,,s,,,false,,3,4,
tools/analyze_promotion_candidates.py,main._row_is_unclassified,nested_function,741,742,main,,row,,,false,,2,1,
tools/analyze_promotion_candidates.py,main._route,nested_function,784,799,main,,row,,,false,,16,9,
tools/apply_join_policy.py,<module>,module,1,207,,,,,,false,,207,4,"_read_csv,_write_csv,main"
tools/apply_join_policy.py,_read_csv,function,19,21,<module>,,path: Path,,"List[Dict[str, str]]",false,,3,4,
tools/apply_join_policy.py,_write_csv,function,24,30,<module>,,"path: Path, fields: List[str], rows: List[Dict[str, str]]",,None,false,,7,4,
tools/apply_join_policy.py,main,function,33,203,<module>,,,,None,false,,171,46,_get_domain_items
tools/apply_join_policy.py,main._get_domain_items,nested_function,85,89,main,,domain: str,,"List[Dict[str, str]]",false,,5,2,
tools/apply_name_key_policy.py,<module>,module,1,142,,,,,,true,Analysis-side reconstruction of the Canonical Name Identity Projection (PR1).,142,4,"_iter_export_paths,_iter_domain_payloads,_rows_for_export,main"
tools/apply_name_key_policy.py,_iter_export_paths,function,52,73,<module>,,"export: str, export_dir: str",,List[Path],false,,22,13,
tools/apply_name_key_policy.py,_iter_domain_payloads,function,76,81,<module>,,"export_data: Dict[str, Any]",,,false,,6,6,
tools/apply_name_key_policy.py,_rows_for_export,function,84,110,<module>,,"export_path: Path, name_key_policies: Dict[str, Any]",,"List[Dict[str, str]]",false,,27,9,
tools/apply_name_key_policy.py,main,function,113,138,<module>,,,,None,false,,26,6,
tools/archetype/_common.py,<module>,module,1,190,,,,,,true,Shared IO/logging helpers for the cross-domain archetype discovery pipeline.,190,1,"log,is_valid_item,read_csv_rows,read_json,atomic_write_csv,atomic_write_json,field_matches,strip_partition_suffix,build_edge_aliases,slugify"
tools/archetype/_common.py,log,function,36,37,<module>,,"stage: str, msg: str",,None,false,,2,1,
tools/archetype/_common.py,is_valid_item,function,40,46,<module>,,"item_value: str, item_value_type: str",,bool,true,True if an identity_items row carries usable evidence of a value.,7,3,
tools/archetype/_common.py,read_csv_rows,function,49,56,<module>,,path: Path,,"List[Dict[str, str]]",false,,8,5,
tools/archetype/_common.py,read_json,function,59,63,<module>,,"path: Path, default: Any = None",,Any,false,,5,3,
tools/archetype/_common.py,atomic_write_csv,function,66,77,<module>,,"path: Path, fieldnames: Sequence[str], rows: Iterable[Dict[str, Any]]",,None,false,,12,4,
tools/archetype/_common.py,atomic_write_json,function,80,89,<module>,,"path: Path, obj: Any",,None,false,,10,2,
tools/archetype/_common.py,field_matches,function,92,105,<module>,,"item_key: str, source_field: str, field_match: str",,bool,true,Match an identity_items item_key against an edge's source_field.,14,4,
tools/archetype/_common.py,strip_partition_suffix,function,108,113,<module>,,target_domain: str,,Optional[str],true,"Strip a trailing ""_drafting""/""_model"" suffix; None if neither present.",6,3,
tools/archetype/_common.py,build_edge_aliases,function,116,175,<module>,,"edges_by_id: Dict[str, Dict[str, Any]]",,"Tuple[Dict[str, str], Dict[str, List[str]]]",true,Build edge_id -> canonical_edge_id and canonical -> [collapsed edge_ids].,60,20,
tools/archetype/_common.py,slugify,function,178,190,<module>,,value: str,,str,false,,13,5,
tools/archetype/assign_archetype_classifications.py,<module>,module,1,474,,,,,,true,Assign per-file archetype classifications based on cross-domain signals.,474,2,"DomainPatternLabelCache,_evaluate_signal,_signal_fired_source,main"
tools/archetype/assign_archetype_classifications.py,DomainPatternLabelCache,class,113,154,<module>,,,,,true,"Lazy `(domain, join_hash) -> human_label` lookup for domain patterns.",42,1,"__init__,get,_load_domain"
tools/archetype/assign_archetype_classifications.py,DomainPatternLabelCache.__init__,method,116,119,DomainPatternLabelCache,,"self, domain_patterns_dir: Path",,None,false,,4,1,
tools/archetype/assign_archetype_classifications.py,DomainPatternLabelCache.get,method,121,126,DomainPatternLabelCache,,"self, domain: str, join_hash: str",,str,false,,6,4,
tools/archetype/assign_archetype_classifications.py,DomainPatternLabelCache._load_domain,method,128,154,DomainPatternLabelCache,,"self, domain: str",,None,false,,27,11,
tools/archetype/assign_archetype_classifications.py,_evaluate_signal,function,157,177,<module>,,"signal: Dict[str, Any], file_edges: Dict[str, List[FiredEdgeRow]], unavailable_edges: Set[str]",,str,false,,21,7,
tools/archetype/assign_archetype_classifications.py,_signal_fired_source,function,180,203,<module>,,"signal: Dict[str, Any], file_edges: Dict[str, List[FiredEdgeRow]]",,"Tuple[str, str]",true,"Return the best `(source_join_hash, source_domain)` for a fired signal.",24,6,
tools/archetype/assign_archetype_classifications.py,main,function,206,470,<module>,,,,int,false,,265,65,
tools/archetype/build_cross_domain_items.py,<module>,module,1,285,,,,,,true,Build cross_domain_items.csv for the cross-domain archetype discovery pipeline.,285,2,"_load_identity_items,_parse_vf_categories,_build_structural_rows,_build_dynamic_rows,main"
tools/archetype/build_cross_domain_items.py,_load_identity_items,function,74,79,<module>,,"identity_items_dir: Path, domain: str, cache: Dict[str, List[Dict[str, str]]]",,"List[Dict[str, str]]",false,,6,2,
tools/archetype/build_cross_domain_items.py,_parse_vf_categories,function,82,110,<module>,,raw_value: str,,Set[str],true,Parse a vf.categories value into category-id strings.,29,15,
tools/archetype/build_cross_domain_items.py,_build_structural_rows,function,113,150,<module>,,"edge: Dict[str, Any], identity_items_dir: Path, item_cache: Dict[str, List[Dict[str, str]]], source_join_hash_idx: Dict[Tuple[str, str, str], str], target_join_hash_idx: Dict[Tuple[str, str, str], str]",,"List[Dict[str, str]]",false,,38,4,
tools/archetype/build_cross_domain_items.py,_build_dynamic_rows,function,153,214,<module>,,"edge: Dict[str, Any], identity_items_dir: Path, item_cache: Dict[str, List[Dict[str, str]]], source_join_hash_idx: Dict[Tuple[str, str, str], str]",,"List[Dict[str, str]]",false,,62,17,
tools/archetype/build_cross_domain_items.py,main,function,217,281,<module>,,,,int,false,,65,14,
tools/archetype/cluster_archetype_signals.py,<module>,module,1,801,,,,,,true,Cluster co-varying archetype signals into composite groups.,801,2,"_utc_now_iso,_governance_question_from_archetype_id,_build_curated_gq_map,_resolve_governance_question,_bare_signal_name,_cluster_label_stub,_complete_linkage_clusters,_build_n_files_classified_lookup,_build_detail_files_lookup,_build_signal_graph,_jenks_threshold_for_values,_derive_coupling_threshold,_apply_threshold,_build_clusters,_build_signal_cluster_map,_rollup_classifications,_compute_file_universe,_build_coverage_summary,main"
tools/archetype/cluster_archetype_signals.py,_utc_now_iso,function,162,163,<module>,,,,str,false,,2,1,
tools/archetype/cluster_archetype_signals.py,_governance_question_from_archetype_id,function,166,170,<module>,,archetype_id: str,,str,true,"archetype_id encodes governance_question as the second ""__""-delimited",5,1,
tools/archetype/cluster_archetype_signals.py,_build_curated_gq_map,function,173,186,<module>,,"classification_rows: List[Dict[str, str]]",,"Dict[str, str]",true,"archetype_id -> governance_question, from archetype_classifications.csv.",14,4,
tools/archetype/cluster_archetype_signals.py,_resolve_governance_question,function,189,190,<module>,,"archetype_id: str, curated_gq_map: Dict[str, str]",,str,false,,2,2,
tools/archetype/cluster_archetype_signals.py,_bare_signal_name,function,193,196,<module>,,signal_id: str,,str,true,"Strip a ""<domain prefix>."" prefix and a trailing ""__<hash>"" suffix.",4,1,
tools/archetype/cluster_archetype_signals.py,_cluster_label_stub,function,199,206,<module>,,"governance_question: str, signal_ids: List[str]",,str,false,,8,3,
tools/archetype/cluster_archetype_signals.py,_complete_linkage_clusters,function,209,259,<module>,,"nodes: Set[str], pair_jaccard: Dict[Tuple[str, str], float], threshold: float",,List[Set[str]],true,Group nodes into clusters such that every pairwise Jaccard within a,51,14,pair_value
tools/archetype/cluster_archetype_signals.py,_complete_linkage_clusters.pair_value,nested_function,225,228,_complete_linkage_clusters,,"a: str, b: str",,float,false,,4,2,
tools/archetype/cluster_archetype_signals.py,_build_n_files_classified_lookup,function,262,293,<module>,,"validation_rows: List[Dict[str, str]]",,"Dict[Tuple[str, str], float]",true,"(archetype_id, edge_id) -> n_files_classified, from archetype_validation.csv.",32,8,
tools/archetype/cluster_archetype_signals.py,_build_detail_files_lookup,function,296,322,<module>,,"detail_rows: List[Dict[str, str]]",,"Dict[Tuple[str, str], Set[str]]",true,"(archetype_id, edge_id) -> set of export_run_id, from",27,4,
tools/archetype/cluster_archetype_signals.py,_build_signal_graph,function,325,437,<module>,,"validation_rows: List[Dict[str, str]], pairs_rows: List[Dict[str, str]], curated_gq_map: Dict[str, str], n_files_classified: Dict[str, float], detail_files: Dict[Tuple[str, str], Set[str]]",,"Tuple[Dict[str, Set[str]], Dict[str, Dict[Tuple[str, str], float]], Dict[str, Dict[Tuple[str, str], float]], Dict[str, Dict[str, str]]]",false,,113,24,
tools/archetype/cluster_archetype_signals.py,_jenks_threshold_for_values,function,440,457,<module>,,"values: List[float], label: str",,float,false,,18,2,
tools/archetype/cluster_archetype_signals.py,_derive_coupling_threshold,function,460,483,<module>,,"jaccard_edges_by_gq: Dict[str, Dict[Tuple[str, str], float]], containment_edges_by_gq: Dict[str, Dict[Tuple[str, str], float]], override: Optional[float]",,float,false,,24,4,
tools/archetype/cluster_archetype_signals.py,_apply_threshold,function,486,496,<module>,,"edges_by_gq: Dict[str, Dict[Tuple[str, str], float]], threshold: float",,"Dict[str, Dict[Tuple[str, str], float]]",false,,11,4,
tools/archetype/cluster_archetype_signals.py,_build_clusters,function,499,538,<module>,,"nodes_by_gq: Dict[str, Set[str]], jaccard_edges_by_gq: Dict[str, Dict[Tuple[str, str], float]], threshold: float",,"Dict[str, List[Dict[str, Any]]]",false,,40,7,
tools/archetype/cluster_archetype_signals.py,_build_signal_cluster_map,function,541,551,<module>,,"clusters_by_gq: Dict[str, List[Dict[str, Any]]]",,"Dict[str, Dict[str, Tuple[str, str, int]]]",false,,11,4,
tools/archetype/cluster_archetype_signals.py,_rollup_classifications,function,554,633,<module>,,"classification_rows: List[Dict[str, str]], signal_cluster_map: Dict[str, Dict[str, Tuple[str, str, int]]], signal_to_edge_by_gq: Dict[str, Dict[str, str]], curated_gq_map: Dict[str, str]",,"List[Dict[str, Any]]",false,,80,13,
tools/archetype/cluster_archetype_signals.py,_compute_file_universe,function,636,655,<module>,,"cross_domain_items_rows: List[Dict[str, str]], file_metadata_rows: List[Dict[str, str]]",,Set[str],true,The same file universe assign_archetype_classifications.py uses: every,20,6,
tools/archetype/cluster_archetype_signals.py,_build_coverage_summary,function,658,683,<module>,,"clusters_by_gq: Dict[str, List[Dict[str, Any]]], cluster_rows: List[Dict[str, Any]], total_files: int",,"Dict[str, Dict[str, Any]]",false,,26,8,
tools/archetype/cluster_archetype_signals.py,main,function,686,797,<module>,,,,int,false,,112,4,
tools/archetype/compute_cross_domain_cooccurrence.py,<module>,module,1,305,,,,,,true,Compute cross-domain edge co-occurrence and join_hash-pair patterns.,305,2,"_pattern_id,_eligibility_reason,main"
tools/archetype/compute_cross_domain_cooccurrence.py,_pattern_id,function,104,107,<module>,,"edge_id_a: str, join_hash_a: str, edge_id_b: str, join_hash_b: str",,str,false,,4,1,
tools/archetype/compute_cross_domain_cooccurrence.py,_eligibility_reason,function,110,128,<module>,,"edge_a: Dict[str, Any], edge_b: Dict[str, Any], edge_id_a: str, edge_id_b: str, whitelist_pairs: Set[Tuple[str, str]]",,Optional[str],false,,19,9,
tools/archetype/compute_cross_domain_cooccurrence.py,main,function,131,301,<module>,,,,int,false,,171,24,
tools/archetype/discover_vfd_edges.py,<module>,module,1,1353,,,,,,true,Discover View Filter Definition dynamic edges from flat identity_items CSV exports.,1353,2,"RawObservation,ResolvedParam,DomainHint,ParsedCategories,warn,read_json_required,read_json_optional,atomic_write_csv,load_file_metadata,bool_s,find_identity_items_path,is_bad_param_id,row_quality,is_usable_identity_item_value,canonical_param_kind,flush_record,stream_observations,resolve_params,load_bip_hints,hint_target_and_verify,iter_name_contains_rules,infer_domain,parse_category_tokens,sort_category_tokens,parse_category_ints,category_entry_name,parse_categories,normalize_param_name,parse_category_set,_resolve_target_domain_from_categories,_decompose_conflict_to_domains,_category_names_for_ids,_category_flags_for_ids,_find_verify_blocked_candidate,_validate_domain_has_identity_items,build_inventory_rows,_category_map_domain_extracted,_candidate_category_details,build_domain_gap_rows,build_edge_rows,verify_outputs,print_summary,build_unresolved_file_rows,print_unresolved_summary,parse_args,main"
tools/archetype/discover_vfd_edges.py,RawObservation,class,120,125,<module>,dataclass(frozen=True),,,,false,,6,1,
tools/archetype/discover_vfd_edges.py,ResolvedParam,class,129,133,<module>,dataclass(frozen=True),,,,false,,5,1,
tools/archetype/discover_vfd_edges.py,DomainHint,class,137,140,<module>,dataclass(frozen=True),,,,false,,4,1,
tools/archetype/discover_vfd_edges.py,ParsedCategories,class,144,150,<module>,dataclass(frozen=True),,,,false,,7,1,
tools/archetype/discover_vfd_edges.py,warn,function,153,154,<module>,,message: str,,None,false,,2,1,
tools/archetype/discover_vfd_edges.py,read_json_required,function,157,164,<module>,,"path: Path, label: str",,"Dict[str, Any]",false,,8,4,
tools/archetype/discover_vfd_edges.py,read_json_optional,function,167,177,<module>,,"path: Optional[Path], label: str",,"Dict[str, Any]",false,,11,5,
tools/archetype/discover_vfd_edges.py,atomic_write_csv,function,180,188,<module>,,"path: Path, fieldnames: Sequence[str], rows: Iterable[Dict[str, Any]]",,None,false,,9,4,
tools/archetype/discover_vfd_edges.py,load_file_metadata,function,191,211,<module>,,path: Path,,"Dict[str, Dict[str, str]]",false,,21,11,
tools/archetype/discover_vfd_edges.py,bool_s,function,214,215,<module>,,value: bool,,str,false,,2,1,
tools/archetype/discover_vfd_edges.py,find_identity_items_path,function,218,229,<module>,,identity_items_dir: Path,,Path,false,,12,4,
tools/archetype/discover_vfd_edges.py,is_bad_param_id,function,232,234,<module>,,value: str,,bool,false,,3,3,
tools/archetype/discover_vfd_edges.py,row_quality,function,237,238,<module>,,"row: Dict[str, str]",,str,false,,2,3,
tools/archetype/discover_vfd_edges.py,is_usable_identity_item_value,function,241,247,<module>,,"item_value: str, quality: str",,bool,false,,7,4,
tools/archetype/discover_vfd_edges.py,canonical_param_kind,function,250,258,<module>,,"param_id: str, raw_kind: str",,str,false,,9,5,
tools/archetype/discover_vfd_edges.py,flush_record,function,261,276,<module>,,"record_key: Optional[Tuple[str, str]], categories_raw: str, rules: Dict[str, Dict[str, str]]",,Iterator[RawObservation],false,,16,9,
tools/archetype/discover_vfd_edges.py,stream_observations,function,279,329,<module>,,path: Path,,"Tuple[List[RawObservation], int, Set[str]]",false,,51,19,
tools/archetype/discover_vfd_edges.py,resolve_params,function,331,361,<module>,,"observations: Sequence[RawObservation], bip_lookup: Dict[str, Any], shared_param_names: Dict[str, Any]",,"Dict[str, ResolvedParam]",false,,31,10,
tools/archetype/discover_vfd_edges.py,load_bip_hints,function,364,390,<module>,,path: Path,,"Dict[str, Any]",false,,27,12,
tools/archetype/discover_vfd_edges.py,hint_target_and_verify,function,393,399,<module>,,entry: Any,,"Tuple[Optional[str], bool]",false,,7,4,
tools/archetype/discover_vfd_edges.py,iter_name_contains_rules,function,402,416,<module>,,"hints: Dict[str, Any]",,"Iterator[Tuple[str, Any]]",false,,15,13,
tools/archetype/discover_vfd_edges.py,infer_domain,function,419,434,<module>,,"param_id: str, param_name: Optional[str], hints: Dict[str, Any]",,DomainHint,false,,16,6,
tools/archetype/discover_vfd_edges.py,parse_category_tokens,function,437,465,<module>,,raw: str,,Optional[List[str]],false,,29,16,
tools/archetype/discover_vfd_edges.py,sort_category_tokens,function,468,469,<module>,,tokens: Iterable[str],,"Tuple[str, ...]",false,,2,2,
tools/archetype/discover_vfd_edges.py,parse_category_ints,function,472,476,<module>,,raw: str,,Optional[List[int]],false,,5,3,
tools/archetype/discover_vfd_edges.py,category_entry_name,function,478,484,<module>,,entry: Any,,Optional[str],false,,7,6,
tools/archetype/discover_vfd_edges.py,parse_categories,function,487,533,<module>,,"raw: str, category_map: Dict[str, Any], warned_unparseable: Set[str], recognized_distinct: Set[int], unrecognized_distinct: Set[int]",,ParsedCategories,false,,47,13,
tools/archetype/discover_vfd_edges.py,normalize_param_name,function,536,548,<module>,,name: str,,str,false,,13,6,
tools/archetype/discover_vfd_edges.py,parse_category_set,function,551,556,<module>,,category_set: str,,List[int],false,,6,4,
tools/archetype/discover_vfd_edges.py,_resolve_target_domain_from_categories,function,559,588,<module>,,"category_ids: Sequence[int], category_file_counts: Dict[str, int], category_map: Dict[str, Any], support_threshold: int",,"Tuple[Optional[str], str]",false,,30,11,
tools/archetype/discover_vfd_edges.py,_decompose_conflict_to_domains,function,591,620,<module>,,"category_ids: Sequence[int], category_file_counts: Dict[str, int], category_map: Dict[str, Any], support_threshold: int",,"Dict[str, List[int]]",true,"For conflict cases where qualifying categories span multiple domains,",30,8,
tools/archetype/discover_vfd_edges.py,_category_names_for_ids,function,623,631,<module>,,"category_ids: Sequence[int], category_map: Dict[str, Any]",,str,false,,9,4,
tools/archetype/discover_vfd_edges.py,_category_flags_for_ids,function,634,645,<module>,,"category_ids: Sequence[int], category_map: Dict[str, Any]",,"Tuple[bool, bool]",false,,12,5,
tools/archetype/discover_vfd_edges.py,_find_verify_blocked_candidate,function,649,683,<module>,,"category_ids: Sequence[int], category_file_counts: Dict[str, int], category_map: Dict[str, Any], support_threshold: int",,"Tuple[str, str]",true,Return a category-map candidate blocked by explicit verification.,35,10,
tools/archetype/discover_vfd_edges.py,_validate_domain_has_identity_items,function,686,698,<module>,,"target_domain: str, identity_items_dir: Path",,bool,false,,13,6,
tools/archetype/discover_vfd_edges.py,build_inventory_rows,function,701,905,<module>,,"observations: Sequence[RawObservation], resolved: Dict[str, ResolvedParam], hints: Dict[str, Any], category_map: Dict[str, Any], support_min_files: int, identity_items_dir: Optional[Path] = None",,"Tuple[List[Dict[str, Any]], Dict[str, Any]]",false,,205,27,
tools/archetype/discover_vfd_edges.py,build_inventory_rows.append_inventory_row,nested_function,771,813,build_inventory_rows,,"row_target_domain: str, row_target_domain_source: str, row_target_domain_verified: bool, row_category_ids: Sequence[int], row_candidate_domain: str = '', row_candidate_domain_blocked_reason: str = ''",,None,false,,43,3,
tools/archetype/discover_vfd_edges.py,_category_map_domain_extracted,function,909,923,<module>,,"candidate_domain: str, category_map: Dict[str, Any]",,str,false,,15,8,
tools/archetype/discover_vfd_edges.py,_candidate_category_details,function,926,945,<module>,,"candidate_domain: str, category_set: str, category_map: Dict[str, Any]",,"Tuple[Set[str], Set[str]]",false,,20,8,
tools/archetype/discover_vfd_edges.py,build_domain_gap_rows,function,948,1007,<module>,,"inventory_rows: Sequence[Dict[str, Any]], category_map: Dict[str, Any]",,"List[Dict[str, Any]]",false,,60,15,
tools/archetype/discover_vfd_edges.py,build_edge_rows,function,1010,1123,<module>,,"inventory_rows: Sequence[Dict[str, Any]], include_unresolved: bool, support_min_files: int",,"List[Dict[str, Any]]",false,,114,23,
tools/archetype/discover_vfd_edges.py,verify_outputs,function,1126,1143,<module>,,"edge_rows: Sequence[Dict[str, Any]], inventory_rows: Sequence[Dict[str, Any]], total_files: int",,None,false,,18,16,
tools/archetype/discover_vfd_edges.py,print_summary,function,1146,1198,<module>,,"rows_read: int, export_run_ids: Set[str], observations: Sequence[RawObservation], resolved: Dict[str, ResolvedParam], inventory_rows: Sequence[Dict[str, Any]], edge_rows: Sequence[Dict[str, Any]], category_stats: Dict[str, Any], support_min_files: int, out_dir: Path",,None,false,,53,27,
tools/archetype/discover_vfd_edges.py,build_unresolved_file_rows,function,1201,1244,<module>,,"observations: Sequence[RawObservation], resolved: Dict[str, ResolvedParam], file_metadata: Dict[str, Dict[str, str]]",,"List[Dict[str, Any]]",false,,44,11,
tools/archetype/discover_vfd_edges.py,print_unresolved_summary,function,1247,1282,<module>,,"rows: Sequence[Dict[str, Any]]",,None,false,,36,10,
tools/archetype/discover_vfd_edges.py,parse_args,function,1285,1303,<module>,,,,argparse.Namespace,false,,19,4,
tools/archetype/discover_vfd_edges.py,main,function,1306,1349,<module>,,,,int,false,,44,4,
tools/archetype/generate_archetype_candidates.py,<module>,module,1,342,,,,,,true,Generate candidate archetype definitions from cross-domain co-occurrence patterns.,342,2,"_utc_now_iso,_is_vfd_related,_governance_question_hint,_signal_coverage_pct,_collapsed_from_for_edge,main"
tools/archetype/generate_archetype_candidates.py,_utc_now_iso,function,109,110,<module>,,,,str,false,,2,1,
tools/archetype/generate_archetype_candidates.py,_is_vfd_related,function,113,117,<module>,,"source_domain: str, target_domain: str",,bool,true,True for a dynamic VFD edge (source == view_filter_definitions) or the,5,2,
tools/archetype/generate_archetype_candidates.py,_governance_question_hint,function,120,133,<module>,,"target_domain_a: str, target_domain_b: str, source_domain_a: str = '', source_domain_b: str = ''",,str,false,,14,8,
tools/archetype/generate_archetype_candidates.py,_signal_coverage_pct,function,136,146,<module>,,"edge_id: str, alias_of: Dict[str, str], covered_files_by_edge: Dict[str, Set[str]], n_files_total: int",,float,false,,11,2,
tools/archetype/generate_archetype_candidates.py,_collapsed_from_for_edge,function,149,155,<module>,,"edge_id: str, alias_of: Dict[str, str], collapsed: Dict[str, List[str]]",,List[str],false,,7,1,
tools/archetype/generate_archetype_candidates.py,main,function,158,338,<module>,,,,int,false,,181,27,
tools/archetype/generate_reference_graph.py,<module>,module,1,299,,,,,,true,Generate reference_graph.json for the cross-domain archetype discovery pipeline.,299,2,"_utc_now_iso,_check_static_edge_availability,_normalize_param_name,_resolve_param_name,_param_id_slug,_build_dynamic_edges,main"
tools/archetype/generate_reference_graph.py,_utc_now_iso,function,69,70,<module>,,,,str,false,,2,1,
tools/archetype/generate_reference_graph.py,_check_static_edge_availability,function,73,112,<module>,,"edge: Dict[str, Any], identity_items_dir: Path, shard_cache: Dict[str, List[Dict[str, str]]]",,"Dict[str, Any]",false,,40,6,
tools/archetype/generate_reference_graph.py,_normalize_param_name,function,115,125,<module>,,name: str,,str,false,,11,4,
tools/archetype/generate_reference_graph.py,_resolve_param_name,function,128,133,<module>,,"param_id: str, bip_lookup: Dict[str, Any], shared_param_names: Dict[str, Any]",,str,false,,6,5,
tools/archetype/generate_reference_graph.py,_param_id_slug,function,136,144,<module>,,param_id: str,,str,true,Stable slug derived from param_id (not its resolved display name).,9,2,
tools/archetype/generate_reference_graph.py,_build_dynamic_edges,function,147,218,<module>,,"vfd_dynamic_edges_path: Path, bip_lookup: Dict[str, Any], shared_param_names: Dict[str, Any], support_threshold: int",,"List[Dict[str, Any]]",false,,72,21,
tools/archetype/generate_reference_graph.py,main,function,221,295,<module>,,,,int,false,,75,6,
tools/archetype/prepare_archetype_review.py,<module>,module,1,1048,,,,,,true,Build human-reviewable drill-down tables for archetype signal clusters.,1048,2,"_find_cluster,_all_clusters,_all_cluster_ids,_resolve_param_name,_parse_category_ids,_resolve_category_name,_governance_question_from_cluster_id,_governance_question_from_archetype_id,_build_curated_gq_map,_resolve_governance_question,ClusterContext,_build_cluster_context,_load_label_lookup,_load_vfd_resolution,_load_file_path_lookup,_is_named_element,_schedule_file_sort_key,_schedule_row_sort_key,_selected_file_name_status,_select_schedule_rows_for_cluster,_write_review_schedule_outputs,_sort_key,_process_cluster,main"
tools/archetype/prepare_archetype_review.py,_find_cluster,function,181,185,<module>,,"signal_clusters: Dict[str, Any], cluster_id: str",,"Optional[Dict[str, Any]]",false,,5,3,
tools/archetype/prepare_archetype_review.py,_all_clusters,function,188,196,<module>,,"signal_clusters: Dict[str, Any]",,"List[Dict[str, Any]]",false,,9,4,
tools/archetype/prepare_archetype_review.py,_all_cluster_ids,function,199,200,<module>,,"signal_clusters: Dict[str, Any]",,List[str],false,,2,2,
tools/archetype/prepare_archetype_review.py,_resolve_param_name,function,203,208,<module>,,"param_id: str, bip_lookup: Dict[str, Any], shared_param_names: Dict[str, Any]",,str,false,,6,5,
tools/archetype/prepare_archetype_review.py,_parse_category_ids,function,211,238,<module>,,raw_value: str,,List[str],true,Parse a vf.categories value into an ordered list of category-id strings.,28,15,
tools/archetype/prepare_archetype_review.py,_resolve_category_name,function,241,247,<module>,,"category_id: str, vfd_category_map: Dict[str, Any]",,str,false,,7,3,
tools/archetype/prepare_archetype_review.py,_governance_question_from_cluster_id,function,250,258,<module>,,cluster_id: str,,str,true,Resolve governance_question from a cluster_id such as,9,2,
tools/archetype/prepare_archetype_review.py,_governance_question_from_archetype_id,function,261,269,<module>,,archetype_id: str,,str,true,"archetype_id encodes governance_question as the second ""__""-delimited",9,1,
tools/archetype/prepare_archetype_review.py,_build_curated_gq_map,function,272,286,<module>,,"classification_rows: List[Dict[str, str]]",,"Dict[str, str]",true,"archetype_id -> governance_question, from archetype_classifications.csv.",15,4,
tools/archetype/prepare_archetype_review.py,_resolve_governance_question,function,289,290,<module>,,"archetype_id: str, curated_gq_map: Dict[str, str]",,str,false,,2,2,
tools/archetype/prepare_archetype_review.py,ClusterContext,class,293,304,<module>,,,,,true,Per-cluster Stage 2/3 results.,12,1,__init__
tools/archetype/prepare_archetype_review.py,ClusterContext.__init__,method,296,304,ClusterContext,,"self, cluster: Dict[str, Any]",,,false,,9,3,
tools/archetype/prepare_archetype_review.py,_build_cluster_context,function,307,364,<module>,,"cluster: Dict[str, Any], rows_by_cluster_id: Dict[str, List[Dict[str, str]]], detail_rows_by_export: Dict[str, List[Dict[str, str]]], archetype_ids_by_gq: Dict[str, Set[str]]",,ClusterContext,false,,58,13,
tools/archetype/prepare_archetype_review.py,_load_label_lookup,function,367,412,<module>,,"records_path: Path, qualifying_files: Set[str], source_domains: Set[str]",,"Tuple[Dict[Tuple[str, str, str], Tuple[str, str]], Dict[Tuple[str, str], Tuple[str, str]], Dict[Tuple[str, str, str], Tuple[str, str]], Dict[Tuple[str, str, str], str]]",true,Stage 4: stream records.csv to resolve records to labels.,46,10,
tools/archetype/prepare_archetype_review.py,_load_vfd_resolution,function,415,466,<module>,,"identity_items_dir: Path, qualifying_files: Set[str], source_domains: Set[str], bip_lookup: Dict[str, Any], shared_param_names: Dict[str, Any], vfd_category_map: Dict[str, Any]",,"Dict[Tuple[str, str], Tuple[str, str]]",true,Stage 5: resolve parameter names and category names (VFD only).,52,13,
tools/archetype/prepare_archetype_review.py,_load_file_path_lookup,function,469,490,<module>,,file_metadata_path: Path,,"Dict[str, str]",true,Stage 6: resolve export_run_id -> file_path.,22,7,
tools/archetype/prepare_archetype_review.py,_is_named_element,function,493,497,<module>,,element_name: str,,bool,false,,5,4,
tools/archetype/prepare_archetype_review.py,_schedule_file_sort_key,function,500,513,<module>,,"rows_for_file: List[Dict[str, str]]",,"Tuple[int, int, int, str]",false,,14,6,
tools/archetype/prepare_archetype_review.py,_schedule_row_sort_key,function,516,518,<module>,,"row: Dict[str, str]",,"Tuple[str, int, str]",false,,3,1,
tools/archetype/prepare_archetype_review.py,_selected_file_name_status,function,521,537,<module>,,"selected_rows: List[Dict[str, str]], selected_file_is_in_review_sample: bool",,str,false,,17,9,
tools/archetype/prepare_archetype_review.py,_select_schedule_rows_for_cluster,function,540,632,<module>,,"cluster_id: str, cluster_label_stub: str, review_rows: List[Dict[str, str]], candidate_rows: Optional[List[Dict[str, str]]] = None",,"Tuple[List[Dict[str, Any]], Dict[str, Any]]",true,Select manual file-open schedule rows.,93,21,
tools/archetype/prepare_archetype_review.py,_write_review_schedule_outputs,function,635,699,<module>,,"out_dir: Path, results: List[Dict[str, Any]], dry_run: bool",,None,true,Build review schedule/gap CSVs from review files plus enriched candidates.,65,4,
tools/archetype/prepare_archetype_review.py,_sort_key,function,702,713,<module>,,"row: Dict[str, str]",,"Tuple[int, int, int, int, str]",false,,12,3,
tools/archetype/prepare_archetype_review.py,_process_cluster,function,716,898,<module>,,"ctx: ClusterContext, label_by_domain_sig: Dict[Tuple[str, str, str], Tuple[str, str]], label_by_sig: Dict[Tuple[str, str], Tuple[str, str]], label_by_record_pk: Dict[Tuple[str, str, str], Tuple[str, str]], vfd_sig_to_record_pk: Dict[Tuple[str, str, str], str], vfd_resolution: Dict[Tuple[str, str], Tuple[str, str]], file_path_lookup: Dict[str, str], out_dir: Path, top_n: int, dry_run: bool, verbose: bool",,"Dict[str, Any]",false,,183,36,
tools/archetype/prepare_archetype_review.py,main,function,901,1044,<module>,,,,int,false,,144,20,
tools/archetype/review/select_archetype_review_files.py,<module>,module,1,612,,,,,,true,Select the minimum set of files needed to review all archetype clusters.,612,2,"log,read_csv_rows,read_json,atomic_write_csv,_load_file_paths,_all_cluster_pairs,_cluster_signal_ids,_build_approach_label_map,_build_file_cluster_index,_load_review_csvs,_greedy_cover,_build_output_rows,_identify_gaps,main"
tools/archetype/review/select_archetype_review_files.py,log,function,105,106,<module>,,msg: str,,None,false,,2,1,
tools/archetype/review/select_archetype_review_files.py,read_csv_rows,function,109,113,<module>,,path: Path,,"List[Dict[str, str]]",false,,5,3,
tools/archetype/review/select_archetype_review_files.py,read_json,function,116,120,<module>,,path: Path,,dict,false,,5,3,
tools/archetype/review/select_archetype_review_files.py,atomic_write_csv,function,123,130,<module>,,"path: Path, fields: List[str], rows: List[Dict]",,None,false,,8,2,
tools/archetype/review/select_archetype_review_files.py,_load_file_paths,function,135,149,<module>,,file_metadata_path: Path,,"Dict[str, str]",false,,15,6,
tools/archetype/review/select_archetype_review_files.py,_all_cluster_pairs,function,152,160,<module>,,signal_clusters: dict,,"List[Tuple[str, str]]",true,"All (cluster_id, governance_question) pairs.",9,5,
tools/archetype/review/select_archetype_review_files.py,_cluster_signal_ids,function,163,171,<module>,,signal_clusters: dict,,"Dict[str, List[str]]",true,cluster_id -> list of signal_ids.,9,6,
tools/archetype/review/select_archetype_review_files.py,_build_approach_label_map,function,174,205,<module>,,"archetype_defs: dict, signal_clusters: dict",,"Dict[str, str]",true,cluster_id -> approach_label.,32,13,
tools/archetype/review/select_archetype_review_files.py,_build_file_cluster_index,function,208,266,<module>,,"cc_rows: List[Dict[str, str]]",,"Tuple[Dict[str, Dict[str, List[Dict]]], Dict[str, Dict[str, str]], Dict[str, str], Dict[str, str], Dict[str, str], Dict[str, str], Dict[str, str], Dict[str, str]]",false,,59,7,
tools/archetype/review/select_archetype_review_files.py,_load_review_csvs,function,269,289,<module>,,review_dir: Path,,"Dict[str, Dict[Tuple[str, str], List[Dict]]]",true,"cluster_id -> (export_run_id, signal_id) -> list of row dicts.",21,6,
tools/archetype/review/select_archetype_review_files.py,_greedy_cover,function,294,350,<module>,,"target_cluster_ids: List[str], file_clusters: Dict[str, Dict[str, str]], file_role: Dict[str, str], file_client: Dict[str, str], file_discipline: Dict[str, str], cluster_gq: Dict[str, str], file_paths: Dict[str, str], coverage_mode: str",,"List[Tuple[str, str, Set[str], str]]",true,"Returns list of (export_run_id, file_path, new_clusters_covered, coverage_type).",57,22,
tools/archetype/review/select_archetype_review_files.py,_build_output_rows,function,355,441,<module>,,"schedule_entries: List[Tuple[str, str, Set[str], str]], file_clusters: Dict[str, Dict[str, str]], file_role: Dict[str, str], file_client: Dict[str, str], file_discipline: Dict[str, str], cluster_gq: Dict[str, str], cluster_signal_ids: Dict[str, List[str]], approach_label_map: Dict[str, str], review_data: Dict[str, Dict[Tuple[str, str], List[Dict]]], file_cluster_signals_fired: Dict[Tuple[str, str], str], file_cluster_all_fired: Dict[Tuple[str, str], str], signal_join_hash: Dict[str, str]",,List[Dict],true,"One row per (file × signal) for each (file, cluster) in the schedule.",87,8,
tools/archetype/review/select_archetype_review_files.py,_identify_gaps,function,444,465,<module>,,"all_cluster_ids: List[str], cluster_gq: Dict[str, str], by_cluster_role: Dict[str, Dict[str, List]]",,"List[Dict[str, str]]",false,,22,6,
tools/archetype/review/select_archetype_review_files.py,main,function,470,608,<module>,,,,int,false,,139,25,
tools/archetype/validate_archetype_signals.py,<module>,module,1,458,,,,,,true,Validate archetype signal coherence at sig_hash grain.,458,2,"_coherence_tier,main"
tools/archetype/validate_archetype_signals.py,_coherence_tier,function,153,158,<module>,,score: float,,str,false,,6,3,
tools/archetype/validate_archetype_signals.py,main,function,161,454,<module>,,,,int,false,,294,76,
tools/build_results_registry.py,<module>,module,1,136,,,,,,true,Build a BI-friendly results_registry.csv from segment_manifest.csv and run_registry.csv.,136,2,"read_csv_rows,atomic_write_csv,build_results_registry_rows,_safe_int,write_results_registry,main"
tools/build_results_registry.py,read_csv_rows,function,30,37,<module>,,path: Path,,"List[Dict[str, str]]",true,Read a CSV file into string-normalized dictionaries.,8,4,
tools/build_results_registry.py,atomic_write_csv,function,40,56,<module>,,"path: Path, fieldnames: Sequence[str], rows: Iterable[Dict[str, str]]",,None,true,Write CSV rows atomically using a temp file in the destination directory.,17,4,
tools/build_results_registry.py,build_results_registry_rows,function,59,89,<module>,,"manifest_rows: Iterable[Dict[str, str]], registry_rows: Iterable[Dict[str, str]]",,"List[Dict[str, str]]",true,Return one results-registry row for every segment in the manifest.,31,17,
tools/build_results_registry.py,_safe_int,function,92,96,<module>,,value: object,,int,false,,5,4,
tools/build_results_registry.py,write_results_registry,function,99,105,<module>,,"manifest_file: Path, registry_file: Path, output_file: Path",,int,true,Build and atomically write results_registry.csv. Returns rows written.,7,1,
tools/build_results_registry.py,main,function,108,132,<module>,,argv: List[str] | None = None,,int,false,,25,3,
tools/build_segment_manifest.py,<module>,module,1,886,,,,,,false,,886,4,"_read_csv,_atomic_write_csv,_population_hash,_sanitize_folder,_build_membership_rows,_membership_by_segment,_append_note,_invalid_required_value_reason,_invalid_dimension_value_reason,_validate_required_metadata,_normalize_rows,_build_segments,_build_registry,_print_summary,main"
tools/build_segment_manifest.py,_read_csv,function,43,48,<module>,,path: Path,,tuple,false,,6,5,
tools/build_segment_manifest.py,_atomic_write_csv,function,50,56,<module>,,"path: Path, fieldnames: Sequence[str], rows: Iterable[Dict[str, str]]",,None,false,,7,4,
tools/build_segment_manifest.py,_population_hash,function,58,59,<module>,,export_run_ids: List[str],,str,false,,2,1,
tools/build_segment_manifest.py,_sanitize_folder,function,68,87,<module>,,segment_id: str,,str,false,,20,3,
tools/build_segment_manifest.py,_build_membership_rows,function,89,106,<module>,,"manifest_rows: List[Dict[str, str]]",,"List[Dict[str, str]]",true,Flatten each manifest row's internal export_run_ids/seed_export_run_ids,18,9,
tools/build_segment_manifest.py,_membership_by_segment,function,108,118,<module>,,"membership_rows: List[Dict[str, str]]",,"Dict[str, List[str]]",true,"Group membership CSV rows into segment_id -> sorted export_run_ids, for",11,7,
tools/build_segment_manifest.py,_append_note,function,120,123,<module>,,"row, k, v = ''",,,false,,4,2,
tools/build_segment_manifest.py,_invalid_required_value_reason,function,130,142,<module>,,value: str,,'str | None',true,Return why `value` fails the required-field contract for a segment,13,4,
tools/build_segment_manifest.py,_invalid_dimension_value_reason,function,154,166,<module>,,value: str,,'str | None',true,"Additional check for DIMENSION_CONFIG fields only: a literal "";"" is",13,3,
tools/build_segment_manifest.py,_validate_required_metadata,function,169,222,<module>,,"rows: List[Dict[str, str]]",,"List[Dict[str, str]]",true,"Validate REQUIRED_ROW_FIELDS on every row of file_metadata.csv, plus",54,10,
tools/build_segment_manifest.py,_normalize_rows,function,225,305,<module>,,"rows: List[Dict[str, str]]",,"'tuple[List[Dict[str, str]], List[tuple]]'",true,Case-normalize DIMENSION_CONFIG fields before they enter segment_id,81,14,
tools/build_segment_manifest.py,_build_segments,function,307,569,<module>,,"rows: List[Dict[str, str]], min_files: int, enable_cross_org_template_bundles: bool = False, enable_parent_bundle_runs: bool = False",,"List[Dict[str, str]]",false,,263,179,"_subset_to_id,child_span"
tools/build_segment_manifest.py,_build_segments._subset_to_id,nested_function,322,324,_build_segments,,key: frozenset,,str,false,,3,3,
tools/build_segment_manifest.py,_build_segments.child_span,nested_function,474,486,_build_segments,,r,,,false,,13,6,
tools/build_segment_manifest.py,_build_registry,function,571,708,<module>,,"manifest_rows: List[Dict[str, str]], existing_registry: List[Dict[str, str]] | None = None, existing_membership: Dict[str, List[str]] | None = None",,"List[Dict[str, str]]",true,Build run_registry.csv rows from freshly computed manifest rows.,138,25,
tools/build_segment_manifest.py,_print_summary,function,711,743,<module>,,"manifest_path: Path, registry_path: Path, manifest_rows: List[Dict[str, str]], min_files: int",,None,false,,33,15,
tools/build_segment_manifest.py,main,function,746,882,<module>,,argv: List[str] | None = None,,int,false,,137,31,
tools/bundle_analysis/__init__.py,<module>,module,1,1,,,,,,true,Bundle analysis post-process pipeline.,1,1,
tools/bundle_analysis/common.py,<module>,module,1,85,,,,,,false,,85,1,"retry_fs_op,read_csv_rows,atomic_write_csv,resolve_analysis_run_id,derive_scope_key,compute_effective_support,make_bundle_id"
tools/bundle_analysis/common.py,retry_fs_op,function,17,39,<module>,,"op, *args, attempts: int = 5, delay_seconds: float = 1.0",,None,true,"Run a filesystem-mutating callable (shutil.move / shutil.rmtree), retrying with",23,5,
tools/bundle_analysis/common.py,read_csv_rows,function,42,44,<module>,,path: Path,,"List[Dict[str, str]]",false,,3,4,
tools/bundle_analysis/common.py,atomic_write_csv,function,47,55,<module>,,"path: Path, fieldnames: Sequence[str], rows: Iterable[Dict[str, str]]",,None,false,,9,4,
tools/bundle_analysis/common.py,resolve_analysis_run_id,function,58,64,<module>,,"rows: Sequence[Dict[str, str]], explicit: str = ''",,str,false,,7,6,
tools/bundle_analysis/common.py,derive_scope_key,function,67,73,<module>,,"domain: str, pattern_meta: Dict[str, str]",,str,false,,7,5,
tools/bundle_analysis/common.py,compute_effective_support,function,76,78,<module>,,"files_total: int, min_support_count: int, min_support_pct: float",,int,false,,3,1,
tools/bundle_analysis/common.py,make_bundle_id,function,81,85,<module>,,"domain: str, scope_key: str, pattern_ids_sorted: Sequence[str]",,str,false,,5,1,
tools/bundle_analysis/name_projection_adapter.py,<module>,module,1,362,,,,,,false,,362,3,"normalize_export_run_id,stage_name_projection_analysis_dir,emit_name_target_provenance,annotate_name_target_combined_files"
tools/bundle_analysis/name_projection_adapter.py,normalize_export_run_id,function,55,90,<module>,,"export_file: str, known_ids: Optional[Set[str]] = None",,str,true,"Normalize PR2's `export_file` (`tools/apply_name_key_policy.py`, which prefers",36,5,
tools/bundle_analysis/name_projection_adapter.py,stage_name_projection_analysis_dir,function,103,217,<module>,,"name_patterns_dir: Path, staging_dir: Path, analysis_run_id: str = DEFAULT_NAME_PROJECTION_ANALYSIS_RUN_ID, schema_version: str = DEFAULT_SCHEMA_VERSION, known_export_run_ids: Optional[Set[str]] = None",,"Dict[str, int]",true,Materialize a staging `analysis_dir` from PR2's `name/` pattern output.,115,12,
tools/bundle_analysis/name_projection_adapter.py,emit_name_target_provenance,function,220,296,<module>,,"view_out_dir: Path, name_patterns_dir: Path, analysis_run_id: str = DEFAULT_NAME_PROJECTION_ANALYSIS_RUN_ID",,"Dict[str, int]",true,"Declare, per bundle produced under `comparison_target=name`: comparison_target,",77,12,
tools/bundle_analysis/name_projection_adapter.py,annotate_name_target_combined_files,function,317,362,<module>,,bundle_analysis_dir: Path,,"Dict[str, int]",true,Add `comparison_target`/`coverage_class`/`provenance_note` columns to every,46,10,
tools/bundle_analysis/placeholder_exclusions.py,<module>,module,1,229,,,,,,false,,229,4,"t,lg,_to_int,_load_governance_roles,_load_existing_overrides,_choose_threshold,compute_placeholder_exclusions,main"
tools/bundle_analysis/placeholder_exclusions.py,t,function,19,19,<module>,,v,,,false,,1,2,
tools/bundle_analysis/placeholder_exclusions.py,lg,function,21,28,<module>,,vals,,,false,,8,6,
tools/bundle_analysis/placeholder_exclusions.py,_to_int,function,31,36,<module>,,v,,,false,,6,4,
tools/bundle_analysis/placeholder_exclusions.py,_load_governance_roles,function,39,47,<module>,,path: Path | None,,"dict[str, str]",false,,9,7,
tools/bundle_analysis/placeholder_exclusions.py,_load_existing_overrides,function,50,61,<module>,,path: Path,,"dict[tuple[str, str], dict[str, str]]",false,,12,13,
tools/bundle_analysis/placeholder_exclusions.py,_choose_threshold,function,64,77,<module>,,values: list[int],,int | None,false,,14,6,
tools/bundle_analysis/placeholder_exclusions.py,compute_placeholder_exclusions,function,80,90,<module>,,"records_csv_path: Path, out_csv_path: Path",,None,true,Compatibility API for run_bundle_analysis legacy callsites.,11,2,
tools/bundle_analysis/placeholder_exclusions.py,main,function,92,226,<module>,,,,,false,,135,55,
tools/bundle_analysis/placeholder_exclusions_legacy.py,<module>,module,1,124,,,,,,false,,124,4,"_is_truthy,_largest_gap_threshold,compute_placeholder_exclusions,_parse_args,main"
tools/bundle_analysis/placeholder_exclusions_legacy.py,_is_truthy,function,24,25,<module>,,value: object,,bool,false,,2,2,
tools/bundle_analysis/placeholder_exclusions_legacy.py,_largest_gap_threshold,function,28,43,<module>,,values: List[float],,"Tuple[Optional[float], Optional[float]]",false,,16,7,
tools/bundle_analysis/placeholder_exclusions_legacy.py,compute_placeholder_exclusions,function,46,107,<module>,,"records_csv_path: Path, out_csv_path: Path",,None,false,,62,21,
tools/bundle_analysis/placeholder_exclusions_legacy.py,_parse_args,function,110,114,<module>,,,,argparse.Namespace,false,,5,1,
tools/bundle_analysis/placeholder_exclusions_legacy.py,main,function,117,120,<module>,,,,int,false,,4,1,
tools/bundle_analysis/reference_bundle.py,<module>,module,1,161,,,,,,false,,161,1,"_escape_control_chars_in_json_strings,write_sidecar,load_and_validate"
tools/bundle_analysis/reference_bundle.py,_escape_control_chars_in_json_strings,function,10,57,<module>,,raw_json: str,,str,true,Return JSON text with raw control characters escaped only inside strings.,48,13,
tools/bundle_analysis/reference_bundle.py,write_sidecar,function,60,100,<module>,,"analysis_out_dir: Path, seed_export_run_id: str, domain_patterns_rows: List[Dict[str, str]], schema_version: str",,Path,false,,41,12,
tools/bundle_analysis/reference_bundle.py,load_and_validate,function,103,161,<module>,,"analysis_out_dir: Path, current_schema_version: str",,"Dict[str, object]",false,,59,25,
tools/bundle_analysis/run_bundle_analysis.py,<module>,module,1,1202,,,,,,false,,1202,4,"_view_out_dir,_ensure_latent_purgeable,_emit_meta_scatter_thresholds,_load_purgeable_only_set,_run_pipeline_once,_run_step2_to_step7,run_bundle_analysis,_validate_name_target_constraints,run_bundle_analysis_for_target,_parse_args,main"
tools/bundle_analysis/run_bundle_analysis.py,_view_out_dir,function,67,69,<module>,,"out_dir: Path, purge_view: str",,Path,true,Return out_dir/all or out_dir/used.,3,1,
tools/bundle_analysis/run_bundle_analysis.py,_ensure_latent_purgeable,function,72,91,<module>,,"latent_purgeable_file: Path, records_dir: Path",,Path,true,Run compute_latent_purgeable.py if latent_purgeable.csv does not exist.,20,3,
tools/bundle_analysis/run_bundle_analysis.py,_emit_meta_scatter_thresholds,function,94,150,<module>,,"out_dir: Path, run_id: str, domain_filter: str = ''",,None,false,,57,30,
tools/bundle_analysis/run_bundle_analysis.py,_load_purgeable_only_set,function,153,177,<module>,,latent_purgeable_file: Path,,"Set[Tuple[str, str, str]]",true,Read latent_purgeable.csv once and return the purgeable_only set.,25,6,
tools/bundle_analysis/run_bundle_analysis.py,_run_pipeline_once,function,180,285,<module>,,"analysis_dir: Path, work_out_dir: Path, domain: str, run_id: str, min_support_count: int, min_support_pct: float, compute_share_profile: bool = False, population_id: Optional[str] = None, analysis_run_id: str = '', population_registry_dir: Optional[Path] = None, scope_key_filter: Optional[str] = None, allowed_export_run_ids: Optional[Set[str]] = None, purge_view: str = 'all', latent_purgeable_file: Optional[Path] = None, purgeable_only_set: Optional[Set[Tuple[str, str, str]]] = None",,"Dict[str, object]",false,,106,3,
tools/bundle_analysis/run_bundle_analysis.py,_run_step2_to_step7,function,288,351,<module>,,"analysis_dir: Path, work_out_dir: Path, domain: str, min_support_count: int, min_support_pct: float, run_id: str, compute_share_profile: bool = False",,"Dict[str, object]",false,,64,2,
tools/bundle_analysis/run_bundle_analysis.py,run_bundle_analysis,function,354,897,<module>,,"analysis_dir: Path, out_dir: Path, domain: str = '', min_support_count: int = 3, min_support_pct: float = 0.0, analysis_run_id: str = '', discover_populations_flag: bool = True, min_population_size: int = 0, max_population_overlap: float = 0.2, min_population_jaccard: float = 0.3, discovery_support_pct: float = 0.1, compare: bool = False, compute_share_profile: bool = False, roles: Optional[List[str]] = None, metadata_file: Optional[Path] = None, purge_view: str = 'both', latent_purgeable_file: Optional[Path] = None, workers: int = 4",,"Dict[str, int]",false,,544,117,
tools/bundle_analysis/run_bundle_analysis.py,_validate_name_target_constraints,function,900,933,<module>,,"comparison_target: str, purge_view: str, compute_share_profile: bool, compare: bool",,None,true,"Fail loudly (never guess, never silently fall back) when a caller asks the",34,5,
tools/bundle_analysis/run_bundle_analysis.py,run_bundle_analysis_for_target,function,936,1126,<module>,,"analysis_dir: Path, out_dir: Path, comparison_target: str = 'config', name_key_patterns_dir: Optional[Path] = None, domain: str = '', min_support_count: int = 3, min_support_pct: float = 0.0, analysis_run_id: str = '', discover_populations_flag: bool = True, min_population_size: int = 0, max_population_overlap: float = 0.2, min_population_jaccard: float = 0.3, discovery_support_pct: float = 0.1, compare: bool = False, compute_share_profile: bool = False, roles: Optional[List[str]] = None, metadata_file: Optional[Path] = None, purge_view: Optional[str] = None, latent_purgeable_file: Optional[Path] = None, workers: int = 4",,"Dict[str, Dict[str, int]]",true,Run bundle analysis for one or both join-basis projections,191,18,
tools/bundle_analysis/run_bundle_analysis.py,_parse_args,function,1129,1171,<module>,,argv: Optional[List[str]] = None,,argparse.Namespace,false,,43,1,
tools/bundle_analysis/run_bundle_analysis.py,main,function,1174,1198,<module>,,argv: Optional[List[str]] = None,,int,false,,25,1,
tools/bundle_analysis/step0_discover_populations.py,<module>,module,1,491,,,,,,false,,491,4,"_pattern_summary,_population_id,_select_populations,_collapse_subset_related_roots,discover_populations,_parse_args,main"
tools/bundle_analysis/step0_discover_populations.py,_pattern_summary,function,40,41,<module>,,pattern_ids: Set[str],,str,false,,2,1,
tools/bundle_analysis/step0_discover_populations.py,_population_id,function,44,50,<module>,,"domain: str, scope_key: str, pattern_ids: Set[str]",,str,false,,7,1,
tools/bundle_analysis/step0_discover_populations.py,_select_populations,function,53,76,<module>,,"substantial_roots: List[Dict[str, object]], max_population_overlap: float, min_population_jaccard: float",,"List[Dict[str, object]]",false,,24,6,
tools/bundle_analysis/step0_discover_populations.py,_collapse_subset_related_roots,function,79,118,<module>,,"substantial_roots: List[Dict[str, object]]",,"List[Dict[str, object]]",true,Collapse subset/superset-related roots to most general representatives.,40,12,
tools/bundle_analysis/step0_discover_populations.py,discover_populations,function,121,457,<module>,,"analysis_dir: Path, out_dir: Path, domain: str = '', analysis_run_id: str = '', min_population_size: int = 0, max_population_overlap: float = 0.2, min_population_jaccard: float = 0.3, discovery_support_pct: float = 0.5, placeholder_exclusions_path: Optional[Path] = None, allowed_export_run_ids: Optional[Set[str]] = None",,"Dict[str, int]",false,,337,73,_merge
tools/bundle_analysis/step0_discover_populations.py,discover_populations._merge,nested_function,440,445,discover_populations,,"path: Path, new_rows: List[Dict[str, str]], sort_key",,,false,,6,4,
tools/bundle_analysis/step0_discover_populations.py,_parse_args,function,460,471,<module>,,argv: Optional[List[str]] = None,,argparse.Namespace,false,,12,1,
tools/bundle_analysis/step0_discover_populations.py,main,function,474,487,<module>,,argv: Optional[List[str]] = None,,int,false,,14,1,
tools/bundle_analysis/step1_membership_matrix.py,<module>,module,1,267,,,,,,false,,267,4,"_load_population_file_ids,build_membership_matrix,_parse_args,main"
tools/bundle_analysis/step1_membership_matrix.py,_load_population_file_ids,function,18,45,<module>,,"registry_dir: Path, domain: str, population_id: str, run_id: str",,Set[str],false,,28,12,
tools/bundle_analysis/step1_membership_matrix.py,build_membership_matrix,function,48,233,<module>,,"analysis_dir: Path, out_dir: Path, domain: str, analysis_run_id: str = '', population_id: Optional[str] = None, population_registry_dir: Optional[Path] = None, scope_key_filter: Optional[str] = None, allowed_export_run_ids: Optional[Set[str]] = None, purge_view: str = 'all', latent_purgeable_file: Optional[Path] = None, purgeable_only_set: Optional[Set[Tuple[str, str, str]]] = None",,"Dict[str, int]",false,,186,54,
tools/bundle_analysis/step1_membership_matrix.py,_parse_args,function,236,246,<module>,,argv: Optional[List[str]] = None,,argparse.Namespace,false,,11,1,
tools/bundle_analysis/step1_membership_matrix.py,main,function,249,263,<module>,,argv: Optional[List[str]] = None,,int,false,,15,1,
tools/bundle_analysis/step2_find_bundles.py,<module>,module,1,394,,,,,,false,,394,5,"_percentile,compute_auto_threshold,find_bundles_for_domain,_parse_args,main"
tools/bundle_analysis/step2_find_bundles.py,_percentile,function,33,47,<module>,,"values: List[float], percentile: float",,float,false,,15,4,
tools/bundle_analysis/step2_find_bundles.py,compute_auto_threshold,function,50,115,<module>,,"file_sets: Dict[str, frozenset], files_total: int",,"Dict[str, Any]",false,,66,13,
tools/bundle_analysis/step2_find_bundles.py,find_bundles_for_domain,function,118,375,<module>,,"out_dir: Path, domain: str, min_support_count: int = 3, min_support_pct: float = 0.0",,"Dict[str, int]",false,,258,28,
tools/bundle_analysis/step2_find_bundles.py,_parse_args,function,378,384,<module>,,argv: Optional[List[str]] = None,,argparse.Namespace,false,,7,1,
tools/bundle_analysis/step2_find_bundles.py,main,function,387,390,<module>,,argv: Optional[List[str]] = None,,int,false,,4,1,
tools/bundle_analysis/step2b_bundle_share_profile.py,<module>,module,1,256,,,,,,false,,256,4,"_is_true,_fmt_float,build_bundle_share_profile,_parse_args,main"
tools/bundle_analysis/step2b_bundle_share_profile.py,_is_true,function,19,20,<module>,,value: str,,bool,false,,2,2,
tools/bundle_analysis/step2b_bundle_share_profile.py,_fmt_float,function,23,24,<module>,,value: float,,str,false,,2,1,
tools/bundle_analysis/step2b_bundle_share_profile.py,build_bundle_share_profile,function,27,230,<module>,,"analysis_dir: Path, domain_out_dir: Path, domain: str, analysis_run_id: str = '', scope_key: Optional[str] = None",,"Dict[str, int]",false,,204,46,
tools/bundle_analysis/step2b_bundle_share_profile.py,_parse_args,function,233,240,<module>,,argv: Optional[List[str]] = None,,argparse.Namespace,false,,8,1,
tools/bundle_analysis/step2b_bundle_share_profile.py,main,function,243,252,<module>,,argv: Optional[List[str]] = None,,int,false,,10,1,
tools/bundle_analysis/step3_build_dag.py,<module>,module,1,242,,,,,,false,,242,4,"build_dag_for_domain,_parse_args,main"
tools/bundle_analysis/step3_build_dag.py,build_dag_for_domain,function,18,225,<module>,,"out_dir: Path, domain: str",,"Dict[str, int]",false,,208,57,_depth
tools/bundle_analysis/step3_build_dag.py,build_dag_for_domain._depth,nested_function,136,144,build_dag_for_domain,,"scope_key: str, bundle_id: str, memo: Dict[str, int]",,int,false,,9,4,
tools/bundle_analysis/step3_build_dag.py,_parse_args,function,228,232,<module>,,argv: Optional[List[str]] = None,,argparse.Namespace,false,,5,1,
tools/bundle_analysis/step3_build_dag.py,main,function,235,238,<module>,,argv: Optional[List[str]] = None,,int,false,,4,1,
tools/bundle_analysis/step4_difference_sets.py,<module>,module,1,154,,,,,,false,,154,4,"emit_stub,_parse_args,main"
tools/bundle_analysis/step4_difference_sets.py,emit_stub,function,17,137,<module>,,"out_dir: Path, domain: str",,"Dict[str, int]",false,,121,22,
tools/bundle_analysis/step4_difference_sets.py,_parse_args,function,140,144,<module>,,argv: Optional[List[str]] = None,,argparse.Namespace,false,,5,1,
tools/bundle_analysis/step4_difference_sets.py,main,function,147,150,<module>,,argv: Optional[List[str]] = None,,int,false,,4,1,
tools/bundle_analysis/step5_classify_patterns.py,<module>,module,1,237,,,,,,false,,237,4,"emit_stub,_parse_args,main"
tools/bundle_analysis/step5_classify_patterns.py,emit_stub,function,17,220,<module>,,"out_dir: Path, domain: str",,"Dict[str, int]",false,,204,55,"_norm,_truthy"
tools/bundle_analysis/step5_classify_patterns.py,emit_stub._norm,nested_function,41,42,emit_stub,,v: str,,str,false,,2,2,
tools/bundle_analysis/step5_classify_patterns.py,emit_stub._truthy,nested_function,44,45,emit_stub,,v: str,,bool,false,,2,1,
tools/bundle_analysis/step5_classify_patterns.py,_parse_args,function,223,227,<module>,,argv: Optional[List[str]] = None,,argparse.Namespace,false,,5,1,
tools/bundle_analysis/step5_classify_patterns.py,main,function,230,233,<module>,,argv: Optional[List[str]] = None,,int,false,,4,1,
tools/bundle_analysis/step6_classify_files.py,<module>,module,1,230,,,,,,false,,230,4,"emit_stub,_parse_args,main"
tools/bundle_analysis/step6_classify_files.py,emit_stub,function,17,213,<module>,,"out_dir: Path, domain: str",,"Dict[str, int]",false,,197,25,"_read_csv_rows,_safe_int,_ancestors,_select_primary"
tools/bundle_analysis/step6_classify_files.py,emit_stub._read_csv_rows,nested_function,27,34,emit_stub,,path: Path,,"List[Dict[str, str]]",false,,8,5,
tools/bundle_analysis/step6_classify_files.py,emit_stub._safe_int,nested_function,36,40,emit_stub,,value: str,,int,false,,5,3,
tools/bundle_analysis/step6_classify_files.py,emit_stub._ancestors,nested_function,109,122,emit_stub,,"scope_key: str, bundle_id: str",,set,false,,14,4,
tools/bundle_analysis/step6_classify_files.py,emit_stub._select_primary,nested_function,124,146,emit_stub,,"scope_key: str, candidates: List[str]",,tuple,false,,23,15,
tools/bundle_analysis/step6_classify_files.py,_parse_args,function,216,220,<module>,,argv: Optional[List[str]] = None,,argparse.Namespace,false,,5,1,
tools/bundle_analysis/step6_classify_files.py,main,function,223,226,<module>,,argv: Optional[List[str]] = None,,int,false,,4,1,
tools/bundle_analysis/step7_overlap_report.py,<module>,module,1,66,,,,,,false,,66,4,"emit_stub,_parse_args,main"
tools/bundle_analysis/step7_overlap_report.py,emit_stub,function,17,49,<module>,,"out_dir: Path, domain: str",,"Dict[str, int]",false,,33,1,
tools/bundle_analysis/step7_overlap_report.py,_parse_args,function,52,56,<module>,,argv: Optional[List[str]] = None,,argparse.Namespace,false,,5,1,
tools/bundle_analysis/step7_overlap_report.py,main,function,59,62,<module>,,argv: Optional[List[str]] = None,,int,false,,4,1,
tools/bundle_analysis/step_compare.py,<module>,module,1,183,,,,,,false,,183,2,"_compute_gap_rows,run_compare_for_domain"
tools/bundle_analysis/step_compare.py,_compute_gap_rows,function,30,130,<module>,,"analysis_dir: Path, out_dir: Path, reference: Dict[str, object], domain: str, population_id: str = '', eligible_export_run_ids: Optional[Set[str]] = None",,"List[Dict[str, str]]",false,,101,25,
tools/bundle_analysis/step_compare.py,run_compare_for_domain,function,133,183,<module>,,"analysis_dir: Path, out_dir: Path, reference: Dict[str, object], domain: str, compare_out_dir: Optional[Path] = None, population_id: str = '', eligible_export_run_ids: Optional[Set[str]] = None, reset_domain_rows: bool = False",,"Dict[str, str]",false,,51,11,
tools/bundle_analysis/utils.py,<module>,module,1,122,,,,,,false,,122,1,"_supporting_files_by_superset,find_closed_itemsets,find_root_bundles"
tools/bundle_analysis/utils.py,_supporting_files_by_superset,function,8,12,<module>,,"file_sets: Dict[str, FrozenSet[str]], itemset: FrozenSet[str]",,List[str],false,,5,3,
tools/bundle_analysis/utils.py,find_closed_itemsets,function,15,80,<module>,,"file_sets: Dict[str, FrozenSet[str]], min_support: int, min_bundle_size: int = 2",,"Tuple[List[Dict[str, object]], Dict[str, float]]",true,Find closed frequent itemsets via pairwise-intersection candidate generation.,66,14,
tools/bundle_analysis/utils.py,find_root_bundles,function,83,122,<module>,,"file_sets: Dict[str, FrozenSet[str]], min_support: int, min_bundle_size: int = 2",,"List[Dict[str, object]]",true,Lightweight closed frequent itemset finder returning only root bundles,40,8,
tools/compare_cross_segment.py,<module>,module,1,5383,,,,,,true,Cross-segment comparison tool.,5383,3,"read_csv_rows,atomic_write_csv,_classify_delta,_bool_str,_role_key,_is_generic_role,_role_matches,_usage_interpretable_for_role,_recommended_primary_view,_comparison_role_semantics,_classify_governance_state,load_manifest,load_registry,load_file_metadata,load_membership,validate_membership_against_manifest,load_comparison_registry,_segment_status_complete,build_comparison_registry_rows,comparison_is_stale,segment_output_dir,bundle_analysis_dir,domain_patterns_path,pattern_presence_file_path,_load_export_run_ids_for_segment,discover_domains_for_segment,resolve_join_hashes,load_pattern_labels,get_role_jh_set,load_file_join_hashes,_segment_domain_source_status,_load_segment_file_join_hashes_with_status,_project_label_for_file,build_union_inventory_rows,_safe_pct,_reuse_bucket_for,build_pattern_reuse_distribution_rows,build_pattern_reuse_summary_rows,load_segment_join_hash_union,load_bundle_join_hash_set,annotate_bundle_overlap,_pct,_fmt,_mean,_min,_comparison_status,_cardinality_shape,_file_count_ratio,_cardinality_fields,_union_similarity,compare_directed_file,compare_symmetric_file,_normalize_bc_label,_bc_of,_client_of,_is_enterprise_client,_is_enterprise_bc,_scope_level,_is_client_wide_rollup,_is_standard_role,detect_stale_ancestor_encoding,_build_ancestor_map,_is_lineage_related,_compute_containment_thresholds,write_population_containment_thresholds,_population_containment_map,_is_population_contained,_same_unit,discover_within_segment,_redundant_child_segment_id,_resolve_runnable_segment,_scope_override_key,_stash_scope_override,discover_sibling_segments,_is_client_only_project_segment,discover_cross_client,discover_client_cross_bc,discover_parent_siblings,discover_governance_chain,discover_within_project,deduplicate_pairs,drop_legacy_siblings_covered_by_peer_comparisons,make_comparison_run_id,run_pair,_run_pair_domain,_build_summary_row,build_governance_state_outputs,_build_pooled_row,run_pooled_comparison,_matrix_group_id_from_values,_matrix_group_id,_label_by_project_group,_jaccard_sets,_cosine_similarity,build_explicit_matrix_outputs,segment_is_runnable,build_pair_domain_work_items,sort_summary_rows,sort_pair_detail_rows,resolve_worker_count,main"
tools/compare_cross_segment.py,read_csv_rows,function,172,177,<module>,,path: Path,,"List[Dict[str, str]]",false,,6,4,
tools/compare_cross_segment.py,atomic_write_csv,function,180,195,<module>,,"path: Path, fieldnames: Sequence[str], rows: Iterable[Dict[str, str]]",,None,false,,16,4,
tools/compare_cross_segment.py,_classify_delta,function,499,528,<module>,,"in_any_container: bool, in_any_template: bool, is_bundle_member_all: bool, is_bundle_member_used: bool",,str,true,Classify a delta pattern by origin and active-use status.,30,6,
tools/compare_cross_segment.py,_bool_str,function,535,536,<module>,,value: bool,,str,false,,2,1,
tools/compare_cross_segment.py,_role_key,function,539,540,<module>,,role: str,,str,false,,2,1,
tools/compare_cross_segment.py,_is_generic_role,function,543,544,<module>,,role: str,,bool,false,,2,1,
tools/compare_cross_segment.py,_role_matches,function,547,550,<module>,,"row_role: str, wanted_role: str",,bool,false,,4,2,
tools/compare_cross_segment.py,_usage_interpretable_for_role,function,553,556,<module>,,role: str,,bool,false,,4,1,
tools/compare_cross_segment.py,_recommended_primary_view,function,559,562,<module>,,"role_a: str, role_b: str, comparison_type: str",,str,false,,4,3,
tools/compare_cross_segment.py,_comparison_role_semantics,function,565,580,<module>,,"role_a: str, role_b: str, comparison_type: str",,str,false,,16,9,
tools/compare_cross_segment.py,_classify_governance_state,function,583,611,<module>,,"in_reference_all: bool, in_target_all: bool, in_target_used: bool, is_bundle_member_target_all: bool, target_usage_interpretable: bool",,str,false,,29,20,
tools/compare_cross_segment.py,load_manifest,function,618,633,<module>,,records_dir: Path,,"Dict[str, Dict[str, str]]",false,,16,5,
tools/compare_cross_segment.py,load_registry,function,636,640,<module>,,records_dir: Path,,"Dict[str, Dict[str, str]]",false,,5,3,
tools/compare_cross_segment.py,load_file_metadata,function,643,648,<module>,,records_dir: Path,,"Dict[str, Dict[str, str]]",false,,6,3,
tools/compare_cross_segment.py,load_membership,function,651,673,<module>,,records_dir: Path,,"Dict[str, Set[str]]",true,Load segment_membership.csv into segment_id -> real export_run_id set.,23,5,
tools/compare_cross_segment.py,validate_membership_against_manifest,function,676,738,<module>,,"manifest: Dict[str, Dict[str, str]], membership: Dict[str, Set[str]]",,List[str],true,Return one error string per segment_id where segment_membership.csv,63,14,
tools/compare_cross_segment.py,load_comparison_registry,function,773,784,<module>,,out_dir: Path,,"Dict[ComparisonRegistryKey, Dict[str, str]]",false,,12,3,
tools/compare_cross_segment.py,_segment_status_complete,function,787,788,<module>,,"registry: Dict[str, Dict[str, str]], segment_id: str",,bool,false,,2,1,
tools/compare_cross_segment.py,build_comparison_registry_rows,function,791,846,<module>,,"completed_work_items: Sequence[Tuple[str, str, str, str]], registry: Dict[str, Dict[str, str]], computed_utc: str",,"List[Dict[str, str]]",true,"Return comparison_registry.csv rows: a fresh stamp for every (pair,",56,5,
tools/compare_cross_segment.py,comparison_is_stale,function,849,874,<module>,,"seg_a: str, seg_b: str, comparison_type: str, domain: str, registry: Dict[str, Dict[str, str]], comparison_registry: Dict[ComparisonRegistryKey, Dict[str, str]]",,bool,true,"True if this (pair, domain) has never been computed, or either side's",26,6,
tools/compare_cross_segment.py,segment_output_dir,function,881,892,<module>,,"segments_root: Path, registry: Dict[str, Dict[str, str]], segment_id: str",,Optional[Path],false,,12,3,
tools/compare_cross_segment.py,bundle_analysis_dir,function,895,896,<module>,,"seg_out: Path, domain: str, purge_view: str = 'all'",,Path,false,,2,1,
tools/compare_cross_segment.py,domain_patterns_path,function,899,900,<module>,,seg_out: Path,,Path,false,,2,1,
tools/compare_cross_segment.py,pattern_presence_file_path,function,903,904,<module>,,seg_out: Path,,Path,false,,2,1,
tools/compare_cross_segment.py,_load_export_run_ids_for_segment,function,907,915,<module>,,seg_out: Path,,List[str],false,,9,4,
tools/compare_cross_segment.py,discover_domains_for_segment,function,922,963,<module>,,"segments_root: Path, registry: Dict[str, Dict[str, str]], segment_id: str",,Set[str],false,,42,14,
tools/compare_cross_segment.py,resolve_join_hashes,function,983,1021,<module>,,"segments_root: Path, registry: Dict[str, Dict[str, str]], segment_id: str, domain: str",,"Dict[str, str]",false,,39,8,
tools/compare_cross_segment.py,load_pattern_labels,function,1024,1063,<module>,,"segments_root: Path, registry: Dict[str, Dict[str, str]], segment_id: str, domain: str",,"Dict[str, str]",true,Return {join_hash: label} from the segment's domain_patterns.csv.,40,8,
tools/compare_cross_segment.py,get_role_jh_set,function,1066,1106,<module>,,"role: str, domain: str, unit_system: str, manifest: Dict[str, Dict[str, str]], registry: Dict[str, Dict[str, str]], segments_root: Path, exclude_segment_id: str = ''",,Set[str],true,Return the union of all join_hashes present in segments with the given role.,41,7,
tools/compare_cross_segment.py,load_file_join_hashes,function,1113,1203,<module>,,"segments_root: Path, registry: Dict[str, Dict[str, str]], segment_id: str, domain: str, purge_view: str = 'all'",,"Dict[str, Set[str]]",true,Return {export_run_id: set_of_join_hashes} for a segment/domain/view.,91,27,
tools/compare_cross_segment.py,_segment_domain_source_status,function,1207,1238,<module>,,"segments_root: Path, registry: Dict[str, Dict[str, str]], segment_id: str, domain: str",,"Tuple[str, int]",true,"Return (source_status, missing_source_cluster_count) for a segment/domain.",32,12,
tools/compare_cross_segment.py,_load_segment_file_join_hashes_with_status,function,1241,1269,<module>,,"segments_root: Path, registry: Dict[str, Dict[str, str]], segment_id: str, domain: str, view_scope: str",,"Tuple[Dict[str, Set[str]], str, int]",true,Load file join_hashes plus explicit status for union inventory output.,29,8,
tools/compare_cross_segment.py,_project_label_for_file,function,1272,1274,<module>,,"file_metadata: Dict[str, Dict[str, str]], export_run_id: str",,str,false,,3,1,
tools/compare_cross_segment.py,build_union_inventory_rows,function,1277,1444,<module>,,"manifest: Dict[str, Dict[str, str]], registry: Dict[str, Dict[str, str]], file_metadata: Dict[str, Dict[str, str]], segments_root: Path, executed_utc: str, domain_filter: Optional[str] = None",,"List[Dict[str, str]]",true,Build normalized union inventory rows at governance/client/discipline/unit/domain/view/join_hash grain.,168,34,
tools/compare_cross_segment.py,_safe_pct,function,1447,1448,<module>,,"numerator: int, denominator: int",,str,false,,2,1,
tools/compare_cross_segment.py,_reuse_bucket_for,function,1451,1482,<module>,,"*, n_files: int, n_files_den: int, n_projects: int, n_projects_den: int, n_clients: int, n_clients_den: int",,"Tuple[str, str, str]",true,Classify reuse breadth with explicit denominator basis.,32,12,
tools/compare_cross_segment.py,build_pattern_reuse_distribution_rows,function,1485,1580,<module>,,"union_rows: List[Dict[str, str]], executed_utc: str",,"List[Dict[str, str]]",true,Build reuse distribution rows from normalized union-inventory join_hash rows.,96,16,
tools/compare_cross_segment.py,build_pattern_reuse_summary_rows,function,1583,1617,<module>,,"distribution_rows: List[Dict[str, str]], *, by_client: bool",,"List[Dict[str, str]]",false,,35,3,
tools/compare_cross_segment.py,load_segment_join_hash_union,function,1619,1629,<module>,,"segments_root: Path, registry: Dict[str, Dict[str, str]], segment_id: str, domain: str, purge_view: str = 'all'",,Set[str],false,,11,2,
tools/compare_cross_segment.py,load_bundle_join_hash_set,function,1632,1669,<module>,,"segments_root: Path, registry: Dict[str, Dict[str, str]], segment_id: str, domain: str, purge_view: str = 'all'",,Set[str],true,Return join_hashes that are bundle members for segment/domain/purge_view.,38,7,
tools/compare_cross_segment.py,annotate_bundle_overlap,function,1676,1685,<module>,,"shared_jhs: Set[str], bundle_jhs_a: Set[str], bundle_jhs_b: Set[str]",,"Tuple[int, int, int]",true,"Return (n_both, n_a_only, n_b_only) for shared join_hashes.",10,1,
tools/compare_cross_segment.py,_pct,function,1692,1700,<module>,,"xs: List[float], p: float",,float,false,,9,2,
tools/compare_cross_segment.py,_fmt,function,1703,1704,<module>,,v: float,,str,false,,2,1,
tools/compare_cross_segment.py,_mean,function,1707,1708,<module>,,xs: List[float],,str,false,,2,1,
tools/compare_cross_segment.py,_min,function,1711,1712,<module>,,xs: List[float],,str,false,,2,1,
tools/compare_cross_segment.py,_comparison_status,function,1726,1731,<module>,,"n_files_a: int, n_files_b: int",,str,false,,6,6,
tools/compare_cross_segment.py,_cardinality_shape,function,1734,1741,<module>,,"n_files_a: int, n_files_b: int",,str,false,,8,4,
tools/compare_cross_segment.py,_file_count_ratio,function,1744,1747,<module>,,"n_files_a: int, n_files_b: int",,str,false,,4,3,
tools/compare_cross_segment.py,_cardinality_fields,function,1750,1755,<module>,,"n_files_a: int, n_files_b: int",,"Dict[str, str]",false,,6,1,
tools/compare_cross_segment.py,_union_similarity,function,1758,1766,<module>,,"jhs_a: Set[str], jhs_b: Set[str]",,"Tuple[str, str, str]",true,"Population-footprint metrics: union(A) vs union(B), independent of",9,1,
tools/compare_cross_segment.py,compare_directed_file,function,1773,1821,<module>,,"ref_files: Dict[str, Set[str]], tgt_files: Dict[str, Set[str]]",,"Dict[str, str]",false,,49,7,
tools/compare_cross_segment.py,compare_symmetric_file,function,1828,1899,<module>,,"files_a: Dict[str, Set[str]], files_b: Dict[str, Set[str]]",,"Tuple[Dict[str, str], List[Dict[str, str]]]",true,"Return (summary_metrics, pairwise_rows).",72,7,
tools/compare_cross_segment.py,_normalize_bc_label,function,1947,1960,<module>,,value: str,,str,false,,14,4,
tools/compare_cross_segment.py,_bc_of,function,1963,1964,<module>,,"row: Dict[str, str]",,str,false,,2,1,
tools/compare_cross_segment.py,_client_of,function,1967,1969,<module>,,"row: Dict[str, str]",,str,false,,3,1,
tools/compare_cross_segment.py,_is_enterprise_client,function,1973,1974,<module>,,"client_label: str, policy: EnterprisePolicy",,bool,false,,2,1,
tools/compare_cross_segment.py,_is_enterprise_bc,function,1977,1978,<module>,,"bc_label: str, policy: EnterprisePolicy",,bool,false,,2,1,
tools/compare_cross_segment.py,_scope_level,function,1981,2002,<module>,,"row: Dict[str, str], policy: EnterprisePolicy",,Optional[str],true,"Classify a segment row's own (client_label, business_center_label)",22,9,
tools/compare_cross_segment.py,_is_client_wide_rollup,function,2005,2015,<module>,,"row: Dict[str, str], policy: EnterprisePolicy",,bool,true,"A real, non-InternalEnterprise client's row with business_center_label not cut",11,3,
tools/compare_cross_segment.py,_is_standard_role,function,2018,2025,<module>,,role_key: str,,bool,false,,8,1,
tools/compare_cross_segment.py,detect_stale_ancestor_encoding,function,2034,2079,<module>,,"manifest: Dict[str, Dict[str, str]]",,List[str],true,Return one warning string per segment whose ancestor_segment_ids value,46,10,
tools/compare_cross_segment.py,_build_ancestor_map,function,2082,2150,<module>,,"manifest: Dict[str, Dict[str, str]]",,"Dict[str, Set[str]]",true,Map each segment_id to the full transitive closure of its structural,69,2,"_immediate_parents,_walk"
tools/compare_cross_segment.py,_build_ancestor_map._immediate_parents,nested_function,2122,2129,_build_ancestor_map,,sid: str,,Set[str],false,,8,4,
tools/compare_cross_segment.py,_build_ancestor_map._walk,nested_function,2131,2146,_build_ancestor_map,,"sid: str, seen: Set[str]",,Set[str],false,,16,5,
tools/compare_cross_segment.py,_is_lineage_related,function,2153,2154,<module>,,"ancestor_map: Dict[str, Set[str]], sid_a: str, sid_b: str",,bool,false,,2,2,
tools/compare_cross_segment.py,_compute_containment_thresholds,function,2207,2271,<module>,,"manifest: Dict[str, Dict[str, str]], membership: Dict[str, Set[str]], ancestor_map: Dict[str, Set[str]]",,"Dict[str, object]",true,Derive population_containment's two materiality thresholds,65,15,
tools/compare_cross_segment.py,write_population_containment_thresholds,function,2274,2307,<module>,,"out_dir: Path, thresholds: Dict[str, object]",,Path,true,Write the Jenks-derived population_containment thresholds to,34,1,
tools/compare_cross_segment.py,_population_containment_map,function,2310,2355,<module>,,"manifest: Dict[str, Dict[str, str]], membership: Dict[str, Set[str]], thresholds: Dict[str, object]",,"Dict[str, Set[str]]",true,Map each segment_id to the set of other segment_ids it has a,46,11,
tools/compare_cross_segment.py,_is_population_contained,function,2358,2361,<module>,,"containment_map: Dict[str, Set[str]], sid_a: str, sid_b: str",,bool,false,,4,1,
tools/compare_cross_segment.py,_same_unit,function,2387,2396,<module>,,"manifest: Dict[str, Dict[str, str]], sid_a: str, sid_b: str",,bool,false,,10,2,
tools/compare_cross_segment.py,discover_within_segment,function,2399,2445,<module>,,"manifest: Dict[str, Dict[str, str]]",,List[ComparisonPair],false,,47,21,
tools/compare_cross_segment.py,_redundant_child_segment_id,function,2448,2477,<module>,,"row: Dict[str, str]",,Optional[str],true,"Extract the target segment_id from a ""redundant_single_child:<segment_id>""",30,3,
tools/compare_cross_segment.py,_resolve_runnable_segment,function,2480,2511,<module>,,"manifest: Dict[str, Dict[str, str]], sid: str",,Optional[str],true,"Resolve sid to a run_type in (bundle, reference) segment_id: sid",32,5,
tools/compare_cross_segment.py,_scope_override_key,function,2514,2515,<module>,,comparison_type: str,,str,false,,2,1,
tools/compare_cross_segment.py,_stash_scope_override,function,2518,2551,<module>,,"policy: EnterprisePolicy, manifest: Dict[str, Dict[str, str]], resolved_sid: str, comparison_type: str, original_row: Dict[str, str]",,None,true,Record `original_row`'s scope metadata onto the RESOLVED descendant's,34,2,
tools/compare_cross_segment.py,discover_sibling_segments,function,2567,2641,<module>,,"policy: EnterprisePolicy, manifest: Dict[str, Dict[str, str]], ancestor_map: Optional[Dict[str, Set[str]]] = None, containment_map: Optional[Dict[str, Set[str]]] = None",,List[ComparisonPair],false,,75,14,
tools/compare_cross_segment.py,_is_client_only_project_segment,function,2644,2671,<module>,,"row: Dict[str, str]",,bool,true,"True for a Project-role segment scoped by client_label (and,",28,4,
tools/compare_cross_segment.py,discover_cross_client,function,2674,2739,<module>,,"policy: EnterprisePolicy, manifest: Dict[str, Dict[str, str]]",,List[ComparisonPair],true,Purpose-built client-vs-client comparison: each client's own broadest,66,11,
tools/compare_cross_segment.py,discover_client_cross_bc,function,2742,2775,<module>,,"policy: EnterprisePolicy, manifest: Dict[str, Dict[str, str]]",,List[ComparisonPair],true,"Same-client, cross-business-center comparison: for a real (non-InternalEnterprise)",34,7,
tools/compare_cross_segment.py,discover_parent_siblings,function,2778,2837,<module>,,"manifest: Dict[str, Dict[str, str]]",,List[ComparisonPair],false,,60,14,
tools/compare_cross_segment.py,discover_governance_chain,function,2840,3157,<module>,,"policy: EnterprisePolicy, manifest: Dict[str, Dict[str, str]]",,List[ComparisonPair],false,,318,88,"_key,_disc,_disc_match,_collection,_is_collection_rollup,_collection_match"
tools/compare_cross_segment.py,discover_governance_chain._key,nested_function,2849,2915,discover_governance_chain,,"row: Dict[str, str]",,"Tuple[str, ...]",false,,67,4,
tools/compare_cross_segment.py,discover_governance_chain._disc,nested_function,2917,2918,discover_governance_chain,,"row: Dict[str, str]",,str,false,,2,1,
tools/compare_cross_segment.py,discover_governance_chain._disc_match,nested_function,2920,2927,discover_governance_chain,,"ra: Dict[str, str], rb: Dict[str, str]",,bool,false,,8,1,
tools/compare_cross_segment.py,discover_governance_chain._collection,nested_function,2929,2931,discover_governance_chain,,"row: Dict[str, str]",,str,false,,3,1,
tools/compare_cross_segment.py,discover_governance_chain._is_collection_rollup,nested_function,2956,2957,discover_governance_chain,,"row: Dict[str, str]",,bool,false,,2,1,
tools/compare_cross_segment.py,discover_governance_chain._collection_match,nested_function,2959,2967,discover_governance_chain,,"ra: Dict[str, str], rb: Dict[str, str]",,bool,false,,9,7,
tools/compare_cross_segment.py,discover_within_project,function,3160,3199,<module>,,"manifest: Dict[str, Dict[str, str]], registry: Dict[str, Dict[str, str]], file_metadata: Dict[str, Dict[str, str]], segments_root: Path",,List[ComparisonPair],false,,40,12,
tools/compare_cross_segment.py,deduplicate_pairs,function,3206,3216,<module>,,pairs: List[ComparisonPair],,List[ComparisonPair],false,,11,3,
tools/compare_cross_segment.py,drop_legacy_siblings_covered_by_peer_comparisons,function,3236,3276,<module>,,pairs: List[ComparisonPair],,List[ComparisonPair],true,"A sibling_* row and a purpose-built peer comparison (cross_client,",41,6,
tools/compare_cross_segment.py,make_comparison_run_id,function,3283,3304,<module>,,"seg_a: str, seg_b: str, executed_utc: str, comparison_type: str = ''",,str,true,comparison_type is included so that two distinct comparison types for,22,1,
tools/compare_cross_segment.py,run_pair,function,3311,3726,<module>,,"policy: EnterprisePolicy, seg_a: str, seg_b: str, comparison_type: str, domain: str, manifest: Dict[str, Dict[str, str]], registry: Dict[str, Dict[str, str]], file_metadata: Dict[str, Dict[str, str]], segments_root: Path, min_patterns: int, executed_utc: str",,"Tuple[Optional[Dict[str, str]], List[Dict[str, str]]]",true,"Return (summary_row_or_None, pair_detail_rows).",416,45,
tools/compare_cross_segment.py,_run_pair_domain,function,3729,3757,<module>,,"policy: EnterprisePolicy, seg_a: str, seg_b: str, comparison_type: str, domain: str, manifest: Dict[str, Dict[str, str]], registry: Dict[str, Dict[str, str]], file_metadata: Dict[str, Dict[str, str]], segments_root: Path, min_patterns: int, executed_utc: str, no_delta: bool",,"Tuple[Optional[Dict[str, str]], List[Dict[str, str]]]",true,"Wrapper around run_pair for a single pair×domain. Returns (summary_row, detail_rows).",29,1,
tools/compare_cross_segment.py,_build_summary_row,function,3760,3881,<module>,,"policy: EnterprisePolicy, crid: str, seg_a: str, seg_b: str, comparison_type: str, domain: str, manifest: Dict[str, Dict[str, str]], metrics: Dict[str, str], n_patterns_a: int, n_patterns_b: int, n_unique_patterns_a: int, n_unique_patterns_b: int, all_has_bundles_a: str, all_has_bundles_b: str, all_n_shared_bundle_both: int, all_n_shared_bundle_a_only: int, all_n_shared_bundle_b_only: int, used_has_bundles_a: str, used_has_bundles_b: str, used_n_shared_bundle_both: int, used_n_shared_bundle_a_only: int, used_n_shared_bundle_b_only: int, executed_utc: str, used_n_shared_join_hash: str = '', used_pairwise_jaccard_mean: str = '', used_jaccard_p10: str = '', used_jaccard_p90: str = '', used_pairwise_containment_a_in_b_mean: str = '', used_containment_a_in_b_min: str = '', used_pairwise_containment_b_in_a_mean: str = '', used_containment_b_in_a_min: str = ''",,"Dict[str, str]",false,,122,7,
tools/compare_cross_segment.py,build_governance_state_outputs,function,3884,4034,<module>,,"policy: EnterprisePolicy, crid: str, seg_ref: str, seg_tgt: str, comparison_type: str, domain: str, manifest: Dict[str, Dict[str, str]], registry: Dict[str, Dict[str, str]], segments_root: Path, executed_utc: str",,"Tuple[List[Dict[str, str]], Dict[str, str]]",true,Emit directed governance rows over reference_all ∪ target_all.,151,16,
tools/compare_cross_segment.py,_build_pooled_row,function,4041,4254,<module>,,"policy: EnterprisePolicy, focal_sid: str, pool_sids: List[str], domain: str, manifest: Dict[str, Dict[str, str]], registry: Dict[str, Dict[str, str]], segments_root: Path, min_patterns: int, executed_utc: str, pool_scope: str, pool_key_str: str",,"Optional[Dict[str, str]]",true,Compute one focal-vs-pool row. Shared across every pool_scope grain,214,18,
tools/compare_cross_segment.py,run_pooled_comparison,function,4257,4395,<module>,,"policy: EnterprisePolicy, manifest: Dict[str, Dict[str, str]], registry: Dict[str, Dict[str, str]], segments_root: Path, min_patterns: int, executed_utc: str, domain_filter: Optional[str] = None, focal_segment_ids: Optional[Set[str]] = None",,"List[Dict[str, str]]",true,"N-1 pooled comparison, across three independent pool grains.",139,8,"_domains_for,_emit_for_groups"
tools/compare_cross_segment.py,run_pooled_comparison._domains_for,nested_function,4333,4336,run_pooled_comparison,,sid: str,,Set[str],false,,4,2,
tools/compare_cross_segment.py,run_pooled_comparison._emit_for_groups,nested_function,4338,4389,run_pooled_comparison,,"groups: Dict[Tuple[str, str, str], List[str]], pool_scope: str",,None,false,,52,15,
tools/compare_cross_segment.py,_matrix_group_id_from_values,function,4403,4409,<module>,,"role: str, client: str, discipline: str, unit_system: str",,str,false,,7,1,
tools/compare_cross_segment.py,_matrix_group_id,function,4412,4418,<module>,,"row: Dict[str, str]",,str,false,,7,1,
tools/compare_cross_segment.py,_label_by_project_group,function,4421,4436,<module>,,"summary_rows: List[Dict[str, str]]",,"Dict[str, str]",false,,16,9,
tools/compare_cross_segment.py,_jaccard_sets,function,4439,4443,<module>,,"a: Set[str], b: Set[str]",,Optional[float],false,,5,2,
tools/compare_cross_segment.py,_cosine_similarity,function,4446,4455,<module>,,"a: Dict[str, float], b: Dict[str, float]",,Optional[float],false,,10,7,
tools/compare_cross_segment.py,build_explicit_matrix_outputs,function,4458,4642,<module>,,"summary_rows: List[Dict[str, str]], pooled_rows: List[Dict[str, str]], union_inventory_rows: List[Dict[str, str]], executed_utc: str",,"Tuple[Dict[str, List[Dict[str, str]]], List[Dict[str, str]], List[Dict[str, str]]]",true,Build metric-specific matrix outputs with explicit semantics.,185,61,"add_manifest,add_matrix"
tools/compare_cross_segment.py,build_explicit_matrix_outputs.add_manifest,nested_function,4474,4482,build_explicit_matrix_outputs,,"name: str, role: str, view: str, source: str, grain: str, metric: str, identity: str, agg: str, interp: str, limits: str",,None,false,,9,1,
tools/compare_cross_segment.py,build_explicit_matrix_outputs.add_matrix,nested_function,4484,4492,build_explicit_matrix_outputs,,"filename: str, row_id: str, col_id: str, view: str, domain: str, metric: str, value: Optional[float], status: str, interp: str",,None,false,,9,1,
tools/compare_cross_segment.py,segment_is_runnable,function,4648,4661,<module>,,"registry: Dict[str, Dict[str, str]], segment_id: str",,bool,false,,14,3,
tools/compare_cross_segment.py,build_pair_domain_work_items,function,4665,4696,<module>,,"runnable_pairs: Sequence[ComparisonPair], segments_root: Path, registry: Dict[str, Dict[str, str]], requested_domain: Optional[str] = None",,"Tuple[List[Tuple[str, str, str, str]], Dict[str, Set[str]], List[str]]",true,Return runnable (pair × domain) work scoped to each pair's domain union.,32,7,
tools/compare_cross_segment.py,sort_summary_rows,function,4699,4705,<module>,,"rows: List[Dict[str, str]]",,None,false,,7,1,
tools/compare_cross_segment.py,sort_pair_detail_rows,function,4708,4718,<module>,,"rows: List[Dict[str, str]]",,None,false,,11,1,
tools/compare_cross_segment.py,resolve_worker_count,function,4731,4745,<module>,,"value: str, headroom: int = 2",,int,true,"Resolve --workers, accepting either an int or the literal string 'auto'.",15,3,
tools/compare_cross_segment.py,main,function,4748,5379,<module>,,,,int,false,,632,78,
tools/compare_governance_populations.py,<module>,module,1,364,,,,,,true,tools/compare_governance_populations.py,364,3,"load_join_hashes_by_domain,_files_for_population,_disc_match,discover_same_role_peer_pairs,discover_directed_tc_to_project_pairs,discover_generic_pairs,_pop_export_run_ids,run_comparisons,main"
tools/compare_governance_populations.py,load_join_hashes_by_domain,function,96,108,<module>,,"records_rows: List[Dict[str, str]]",,"Dict[str, Dict[str, Set[str]]]",true,"Returns {domain: {export_run_id: set(join_hash)}}, blank join_hash excluded.",13,6,
tools/compare_governance_populations.py,_files_for_population,function,111,121,<module>,,"export_run_ids: List[str], jh_by_eid: Dict[str, Set[str]]",,"Dict[str, Set[str]]",true,"Only files with at least one record for this domain, matching",11,3,
tools/compare_governance_populations.py,_disc_match,function,128,131,<module>,,"disc_a: str, disc_b: str",,bool,false,,4,3,
tools/compare_governance_populations.py,discover_same_role_peer_pairs,function,134,177,<module>,,"manifest_rows: List[Dict[str, str]]",,"List[Tuple[Dict[str, str], Dict[str, str], str]]",true,"Any two populations sharing (unit_system, governance_role), regardless",44,11,
tools/compare_governance_populations.py,discover_directed_tc_to_project_pairs,function,180,221,<module>,,"manifest_rows: List[Dict[str, str]]",,"List[Tuple[Dict[str, str], Dict[str, str], str]]",true,Template/Container populations vs. Project populations sharing the,42,15,
tools/compare_governance_populations.py,discover_generic_pairs,function,224,244,<module>,,"manifest_rows: List[Dict[str, str]]",,"List[Tuple[Dict[str, str], Dict[str, str], str]]",true,Generic/Generic-Host paired unconditionally against every Template/,21,10,
tools/compare_governance_populations.py,_pop_export_run_ids,function,251,252,<module>,,"governance_id: str, membership_rows: List[Dict[str, str]]",,List[str],false,,2,3,
tools/compare_governance_populations.py,run_comparisons,function,255,322,<module>,,"manifest_rows: List[Dict[str, str]], membership_rows: List[Dict[str, str]], records_rows: List[Dict[str, str]]",,"List[Dict[str, str]]",false,,68,10,_base_row
tools/compare_governance_populations.py,run_comparisons._base_row,nested_function,276,290,run_comparisons,,"pop_a, pop_b, comparison_type, domain",,"Dict[str, str]",false,,15,1,
tools/compare_governance_populations.py,main,function,329,360,<module>,,,,int,false,,32,4,
tools/compare_templates_stand-alone/compare_view_templates_stand-alone.py,<module>,module,1,777,,,,,,true,compare_view_templates.py,777,2,"_extract_records,_get_label_display,_get_label_component,_get_view_type_family,_get_template_uid,_get_vco_template_uid,_get_vco_category_path,_parse_vt_signature,_parse_vco_items,_index_vco_by_template,_jaccard,_best_match_index,_make_pair,match_templates,_diff_dicts,_diff_vco,_print_pair,_print_report,_esc,_vt_diff_rows,_vco_rows,_pair_html,_build_html,main"
tools/compare_templates_stand-alone/compare_view_templates_stand-alone.py,_extract_records,function,52,68,<module>,,"data, domain_names",,,true,Pull records for a list of domain names from a monolithic export JSON.,17,6,
tools/compare_templates_stand-alone/compare_view_templates_stand-alone.py,_get_label_display,function,71,75,<module>,,rec,,,false,,5,4,
tools/compare_templates_stand-alone/compare_view_templates_stand-alone.py,_get_label_component,function,78,82,<module>,,"rec, key",,,false,,5,4,
tools/compare_templates_stand-alone/compare_view_templates_stand-alone.py,_get_view_type_family,function,85,94,<module>,,rec,,,true,Pull vt.view_type_family from phase2.coordination_items or coordination_items.,10,5,
tools/compare_templates_stand-alone/compare_view_templates_stand-alone.py,_get_template_uid,function,97,102,<module>,,rec,,,true,Get the template UniqueId from a VT record's phase2.unknown_items.,6,5,
tools/compare_templates_stand-alone/compare_view_templates_stand-alone.py,_get_vco_template_uid,function,105,110,<module>,,rec,,,true,Get the owning template UniqueId from a VCO record's unknown_items.,6,5,
tools/compare_templates_stand-alone/compare_view_templates_stand-alone.py,_get_vco_category_path,function,113,118,<module>,,rec,,,true,Get vco.baseline_category_path from identity_basis.items.,6,5,
tools/compare_templates_stand-alone/compare_view_templates_stand-alone.py,_parse_vt_signature,function,121,130,<module>,,rec,,,true,Parse def_signature list of 'key=value' strings into a dict.,10,3,
tools/compare_templates_stand-alone/compare_view_templates_stand-alone.py,_parse_vco_items,function,133,148,<module>,,rec,,,true,Parse identity_basis.items into a key->value dict.,16,7,
tools/compare_templates_stand-alone/compare_view_templates_stand-alone.py,_index_vco_by_template,function,155,162,<module>,,vco_records,,,true,"Build {template_unique_id: [vco_rec, ...]} index.",8,3,
tools/compare_templates_stand-alone/compare_view_templates_stand-alone.py,_jaccard,function,169,175,<module>,,"sig_a, sig_b",,,true,Token-level Jaccard on the set of 'key=value' pairs.,7,5,
tools/compare_templates_stand-alone/compare_view_templates_stand-alone.py,_best_match_index,function,178,209,<module>,,"sources, targets",,,true,"For each record in sources, find the best-scoring record in targets",32,6,
tools/compare_templates_stand-alone/compare_view_templates_stand-alone.py,_make_pair,function,212,230,<module>,,"rec_a, rec_b, vco_idx_a, vco_idx_b, confirmed, score, source",,,true,Build a single match dict for a rec_a -> rec_b pairing.,19,2,
tools/compare_templates_stand-alone/compare_view_templates_stand-alone.py,match_templates,function,233,308,<module>,,"vt_a, vt_b, vco_a, vco_b, mapping = None",,,true,Match VT records from A to B.,76,14,_sort_key
tools/compare_templates_stand-alone/compare_view_templates_stand-alone.py,match_templates._sort_key,nested_function,300,305,match_templates,,m,,,false,,6,3,
tools/compare_templates_stand-alone/compare_view_templates_stand-alone.py,_diff_dicts,function,316,334,<module>,,"dict_a, dict_b",,,true,Diff two flat key->value dicts into matched/diverged/a_only/b_only.,19,6,
tools/compare_templates_stand-alone/compare_view_templates_stand-alone.py,_diff_vco,function,337,381,<module>,,"vco_a, vco_b",,,true,Diff VCO records for a matched VT pair.,45,18,
tools/compare_templates_stand-alone/compare_view_templates_stand-alone.py,_print_pair,function,388,436,<module>,,m,,,false,,49,15,
tools/compare_templates_stand-alone/compare_view_templates_stand-alone.py,_print_report,function,439,483,<module>,,"matches, name_a, name_b",,,false,,45,21,
tools/compare_templates_stand-alone/compare_view_templates_stand-alone.py,_esc,function,554,555,<module>,,s,,,false,,2,1,
tools/compare_templates_stand-alone/compare_view_templates_stand-alone.py,_vt_diff_rows,function,558,585,<module>,,diff,,,false,,28,9,
tools/compare_templates_stand-alone/compare_view_templates_stand-alone.py,_vco_rows,function,588,625,<module>,,vco,,,false,,38,11,
tools/compare_templates_stand-alone/compare_view_templates_stand-alone.py,_pair_html,function,628,673,<module>,,"m, confirmed = True",,,false,,46,18,
tools/compare_templates_stand-alone/compare_view_templates_stand-alone.py,_build_html,function,676,708,<module>,,"matches, name_a, name_b",,,false,,33,20,
tools/compare_templates_stand-alone/compare_view_templates_stand-alone.py,main,function,715,773,<module>,,,,,false,,59,11,
tools/compute_governance_thresholds.py,<module>,module,1,242,,,,,,true,Compute governance thresholds for the Fingerprint BI model.,242,2,"_read_csv,_write_csv,compute_alignment_rates,jenks_natural_breaks,compute_thresholds,main"
tools/compute_governance_thresholds.py,_read_csv,function,25,27,<module>,,path: Path,,"List[Dict[str, str]]",false,,3,2,
tools/compute_governance_thresholds.py,_write_csv,function,30,35,<module>,,"path: Path, fieldnames: List[str], rows: List[Dict[str, str]]",,None,false,,6,2,
tools/compute_governance_thresholds.py,compute_alignment_rates,function,38,89,<module>,,split_root: Path,,"Dict[str, float]",true,Compute alignment rate per domain as leading cluster share.,52,18,_parse_size
tools/compute_governance_thresholds.py,compute_alignment_rates._parse_size,nested_function,46,55,compute_alignment_rates,,value: str | None,,int | None,false,,10,5,
tools/compute_governance_thresholds.py,jenks_natural_breaks,function,92,153,<module>,,"values: List[float], n_classes: int",,List[float],true,Compute Jenks natural breaks (Fisher-Jenks algorithm).,62,16,
tools/compute_governance_thresholds.py,compute_thresholds,function,156,185,<module>,,"alignment_rates: Dict[str, float], n_classes: int = 3",,"Dict[str, float | int | str]",true,Compute Jenks breaks on alignment rates.,30,3,
tools/compute_governance_thresholds.py,main,function,188,238,<module>,,,,int,false,,51,2,
tools/compute_latent_purgeable.py,<module>,module,1,828,,,,,,true,Compute latent purgeable signal for reference domains.,828,2,"_is_vfd_ref_key,_is_vfa_filter_ref_key,_build_matcher,_is_purgeable_true,_is_purgeable_false,_make_zero_counts,_select_chains,_domains_of_interest,_load_records,_accumulate_item_rows,_load_chain_ref_data,_classify,_write_output,_fmt_consumers,_print_summary,main"
tools/compute_latent_purgeable.py,_is_vfd_ref_key,function,139,143,<module>,,item_key: str,,bool,false,,5,2,
tools/compute_latent_purgeable.py,_is_vfa_filter_ref_key,function,146,150,<module>,,item_key: str,,bool,false,,5,2,
tools/compute_latent_purgeable.py,_build_matcher,function,153,162,<module>,,chain: dict,,"Callable[[str], bool]",true,Return a callable(item_key) -> bool for the chain's ref items.,10,4,
tools/compute_latent_purgeable.py,_is_purgeable_true,function,169,170,<module>,,val: str,,bool,false,,2,2,
tools/compute_latent_purgeable.py,_is_purgeable_false,function,173,174,<module>,,val: str,,bool,false,,2,2,
tools/compute_latent_purgeable.py,_make_zero_counts,function,177,178,<module>,,,,dict,false,,2,1,
tools/compute_latent_purgeable.py,_select_chains,function,181,192,<module>,,chains_arg: Optional[str],,List[dict],false,,12,9,
tools/compute_latent_purgeable.py,_domains_of_interest,function,195,200,<module>,,chains: List[dict],,Set[str],false,,6,2,
tools/compute_latent_purgeable.py,_load_records,function,207,261,<module>,,"records_csv: Path, domains_of_interest: Set[str]",,"Tuple[Dict[str, Dict[str, List[dict]]], Dict[str, Set[str]], Dict[Tuple[str, str, str], str], Set[str]]",true,Single-pass load of records.csv for all domains of interest.,55,5,
tools/compute_latent_purgeable.py,_accumulate_item_rows,function,268,304,<module>,,"fh, filter_domain: Optional[str], matcher: Callable[[str], bool], purgeable_by_pk: Dict[Tuple[str, str, str], str], consumer_domain: str, valid_run_ids: Set[str], ref_data_by_run: Dict[str, dict]",,None,true,Stream one item CSV file and accumulate ref sets into ref_data_by_run.,37,8,
tools/compute_latent_purgeable.py,_load_chain_ref_data,function,307,416,<module>,,"records_dir: Path, chain: dict, all_run_ids: Set[str], purgeable_by_pk: Dict[Tuple[str, str, str], str]",,"Tuple[Dict[str, dict], Set[str]]",true,Build ref sets for one chain across all consumer domains.,110,20,
tools/compute_latent_purgeable.py,_classify,function,423,480,<module>,,"rec: dict, chain: dict, run_id: str, domains_present: Dict[str, Set[str]], ref_data_by_run: Dict[str, dict], missing_shard_domains: Set[str]",,"Tuple[str, str, int, int]",true,"Return (latent_purgeable, reason, consumer_count_in_use, consumer_count_total).",58,12,
tools/compute_latent_purgeable.py,_write_output,function,487,492,<module>,,"out_file: Path, rows: List[dict]",,None,false,,6,2,
tools/compute_latent_purgeable.py,_fmt_consumers,function,499,521,<module>,,consumer_domains: List[str],,str,true,Compact human-readable consumer list for summary output.,23,7,
tools/compute_latent_purgeable.py,_print_summary,function,524,593,<module>,,"chain_summaries: List[dict], dry_run: bool, out_file: Path, passthrough_summary: Optional[dict] = None",,None,false,,70,4,
tools/compute_latent_purgeable.py,main,function,600,824,<module>,,,,None,false,,225,23,
tools/discover_hash_policy.py,<module>,module,1,235,,,,,,false,,235,4,"_resolve_phase0_dir,_load_items,_domain_rows,_run_target,main"
tools/discover_hash_policy.py,_resolve_phase0_dir,function,19,37,<module>,,path: Path,,Path,true,Accept either:,19,5,
tools/discover_hash_policy.py,_load_items,function,39,43,<module>,,"phase0: Path, target: str",,"List[Dict[str, str]]",false,,5,3,
tools/discover_hash_policy.py,_domain_rows,function,45,70,<module>,,"records, items, domain, target",,,false,,26,29,
tools/discover_hash_policy.py,_run_target,function,72,155,<module>,,"target, args, records, domains, base_domains, phase0_dir: Path",,,false,,84,51,
tools/discover_hash_policy.py,main,function,157,233,<module>,,,,,false,,77,22,
tools/discover_join_policy.py,<module>,module,1,843,,,,,,false,,843,4,"_read_csv,_pareto_search_adapter,_diagnostics_domain_suffix,_write_csv,_rank_all,_sample_domain_records,_stratified_sample,_full_population_verify,_pick_candidate_fields,_dedupe,_without_excluded,_to_legacy_shape_gating,main"
tools/discover_join_policy.py,_read_csv,function,21,23,<module>,,path: Path,,"List[Dict[str, str]]",false,,3,4,
tools/discover_join_policy.py,_pareto_search_adapter,function,26,34,<module>,,"domain_records, identity_index, candidate_fields, cfg",,,false,,9,5,
tools/discover_join_policy.py,_diagnostics_domain_suffix,function,37,64,<module>,,"allow: set, policy_modes: Sequence[str] = ()",,str,true,Filename suffix for diagnostics CSVs when a run is scoped to specific --domains.,28,4,
tools/discover_join_policy.py,_write_csv,function,67,73,<module>,,"path: Path, fields: List[str], rows: List[Dict[str, str]]",,None,false,,7,4,
tools/discover_join_policy.py,_rank_all,function,76,88,<module>,,"records: List[Dict[str, str]], seed: int",,"List[Dict[str, str]]",true,Deterministically sort every record by seeded hash rank (always sorts -- no,13,1,_rank
tools/discover_join_policy.py,_rank_all._rank,nested_function,84,86,_rank_all,,"row: Dict[str, str]",,str,false,,3,3,
tools/discover_join_policy.py,_sample_domain_records,function,91,94,<module>,,"records: List[Dict[str, str]], sample_size: int, seed: int",,"List[Dict[str, str]]",false,,4,3,
tools/discover_join_policy.py,_stratified_sample,function,97,244,<module>,,"records: List[Dict[str, str]], items: List[Dict[str, str]], stratify_key: str, sample_size: int, seed: int",,"List[Dict[str, str]]",true,Sample records giving equal representation to each unique value of stratify_key.,148,24,_group_rank
tools/discover_join_policy.py,_stratified_sample._group_rank,nested_function,204,205,_stratified_sample,,val: str,,str,false,,2,1,
tools/discover_join_policy.py,_full_population_verify,function,247,292,<module>,,"dom_records_all: List[Dict[str, str]], identity_index, selected: List[str], cfg: Dict[str, object], metrics_sample: Dict[str, object], divergence_delta: float, coverage_drop_threshold: float = 0.05",,,true,Re-score `selected` against the FULL (unsampled) population and flag divergence,46,4,
tools/discover_join_policy.py,_pick_candidate_fields,function,295,305,<module>,,"items: List[Dict[str, str]], max_fields: int",,List[str],false,,11,5,
tools/discover_join_policy.py,_dedupe,function,308,317,<module>,,items: Sequence[str],,List[str],false,,10,4,
tools/discover_join_policy.py,_without_excluded,function,320,324,<module>,,"items: Sequence[str], excluded: Sequence[str]",,List[str],false,,5,6,
tools/discover_join_policy.py,_to_legacy_shape_gating,function,327,334,<module>,,"gates: Dict[str, object]",,"Dict[str, object]",false,,8,4,
tools/discover_join_policy.py,main,function,337,839,<module>,,,,None,false,,503,112,_get_domain_items
tools/discover_join_policy.py,main._get_domain_items,nested_function,438,442,main,,domain: str,,"List[Dict[str, str]]",false,,5,2,
tools/domain_authority.py,<module>,module,1,966,,,,,,false,,966,2,"RunConfig,load_json,project_id_from_fp,_extract_record_sig_hashes_v2,_jaccard_set,_jaccard_multiset,_md5_utf8,_strip_revit_uid_tail,_canonical_item_str,_semantic_record_sig_hash,_domain_payload_from_fp,_semantic_domain_multiset_hash,extract_domains_summary,hhi,classify_convergence,authority_confidence,authority_scope_recommendation,classify_authority_outcome,write_csv,analyze,main"
tools/domain_authority.py,RunConfig,class,37,68,<module>,dataclass(frozen=True),,,,false,,32,1,from_json
tools/domain_authority.py,RunConfig.from_json,method,53,68,RunConfig,staticmethod,"d: Dict[str, Any]",,'RunConfig',false,,16,1,
tools/domain_authority.py,load_json,function,75,77,<module>,,path: Path,,"Dict[str, Any]",false,,3,2,
tools/domain_authority.py,project_id_from_fp,function,80,86,<module>,,"fp: Dict[str, Any], fallback: str",,str,false,,7,4,
tools/domain_authority.py,_extract_record_sig_hashes_v2,function,92,139,<module>,,"fp: Optional[Dict[str, Any]], domain_name: str",,Optional[List[str]],true,Contract source of truth (record.v2):,48,13,
tools/domain_authority.py,_jaccard_set,function,142,155,<module>,,"a: Optional[List[str]], b: Optional[List[str]]",,Optional[float],false,,14,9,
tools/domain_authority.py,_jaccard_multiset,function,158,175,<module>,,"a: Optional[List[str]], b: Optional[List[str]]",,Optional[float],false,,18,10,
tools/domain_authority.py,_md5_utf8,function,187,188,<module>,,s: str,,str,false,,2,1,
tools/domain_authority.py,_strip_revit_uid_tail,function,191,201,<module>,,v: Any,,Any,true,Normalize Revit UniqueId-like strings: '{GUID}-{8hex elementId}' -> '{GUID}'.,11,3,
tools/domain_authority.py,_canonical_item_str,function,204,211,<module>,,"k: Any, q: Any, v: Any",,str,false,,8,3,
tools/domain_authority.py,_semantic_record_sig_hash,function,214,247,<module>,,"domain: str, rec: Dict[str, Any]",,Optional[str],true,Derived semantic signature hash for a single record:,34,9,
tools/domain_authority.py,_domain_payload_from_fp,function,250,271,<module>,,"fp: Dict[str, Any], dom: str",,"Optional[Dict[str, Any]]",true,"Best-effort extraction for record.v2 domain payloads, matching observed shapes:",22,7,
tools/domain_authority.py,_semantic_domain_multiset_hash,function,274,303,<module>,,"fp: Dict[str, Any], dom: str",,Optional[str],true,Derived domain signature:,30,9,
tools/domain_authority.py,extract_domains_summary,function,305,349,<module>,,"fp: Dict[str, Any]",,"Dict[str, Dict[str, Any]]",true,Return a normalized dict:,45,5,ingest
tools/domain_authority.py,extract_domains_summary.ingest,nested_function,316,330,extract_domains_summary,,"src: Dict[str, Any], has_domain_version: bool",,None,false,,15,5,
tools/domain_authority.py,hhi,function,356,357,<module>,,shares: Iterable[float],,float,false,,2,2,
tools/domain_authority.py,classify_convergence,function,360,365,<module>,,"dominant_share: float, cfg: RunConfig",,str,false,,6,3,
tools/domain_authority.py,authority_confidence,function,368,374,<module>,,"comparable_rate: float, dominant_share: float, conv: str",,str,false,,7,6,
tools/domain_authority.py,authority_scope_recommendation,function,377,384,<module>,,outcome: str,,str,false,,8,4,
tools/domain_authority.py,classify_authority_outcome,function,387,420,<module>,,"*, observable: bool, seed_exists: bool, seed_match_rate: Optional[float], dominant_share: float, conc_hhi: float, cfg: RunConfig",,str,false,,34,12,
tools/domain_authority.py,write_csv,function,427,433,<module>,,"path: Path, rows: List[Dict[str, Any]], fieldnames: List[str]",,None,false,,7,4,
tools/domain_authority.py,analyze,function,440,948,<module>,,"input_dir: Path, cfg: RunConfig, seed_path: Optional[Path], out_dir: Path",,None,false,,509,83,
tools/domain_authority.py,main,function,951,962,<module>,,,,None,false,,12,1,
tools/emit_element_dominance.py,<module>,module,1,305,,,,,,false,,305,3,"_read_csv_rows,_split_label,_write_csv_atomic,emit_element_dominance,main"
tools/emit_element_dominance.py,_read_csv_rows,function,23,25,<module>,,path: Path,,"List[Dict[str, str]]",false,,3,4,
tools/emit_element_dominance.py,_split_label,function,28,32,<module>,,pattern_label_human: str,,"Tuple[str, str]",false,,5,2,
tools/emit_element_dominance.py,_write_csv_atomic,function,35,43,<module>,,"path: Path, fieldnames: List[str], rows: List[Dict[str, str]]",,None,false,,9,4,
tools/emit_element_dominance.py,emit_element_dominance,function,46,293,<module>,,"analysis_dir: Path, domain: Optional[str] = None",,Path,false,,248,45,"_compute_breaks,_bucket"
tools/emit_element_dominance.py,emit_element_dominance._compute_breaks,nested_function,131,135,emit_element_dominance,,"values: List[float], n_classes: int = 3",,"Tuple[float, float, str]",false,,5,2,
tools/emit_element_dominance.py,emit_element_dominance._bucket,nested_function,137,142,emit_element_dominance,,"presence_pct: float, competitive_min: float, standard_min: float",,str,false,,6,3,
tools/emit_element_dominance.py,main,function,296,301,<module>,,,,None,false,,6,1,
tools/enterprise_policy.py,<module>,module,1,98,,,,,,true,Immutable enterprise-identity policy loading and artifact provenance.,98,1,"EnterprisePolicy,_label,load_enterprise_policy,normalize_enterprise_label,write_enterprise_policy_provenance"
tools/enterprise_policy.py,EnterprisePolicy,class,17,43,<module>,dataclass(frozen=True),,,,true,Effective identity boundary shared by governance tools.,27,1,"is_enterprise,provenance,provenance_bytes"
tools/enterprise_policy.py,EnterprisePolicy.is_enterprise,method,28,29,EnterprisePolicy,,"self, client_label: str",,bool,false,,2,2,
tools/enterprise_policy.py,EnterprisePolicy.provenance,method,31,39,EnterprisePolicy,,self,,"Dict[str, Any]",false,,9,1,
tools/enterprise_policy.py,EnterprisePolicy.provenance_bytes,method,41,43,EnterprisePolicy,,self,,bytes,true,"Return the canonical, path-safe representation used by artifacts.",3,1,
tools/enterprise_policy.py,_label,function,46,49,<module>,,value: Any,,str,false,,4,3,
tools/enterprise_policy.py,load_enterprise_policy,function,52,83,<module>,,"policy_path: Optional[Union[str, Path]] = None, enterprise_label: Optional[str] = None",,EnterprisePolicy,true,"Load default/file policy, then apply the CLI label override (highest precedence).",32,6,
tools/enterprise_policy.py,normalize_enterprise_label,function,86,88,<module>,,value: Optional[str] = None,,str,true,Compatibility helper; new code should pass :class:`EnterprisePolicy`.,3,1,
tools/enterprise_policy.py,write_enterprise_policy_provenance,function,91,98,<module>,,"out_dir: Union[str, Path], policy: EnterprisePolicy",,Path,true,Write deterministic provenance after callers have validated write intent.,8,1,
tools/export_bundle_pattern_detail.py,<module>,module,1,708,,,,,,true,Export bundle → pattern → identity_items → name_population chain for one segment.,708,2,"_read_csv,_atomic_write_csv,_int_safe,_float_safe,_compute_domain_bundle_threshold,_apply_bundle_threshold,_resolve_segment_paths,_discover_domains,_load_pattern_map,_load_representative_map,_iter_identity_csv,_load_identity_items,_load_label_population,_process_domain,main"
tools/export_bundle_pattern_detail.py,_read_csv,function,35,40,<module>,,path: Path,,"List[Dict[str, str]]",false,,6,4,
tools/export_bundle_pattern_detail.py,_atomic_write_csv,function,43,62,<module>,,"path: Path, fieldnames: Sequence[str], rows: Iterable[Dict[str, str]]",,None,false,,20,4,
tools/export_bundle_pattern_detail.py,_int_safe,function,70,74,<module>,,val: str,,int,false,,5,3,
tools/export_bundle_pattern_detail.py,_float_safe,function,77,81,<module>,,val: str,,Optional[float],false,,5,3,
tools/export_bundle_pattern_detail.py,_compute_domain_bundle_threshold,function,97,141,<module>,,"bundles: List[Dict[str, str]]",,"Dict[str, Any]",true,Derive a domain-specific top-bundles cutoff via Jenks natural breaks,45,5,
tools/export_bundle_pattern_detail.py,_apply_bundle_threshold,function,144,150,<module>,,"bundles: List[Dict[str, str]], threshold: Dict[str, Any]",,"List[Dict[str, str]]",false,,7,5,
tools/export_bundle_pattern_detail.py,_resolve_segment_paths,function,157,223,<module>,,"output_folder: str, segments_root: Path, records_dir: Path, purge_view: str",,"Tuple[str, Path, Path, Path, Path, Path]",true,"Returns (segment_id, ba_root, domain_patterns_path, records_csv,",67,7,
tools/export_bundle_pattern_detail.py,_discover_domains,function,230,237,<module>,,ba_root: Path,,List[str],false,,8,5,
tools/export_bundle_pattern_detail.py,_load_pattern_map,function,244,270,<module>,,"domain_patterns_path: Path, domain: str",,"Dict[str, Dict[str, str]]",true,"pattern_id → {join_hash, pattern_label, pattern_label_human, pattern_files_present}",27,5,
tools/export_bundle_pattern_detail.py,_load_representative_map,function,273,289,<module>,,"records_csv: Path, domain: str",,"Dict[str, Tuple[str, str]]",true,"join_hash → (export_run_id, record_pk).  First occurrence wins.",17,6,
tools/export_bundle_pattern_detail.py,_iter_identity_csv,function,292,314,<module>,,path: Path,,"Iterator[Dict[str, str]]",true,"Yield rows normalised to {k, v, q, export_run_id, record_pk, ...}.",23,6,
tools/export_bundle_pattern_detail.py,_load_identity_items,function,317,336,<module>,,"identity_items_dir: Path, domain: str, needed_keys: Set[Tuple[str, str]]",,"Dict[Tuple[str, str], List[Dict[str, str]]]",true,"Stream the domain shard and collect only rows whose (export_run_id, record_pk)",20,5,
tools/export_bundle_pattern_detail.py,_load_label_population,function,339,352,<module>,,"label_synth_dir: Path, domain: str",,"Dict[str, List[Dict[str, str]]]",true,"join_hash → list of {label_v, label_q, files_count} rows.",14,4,
tools/export_bundle_pattern_detail.py,_process_domain,function,359,536,<module>,,"segment_id: str, domain: str, purge_view: str, ba_root: Path, domain_patterns_path: Path, records_csv: Path, identity_items_dir: Path, label_synth_dir: Path, top_bundles: Optional[int], top_bundles_auto: bool",,"Tuple[List[Dict[str, str]], List[Dict[str, str]], List[Dict[str, str]], int, int, int, int, Optional[Dict[str, Any]]]",false,,178,24,
tools/export_bundle_pattern_detail.py,main,function,570,704,<module>,,,,None,false,,135,12,
tools/export_to_flat_tables.py,<module>,module,1,545,,,,,,false,,545,2,"_is_scalar,_safe_str,_iter_json_paths,_get_contract,_get_domain_payload,_get_domain_records,_iter_domains,_read_json,main"
tools/export_to_flat_tables.py,_is_scalar,function,16,17,<module>,,v: Any,,bool,false,,2,2,
tools/export_to_flat_tables.py,_safe_str,function,20,25,<module>,,v: Any,,str,false,,6,3,
tools/export_to_flat_tables.py,_iter_json_paths,function,28,51,<module>,,root_dir: str,,List[str],false,,24,6,
tools/export_to_flat_tables.py,_get_contract,function,54,56,<module>,,"d: Dict[str, Any]",,"Optional[Dict[str, Any]]",false,,3,1,
tools/export_to_flat_tables.py,_get_domain_payload,function,59,61,<module>,,"d: Dict[str, Any], domain: str",,"Optional[Dict[str, Any]]",false,,3,1,
tools/export_to_flat_tables.py,_get_domain_records,function,64,75,<module>,,"d: Dict[str, Any], domain: str",,"List[Dict[str, Any]]",false,,12,5,
tools/export_to_flat_tables.py,_iter_domains,function,78,96,<module>,,"d: Dict[str, Any], explicit: Optional[List[str]]",,List[str],false,,19,12,
tools/export_to_flat_tables.py,_read_json,function,99,104,<module>,,path: str,,"Dict[str, Any]",false,,6,3,
tools/export_to_flat_tables.py,main,function,107,540,<module>,,,,None,false,,434,89,"_write_csv,_safe_name"
tools/export_to_flat_tables.py,main._write_csv,nested_function,388,395,main,,"name: str, rows: List[Dict[str, str]], fieldnames: List[str]",,str,false,,8,4,
tools/export_to_flat_tables.py,main._safe_name,nested_function,397,407,main,,s: str,,str,false,,11,3,
tools/extract_segment_subtree.py,<module>,module,1,706,,,,,,true,Extract one segment plus its ancestors from the cross_segment corpus.,706,3,"norm,norm_fold,sanitize_label,atomic_write_csv,Blocked,load_manifest,find_seeds_by_search,find_seeds_by_id,expand_ancestors,resolve_endpoint_columns,row_matches,NumericStats,FileSpec,ProcessResult,_update_aggregate,_write_summary,process_file,parse_args,main"
tools/extract_segment_subtree.py,norm,function,44,47,<module>,,value: object,,str,false,,4,2,
tools/extract_segment_subtree.py,norm_fold,function,50,51,<module>,,value: object,,str,false,,2,1,
tools/extract_segment_subtree.py,sanitize_label,function,54,56,<module>,,text: str,,str,false,,3,2,
tools/extract_segment_subtree.py,atomic_write_csv,function,59,70,<module>,,"path: Path, fieldnames: Sequence[str], rows: Iterable[Dict[str, object]]",,None,false,,12,4,
tools/extract_segment_subtree.py,Blocked,class,73,74,<module>,,,RuntimeError,,true,Raised for any condition that must stop the run rather than degrade silently.,2,1,
tools/extract_segment_subtree.py,load_manifest,function,90,112,<module>,,records_dir: Path,,"Dict[str, Dict[str, str]]",false,,23,10,
tools/extract_segment_subtree.py,find_seeds_by_search,function,115,124,<module>,,"manifest: Dict[str, Dict[str, str]], search_terms: Tuple[str, ...]",,Set[str],false,,10,8,
tools/extract_segment_subtree.py,find_seeds_by_id,function,127,136,<module>,,"manifest: Dict[str, Dict[str, str]], segment_ids: Tuple[str, ...]",,Set[str],false,,10,4,
tools/extract_segment_subtree.py,expand_ancestors,function,139,180,<module>,,"seed_ids: Set[str], parent_map: Dict[str, str], depth: int",,"Tuple[Set[str], List[Dict[str, object]]]",false,,42,7,
tools/extract_segment_subtree.py,resolve_endpoint_columns,function,198,214,<module>,,columns: Iterable[str],,"Tuple[str, ...]",false,,17,11,
tools/extract_segment_subtree.py,row_matches,function,217,242,<module>,,"row: Dict[str, str], endpoints: Tuple[str, ...], selected_ids: Set[str], require_both_endpoints: bool = False",,bool,true,"Match rows for the ""touches a selected segment"" contract.",26,5,
tools/extract_segment_subtree.py,NumericStats,class,249,281,<module>,,,,,false,,33,1,"__init__,add,emit"
tools/extract_segment_subtree.py,NumericStats.__init__,method,252,256,NumericStats,,self,,None,false,,5,1,
tools/extract_segment_subtree.py,NumericStats.add,method,258,271,NumericStats,,"self, value: object",,None,false,,14,5,
tools/extract_segment_subtree.py,NumericStats.emit,method,273,281,NumericStats,,"self, prefix: str",,"Dict[str, object]",false,,9,2,
tools/extract_segment_subtree.py,FileSpec,class,291,299,<module>,dataclass(frozen=True),,,,false,,9,1,supports_summary
tools/extract_segment_subtree.py,FileSpec.supports_summary,method,298,299,FileSpec,property,self,,bool,false,,2,1,
tools/extract_segment_subtree.py,ProcessResult,class,365,373,<module>,dataclass,,,,false,,9,1,
tools/extract_segment_subtree.py,_update_aggregate,function,376,384,<module>,,"aggregates: Dict[Tuple[str, ...], Dict[str, object]], row: Dict[str, str], spec: FileSpec",,None,false,,9,5,
tools/extract_segment_subtree.py,_write_summary,function,387,405,<module>,,"aggregates: Dict[Tuple[str, ...], Dict[str, object]], spec: FileSpec, path: Path",,int,false,,19,6,
tools/extract_segment_subtree.py,process_file,function,408,514,<module>,,"source: Path, selected_ids: Set[str], spec: FileSpec, detail_path: Optional[Path], summary_path: Optional[Path], max_output_rows: int, max_output_gb: float, progress_interval: int, require_both_endpoints: bool = False",,ProcessResult,false,,107,34,
tools/extract_segment_subtree.py,parse_args,function,521,551,<module>,,,,argparse.Namespace,false,,31,1,
tools/extract_segment_subtree.py,main,function,554,702,<module>,,,,int,false,,149,24,
tools/extractor.py,<module>,module,1,1515,,,,,,false,,1515,2,"_safe_str,_utc_now_iso,_iter_export_files,_read_json,_merge_index_details,_iter_domains,_file_id,_get_tool_version,_identity_metadata,_extract_acc_project_label,_model_label_from_path,_norm_central_path,_b32_sha1_16,_load_governance_role_rules,_infer_governance_role,_stable_pattern_id,_write_csv,_read_existing_csv,_sort_rows,compute_hhi_from_shares,compute_effective_clusters,_fmt_metric,compute_attribute_concentration_metrics,_iter_object_style_name_candidates,_remap_object_style_domain,_remap_vco_domain,_load_identity_items_by_record,_load_label_resolution_inputs,_load_semantic_groups,_derive_unit_system,_process_one_domain,emit_records,emit_analysis"
tools/extractor.py,_safe_str,function,55,60,<module>,,v: Any,,str,false,,6,3,
tools/extractor.py,_utc_now_iso,function,63,64,<module>,,,,str,false,,2,1,
tools/extractor.py,_iter_export_files,function,67,104,<module>,,exports_dir: Path,,"List[Tuple[str, Path, Optional[Path]]]",false,,38,11,
tools/extractor.py,_read_json,function,107,112,<module>,,p: Path,,"Dict[str, Any]",false,,6,3,
tools/extractor.py,_merge_index_details,function,115,120,<module>,,"index_fp: Dict[str, Any], details_fp: Dict[str, Any]",,"Dict[str, Any]",false,,6,4,
tools/extractor.py,_iter_domains,function,123,133,<module>,,"d: Dict[str, Any]",,List[str],false,,11,9,
tools/extractor.py,_file_id,function,136,141,<module>,,"path: Path, mode: str",,str,false,,6,3,
tools/extractor.py,_get_tool_version,function,144,155,<module>,,,,str,false,,12,5,
tools/extractor.py,_identity_metadata,function,158,187,<module>,,"data: Dict[str, Any]",,"Dict[str, str]",false,,30,14,
tools/extractor.py,_extract_acc_project_label,function,190,199,<module>,,central_path: str,,str,true,Extract project folder name from Autodesk Docs:// path. Returns empty string for non-ACC paths.,10,3,
tools/extractor.py,_model_label_from_path,function,202,209,<module>,,central_path: str,,str,true,Extract model filename stem from central path. Works for ACC and server paths.,8,3,
tools/extractor.py,_norm_central_path,function,212,228,<module>,,path: str,,str,false,,17,9,
tools/extractor.py,_b32_sha1_16,function,231,234,<module>,,text: str,,str,false,,4,1,
tools/extractor.py,_load_governance_role_rules,function,237,269,<module>,,,,"List[Dict[str, str]]",false,,33,11,
tools/extractor.py,_infer_governance_role,function,272,286,<module>,,"central_path_norm: str, rules: List[Dict[str, str]]",,str,false,,15,8,
tools/extractor.py,_stable_pattern_id,function,289,305,<module>,,"domain: str, join_key_schema: str, join_hash: str, taken: set[str]",,str,false,,17,3,
tools/extractor.py,_write_csv,function,308,314,<module>,,"path: Path, fieldnames: List[str], rows: List[Dict[str, str]]",,None,false,,7,4,
tools/extractor.py,_read_existing_csv,function,317,323,<module>,,path: Path,,"List[Dict[str, str]]",false,,7,6,
tools/extractor.py,_sort_rows,function,326,327,<module>,,"rows: List[Dict[str, str]], keys: List[str]",,"List[Dict[str, str]]",false,,2,2,
tools/extractor.py,compute_hhi_from_shares,function,330,359,<module>,,"shares: Iterable[float], *, require_closed_universe: bool = True, closure_tolerance: float = 1e-09",,Optional[float],true,Compute HHI from a generic share vector.,30,11,
tools/extractor.py,compute_effective_clusters,function,362,370,<module>,,hhi_value: Optional[float],,Optional[float],true,Return effective cluster count (1/HHI) or None when undefined.,9,3,
tools/extractor.py,_fmt_metric,function,373,374,<module>,,value: Optional[float],,str,false,,2,1,
tools/extractor.py,compute_attribute_concentration_metrics,function,377,383,<module>,,"*_: Any, **__: Any",,None,true,Placeholder extension hook for future attribute-level concentration.,7,1,
tools/extractor.py,_iter_object_style_name_candidates,function,386,405,<module>,,"rec: Dict[str, Any]",,Iterable[str],false,,20,13,
tools/extractor.py,_remap_object_style_domain,function,408,421,<module>,,"source_domain: str, rec: Dict[str, Any]",,Optional[str],false,,14,7,
tools/extractor.py,_remap_vco_domain,function,424,432,<module>,,"source_domain: str, rec: Dict[str, Any]",,Optional[str],false,,9,5,
tools/extractor.py,_load_identity_items_by_record,function,435,471,<module>,,"phase0_dir: Optional[Path], domain: Optional[str] = None, allowed_record_pks: Optional[Set[str]] = None",,"Dict[str, List[Dict[str, Any]]]",false,,37,14,
tools/extractor.py,_load_label_resolution_inputs,function,474,512,<module>,,"results_v21_dir: Optional[Path], domain: str, label_synth_dir: Optional[Path] = None",,"Tuple[Dict[str, List[Dict[str, Any]]], Dict[str, str], Dict[str, Any]]",false,,39,15,
tools/extractor.py,_load_semantic_groups,function,515,546,<module>,,results_v21_dir: Optional[Path],,"Dict[str, Dict[str, str]]",false,,32,15,
tools/extractor.py,_derive_unit_system,function,549,615,<module>,,"payload: Dict[str, Any], export_run_id: str",,str,false,,67,29,
tools/extractor.py,_process_one_domain,function,617,980,<module>,,"dom: str, cluster_items: List, domain_records: List[Dict], exports: List[str], files_total: int, analysis_run_id: str, phase0_dir: Optional[Path], results_v21_dir: Optional[Path], label_synth_dir: Optional[Path]",,"Dict[str, List]",false,,364,61,
tools/extractor.py,emit_records,function,983,1271,<module>,,"exports_dir: Path, out_dir: Path, file_id_mode: str = 'basename'",,"Tuple[int, int]",true,Stream flatten outputs directly to disk as each export file is processed.,289,51,
tools/extractor.py,emit_analysis,function,1274,1515,<module>,,"meta_rows: List[Dict[str, str]], records: List[Dict[str, str]], out_dir: Path, *, phase0_dir: Optional[Path] = None, results_v21_dir: Optional[Path] = None, label_synth_dir: Optional[Path] = None, workers: int = 1",,str,false,,242,29,_merge_result
tools/extractor.py,emit_analysis._merge_result,nested_function,1358,1367,emit_analysis,,result: Dict,,None,false,,10,1,
tools/generate_governance_narrative.py,<module>,module,1,6890,,,,,,true,generate_governance_narrative.py,6890,2,"pf,pct,fmt,_warn_unrecognized_comparison_types,read_csv,_disc_label,detect_bundle_schema,normalise_summary_schema,_col,_resolved_col_name,_col_union_or_pairwise,used_view_falls_back_to_legacy,_is_unscoped_segment,_target_scope_label,_group1_scope_pair,load_client_sectors,load_corpus_counts,_has_renderable_cascade_signal,build_cascade,score_reliability,apply_governance_policy,_state_value,_has_material_state_exception,_has_group1_bc_pooled_evidence,assign_tier,detect_anomalies,build_client_summary,build_bc_summary,_pick,_truthy,_add_float,_state_bucket,_mean,_merge_state_buckets,_finalize_state_bucket,build_governance_state_summary,load_delta_summary,render_header,render_evidence_authority_header,render_governance_state_model,render_domain_tiers,render_generic_baseline_scope_section,render_group1_scope_section,render_discipline_section,_format_domain_items,_client_onboarding_profile,render_onboarding_section,render_client_section,render_enterprise_section,render_bc_section,render_governance_state_section,render_delta_section,build_union_breadth_by_domain,render_union_reuse_summary,_matrix_value_status_blocked,_manifest_bullets_for_matrix,_unordered_project_pairs,_render_portfolio_footprint_identity,_render_portfolio_density_similarity,_render_portfolio_pool_containment,_render_portfolio_fragmentation,render_project_portfolio_section,render_bc_composition_section,render_client_bc_distribution_section,_classify_domains_for_findings,_passive_inheritance_risk_domains,_low_coherence_clients,build_structured_findings,render_findings_and_recommendations,build_comparison_completeness,render_limitations,_narrative_for_inventory_entry,render_file_inventory_brief_section,render_governance_brief,main"
tools/generate_governance_narrative.py,pf,function,135,139,<module>,,v,,Optional[float],false,,5,3,
tools/generate_governance_narrative.py,pct,function,142,145,<module>,,"v: Optional[float], decimals: int = 0",,str,false,,4,2,
tools/generate_governance_narrative.py,fmt,function,148,151,<module>,,"v: Optional[float], decimals: int = 3",,str,false,,4,2,
tools/generate_governance_narrative.py,_warn_unrecognized_comparison_types,function,154,167,<module>,,"seen: set, known: set, context: str",,None,true,"Warn once, to stderr, for any comparison_type not accounted for by name.",14,2,
tools/generate_governance_narrative.py,read_csv,function,170,172,<module>,,path: Path,,list[dict],false,,3,2,
tools/generate_governance_narrative.py,_disc_label,function,233,242,<module>,,disc: str,,str,true,Display name for a discipline_label value. DISC_LABELS is an optional,10,1,
tools/generate_governance_narrative.py,detect_bundle_schema,function,283,297,<module>,,rows: list,,str,true,Returns which bundle annotation schema is present:,15,5,
tools/generate_governance_narrative.py,normalise_summary_schema,function,308,356,<module>,,rows: list,,None,true,Inspect first row and build _SUMMARY_COL_ALIASES. Called once at startup.,49,2,alias
tools/generate_governance_narrative.py,normalise_summary_schema.alias,nested_function,315,322,normalise_summary_schema,,"canonical: str, *candidates: str",,None,true,Map a canonical renderer column name to the first matching real,8,3,
tools/generate_governance_narrative.py,_col,function,359,362,<module>,,"row: dict, canonical: str",,str,true,Read a summary row column using canonical renderer name.,4,1,
tools/generate_governance_narrative.py,_resolved_col_name,function,365,369,<module>,,canonical: str,,str,true,Return the real CSV column name a canonical renderer name currently,5,1,
tools/generate_governance_narrative.py,_col_union_or_pairwise,function,372,387,<module>,,"row: dict, union_canonical: str, pairwise_canonical: str",,str,true,"Read a union-metric column, falling back to the pairwise-mean family",16,2,
tools/generate_governance_narrative.py,used_view_falls_back_to_legacy,function,390,401,<module>,,,,bool,true,True when canonical used-view columns resolved to legacy all-view names.,12,2,
tools/generate_governance_narrative.py,_is_unscoped_segment,function,406,447,<module>,,"row: dict, suffix: str",,bool,true,True when a segment is the broadest (client/discipline-unscoped) population,42,6,
tools/generate_governance_narrative.py,_target_scope_label,function,450,473,<module>,,"row: dict, suffix: str",,str,true,Classify a generic_to_*'s TARGET side (Template/Container/Project) into a,24,5,
tools/generate_governance_narrative.py,_group1_scope_pair,function,495,531,<module>,,row: dict,,"tuple[str, str, str]",true,"Classify a Group 1 row's two sides into (scope_a, scope_b, scope_pair_key).",37,4,
tools/generate_governance_narrative.py,load_client_sectors,function,566,586,<module>,,client_sector_rows: Optional[list[dict]],,dict,true,Build a {client_label: sector} map from an optional client_sector.csv,21,5,
tools/generate_governance_narrative.py,load_corpus_counts,function,589,637,<module>,,"summary_rows: list[dict], file_meta_rows: Optional[list[dict]]",,dict,true,"Return counts of files by role, and disciplines/clients present.",49,17,
tools/generate_governance_narrative.py,_has_renderable_cascade_signal,function,773,785,<module>,,d: dict,,bool,false,,13,4,
tools/generate_governance_narrative.py,build_cascade,function,788,1517,<module>,,"summary_rows: list[dict], sector_map: Optional[dict] = None, segment_manifest: Optional[dict] = None",,dict,true,Returns domain-keyed dict with cascade scores from generic segments:,730,165,"mean_or_none,_largest_scope_bucket"
tools/generate_governance_narrative.py,build_cascade.mean_or_none,nested_function,1372,1373,build_cascade,,lst,,,false,,2,1,
tools/generate_governance_narrative.py,build_cascade._largest_scope_bucket,nested_function,1375,1386,build_cascade,,buckets: dict,,,true,"Pick the (scope_pair, mean) backed by the most rows; deterministic",12,2,
tools/generate_governance_narrative.py,score_reliability,function,1547,1581,<module>,,d: dict,,str,true,Classify mean score reliability from within-project p10/p90 spread.,35,11,
tools/generate_governance_narrative.py,apply_governance_policy,function,1929,2074,<module>,,policy: dict,,None,true,Reassign this module's threshold/domain-policy globals from a,146,1,"th,ct,at_"
tools/generate_governance_narrative.py,apply_governance_policy.th,nested_function,1973,1974,apply_governance_policy,,"key: str, default",,,false,,2,1,
tools/generate_governance_narrative.py,apply_governance_policy.ct,nested_function,2017,2018,apply_governance_policy,,"key: str, default",,,false,,2,1,
tools/generate_governance_narrative.py,apply_governance_policy.at_,nested_function,2031,2032,apply_governance_policy,,"key: str, default",,,false,,2,1,
tools/generate_governance_narrative.py,_state_value,function,2077,2080,<module>,,"state: Optional[dict], key: str",,Optional[float],false,,4,2,
tools/generate_governance_narrative.py,_has_material_state_exception,function,2083,2096,<module>,,state: Optional[dict],,bool,true,Return True when explicit state signals limit a baseline conclusion.,14,5,
tools/generate_governance_narrative.py,_has_group1_bc_pooled_evidence,function,2099,2114,<module>,,d: dict,,bool,true,"True when a same-bc-both-sides (""bc::bc"") pooled containment value exists",16,4,
tools/generate_governance_narrative.py,assign_tier,function,2117,2170,<module>,,"d: dict, state: Optional[dict] = None",,str,true,Assign a DoD-safe governance classification.,54,21,
tools/generate_governance_narrative.py,detect_anomalies,function,2187,2431,<module>,,"dom: str, d: dict, state: Optional[dict] = None, union_breadth: Optional[dict] = None",,list[str],false,,245,87,
tools/generate_governance_narrative.py,build_client_summary,function,2433,2677,<module>,,"summary_rows: list[dict], pooled_rows: list[dict], sector_map: Optional[dict] = None",,list[dict],true,Per-client alignment summary.,245,72,_confirmed_non_healthcare
tools/generate_governance_narrative.py,build_client_summary._confirmed_non_healthcare,nested_function,2508,2509,build_client_summary,,client: str,,bool,false,,2,1,
tools/generate_governance_narrative.py,build_bc_summary,function,2680,2921,<module>,,"summary_rows: list[dict], cascade: dict",,list[dict],true,Per-business-center peer-alignment summary. Structural mirror of,242,40,_note_bc_file
tools/generate_governance_narrative.py,build_bc_summary._note_bc_file,nested_function,2754,2757,build_bc_summary,,"bc_label: str, role: str, n_files: int",,None,false,,4,5,
tools/generate_governance_narrative.py,_pick,function,2924,2930,<module>,,"row: dict, *names: str",,str,true,Return the first non-empty value from row for the provided column names.,7,3,
tools/generate_governance_narrative.py,_truthy,function,2933,2934,<module>,,value,,bool,false,,2,2,
tools/generate_governance_narrative.py,_add_float,function,2937,2940,<module>,,"values: list[float], row: dict, *names: str",,None,false,,4,2,
tools/generate_governance_narrative.py,_state_bucket,function,2943,2962,<module>,,,,dict,false,,20,1,
tools/generate_governance_narrative.py,_mean,function,3005,3006,<module>,,values: list[float],,Optional[float],false,,2,1,
tools/generate_governance_narrative.py,_merge_state_buckets,function,3009,3018,<module>,,buckets: list,,dict,true,"Sum a list of _state_bucket()-shaped dicts into one (counts add, vals concat).",10,4,
tools/generate_governance_narrative.py,_finalize_state_bucket,function,3021,3074,<module>,,bucket: dict,,dict,true,Compute shares/labels from one _state_bucket()-shaped dict. Same math regardless,54,21,
tools/generate_governance_narrative.py,build_governance_state_summary,function,3077,3197,<module>,,"state_rows: list[dict], summary_rows: list[dict]",,dict,true,Aggregate optional governance-state outputs by domain.,121,34,
tools/generate_governance_narrative.py,load_delta_summary,function,3200,3225,<module>,,delta_rows: list[dict],,dict,true,Summarise legacy delta patterns by attribution category per comparison type.,26,4,
tools/generate_governance_narrative.py,render_header,function,3232,3340,<module>,,"analysis_date: str, corpus: dict, has_state_outputs: bool, legacy_used_fallback: bool, interpretation_guide_will_be_copied: bool = False",,str,false,,109,4,
tools/generate_governance_narrative.py,render_evidence_authority_header,function,3343,3414,<module>,,"package_schema_version: str, generator_identity: str, emit_evidence_package: bool = True, emit_interpretation_layer: bool = True",,str,true,States this document's own epistemic role and authority ordering within,72,2,_static_doc_pointer
tools/generate_governance_narrative.py,render_evidence_authority_header._static_doc_pointer,nested_function,3369,3375,render_evidence_authority_header,,"path: Path, label: str",,str,false,,7,2,
tools/generate_governance_narrative.py,render_governance_state_model,function,3417,3440,<module>,,has_state_outputs: bool,,str,false,,24,1,
tools/generate_governance_narrative.py,render_domain_tiers,function,3444,3597,<module>,,"cascade: dict, state_summary: Optional[dict] = None, union_breadth_by_domain: Optional[dict] = None",,str,false,,154,16,
tools/generate_governance_narrative.py,render_generic_baseline_scope_section,function,3600,3644,<module>,,cascade: dict,,str,true,Render the Option C per-target-scope-level breakdown for gt/gc/gp.,45,11,
tools/generate_governance_narrative.py,render_group1_scope_section,function,3647,3708,<module>,,cascade: dict,,str,true,Render the bc-pooled fallback per-scope-pair breakdown for tc/cp/tp.,62,11,
tools/generate_governance_narrative.py,render_discipline_section,function,3711,3824,<module>,,"cascade: dict, summary_rows: list[dict]",,str,true,Render per-discipline within-project coherence and cascade summary.,114,26,
tools/generate_governance_narrative.py,_format_domain_items,function,3828,3834,<module>,,"items: list[tuple[str, float]], limit: int = 3",,str,false,,7,3,
tools/generate_governance_narrative.py,_client_onboarding_profile,function,3837,3904,<module>,,r: dict,,dict,true,Return deterministic onboarding implications from client-level metrics.,68,17,
tools/generate_governance_narrative.py,render_onboarding_section,function,3907,3941,<module>,,client_rows: list[dict],,str,true,Render client-specific onboarding and operating implications.,35,3,
tools/generate_governance_narrative.py,render_client_section,function,3943,3998,<module>,,client_rows: list[dict],,str,false,,56,8,
tools/generate_governance_narrative.py,render_enterprise_section,function,4001,4045,<module>,,cascade: dict,,str,true,Short Enterprise-level summary. Deliberately NOT a governance_bc_summary.csv,45,10,
tools/generate_governance_narrative.py,render_bc_section,function,4048,4105,<module>,,bc_rows: list[dict],,str,false,,58,7,
tools/generate_governance_narrative.py,render_governance_state_section,function,4108,4198,<module>,,state_summary: dict,,str,true,Render explicit all/used governance-state findings when available.,91,13,top_by
tools/generate_governance_narrative.py,render_governance_state_section.top_by,nested_function,4124,4131,render_governance_state_section,,"field: str, limit: int = 10",,,false,,8,3,
tools/generate_governance_narrative.py,render_delta_section,function,4200,4244,<module>,,delta_summary: dict,,str,true,Render ungoverned drift section from delta data.,45,7,
tools/generate_governance_narrative.py,build_union_breadth_by_domain,function,4250,4389,<module>,,union_inventory_rows: list,,dict,true,Per-domain reuse-breadth pattern counts derived from,140,30,
tools/generate_governance_narrative.py,render_union_reuse_summary,function,4392,4577,<module>,,"union_inventory_rows: list, reuse_distribution_rows: list, matrix_manifest_rows: list, reuse_by_client_rows: Optional[list] = None",,Optional[str],false,,186,41,
tools/generate_governance_narrative.py,_matrix_value_status_blocked,function,4580,4587,<module>,,status: str,,bool,true,Blocked/unavailable value_status values across the project matrix,8,1,
tools/generate_governance_narrative.py,_manifest_bullets_for_matrix,function,4590,4603,<module>,,"matrix_manifest_rows: list, matrix_name: str",,list,true,Mirror render_union_reuse_summary()'s matrix-manifest bullet rendering,14,4,
tools/generate_governance_narrative.py,_unordered_project_pairs,function,4606,4631,<module>,,"rows: list, *, view_scope: str, domain: str, metric: str",,list,true,Deduplicate a symmetric project x project matrix (compare_cross_segment.py's,26,12,
tools/generate_governance_narrative.py,_render_portfolio_footprint_identity,function,4634,4666,<module>,,"union_rows: list, matrix_manifest_rows: list, top_n: int = 5",,list,false,,33,9,
tools/generate_governance_narrative.py,_render_portfolio_density_similarity,function,4669,4719,<module>,,"density_rows: list, union_rows: list, matrix_manifest_rows: list, top_n: int = 5",,list,false,,51,11,_shape_note
tools/generate_governance_narrative.py,_render_portfolio_density_similarity._shape_note,nested_function,4703,4707,_render_portfolio_density_similarity,,"a: str, b: str, density_v: float",,str,false,,5,4,
tools/generate_governance_narrative.py,_render_portfolio_pool_containment,function,4722,4780,<module>,,"pool_rows: list, matrix_manifest_rows: list, bottom_n: int = 5",,list,false,,59,16,
tools/generate_governance_narrative.py,_render_portfolio_fragmentation,function,4783,4831,<module>,,"frag_rows: list, matrix_manifest_rows: list, top_n: int = 5",,list,false,,49,17,
tools/generate_governance_narrative.py,render_project_portfolio_section,function,4834,4871,<module>,,"union_jaccard_rows: list, density_similarity_rows: list, pool_containment_rows: list, fragmentation_rows: list, matrix_manifest_rows: list",,Optional[str],true,Project x project portfolio-shape section.,38,5,
tools/generate_governance_narrative.py,render_bc_composition_section,function,4901,4946,<module>,,bc_client_rows: list,,Optional[str],true,Deliverable 4 -- client composition of each business center's project,46,8,
tools/generate_governance_narrative.py,render_client_bc_distribution_section,function,4949,5007,<module>,,"client_bc_rows: list, bc_client_rows: list",,Optional[str],true,Deliverable 5 -- business-center distribution of each client's project,59,12,
tools/generate_governance_narrative.py,_classify_domains_for_findings,function,5062,5106,<module>,,"cascade: dict, state_summary: Optional[dict] = None",,dict,true,"Single source of truth for domain-tier-derived classification buckets,",45,22,
tools/generate_governance_narrative.py,_passive_inheritance_risk_domains,function,5109,5161,<module>,,"cascade: dict, state_summary: Optional[dict] = None",,list,true,Domains in PASSIVE_INHERITANCE_RISK_DOMAINS showing a material passive,53,14,
tools/generate_governance_narrative.py,_low_coherence_clients,function,5164,5168,<module>,,client_rows: list[dict],,list,false,,5,4,
tools/generate_governance_narrative.py,build_structured_findings,function,5191,5369,<module>,,"cascade: dict, client_rows: list[dict], state_summary: Optional[dict] = None",,list[dict],true,"Build the structured findings list backing governance_findings.json,",179,21,"next_id,domain_support,add_domain_finding"
tools/generate_governance_narrative.py,build_structured_findings.next_id,nested_function,5214,5216,build_structured_findings,,,,str,false,,3,1,
tools/generate_governance_narrative.py,build_structured_findings.domain_support,nested_function,5218,5223,build_structured_findings,,"dom: str, fields: list",,list,false,,6,1,
tools/generate_governance_narrative.py,build_structured_findings.add_domain_finding,nested_function,5225,5238,build_structured_findings,,"dom: str, finding_type: str, summary: str, rule_id: str, fields: list",,None,false,,14,1,
tools/generate_governance_narrative.py,render_findings_and_recommendations,function,5372,5455,<module>,,"cascade: dict, client_rows: list[dict], state_summary: Optional[dict] = None, findings: Optional[list] = None",,str,false,,84,20,_domain_ids
tools/generate_governance_narrative.py,render_findings_and_recommendations._domain_ids,nested_function,5381,5382,render_findings_and_recommendations,,finding_type: str,,list,false,,2,3,
tools/generate_governance_narrative.py,build_comparison_completeness,function,5458,5594,<module>,,"summary_rows: list, comparison_registry_rows: list, governance_state_rows: Optional[list] = None, governance_state_summary_rows: Optional[list] = None",,dict,true,"Per-domain counts of expected (segment_id_a, segment_id_b,",137,21,"_key,_state_key"
tools/generate_governance_narrative.py,build_comparison_completeness._key,nested_function,5510,5514,build_comparison_completeness,,row: dict,,tuple,false,,5,1,
tools/generate_governance_narrative.py,build_comparison_completeness._state_key,nested_function,5516,5520,build_comparison_completeness,,row: dict,,tuple,false,,5,1,
tools/generate_governance_narrative.py,render_limitations,function,5597,5683,<module>,,"corpus: dict, legacy_used_fallback: bool = False, has_state_outputs: bool = False, comparison_completeness: Optional[dict] = None",,str,false,,87,11,
tools/generate_governance_narrative.py,_narrative_for_inventory_entry,function,5697,5730,<module>,,"entry: dict, matrix_manifest_by_name: dict",,str,true,One or two live-computed sentences describing a file the directory,34,7,
tools/generate_governance_narrative.py,render_file_inventory_brief_section,function,5733,5754,<module>,,file_inventory: Optional[dict],,str,true,Renders the live drill-down-file directory as its own section of,22,5,
tools/generate_governance_narrative.py,render_governance_brief,function,5757,5845,<module>,,"findings: list, health: dict, corpus: dict, package_schema_version: str, file_inventory: Optional[dict] = None",,str,true,"A narrower, run-specific digest: consumes the already-built structured",89,16,
tools/generate_governance_narrative.py,main,function,5848,6886,<module>,,,,,false,,1039,112,
tools/generate_name_key_patterns.py,<module>,module,1,294,,,,,,true,Identity-Projection-Parameterized pattern generation (PR2).,294,3,"_read_csv,_write_csv,emit_config_patterns,build_name_patterns,build_name_membership,build_domain_coverage,emit_name_patterns,_assert_no_pattern_id_collision,main"
tools/generate_name_key_patterns.py,_read_csv,function,104,107,<module>,,path: Path,,"List[Dict[str, str]]",false,,4,4,
tools/generate_name_key_patterns.py,_write_csv,function,110,116,<module>,,"path: Path, fieldnames: List[str], rows: List[Dict[str, Any]]",,None,false,,7,4,
tools/generate_name_key_patterns.py,emit_config_patterns,function,119,127,<module>,,"config_patterns_csv: Path, out_dir: Path",,Path,true,"Republish today's production join_hash pattern output verbatim (byte-identical),",9,2,
tools/generate_name_key_patterns.py,build_name_patterns,function,130,168,<module>,,"name_key_rows: List[Dict[str, str]]",,"List[Dict[str, Any]]",true,"Cluster name-key rows (tools/apply_name_key_policy.py output) into pattern records,",39,8,
tools/generate_name_key_patterns.py,build_name_membership,function,171,192,<module>,,"name_key_rows: List[Dict[str, str]], pattern_rows: List[Dict[str, Any]]",,"List[Dict[str, Any]]",false,,22,4,
tools/generate_name_key_patterns.py,build_domain_coverage,function,195,228,<module>,,observed_domains: Iterable[str] = (),,"List[Dict[str, Any]]",true,"Every domain traced in PR1's Step-0-within-PR1 audit (25 eligible + 12 excluded),",34,4,
tools/generate_name_key_patterns.py,emit_name_patterns,function,231,245,<module>,,"name_key_csv: Path, out_dir: Path",,Path,false,,15,3,
tools/generate_name_key_patterns.py,_assert_no_pattern_id_collision,function,248,255,<module>,,"config_patterns_csv_out: Path, name_patterns_csv_out: Path",,None,false,,8,6,
tools/generate_name_key_patterns.py,main,function,258,290,<module>,,,,None,false,,33,6,
tools/generate_sig_hash_policy.py,<module>,module,1,67,,,,,,false,,67,2,"build_policy,main"
tools/generate_sig_hash_policy.py,build_policy,function,10,47,<module>,,"registry: Dict[str, Any]",,"Dict[str, Any]",false,,38,11,
tools/generate_sig_hash_policy.py,main,function,50,63,<module>,,,,None,false,,14,3,
tools/governance/standards_governance_report.py,<module>,module,1,497,,,,,,true,Standards Governance Report Generator,497,2,"ProjectExport,StandardsGovernanceAnalyzer,_get_identity_value,_build_html_report,_row_template,_pattern_row_template,build_table,build_pattern_table,main"
tools/governance/standards_governance_report.py,ProjectExport,class,26,29,<module>,dataclass(frozen=True),,,,false,,4,1,
tools/governance/standards_governance_report.py,StandardsGovernanceAnalyzer,class,32,232,<module>,,,,,false,,201,1,"__init__,load_exports,analyze_baseline_drift,analyze_template_overrides,identify_common_patterns,generate_report,_get_canonical_baselines,_build_summary"
tools/governance/standards_governance_report.py,StandardsGovernanceAnalyzer.__init__,method,33,36,StandardsGovernanceAnalyzer,,self,,None,false,,4,1,
tools/governance/standards_governance_report.py,StandardsGovernanceAnalyzer.load_exports,method,38,49,StandardsGovernanceAnalyzer,,"self, export_paths: Iterable[str]",,None,true,Load multiple project exports.,12,3,
tools/governance/standards_governance_report.py,StandardsGovernanceAnalyzer.analyze_baseline_drift,method,51,94,StandardsGovernanceAnalyzer,,self,,None,true,Find categories with inconsistent global baselines.,44,12,
tools/governance/standards_governance_report.py,StandardsGovernanceAnalyzer.analyze_template_overrides,method,96,144,StandardsGovernanceAnalyzer,,self,,None,true,Find templates that override canonical baseline unnecessarily.,49,13,
tools/governance/standards_governance_report.py,StandardsGovernanceAnalyzer.identify_common_patterns,method,146,189,StandardsGovernanceAnalyzer,,self,,None,true,Find common template patterns across projects.,44,9,
tools/governance/standards_governance_report.py,StandardsGovernanceAnalyzer.generate_report,method,191,198,StandardsGovernanceAnalyzer,,"self, output_path: str = 'governance_report.html'",,None,true,Generate HTML report.,8,1,
tools/governance/standards_governance_report.py,StandardsGovernanceAnalyzer._get_canonical_baselines,method,200,220,StandardsGovernanceAnalyzer,,self,,"Dict[str, str]",true,Helper: Get canonical baseline sig_hash for each category.,21,8,
tools/governance/standards_governance_report.py,StandardsGovernanceAnalyzer._build_summary,method,222,232,StandardsGovernanceAnalyzer,,self,,"Dict[str, int]",false,,11,5,
tools/governance/standards_governance_report.py,_get_identity_value,function,235,240,<module>,,"record: Dict[str, Any], key: str",,Optional[str],false,,6,3,
tools/governance/standards_governance_report.py,_build_html_report,function,243,413,<module>,,"projects: List[ProjectExport], violations: List[Dict[str, Any]], patterns: List[Dict[str, Any]], summary: Dict[str, int]",,str,false,,171,10,
tools/governance/standards_governance_report.py,_row_template,function,416,424,<module>,,"project: str, category: str, severity: str, recommendation: str",,str,false,,9,1,
tools/governance/standards_governance_report.py,_pattern_row_template,function,427,439,<module>,,"pattern: Dict[str, Any]",,str,false,,13,2,
tools/governance/standards_governance_report.py,build_table,function,442,453,<module>,,rows: str,,str,false,,12,2,
tools/governance/standards_governance_report.py,build_pattern_table,function,456,467,<module>,,rows: str,,str,false,,12,2,
tools/governance/standards_governance_report.py,main,function,470,493,<module>,,,,None,false,,24,2,
tools/governance_evidence_package.py,<module>,module,1,1621,,,,,,true,governance_evidence_package.py,1621,1,"_utc_now_iso,write_json,build_findings_document,build_package_manifest,comparison_type_coverage,build_package_health,_artifact,_sibling_scan_fields,build_evidence_map,_classify_scalar,_column_dtype,_scan_csv_file,inventory_export_directory_files,build_file_inventory_document"
tools/governance_evidence_package.py,_utc_now_iso,function,92,95,<module>,,,,str,false,,4,1,
tools/governance_evidence_package.py,write_json,function,98,99,<module>,,"path: Path, payload: dict",,None,false,,2,1,
tools/governance_evidence_package.py,build_findings_document,function,102,113,<module>,,"findings: list, schema_version: str = FINDINGS_SCHEMA_VERSION",,dict,true,Wrap a list of finding dicts (already built by the caller -- domain-,12,3,
tools/governance_evidence_package.py,build_package_manifest,function,118,220,<module>,,"*, generator_identity: str, generator_role: str, package_schema_version: str, analysis_date: str, input_paths: dict, input_required: dict, input_roles: dict, output_paths: dict, output_types: dict, output_authority: dict, output_context_role: dict, policy_dir: Optional[Path], comparison_run_ids: list, source_executed_utc: list, policy_profiles: Optional[dict] = None",,dict,true,Pure function: reads only Path.exists()/Path.stat() for already-written,103,8,
tools/governance_evidence_package.py,comparison_type_coverage,function,225,245,<module>,,"seen: set, known: set, intentionally_excluded: Optional[set] = None",,dict,true,Pure classification of a set of observed comparison_type values against,21,4,
tools/governance_evidence_package.py,build_package_health,function,250,453,<module>,,"*, schema_version: str, schema_detection: str, used_view_fallback: bool, comparison_type_coverage_by_fn: dict, required_inputs: dict, optional_inputs: dict, client_sector_status: str, domain_csv_row_count: int, domain_rows_excluded_no_signal: int, client_csv_row_count: int, corpus_project_file_count: int, excluded_from_scoring: list, unit_systems_seen: list, matrix_manifest_row_count: int, matrix_names_seen: list, policy_load_status: Optional[dict] = None, comparison_completeness: Optional[dict] = None, interpretation_guide_present: Optional[bool] = None",,dict,true,All text below is mechanical/factual only -- see module docstring.,204,22,
tools/governance_evidence_package.py,_artifact,function,458,503,<module>,,"artifact_id, path, artifact_type, required, present, producer, authority_level, context_role, grain, key_fields, identifiers, join_keys, can_answer, cannot_answer, known_limitations, null_semantics, related_artifacts, *, required_before_conclusions, schema_version = None, output_local_path = None",,,false,,46,3,
tools/governance_evidence_package.py,_sibling_scan_fields,function,516,536,<module>,,"path, present: bool",,dict,true,Reuse _scan_csv_file() -- the same D-023 live scan governance_file_,21,4,
tools/governance_evidence_package.py,build_evidence_map,function,539,1481,<module>,,"*, schema_version: str, input_paths: dict, input_present: dict, output_paths: dict, sibling_paths: dict, sibling_present: dict, package_schema_version: str = PACKAGE_SCHEMA_VERSION, file_inventory_schema_version: str = FILE_INVENTORY_SCHEMA_VERSION, out_dir = None",,dict,false,,943,9,"p,_output_local_path"
tools/governance_evidence_package.py,build_evidence_map.p,nested_function,563,565,build_evidence_map,,"paths, key",,,false,,3,1,
tools/governance_evidence_package.py,build_evidence_map._output_local_path,nested_function,567,577,build_evidence_map,,sibling_key: str,,,false,,11,3,
tools/governance_evidence_package.py,_classify_scalar,function,1494,1516,<module>,,value: str,,str,true,Classify one non-blank cell value as 'bool' / 'int' / 'float' / 'string'.,23,6,
tools/governance_evidence_package.py,_column_dtype,function,1519,1535,<module>,,seen: set,,str,true,Combine the set of per-cell classifications observed for one column,17,6,
tools/governance_evidence_package.py,_scan_csv_file,function,1538,1570,<module>,,path: Path,,dict,true,Single-pass header + dtype-inference + row-count scan of one CSV.,33,10,
tools/governance_evidence_package.py,inventory_export_directory_files,function,1573,1602,<module>,,"scan_dirs: list, known_paths: set",,list,true,Live directory scan: every *.csv file actually present under scan_dirs,30,9,
tools/governance_evidence_package.py,build_file_inventory_document,function,1605,1621,<module>,,"*, schema_version: str, scanned_directories: list, files: list",,dict,true,Pure envelope wrapper (matches build_findings_document()'s convention):,17,2,
tools/governance_manifest.py,<module>,module,1,375,,,,,,true,tools/governance_manifest.py,375,3,"normalize_business_center_label,_is_enterprise_client,_governance_role_key,_is_generic_role,compute_scope_key,_governance_id,_population_hash,_normalize_manual_metadata,build_governance_populations,main"
tools/governance_manifest.py,normalize_business_center_label,function,111,120,<module>,,raw: str,,"Tuple[str, bool]",true,"Returns (normalized_value, is_enterprise_bookkeeping).",10,6,
tools/governance_manifest.py,_is_enterprise_client,function,123,127,<module>,,"client_label: str, policy: EnterprisePolicy",,bool,false,,5,1,
tools/governance_manifest.py,_governance_role_key,function,130,131,<module>,,role: str,,str,false,,2,1,
tools/governance_manifest.py,_is_generic_role,function,134,135,<module>,,role: str,,bool,false,,2,1,
tools/governance_manifest.py,compute_scope_key,function,142,161,<module>,,"client_label: str, business_center_label: str, policy: EnterprisePolicy",,"Tuple[str, str, str, str]",true,"Returns (scope_key, scope_level, normalized_client_label, normalized_bc).",20,7,
tools/governance_manifest.py,_governance_id,function,164,166,<module>,,"unit_system: str, role: str, discipline_label: str, scope_key: str",,str,false,,3,1,
tools/governance_manifest.py,_population_hash,function,169,171,<module>,,export_run_ids: List[str],,str,false,,3,1,
tools/governance_manifest.py,_normalize_manual_metadata,function,174,219,<module>,,"meta_rows: List[Dict[str, str]]",,"List[Dict[str, str]]",true,Case-fold manually-entered file_metadata.csv fields before they enter,46,6,
tools/governance_manifest.py,build_governance_populations,function,226,327,<module>,,"meta_rows: List[Dict[str, str]], policy: EnterprisePolicy",,"Tuple[List[Dict[str, str]], List[Dict[str, str]], List[Dict[str, str]]]",true,Group file_metadata.csv rows into disjoint governance populations.,102,9,
tools/governance_manifest.py,main,function,334,371,<module>,,,,int,false,,38,5,
tools/governance_policy.py,<module>,module,1,99,,,,,,true,governance_policy.py,99,1,"_load_profile,load_governance_policy"
tools/governance_policy.py,_load_profile,function,50,64,<module>,,"policy_dir: Optional[Path], filename: str, default: dict",,"tuple[dict, dict]",true,"Return (effective_profile, load_status).",15,3,
tools/governance_policy.py,load_governance_policy,function,67,99,<module>,,"policy_dir: Optional[Path], defaults: dict",,dict,true,"Load all five governance policy profiles from policy_dir, falling back",33,2,
tools/governance_relationships.py,<module>,module,1,335,,,,,,true,tools/governance_relationships.py,335,3,"_project_key,_project_id,build_relationships_rows,build_bc_client_matrix_rows,build_client_bc_matrix_rows,main"
tools/governance_relationships.py,_project_key,function,99,108,<module>,,"row: Dict[str, str]",,"Tuple[str, bool]",true,"Returns (key, is_fallback). Mirrors compare_cross_segment.py's",10,3,
tools/governance_relationships.py,_project_id,function,111,113,<module>,,"client_label: str, business_center_label: str, project_key: str",,str,false,,3,1,
tools/governance_relationships.py,build_relationships_rows,function,116,224,<module>,,"file_meta_rows: List[Dict[str, str]]",,"Tuple[List[Dict[str, str]], List[str]]",true,"Group file_metadata.csv's governance_role == ""Project"" rows into one",109,16,
tools/governance_relationships.py,build_bc_client_matrix_rows,function,227,266,<module>,,"relationship_rows: List[Dict[str, str]]",,"List[Dict[str, str]]",true,"One row per (business_center_label, client_label) pair actually",40,4,
tools/governance_relationships.py,build_client_bc_matrix_rows,function,269,291,<module>,,"bc_client_rows: List[Dict[str, str]]",,"List[Dict[str, str]]",true,"One row per client, aggregated from bc_client_rows. No independent",23,6,
tools/governance_relationships.py,main,function,294,331,<module>,,argv: List[str] | None = None,,int,false,,38,3,
tools/inspect_lft_similarity.py,<module>,module,1,935,,,,,,true,inspect_lft_similarity.py  (v5),935,2,"extract_category,extract_family_name,normalise_name,token_overlap,match_dim_bucket,parse_raw_values,format_range,is_classification_param,load_unit_systems,load_lft_records,stream_parameter_rows,build_dim_summaries,build_class_profiles,build_subgroups,build_exact_match_table,build_name_cluster_table,write_detail_file,write_detail_file_kv,write_csv,build_family_file_detail,main"
tools/inspect_lft_similarity.py,extract_category,function,48,49,<module>,,label,,,false,,2,1,
tools/inspect_lft_similarity.py,extract_family_name,function,51,52,<module>,,label,,,false,,2,1,
tools/inspect_lft_similarity.py,normalise_name,function,54,57,<module>,,name,,,false,,4,3,
tools/inspect_lft_similarity.py,token_overlap,function,59,62,<module>,,"a, b",,,false,,4,3,
tools/inspect_lft_similarity.py,match_dim_bucket,function,88,96,<module>,,param_name,,,false,,9,5,
tools/inspect_lft_similarity.py,parse_raw_values,function,98,109,<module>,,raw_set,,,false,,12,6,
tools/inspect_lft_similarity.py,format_range,function,111,121,<module>,,"values, unit_system = 'imperial'",,,false,,11,5,
tools/inspect_lft_similarity.py,is_classification_param,function,139,143,<module>,,param_name,,,false,,5,4,
tools/inspect_lft_similarity.py,load_unit_systems,function,150,158,<module>,,file_metadata_path,,,false,,9,6,
tools/inspect_lft_similarity.py,load_lft_records,function,165,199,<module>,,records_path,,,false,,35,8,
tools/inspect_lft_similarity.py,stream_parameter_rows,function,208,262,<module>,,"parameter_rows_path, pk_to_sig, pk_to_run, unit_systems",,,false,,55,15,
tools/inspect_lft_similarity.py,build_dim_summaries,function,269,282,<module>,,"dim_accum, dim_pnames, sig_to_run_ids, unit_systems",,,false,,14,4,
tools/inspect_lft_similarity.py,build_class_profiles,function,289,340,<module>,,"class_accum, sig_to_run_ids, max_diversity = 0.3, min_modal_pct = 0.5",,,true,Returns:,52,9,
tools/inspect_lft_similarity.py,build_subgroups,function,347,382,<module>,,"class_profiles, sig_to_run_ids, sig_to_label, sig_to_cat, max_diversity = 0.3, min_modal_pct = 0.5",,,false,,36,8,
tools/inspect_lft_similarity.py,build_exact_match_table,function,389,451,<module>,,"rows, dim_summaries, sig_class_summary, sig_to_run_ids, min_files = 2",,,false,,63,18,
tools/inspect_lft_similarity.py,build_name_cluster_table,function,458,530,<module>,,"rows, sig_class_summary, sim_threshold = 0.5",,,false,,73,26,
tools/inspect_lft_similarity.py,write_detail_file,function,537,560,<module>,,"path, rows, id_field, id_label, value_field, value_label, extra_fields = None",,,true,Explode a pipe-delimited column into a normalised detail file.,24,10,
tools/inspect_lft_similarity.py,write_detail_file_kv,function,563,598,<module>,,"path, rows, id_field, id_label, value_field, value_label, count_label = None, extra_fields = None",,,true,Explode pipe-delimited 'value(count)' entries into normalised rows.,36,12,
tools/inspect_lft_similarity.py,write_csv,function,605,611,<module>,,"path, rows, fieldnames",,,false,,7,2,
tools/inspect_lft_similarity.py,build_family_file_detail,function,615,669,<module>,,"rows, exact_rows",,,true,Preserve the row-level relationship needed to trace suspected duplicate,55,7,
tools/inspect_lft_similarity.py,main,function,676,931,<module>,,,,,false,,256,43,
tools/jenks_utils.py,<module>,module,1,74,,,,,,false,,74,1,jenks_breaks
tools/jenks_utils.py,jenks_breaks,function,6,74,<module>,,"values: list, n_classes: int = 2",,List[float],true,"Fisher-Jenks natural breaks. Pure Python, no external dependencies.",69,19,
tools/join_key_derivation.py,<module>,module,1,8,,,,,,false,,8,2,
tools/join_key_discovery/eval.py,<module>,module,1,207,,,,,,false,,207,1,"_norm,build_identity_index,_listish,_lookup_shape_cfg,normalize_policy_block,build_candidate_join_key_with_details,build_candidate_join_key,score_candidate"
tools/join_key_discovery/eval.py,_norm,function,7,8,<module>,,v: Any,,str,false,,2,1,
tools/join_key_discovery/eval.py,build_identity_index,function,11,33,<module>,,"identity_items: Sequence[Dict[str, str]]",,"Dict[str, Dict[str, Tuple[str, str]]]",true,"record_pk -> item_key -> (q, v), deterministic tie-break by (q,v).",23,10,
tools/join_key_discovery/eval.py,_listish,function,36,39,<module>,,v: Any,,List[str],false,,4,4,
tools/join_key_discovery/eval.py,_lookup_shape_cfg,function,44,66,<module>,,"shape_requirements: Dict[str, Any], shape_value: str",,"Tuple[str, Any]",true,"Return (matched_key, cfg) with tolerant bool-string matching.",23,8,
tools/join_key_discovery/eval.py,normalize_policy_block,function,68,92,<module>,,"policy_block: Dict[str, Any] | None, fallback_selected_fields: Sequence[str] | None = None",,"Dict[str, Any]",false,,25,16,
tools/join_key_discovery/eval.py,build_candidate_join_key_with_details,function,95,140,<module>,,"identity_items_by_record: Dict[str, Dict[str, Tuple[str, str]]], record_pk: str, selected_fields: Sequence[str], gates: Dict[str, Any] | None = None",,"Tuple[str, List[Dict[str, str]], str, Dict[str, Any]]",true,"Returns (status, selected_items, reason, details).",46,16,
tools/join_key_discovery/eval.py,build_candidate_join_key,function,143,151,<module>,,"identity_items_by_record: Dict[str, Dict[str, Tuple[str, str]]], record_pk: str, selected_fields: Sequence[str], gates: Dict[str, Any] | None = None",,"Tuple[str, List[Dict[str, str]], str]",true,"Returns (status, selected_items, reason).",9,1,
tools/join_key_discovery/eval.py,score_candidate,function,154,207,<module>,,"records: Sequence[Dict[str, str]], identity_items_by_record: Dict[str, Dict[str, Tuple[str, str]]], selected_fields: Sequence[str], cfg: Dict[str, Any] | None = None",,"Dict[str, Any]",false,,54,11,
tools/join_key_discovery/greedy.py,<module>,module,1,113,,,,,,false,,113,1,"_score,discover_greedy"
tools/join_key_discovery/greedy.py,_score,function,8,15,<module>,,"metrics: Dict[str, Any]",,tuple,false,,8,1,
tools/join_key_discovery/greedy.py,discover_greedy,function,18,113,<module>,,"domain_records: Sequence[Dict[str, str]], domain_identity_items: Dict[str, Dict[str, tuple[str, str]]], candidate_fields: Sequence[str], cfg: Dict[str, Any] | None = None",,"Dict[str, Any]",false,,96,25,
tools/join_key_discovery/materials_joinkey_discover.py,<module>,module,1,491,,,,,,true,materials_joinkey_discover.py,491,2,"_read_csv,_write_csv,_md5,_load_materials,_is_system_material,_partition_rows,_extract_name,_extract_sig,_extract_uid,_build_key,_load_class_map,_compute_metrics,_top_patterns,_build_key_files,_print_tiered,_tiered_csv_rows,_print_summary_table,discover,main"
tools/join_key_discovery/materials_joinkey_discover.py,_read_csv,function,39,42,<module>,,path: Path,,"List[Dict[str, str]]",false,,4,4,
tools/join_key_discovery/materials_joinkey_discover.py,_write_csv,function,45,50,<module>,,"path: Path, fieldnames: List[str], rows: List[Dict[str, str]]",,None,false,,6,2,
tools/join_key_discovery/materials_joinkey_discover.py,_md5,function,53,54,<module>,,s: str,,str,false,,2,1,
tools/join_key_discovery/materials_joinkey_discover.py,_load_materials,function,61,75,<module>,,"phase0_dir: Path, records_file: Optional[Path] = None",,"List[Dict[str, str]]",false,,15,9,
tools/join_key_discovery/materials_joinkey_discover.py,_is_system_material,function,98,107,<module>,,"r: Dict[str, str]",,bool,false,,10,6,
tools/join_key_discovery/materials_joinkey_discover.py,_partition_rows,function,110,113,<module>,,"rows: List[Dict[str, str]]",,"Tuple[List, List]",false,,4,5,
tools/join_key_discovery/materials_joinkey_discover.py,_extract_name,function,120,122,<module>,,"r: Dict[str, str]",,str,false,,3,2,
tools/join_key_discovery/materials_joinkey_discover.py,_extract_sig,function,125,127,<module>,,"r: Dict[str, str]",,str,false,,3,2,
tools/join_key_discovery/materials_joinkey_discover.py,_extract_uid,function,130,132,<module>,,"r: Dict[str, str]",,str,false,,3,3,
tools/join_key_discovery/materials_joinkey_discover.py,_build_key,function,135,136,<module>,,parts: List[str],,str,false,,2,1,
tools/join_key_discovery/materials_joinkey_discover.py,_load_class_map,function,143,171,<module>,,phase0_dir: Path,,"Dict[str, str]",false,,29,16,
tools/join_key_discovery/materials_joinkey_discover.py,_compute_metrics,function,178,222,<module>,,"rows: List[Dict[str, str]], key_fn, strategy_label: str, files_total: int",,"Dict[str, object]",false,,45,20,
tools/join_key_discovery/materials_joinkey_discover.py,_top_patterns,function,229,243,<module>,,"rows: List[Dict[str, str]], key_fn, n: int",,"List[Dict[str, str]]",false,,15,8,
tools/join_key_discovery/materials_joinkey_discover.py,_build_key_files,function,259,269,<module>,,"rows: List[Dict[str, str]], key_fn",,"Tuple[Dict, Dict]",false,,11,7,
tools/join_key_discovery/materials_joinkey_discover.py,_print_tiered,function,272,291,<module>,,"rows: List[Dict[str, str]], key_fn, files_total: int, strategy_label: str, top_n_per_tier: int",,None,false,,20,7,
tools/join_key_discovery/materials_joinkey_discover.py,_tiered_csv_rows,function,294,314,<module>,,"rows: List[Dict[str, str]], key_fn, files_total: int, strategy_label: str, top_n_per_tier: int",,"List[Dict[str, str]]",false,,21,5,
tools/join_key_discovery/materials_joinkey_discover.py,_print_summary_table,function,321,339,<module>,,"all_metrics: List[Dict], title: str",,None,false,,19,2,
tools/join_key_discovery/materials_joinkey_discover.py,discover,function,346,451,<module>,,"phase0_dir: Path, out_dir: Optional[Path], top_n: int, skip_class: bool, records_file: Optional[Path] = None, top_n_per_tier: int = 15",,None,false,,106,20,"key_uid,key_name,key_sig,key_name_sig,key_class,key_name_class"
tools/join_key_discovery/materials_joinkey_discover.py,discover.key_uid,nested_function,365,365,discover,,r,,,false,,1,1,
tools/join_key_discovery/materials_joinkey_discover.py,discover.key_name,nested_function,366,366,discover,,r,,,false,,1,1,
tools/join_key_discovery/materials_joinkey_discover.py,discover.key_sig,nested_function,367,367,discover,,r,,,false,,1,1,
tools/join_key_discovery/materials_joinkey_discover.py,discover.key_name_sig,nested_function,369,371,discover,,r,,,false,,3,1,
tools/join_key_discovery/materials_joinkey_discover.py,discover.key_class,nested_function,373,374,discover,,r,,,false,,2,1,
tools/join_key_discovery/materials_joinkey_discover.py,discover.key_name_class,nested_function,376,379,discover,,r,,,false,,4,1,
tools/join_key_discovery/materials_joinkey_discover.py,main,function,454,487,<module>,,,,None,false,,34,5,
tools/label_synthesis/__init__.py,<module>,module,1,1,,,,,,false,,1,1,
tools/label_synthesis/build_identity_items_lookup.py,<module>,module,1,345,,,,,,true,tools/label_synthesis/build_identity_items_lookup.py,345,2,"_find_file,_sniff_item_columns,build_lookup,main"
tools/label_synthesis/build_identity_items_lookup.py,_find_file,function,55,60,<module>,,"directory: Path, *candidates: str",,Optional[Path],false,,6,3,
tools/label_synthesis/build_identity_items_lookup.py,_sniff_item_columns,function,63,89,<module>,,header: List[str],,"Tuple[str, str, Optional[str]]",true,"Return (key_col, value_col, quality_col) from a header row.",27,8,
tools/label_synthesis/build_identity_items_lookup.py,build_lookup,function,92,313,<module>,,"records_dir: Path, out_dir: Path",,Path,false,,222,30,_process_item_rows
tools/label_synthesis/build_identity_items_lookup.py,build_lookup._process_item_rows,nested_function,198,254,build_lookup,,"rows_iter, fieldnames: List[str], source_name: str",,None,false,,57,16,
tools/label_synthesis/build_identity_items_lookup.py,main,function,316,341,<module>,,,,None,false,,26,1,
tools/label_synthesis/build_label_population.py,<module>,module,1,182,,,,,,true,tools/label_synthesis/build_label_population.py,182,2,"build_label_population,main"
tools/label_synthesis/build_label_population.py,build_label_population,function,37,140,<module>,,"out_root: Path, records_dir: Path | None = None, label_synth_dir: Path | None = None",,None,false,,104,16,
tools/label_synthesis/build_label_population.py,main,function,143,178,<module>,,,,None,false,,36,1,
tools/label_synthesis/build_semantic_groups.py,<module>,module,1,1196,,,,,,true,Build semantic group labels for selected analysis domains.,1196,2,"build_grouping_prompt,_peer_block,_normalize_text_size,_parse_text_type_label_fields,_prompt_text_types,_prompt_arrowheads,_prompt_line_patterns,_prompt_line_styles,_normalise_fill_angle,_is_fill_angle_close,_infer_fill_geometry_description,_prompt_fill_patterns,_utc_now_iso,_read_csv_rows,_load_analysis_run_id,_load_cache,_save_cache,_write_json,_resolve_export_target,_write_export_batches,_load_export_progress,_save_export_progress,_derive_element_label,_load_pattern_rows,_load_pattern_to_record_pk,_resolve_identity_items_source,_load_identity_items_by_record,_line_pattern_segment_keys,_is_nullish,_extract_behavioral_props,_parse_grouping_response,_normalize_import_payload,_call_grouping_llm,build_semantic_groups,main"
tools/label_synthesis/build_semantic_groups.py,build_grouping_prompt,function,48,68,<module>,,"domain: str, pattern_label_human: str, behavioral_props: dict[str, str], peer_group_labels: list[str]",,str,true,Build the user-turn prompt for the LLM grouping call.,21,6,
tools/label_synthesis/build_semantic_groups.py,_peer_block,function,71,80,<module>,,peer_group_labels: list[str],,str,true,Format the peer vocabulary block.,10,3,
tools/label_synthesis/build_semantic_groups.py,_normalize_text_size,function,83,122,<module>,,size_raw: str,,str,true,Convert decimal inch value to readable fraction string.,40,8,
tools/label_synthesis/build_semantic_groups.py,_parse_text_type_label_fields,function,125,147,<module>,,pattern_label_human: str,,"tuple[Optional[str], Optional[str], list[str]]",false,,23,11,
tools/label_synthesis/build_semantic_groups.py,_prompt_text_types,function,150,227,<module>,,"label: str, props: dict[str, str], peers: list[str]",,str,false,,78,14,
tools/label_synthesis/build_semantic_groups.py,_prompt_arrowheads,function,230,286,<module>,,"label: str, props: dict[str, str], peers: list[str]",,str,false,,57,8,
tools/label_synthesis/build_semantic_groups.py,_prompt_line_patterns,function,289,319,<module>,,"label: str, props: dict[str, str], peers: list[str]",,str,false,,31,1,
tools/label_synthesis/build_semantic_groups.py,_prompt_line_styles,function,322,381,<module>,,"label: str, props: dict[str, str], peers: list[str]",,str,false,,60,9,
tools/label_synthesis/build_semantic_groups.py,_normalise_fill_angle,function,384,385,<module>,,deg: float,,float,false,,2,1,
tools/label_synthesis/build_semantic_groups.py,_is_fill_angle_close,function,388,393,<module>,,"value: float, target: float, tol: float = 5.0",,bool,false,,6,1,
tools/label_synthesis/build_semantic_groups.py,_infer_fill_geometry_description,function,396,429,<module>,,"grid_count: Optional[int], angles: List[float]",,str,true,"Derive an orientation description from grid count + angle, only ever",34,23,
tools/label_synthesis/build_semantic_groups.py,_prompt_fill_patterns,function,432,554,<module>,,"domain: str, label: str, props: dict[str, str], peers: list[str]",,str,false,,123,24,
tools/label_synthesis/build_semantic_groups.py,_utc_now_iso,function,557,558,<module>,,,,str,false,,2,1,
tools/label_synthesis/build_semantic_groups.py,_read_csv_rows,function,561,563,<module>,,path: Path,,"List[Dict[str, str]]",false,,3,2,
tools/label_synthesis/build_semantic_groups.py,_load_analysis_run_id,function,566,573,<module>,,analysis_dir: Path,,str,false,,8,4,
tools/label_synthesis/build_semantic_groups.py,_load_cache,function,576,593,<module>,,cache_path: Path,,"Dict[str, Any]",false,,18,4,
tools/label_synthesis/build_semantic_groups.py,_save_cache,function,596,599,<module>,,"cache_path: Path, cache: Dict[str, Any]",,None,false,,4,2,
tools/label_synthesis/build_semantic_groups.py,_write_json,function,602,605,<module>,,"path: Path, payload: Any",,None,false,,4,2,
tools/label_synthesis/build_semantic_groups.py,_resolve_export_target,function,608,610,<module>,,"cache_path: Path, export_arg: Path",,Path,true,Place export files alongside label_semantic_groups.json.,3,1,
tools/label_synthesis/build_semantic_groups.py,_write_export_batches,function,613,631,<module>,,"base_path: Path, prompts: list[Dict[str, str]], batch_size: Optional[int]",,list[Path],false,,19,6,
tools/label_synthesis/build_semantic_groups.py,_load_export_progress,function,634,649,<module>,,path: Path,,"Dict[str, set[str]]",false,,16,10,
tools/label_synthesis/build_semantic_groups.py,_save_export_progress,function,652,658,<module>,,"path: Path, progress: Dict[str, set[str]]",,None,false,,7,2,
tools/label_synthesis/build_semantic_groups.py,_derive_element_label,function,661,674,<module>,,"domain: str, items: Dict[str, str], fallback: str",,str,false,,14,4,
tools/label_synthesis/build_semantic_groups.py,_load_pattern_rows,function,677,713,<module>,,"analysis_dir: Path, only_domain: Optional[str]",,"Dict[str, List[Dict[str, str]]]",false,,37,14,
tools/label_synthesis/build_semantic_groups.py,_load_pattern_to_record_pk,function,716,729,<module>,,"analysis_dir: Path, domain: str",,"Dict[str, str]",false,,14,10,
tools/label_synthesis/build_semantic_groups.py,_resolve_identity_items_source,function,732,748,<module>,,"phase0_dir: Path, shards_dir: Path, domain: str",,Optional[Path],false,,17,5,
tools/label_synthesis/build_semantic_groups.py,_load_identity_items_by_record,function,751,769,<module>,,"phase0_dir: Path, shards_dir: Path, domain: str",,"Optional[Dict[str, Dict[str, str]]]",false,,19,13,
tools/label_synthesis/build_semantic_groups.py,_line_pattern_segment_keys,function,772,774,<module>,,"items: Dict[str, str]",,List[str],false,,3,4,
tools/label_synthesis/build_semantic_groups.py,_is_nullish,function,777,779,<module>,,value: str,,bool,false,,3,1,
tools/label_synthesis/build_semantic_groups.py,_extract_behavioral_props,function,782,844,<module>,,"domain: str, items: Dict[str, str]",,"Dict[str, str]",false,,63,25,
tools/label_synthesis/build_semantic_groups.py,_parse_grouping_response,function,847,876,<module>,,raw_text: str,,"Dict[str, str]",false,,30,9,
tools/label_synthesis/build_semantic_groups.py,_normalize_import_payload,function,879,893,<module>,,"row: Dict[str, Any]",,"Dict[str, str]",false,,15,4,
tools/label_synthesis/build_semantic_groups.py,_call_grouping_llm,function,896,897,<module>,,prompt: str,,str,false,,2,1,
tools/label_synthesis/build_semantic_groups.py,build_semantic_groups,function,900,1134,<module>,,"*, out_root: Path, domain: Optional[str], dry_run: bool, force_refresh: bool, max_patterns: Optional[int], export_prompts: Optional[Path], import_results: Optional[Path], peer_vocab_from_cache: bool, export_batch_size: Optional[int]",,None,false,,235,55,
tools/label_synthesis/build_semantic_groups.py,main,function,1137,1192,<module>,,,,None,false,,56,10,
tools/label_synthesis/domain_prompts/__init__.py,<module>,module,1,1,,,,,,false,,1,1,
tools/label_synthesis/domain_prompts/arrowheads.py,<module>,module,1,371,,,,,,true,tools/label_synthesis/domain_prompts/arrowheads.py,371,1,"build_prompt,_detect_record_class,_fmt_size,_format_identity_items"
tools/label_synthesis/domain_prompts/arrowheads.py,build_prompt,function,206,281,<module>,,"join_hash: str, observed_labels: List[Dict[str, Any]], identity_items: List[Dict[str, Any]], corpus_context: Optional[Dict[str, Any]] = None",,str,false,,76,10,
tools/label_synthesis/domain_prompts/arrowheads.py,_detect_record_class,function,318,331,<module>,,"identity_items: List[Dict[str, Any]]",,str,false,,14,6,
tools/label_synthesis/domain_prompts/arrowheads.py,_fmt_size,function,334,342,<module>,,val_str: str,,str,false,,9,5,
tools/label_synthesis/domain_prompts/arrowheads.py,_format_identity_items,function,345,371,<module>,,"identity_items: List[Dict[str, Any]]",,List[str],false,,27,9,
tools/label_synthesis/domain_prompts/dimension_types.py,<module>,module,1,661,,,,,,true,tools/label_synthesis/domain_prompts/dimension_types.py,661,1,"_get_shape,_shape_context_note,build_prompt,_fmt_accuracy,_fmt_witness,_format_identity_items"
tools/label_synthesis/domain_prompts/dimension_types.py,_get_shape,function,276,280,<module>,,"identity_items: List[Dict[str, Any]]",,Optional[str],false,,5,4,
tools/label_synthesis/domain_prompts/dimension_types.py,_shape_context_note,function,283,318,<module>,,shape: Optional[str],,Optional[str],true,Return a brief shape-specific note to insert before the parameters.,36,8,
tools/label_synthesis/domain_prompts/dimension_types.py,build_prompt,function,325,396,<module>,,"join_hash: str, observed_labels: List[Dict[str, Any]], identity_items: List[Dict[str, Any]], corpus_context: Optional[Dict[str, Any]] = None",,str,false,,72,10,
tools/label_synthesis/domain_prompts/dimension_types.py,_fmt_accuracy,function,522,530,<module>,,val_str: str,,str,false,,9,5,
tools/label_synthesis/domain_prompts/dimension_types.py,_fmt_witness,function,533,534,<module>,,val_str: str,,str,false,,2,1,
tools/label_synthesis/domain_prompts/dimension_types.py,_format_identity_items,function,537,661,<module>,,"identity_items: List[Dict[str, Any]], shape: Optional[str] = None",,List[str],false,,125,27,
tools/label_synthesis/domain_prompts/fill_patterns.py,<module>,module,1,388,,,,,,true,tools/label_synthesis/domain_prompts/fill_patterns.py,388,1,"build_prompt,_is_opaque_fallback,_normalise_angle,_is_angle_close,_infer_geometry_description,_extract_grid_geometry,_get_identity_value"
tools/label_synthesis/domain_prompts/fill_patterns.py,build_prompt,function,178,283,<module>,,"join_hash: str, observed_labels: List[Dict[str, Any]], identity_items: List[Dict[str, Any]], corpus_context: Optional[Dict[str, Any]] = None",,str,false,,106,24,
tools/label_synthesis/domain_prompts/fill_patterns.py,_is_opaque_fallback,function,286,291,<module>,,label_v: str,,bool,false,,6,4,
tools/label_synthesis/domain_prompts/fill_patterns.py,_normalise_angle,function,294,295,<module>,,deg: float,,float,false,,2,1,
tools/label_synthesis/domain_prompts/fill_patterns.py,_is_angle_close,function,298,303,<module>,,"value: float, target: float, tol: float = 5.0",,bool,false,,6,1,
tools/label_synthesis/domain_prompts/fill_patterns.py,_infer_geometry_description,function,306,350,<module>,,"grid_count: int, grid_angles: List[float]",,str,false,,45,23,
tools/label_synthesis/domain_prompts/fill_patterns.py,_extract_grid_geometry,function,353,375,<module>,,"identity_items: List[Dict[str, Any]]",,"List[Dict[str, Optional[str]]]",false,,23,7,
tools/label_synthesis/domain_prompts/fill_patterns.py,_get_identity_value,function,378,388,<module>,,"identity_items: List[Dict[str, Any]], key: str",,Optional[str],false,,11,5,
tools/label_synthesis/domain_prompts/line_patterns.py,<module>,module,1,328,,,,,,true,tools/label_synthesis/domain_prompts/line_patterns.py,328,1,"_strip_import_prefix,_is_opaque_name,build_prompt,_format_identity_items"
tools/label_synthesis/domain_prompts/line_patterns.py,_strip_import_prefix,function,125,130,<module>,,name: str,,str,false,,6,3,
tools/label_synthesis/domain_prompts/line_patterns.py,_is_opaque_name,function,133,143,<module>,,name: str,,bool,true,Heuristic: name is opaque if it's all-caps/numeric with no spaces and,11,3,
tools/label_synthesis/domain_prompts/line_patterns.py,build_prompt,function,146,248,<module>,,"join_hash: str, observed_labels: List[Dict[str, Any]], identity_items: List[Dict[str, Any]], corpus_context: Optional[Dict[str, Any]] = None",,str,false,,103,16,
tools/label_synthesis/domain_prompts/line_patterns.py,_format_identity_items,function,269,328,<module>,,"identity_items: List[Dict[str, Any]]",,List[str],false,,60,22,
tools/label_synthesis/domain_prompts/line_styles.py,<module>,module,1,380,,,,,,true,tools/label_synthesis/domain_prompts/line_styles.py,380,1,"_strip_lines_prefix,_fmt_color,build_prompt,_format_identity_items"
tools/label_synthesis/domain_prompts/line_styles.py,_strip_lines_prefix,function,204,215,<module>,,path: str,,Optional[str],true,Strip 'Lines|' parent prefix; return None for self-referential paths.,12,4,
tools/label_synthesis/domain_prompts/line_styles.py,_fmt_color,function,218,230,<module>,,val_str: str,,str,false,,13,5,
tools/label_synthesis/domain_prompts/line_styles.py,build_prompt,function,233,296,<module>,,"join_hash: str, observed_labels: List[Dict[str, Any]], identity_items: List[Dict[str, Any]], corpus_context: Optional[Dict[str, Any]] = None",,str,false,,64,9,
tools/label_synthesis/domain_prompts/line_styles.py,_format_identity_items,function,330,380,<module>,,"identity_items: List[Dict[str, Any]]",,List[str],false,,51,14,
tools/label_synthesis/domain_prompts/text_types.py,<module>,module,1,352,,,,,,true,tools/label_synthesis/domain_prompts/text_types.py,352,1,"build_prompt,_fmt_size,_fmt_color,_format_identity_items"
tools/label_synthesis/domain_prompts/text_types.py,build_prompt,function,190,253,<module>,,"join_hash: str, observed_labels: List[Dict[str, Any]], identity_items: List[Dict[str, Any]], corpus_context: Optional[Dict[str, Any]] = None",,str,false,,64,9,
tools/label_synthesis/domain_prompts/text_types.py,_fmt_size,function,307,315,<module>,,val_str: str,,str,false,,9,5,
tools/label_synthesis/domain_prompts/text_types.py,_fmt_color,function,318,319,<module>,,val_str: str,,str,false,,2,1,
tools/label_synthesis/domain_prompts/text_types.py,_format_identity_items,function,322,352,<module>,,"identity_items: List[Dict[str, Any]]",,List[str],false,,31,9,
tools/label_synthesis/domain_prompts/view_filter_definitions.py,<module>,module,1,292,,,,,,true,tools/label_synthesis/domain_prompts/view_filter_definitions.py,292,1,"_is_opaque_name,_get_value,_collect_rules,_op_short,_format_rule_summary,build_prompt"
tools/label_synthesis/domain_prompts/view_filter_definitions.py,_is_opaque_name,function,135,139,<module>,,name: str,,bool,false,,5,4,
tools/label_synthesis/domain_prompts/view_filter_definitions.py,_get_value,function,149,159,<module>,,"identity_items: List[Dict[str, Any]], key: str",,Optional[str],false,,11,5,
tools/label_synthesis/domain_prompts/view_filter_definitions.py,_collect_rules,function,162,179,<module>,,"identity_items: List[Dict[str, Any]]",,"List[Dict[str, Optional[str]]]",false,,18,7,
tools/label_synthesis/domain_prompts/view_filter_definitions.py,_op_short,function,182,186,<module>,,op: Optional[str],,str,false,,5,3,
tools/label_synthesis/domain_prompts/view_filter_definitions.py,_format_rule_summary,function,189,204,<module>,,"rules: List[Dict[str, Optional[str]]]",,List[str],false,,16,7,
tools/label_synthesis/domain_prompts/view_filter_definitions.py,build_prompt,function,211,292,<module>,,"join_hash: str, observed_labels: List[Dict[str, Any]], identity_items: List[Dict[str, Any]], corpus_context: Optional[Dict[str, Any]] = None",,str,false,,82,18,
tools/label_synthesis/label_resolver.py,<module>,module,1,414,,,,,,true,tools/label_synthesis/label_resolver.py,414,1,"resolve_pattern_label,find_near_duplicate_merges,_extract_kv_typed,_are_near_duplicates,_within_tolerance,_try_synopsis,_get_synopsis_formatter,_try_modal,is_fragmented,load_llm_cache,save_llm_cache,load_annotations,load_label_population"
tools/label_synthesis/label_resolver.py,resolve_pattern_label,function,60,128,<module>,,"*, domain: str, join_hash: str, join_key_schema: str, pattern_rank: int, pattern_count: int, identity_items: Optional[List[Dict[str, Any]]] = None, label_population: Optional[List[Dict[str, Any]]] = None, annotations: Optional[Dict[str, str]] = None, llm_cache: Optional[Dict[str, Any]] = None, pattern_id: Optional[str] = None, near_dup_target_label: Optional[str] = None",,"Tuple[str, str]",true,Resolve a human-readable label for a pattern.,69,13,
tools/label_synthesis/label_resolver.py,find_near_duplicate_merges,function,135,192,<module>,,"cluster_rows: List[Dict[str, Any]]",,"Dict[str, str]",true,Detect near-duplicate clusters and return {smaller_jh -> canonical_jh}.,58,12,
tools/label_synthesis/label_resolver.py,_extract_kv_typed,function,195,219,<module>,,"identity_items: List[Dict[str, Any]]",,"Optional[Dict[str, Tuple[str, bool]]]",true,"Build {key: (value_str, is_numeric)} from ok-quality identity_items.",25,8,
tools/label_synthesis/label_resolver.py,_are_near_duplicates,function,222,240,<module>,,"kv_a: Dict[str, Tuple[str, bool]], kv_b: Dict[str, Tuple[str, bool]]",,bool,true,Return True if two kv dicts represent near-duplicate configurations.,19,7,
tools/label_synthesis/label_resolver.py,_within_tolerance,function,243,247,<module>,,"a: float, b: float",,bool,false,,5,2,
tools/label_synthesis/label_resolver.py,_try_synopsis,function,254,261,<module>,,"domain: str, identity_items: List[Dict[str, Any]]",,Optional[str],false,,8,4,
tools/label_synthesis/label_resolver.py,_get_synopsis_formatter,function,264,273,<module>,,domain: str,,,false,,10,3,
tools/label_synthesis/label_resolver.py,_try_modal,function,279,317,<module>,,"label_population: List[Dict[str, Any]]",,"Tuple[Optional[str], str]",true,Attempt modal label resolution with both share and entropy checks.,39,13,
tools/label_synthesis/label_resolver.py,is_fragmented,function,324,350,<module>,,"label_population_rows: List[Dict[str, Any]]",,bool,true,Return True if label population is too fragmented for modal label promotion.,27,12,
tools/label_synthesis/label_resolver.py,load_llm_cache,function,357,364,<module>,,cache_path: str,,"Dict[str, Any]",false,,8,6,
tools/label_synthesis/label_resolver.py,save_llm_cache,function,367,370,<module>,,"cache_path: str, cache: Dict[str, Any]",,None,false,,4,2,
tools/label_synthesis/label_resolver.py,load_annotations,function,373,387,<module>,,annotations_path: str,,"Dict[str, str]",false,,15,9,
tools/label_synthesis/label_resolver.py,load_label_population,function,390,414,<module>,,"population_csv: str, domain: str",,"Dict[str, List[Dict[str, Any]]]",true,Load joinhash_label_population.csv and index by join_hash.,25,9,
tools/label_synthesis/patch_all_domain_patterns.py,<module>,module,1,388,,,,,,true,tools/label_synthesis/patch_all_domain_patterns.py,388,2,"_read_csv,_write_csv,_load_cache,_load_label_population,_try_modal,_patch_one,_find_targets,main"
tools/label_synthesis/patch_all_domain_patterns.py,_read_csv,function,64,69,<module>,,path: Path,,"Tuple[List[str], List[Dict[str, str]]]",false,,6,3,
tools/label_synthesis/patch_all_domain_patterns.py,_write_csv,function,72,76,<module>,,"path: Path, fieldnames: List[str], rows: List[Dict[str, str]]",,None,false,,5,2,
tools/label_synthesis/patch_all_domain_patterns.py,_load_cache,function,83,88,<module>,,cache_path: Path,,"Dict[str, Any]",false,,6,3,
tools/label_synthesis/patch_all_domain_patterns.py,_load_label_population,function,91,112,<module>,,"label_synth_dir: Path, domain: str",,"Dict[str, List[Dict[str, Any]]]",false,,22,9,
tools/label_synthesis/patch_all_domain_patterns.py,_try_modal,function,119,140,<module>,,"label_pop: List[Dict[str, Any]]",,Optional[str],false,,22,13,
tools/label_synthesis/patch_all_domain_patterns.py,_patch_one,function,147,252,<module>,,"domain_patterns_csv: Path, cache: Dict[str, Any], label_synth_dir: Path, dry_run: bool, force: bool, label: str",,"Tuple[int, int, int]",true,Patch one domain_patterns.csv.,106,28,
tools/label_synthesis/patch_all_domain_patterns.py,_find_targets,function,259,290,<module>,,"results_root: Path, segments_root: Optional[Path]",,"List[Tuple[Path, Path, str]]",true,"Return list of (domain_patterns_csv, label_synth_dir, label) tuples.",32,7,
tools/label_synthesis/patch_all_domain_patterns.py,main,function,297,384,<module>,,,,None,false,,88,5,
tools/label_synthesis/patch_domain_patterns_labels.py,<module>,module,1,349,,,,,,true,tools/label_synthesis/patch_domain_patterns_labels.py,349,2,"_read_csv,_write_csv,_load_cache,_load_label_population,_try_modal,patch,main"
tools/label_synthesis/patch_domain_patterns_labels.py,_read_csv,function,56,61,<module>,,path: Path,,"Tuple[List[str], List[Dict[str, str]]]",false,,6,3,
tools/label_synthesis/patch_domain_patterns_labels.py,_write_csv,function,64,68,<module>,,"path: Path, fieldnames: List[str], rows: List[Dict[str, str]]",,None,false,,5,2,
tools/label_synthesis/patch_domain_patterns_labels.py,_load_cache,function,71,75,<module>,,cache_path: Path,,"Dict[str, Any]",false,,5,3,
tools/label_synthesis/patch_domain_patterns_labels.py,_load_label_population,function,78,100,<module>,,"label_synth_dir: Path, domain: str",,"Dict[str, List[Dict[str, Any]]]",true,"Load joinhash_label_population.csv for a domain, keyed by join_hash.",23,9,
tools/label_synthesis/patch_domain_patterns_labels.py,_try_modal,function,114,135,<module>,,"label_population: List[Dict[str, Any]]",,Optional[str],false,,22,13,
tools/label_synthesis/patch_domain_patterns_labels.py,patch,function,142,295,<module>,,"domain_patterns_csv: Path, cache_path: Path, label_synth_dir: Path, dry_run: bool = False, force: bool = False",,None,false,,154,29,
tools/label_synthesis/patch_domain_patterns_labels.py,main,function,302,345,<module>,,,,None,false,,44,1,
tools/label_synthesis/synopsis_formatters/__init__.py,<module>,module,1,1,,,,,,false,,1,1,
tools/label_synthesis/synopsis_formatters/arrowheads.py,<module>,module,1,83,,,,,,true,tools/label_synthesis/synopsis_formatters/arrowheads.py,83,1,"format_synopsis,_inches_to_fraction"
tools/label_synthesis/synopsis_formatters/arrowheads.py,format_synopsis,function,17,65,<module>,,"identity_items: List[Dict[str, Any]]",,Optional[str],false,,49,16,
tools/label_synthesis/synopsis_formatters/arrowheads.py,_inches_to_fraction,function,68,83,<module>,,val_str: str,,Optional[str],false,,16,5,
tools/label_synthesis/synopsis_formatters/dimension_types.py,<module>,module,1,252,,,,,,true,tools/label_synthesis/synopsis_formatters/dimension_types.py,252,1,"format_synopsis,_shape_label,_shape_family,_accuracy_label,_witness_label,_center_marks_label,_decoration_label,_extract_kv"
tools/label_synthesis/synopsis_formatters/dimension_types.py,format_synopsis,function,41,97,<module>,,"identity_items: List[Dict[str, Any]]",,Optional[str],true,Produce a short synopsis string from identity_items.,57,11,
tools/label_synthesis/synopsis_formatters/dimension_types.py,_shape_label,function,104,120,<module>,,raw: str,,Optional[str],true,Map Revit dimension shape string to short label.,17,3,
tools/label_synthesis/synopsis_formatters/dimension_types.py,_shape_family,function,123,135,<module>,,raw: str,,str,true,"Return family bucket: 'linear', 'radial', 'angular', 'spot', or 'unknown'.",13,6,
tools/label_synthesis/synopsis_formatters/dimension_types.py,_accuracy_label,function,138,186,<module>,,"raw: str, shape_family: str = 'linear'",,Optional[str],true,Format accuracy value to a human label.,49,12,
tools/label_synthesis/synopsis_formatters/dimension_types.py,_witness_label,function,188,201,<module>,,raw: str,,Optional[str],true,Shorten witness line control values.,14,4,
tools/label_synthesis/synopsis_formatters/dimension_types.py,_center_marks_label,function,204,212,<module>,,raw: str,,Optional[str],true,Format center marks enabled/disabled.,9,5,
tools/label_synthesis/synopsis_formatters/dimension_types.py,_decoration_label,function,215,229,<module>,,"prefix: str, suffix: str",,Optional[str],true,Format prefix/suffix decoration into a compact label.,15,7,
tools/label_synthesis/synopsis_formatters/dimension_types.py,_extract_kv,function,236,252,<module>,,"identity_items: List[Dict[str, Any]]",,"Dict[str, str]",true,Flatten identity_items list into {k: v} dict.,17,6,
tools/label_synthesis/synopsis_formatters/fill_patterns.py,<module>,module,1,64,,,,,,true,tools/label_synthesis/synopsis_formatters/fill_patterns.py,64,1,format_synopsis
tools/label_synthesis/synopsis_formatters/fill_patterns.py,format_synopsis,function,30,64,<module>,,"identity_items: List[Dict[str, Any]]",,Optional[str],false,,35,11,
tools/label_synthesis/synopsis_formatters/line_patterns.py,<module>,module,1,84,,,,,,true,tools/label_synthesis/synopsis_formatters/line_patterns.py,84,1,format_synopsis
tools/label_synthesis/synopsis_formatters/line_patterns.py,format_synopsis,function,30,84,<module>,,"identity_items: List[Dict[str, Any]]",,Optional[str],false,,55,17,
tools/label_synthesis/synopsis_formatters/line_styles.py,<module>,module,1,86,,,,,,true,tools/label_synthesis/synopsis_formatters/line_styles.py,86,1,"format_synopsis,_format_rgb"
tools/label_synthesis/synopsis_formatters/line_styles.py,format_synopsis,function,40,74,<module>,,"identity_items: List[Dict[str, Any]]",,Optional[str],false,,35,11,
tools/label_synthesis/synopsis_formatters/line_styles.py,_format_rgb,function,77,86,<module>,,rgb_str: str,,str,true,Convert 'R-G-B' to '#RRGGBB' hex.,10,4,
tools/label_synthesis/synopsis_formatters/object_styles_annotation.py,<module>,module,1,92,,,,,,true,tools/label_synthesis/synopsis_formatters/object_styles_annotation.py,92,1,"format_synopsis,_format_rgb"
tools/label_synthesis/synopsis_formatters/object_styles_annotation.py,format_synopsis,function,54,83,<module>,,"identity_items: List[Dict[str, Any]]",,Optional[str],false,,30,10,
tools/label_synthesis/synopsis_formatters/object_styles_annotation.py,_format_rgb,function,86,92,<module>,,rgb_str: str,,str,true,Convert 'R-G-B' to '#RRGGBB' hex.,7,4,
tools/label_synthesis/synopsis_formatters/object_styles_model.py,<module>,module,1,114,,,,,,true,tools/label_synthesis/synopsis_formatters/object_styles_model.py,114,1,"format_synopsis,_format_rgb"
tools/label_synthesis/synopsis_formatters/object_styles_model.py,format_synopsis,function,60,105,<module>,,"identity_items: List[Dict[str, Any]]",,Optional[str],false,,46,12,
tools/label_synthesis/synopsis_formatters/object_styles_model.py,_format_rgb,function,108,114,<module>,,rgb_str: str,,str,true,Convert 'R-G-B' to '#RRGGBB' hex.,7,4,
tools/label_synthesis/synopsis_formatters/phase_filters.py,<module>,module,1,65,,,,,,true,tools/label_synthesis/synopsis_formatters/phase_filters.py,65,1,format_synopsis
tools/label_synthesis/synopsis_formatters/phase_filters.py,format_synopsis,function,44,65,<module>,,"identity_items: List[Dict[str, Any]]",,Optional[str],false,,22,8,
tools/label_synthesis/synopsis_formatters/text_types.py,<module>,module,1,80,,,,,,true,tools/label_synthesis/synopsis_formatters/text_types.py,80,1,"format_synopsis,_inches_to_fraction"
tools/label_synthesis/synopsis_formatters/text_types.py,format_synopsis,function,16,63,<module>,,"identity_items: List[Dict[str, Any]]",,Optional[str],false,,48,14,
tools/label_synthesis/synopsis_formatters/text_types.py,_inches_to_fraction,function,66,80,<module>,,val_str: str,,Optional[str],false,,15,5,
tools/label_synthesis/synthesize_fragmented_labels.py,<module>,module,1,1024,,,,,,true,tools/label_synthesis/synthesize_fragmented_labels.py,1024,2,"_collect_union_bundle_join_hashes,_load_governance_join_hashes,_strip_json_fences,_call_llm,_groups_vocab_path,load_groups_vocab,save_groups_vocab,_load_identity_items_from_csv,_load_representative_identity_items,_get_domain_records,_load_domain_prompt_module,_write_review_csv,synthesize,_generic_system_prompt,_generic_build_prompt,main"
tools/label_synthesis/synthesize_fragmented_labels.py,_collect_union_bundle_join_hashes,function,53,133,<module>,,"*, domain: str, segments_root: str, registry_file: str",,set,true,Collect bundle member join_hashes across active segments and purge views.,81,24,
tools/label_synthesis/synthesize_fragmented_labels.py,_load_governance_join_hashes,function,136,251,<module>,,"*, domain: str, filter_mode: str, analysis_dir: str, domain_patterns_csv: Optional[str] = None, bundle_dir: Optional[str] = None, segments_root: Optional[str] = None, registry_file: Optional[str] = None",,Optional[set],true,Return the set of join_hashes eligible for synthesis under filter_mode.,116,31,
tools/label_synthesis/synthesize_fragmented_labels.py,_strip_json_fences,function,258,263,<module>,,raw_text: str,,str,false,,6,2,
tools/label_synthesis/synthesize_fragmented_labels.py,_call_llm,function,266,356,<module>,,"system_prompt: str, user_prompt: str, *, provider: str = 'anthropic', model: str | None = None, max_tokens: int = 512, retry_count: int = 2, retry_delay: float = 2.0, groups_vocab: Optional[Dict[str, str]] = None",,"Optional[Dict[str, Any]]",true,Call the configured LLM provider and parse JSON response.,91,18,
tools/label_synthesis/synthesize_fragmented_labels.py,_groups_vocab_path,function,359,361,<module>,,cache_path: str,,str,false,,3,1,
tools/label_synthesis/synthesize_fragmented_labels.py,load_groups_vocab,function,364,375,<module>,,cache_path: str,,"Dict[str, str]",false,,12,7,
tools/label_synthesis/synthesize_fragmented_labels.py,save_groups_vocab,function,378,383,<module>,,"cache_path: str, vocab: Dict[str, str]",,None,false,,6,2,
tools/label_synthesis/synthesize_fragmented_labels.py,_load_identity_items_from_csv,function,392,427,<module>,,lookup_csv: str,,"Dict[Tuple[str, str], List[Dict[str, Any]]]",true,"Load identity_items_by_joinhash.csv into a dict keyed by (domain, join_hash).",36,14,
tools/label_synthesis/synthesize_fragmented_labels.py,_load_representative_identity_items,function,432,482,<module>,,"exports_dir: str, domain: str, join_hash: str, *, items_lookup: Optional[Dict] = None",,"List[Dict[str, Any]]",true,Return identity_items for a representative record with this join_hash.,51,15,
tools/label_synthesis/synthesize_fragmented_labels.py,_get_domain_records,function,484,498,<module>,,"data: Any, domain: str",,"List[Dict[str, Any]]",true,Extract records for a domain from export JSON.,15,6,
tools/label_synthesis/synthesize_fragmented_labels.py,_load_domain_prompt_module,function,505,528,<module>,,domain: str,,,true,"Import domain prompt module, with progressive base-name fallback.",24,4,
tools/label_synthesis/synthesize_fragmented_labels.py,_write_review_csv,function,535,563,<module>,,"review_path: str, cache: Dict[str, Any], domain: str",,None,true,Write pending-review CSV for curator workflow.,29,5,
tools/label_synthesis/synthesize_fragmented_labels.py,synthesize,function,570,841,<module>,,"*, exports_dir: str, analysis_dir: str, domain: str, cache_path: str, dry_run: bool = False, force_refresh: bool = False, only_unreviewed: bool = False, review_csv: Optional[str] = None, export_prompts: Optional[str] = None, import_results: Optional[str] = None, provider: str = 'anthropic', model: Optional[str] = None, workers: int = 3, filter_mode: str = 'all', domain_patterns_csv: Optional[str] = None, bundle_dir: Optional[str] = None, segments_root: Optional[str] = None, registry_file: Optional[str] = None, items_lookup_csv: Optional[str] = None",,None,false,,272,52,_process_join_hash
tools/label_synthesis/synthesize_fragmented_labels.py,synthesize._process_join_hash,nested_function,740,769,synthesize,,jh: str,,,false,,30,3,
tools/label_synthesis/synthesize_fragmented_labels.py,_generic_system_prompt,function,848,853,<module>,,domain: str,,str,false,,6,1,
tools/label_synthesis/synthesize_fragmented_labels.py,_generic_build_prompt,function,856,872,<module>,,"join_hash: str, observed_labels: List[Dict[str, Any]], identity_items: List[Dict[str, Any]], corpus_context: Optional[Dict[str, Any]] = None",,str,false,,17,4,
tools/label_synthesis/synthesize_fragmented_labels.py,main,function,879,1020,<module>,,,,,false,,142,14,
tools/lib/__init__.py,<module>,module,1,1,,,,,,false,,1,1,
tools/lib/diff_engine.py,<module>,module,1,656,,,,,,false,,656,1,"normalize_name,ensure_str,load_json,get_domain_payload,get_label_and_quality,get_items,extract_records,build_index,parse_name_map,index_items_by_key,compare_entries,write_csv,_pair_name,rebuild_unmatched,_validate_paths,run_comparison"
tools/lib/diff_engine.py,normalize_name,function,72,73,<module>,,name,,,false,,2,2,
tools/lib/diff_engine.py,ensure_str,function,76,79,<module>,,value,,,false,,4,2,
tools/lib/diff_engine.py,load_json,function,82,84,<module>,,path,,,false,,3,2,
tools/lib/diff_engine.py,get_domain_payload,function,87,95,<module>,,"raw, domain",,,false,,9,4,
tools/lib/diff_engine.py,get_label_and_quality,function,98,109,<module>,,record,,,false,,12,3,
tools/lib/diff_engine.py,get_items,function,112,129,<module>,,"record, suppress_keys",,,false,,18,7,
tools/lib/diff_engine.py,extract_records,function,132,154,<module>,,"raw, file_key, domains",,,false,,23,7,
tools/lib/diff_engine.py,build_index,function,157,184,<module>,,"records, suppress_keys",,,false,,28,5,
tools/lib/diff_engine.py,parse_name_map,function,187,200,<module>,,path,,,false,,14,6,
tools/lib/diff_engine.py,index_items_by_key,function,203,207,<module>,,items,,,false,,5,2,
tools/lib/diff_engine.py,compare_entries,function,210,274,<module>,,"profile, entry_a, entry_b, include_same, maps_a, maps_b",,,false,,65,14,
tools/lib/diff_engine.py,write_csv,function,277,283,<module>,,"path, headers, rows",,,false,,7,4,
tools/lib/diff_engine.py,_pair_name,function,286,295,<module>,,"pair, explicit_name_key, entry_key, unique_index",,,false,,10,6,
tools/lib/diff_engine.py,rebuild_unmatched,function,298,325,<module>,,"unique_a, unique_b, dup_a, dup_b, a_to_b, matched_pairs",,,false,,28,10,
tools/lib/diff_engine.py,_validate_paths,function,328,342,<module>,,args,,,false,,15,5,
tools/lib/diff_engine.py,run_comparison,function,345,656,<module>,,"profile: DomainProfile, args: argparse.Namespace",,None,false,,312,38,
tools/lib/domain_profile.py,<module>,module,1,175,,,,,,false,,175,1,"ResolutionSpec,DomainProfile"
tools/lib/domain_profile.py,ResolutionSpec,class,6,13,<module>,dataclass,,,,true,Declares that item keys contain sig_hashes resolvable via sibling domains.,8,1,
tools/lib/domain_profile.py,DomainProfile,class,17,175,<module>,dataclass,,,,true,Declarative profile for comparing one domain family.,159,1,"build_resolution_maps,_build_maps_for_file,_get_domain_payload,_extract_name,resolve_value,_key_matches_spec,classify_bucket,_classify_sig_basis,_classify_phase2,is_key_valid_for_domain,reconstruct,get_deferred_domains,get_hash_resolution_meta"
tools/lib/domain_profile.py,DomainProfile.build_resolution_maps,method,28,33,DomainProfile,,"self, raw_a: Dict[str, Any], raw_b: Dict[str, Any]",,"Tuple[Dict[str, Dict[str, str]], Dict[str, Dict[str, str]]]",false,,6,1,
tools/lib/domain_profile.py,DomainProfile._build_maps_for_file,method,35,57,DomainProfile,,"self, raw: Dict[str, Any]",,"Dict[str, Dict[str, str]]",false,,23,11,
tools/lib/domain_profile.py,DomainProfile._get_domain_payload,method,59,70,DomainProfile,,"self, raw: Dict[str, Any], domain: str",,Any,false,,12,4,
tools/lib/domain_profile.py,DomainProfile._extract_name,method,72,82,DomainProfile,,"self, rec: Dict[str, Any], name_path: str",,str,false,,11,5,
tools/lib/domain_profile.py,DomainProfile.resolve_value,method,84,95,DomainProfile,,"self, value: str, item_key: str, maps: Dict[str, Dict[str, str]]",,str,false,,12,8,
tools/lib/domain_profile.py,DomainProfile._key_matches_spec,method,97,102,DomainProfile,,"self, key: str, spec: ResolutionSpec",,bool,false,,6,5,
tools/lib/domain_profile.py,DomainProfile.classify_bucket,method,104,114,DomainProfile,,"self, item_key: str, record_a: Optional[Dict[str, Any]], record_b: Optional[Dict[str, Any]]",,str,false,,11,3,
tools/lib/domain_profile.py,DomainProfile._classify_sig_basis,method,116,125,DomainProfile,,"self, key, rec_a, rec_b",,,false,,10,6,
tools/lib/domain_profile.py,DomainProfile._classify_phase2,method,127,146,DomainProfile,,"self, key, rec_a, rec_b",,,false,,20,9,
tools/lib/domain_profile.py,DomainProfile.is_key_valid_for_domain,method,148,152,DomainProfile,,"self, key: str, domain: str",,bool,false,,5,2,
tools/lib/domain_profile.py,DomainProfile.reconstruct,method,154,160,DomainProfile,,"self, matched_pairs: List[Dict[str, Any]], raw_a: Dict[str, Any], raw_b: Dict[str, Any]",,"List[Dict[str, Any]]",false,,7,1,
tools/lib/domain_profile.py,DomainProfile.get_deferred_domains,method,162,163,DomainProfile,,self,,List[str],false,,2,1,
tools/lib/domain_profile.py,DomainProfile.get_hash_resolution_meta,method,165,175,DomainProfile,,"self, maps_a: Dict[str, Dict[str, str]], maps_b: Dict[str, Dict[str, str]]",,"Dict[str, Any]",false,,11,2,
tools/lib/vt_profile.py,<module>,module,1,461,,,,,,false,,461,1,"_get_domain_payload,_load_domain_records,_load_vco_records,_get_phase2_cosmetic_value,_get_identity_item_value,_index_vco_by_template,_normalize_template_name,_build_template_lookup,_get_template_vco,_index_object_styles_by_row_key,_extract_graphic_fields,_extract_object_style_baseline_fields,_is_non_ok_quality,_is_default_vco_value,_extract_active_vco_fields,_reconstruct_effective,_build_synthetic_items_for_pair,ViewTemplateDomainProfile,make_vt_profile"
tools/lib/vt_profile.py,_get_domain_payload,function,73,82,<module>,,"raw, domain_key",,,true,"Resolve domain payload across flat, _domains, and domains wrappers.",10,4,
tools/lib/vt_profile.py,_load_domain_records,function,85,93,<module>,,"raw, domain_key",,,true,"Return records list from raw[domain_key][""records""], or [] if absent/malformed.",9,3,
tools/lib/vt_profile.py,_load_vco_records,function,96,100,<module>,,raw,,,true,Load VCO records from split model + annotation partitions only.,5,1,
tools/lib/vt_profile.py,_get_phase2_cosmetic_value,function,103,108,<module>,,"rec, key",,,true,"Return the value of a named item from record phase2.cosmetic_items, or None.",6,6,
tools/lib/vt_profile.py,_get_identity_item_value,function,111,116,<module>,,"rec, key",,,true,"Return the value of a named item from record identity_basis.items, or None.",6,6,
tools/lib/vt_profile.py,_index_vco_by_template,function,119,141,<module>,,records,,,true,Build a two-level index: {template_name: {category_path: record}}.,23,5,
tools/lib/vt_profile.py,_normalize_template_name,function,146,147,<module>,,name,,,false,,2,2,
tools/lib/vt_profile.py,_build_template_lookup,function,150,157,<module>,,index,,,true,Build normalized template-name lookup for case-insensitive fallback.,8,5,
tools/lib/vt_profile.py,_get_template_vco,function,160,164,<module>,,"index, lookup, template_name",,,true,"Return VCO category map by exact template name, then normalized fallback.",5,3,
tools/lib/vt_profile.py,_index_object_styles_by_row_key,function,167,181,<module>,,raw,,,true,Load object_styles_model + object_styles_annotation records from raw and,15,4,
tools/lib/vt_profile.py,_extract_graphic_fields,function,184,207,<module>,,"record, prefix",,,true,Extract graphic property items from record identity_basis.items.,24,8,
tools/lib/vt_profile.py,_extract_object_style_baseline_fields,function,214,227,<module>,,record,,,true,Extract baseline object-style graphics mapped into VCO suffix space.,14,7,
tools/lib/vt_profile.py,_is_non_ok_quality,function,230,239,<module>,,q,,,false,,10,2,
tools/lib/vt_profile.py,_is_default_vco_value,function,242,262,<module>,,"suffix, value, quality",,,true,Return True when a VCO field represents default/non-active OGS state.,21,8,
tools/lib/vt_profile.py,_extract_active_vco_fields,function,265,272,<module>,,record,,,true,Extract only active/non-default override properties from a VCO record.,8,3,
tools/lib/vt_profile.py,_reconstruct_effective,function,275,293,<module>,,"baseline_record, vco_record",,,true,"Reconstruct the effective rendered graphics for one (template, category) pair.",19,2,
tools/lib/vt_profile.py,_build_synthetic_items_for_pair,function,296,343,<module>,,"tpl_vco_a, tpl_vco_b, os_index_a, os_index_b",,,true,Build parallel synthetic item lists for one matched template pair.,48,5,
tools/lib/vt_profile.py,ViewTemplateDomainProfile,class,347,457,<module>,dataclass,,DomainProfile,,true,Domain profile for view_templates_* partitions.,111,1,"__post_init__,get_deferred_domains,get_hash_resolution_meta,classify_bucket,reconstruct"
tools/lib/vt_profile.py,ViewTemplateDomainProfile.__post_init__,method,350,360,ViewTemplateDomainProfile,,self,,,false,,11,5,
tools/lib/vt_profile.py,ViewTemplateDomainProfile.get_deferred_domains,method,362,363,ViewTemplateDomainProfile,,self,,,false,,2,1,
tools/lib/vt_profile.py,ViewTemplateDomainProfile.get_hash_resolution_meta,method,365,371,ViewTemplateDomainProfile,,"self, maps_a, maps_b",,,false,,7,1,
tools/lib/vt_profile.py,ViewTemplateDomainProfile.classify_bucket,method,373,387,ViewTemplateDomainProfile,,"self, item_key, record_a, record_b",,,true,"For VCO synthetic items (item_key contains "" > ""), classify by property",15,5,
tools/lib/vt_profile.py,ViewTemplateDomainProfile.reconstruct,method,389,457,ViewTemplateDomainProfile,,"self, matched_pairs, raw_a, raw_b",,,true,"For each matched template pair, inject reconstructed VCO effective-diff",69,10,
tools/lib/vt_profile.py,make_vt_profile,function,460,461,<module>,,,,,false,,2,1,
tools/migration/compress_fingerprint_json.py,<module>,module,1,261,,,,,,true,compress_fingerprint_json.py,261,2,"_load_json,_write_compact,_is_already_compact,_fmt_kb,_compress_file,_find_json_files,main"
tools/migration/compress_fingerprint_json.py,_load_json,function,44,46,<module>,,path: Path,,Any,false,,3,2,
tools/migration/compress_fingerprint_json.py,_write_compact,function,49,58,<module>,,"path: Path, data: Any",,int,true,Write compact production JSON.,10,2,
tools/migration/compress_fingerprint_json.py,_is_already_compact,function,61,77,<module>,,path: Path,,bool,true,Heuristic: read first 512 bytes and check for newlines beyond the first.,17,6,
tools/migration/compress_fingerprint_json.py,_fmt_kb,function,80,81,<module>,,n: int,,str,false,,2,1,
tools/migration/compress_fingerprint_json.py,_compress_file,function,88,135,<module>,,"src: Path, dst: Optional[Path], *, dry_run: bool, in_place: bool, no_backup: bool, force: bool",,"Tuple[bool, int, int]",true,Compress one JSON file.,48,9,
tools/migration/compress_fingerprint_json.py,_find_json_files,function,142,151,<module>,,exports_dir: Path,,List[Path],true,"Find fingerprint JSON files, preferring *__fingerprint.json.",10,5,
tools/migration/compress_fingerprint_json.py,main,function,158,257,<module>,,,,None,false,,100,15,
tools/migration/extract_first_record.py,<module>,module,1,99,,,,,,true,Extract the first record from each domain in a fingerprint JSON payload.,99,2,"extract_first_records,main"
tools/migration/extract_first_record.py,extract_first_records,function,34,58,<module>,,payload: Any,,"dict[str, Any]",false,,25,6,
tools/migration/extract_first_record.py,main,function,61,95,<module>,,argv: list[str],,int,false,,35,8,
tools/migration/migrate_materials_identity_items.py,<module>,module,1,334,,,,,,true,migrate_materials_identity_items.py,334,2,"_load_json,_write_json,_iter_materials_records,_get_identity_items,_migrate_record,_migrate_file,_find_json_files,main"
tools/migration/migrate_materials_identity_items.py,_load_json,function,60,62,<module>,,path: Path,,"Dict[str, Any]",false,,3,2,
tools/migration/migrate_materials_identity_items.py,_write_json,function,65,70,<module>,,"path: Path, data: Dict[str, Any]",,None,true,Write compact production JSON — matches runner/run_dynamo.py production mode.,6,2,
tools/migration/migrate_materials_identity_items.py,_iter_materials_records,function,77,103,<module>,,"payload: Dict[str, Any]",,,true,"Yield (domain_key, record_list, record_index, record_dict) for all",27,10,
tools/migration/migrate_materials_identity_items.py,_get_identity_items,function,106,115,<module>,,"rec: Dict[str, Any]",,"List[Dict[str, Any]]",false,,10,3,
tools/migration/migrate_materials_identity_items.py,_migrate_record,function,121,164,<module>,,"rec: Dict[str, Any]",,bool,true,"Inject material.graphics_sig_hash_v2, material.class, material.keynote,",44,21,
tools/migration/migrate_materials_identity_items.py,_migrate_file,function,171,223,<module>,,"src: Path, dst: Optional[Path], *, dry_run: bool, in_place: bool, no_backup: bool",,"Tuple[int, int, int]",true,Migrate one JSON file.,53,11,
tools/migration/migrate_materials_identity_items.py,_find_json_files,function,230,238,<module>,,exports_dir: Path,,List[Path],false,,9,5,
tools/migration/migrate_materials_identity_items.py,main,function,241,330,<module>,,,,None,false,,90,13,
tools/migration/reformat_to_flat_items.py,<module>,module,1,158,,,,,,true,Reformat nested fingerprint record buckets into canonical flat item lists.,158,3,"parse_domains,transform_record,process_payload,iter_input_files,main"
tools/migration/reformat_to_flat_items.py,parse_domains,function,22,26,<module>,,domains_arg: str | None,,set[str] | None,false,,5,4,
tools/migration/reformat_to_flat_items.py,transform_record,function,29,56,<module>,,"record: dict[str, Any], domain: str",,"tuple[dict[str, Any], int, Counter[str], int, Counter[str]]",false,,28,4,
tools/migration/reformat_to_flat_items.py,process_payload,function,59,100,<module>,,"payload: Any, allowed_domains: set[str] | None, source_path: Path",,,false,,42,9,
tools/migration/reformat_to_flat_items.py,iter_input_files,function,103,109,<module>,,input_dir: Path,,list[Path],false,,7,4,
tools/migration/reformat_to_flat_items.py,main,function,112,154,<module>,,argv: list[str],,int,false,,43,12,
tools/na_token.py,<module>,module,1,34,,,,,,false,,34,1,"is_na_token,is_blank_or_na"
tools/na_token.py,is_na_token,function,17,23,<module>,,value: str,,bool,true,"True for any spelling of ""not applicable"" (na, n/a, N/A, not applicable,",7,1,
tools/na_token.py,is_blank_or_na,function,26,34,<module>,,value: str,,bool,true,"True if value is blank (not yet filled in) or an explicit ""not",9,2,
tools/pairwise_analysis.py,<module>,module,1,162,,,,,,false,,162,2,"load_csv,write_csv,main"
tools/pairwise_analysis.py,load_csv,function,15,17,<module>,,path: Path,,"List[Dict[str, str]]",false,,3,2,
tools/pairwise_analysis.py,write_csv,function,20,26,<module>,,"path: Path, rows: List[Dict[str, Any]], fieldnames: List[str]",,None,false,,7,4,
tools/pairwise_analysis.py,main,function,33,158,<module>,,,,None,false,,126,11,
tools/pareto_joinkey_search.py,<module>,module,1,856,,,,,,true,Pareto join-key search for Revit Fingerprint exports.,856,4,"pareto_search,_dedupe_preserve_order,_load_join_key_policy,_rank_challengers_from_wide,make_record_key,compute_v_norm,pareto_front,dominates,EvalConfig,build_wide_kv_table,sample_records,eval_subset,main,_shape_label"
tools/pareto_joinkey_search.py,pareto_search,function,37,100,<module>,,"domain_records: Sequence[Dict[str, str]], domain_identity_items: Dict[str, Dict[str, Tuple[str, str]]], candidate_fields: Sequence[str], cfg: dict | None = None",,"Dict[str, object]",true,Callable API for v2.1 discovery orchestration.,64,18,
tools/pareto_joinkey_search.py,_dedupe_preserve_order,function,103,111,<module>,,items: Sequence[str],,list[str],false,,9,3,
tools/pareto_joinkey_search.py,_load_join_key_policy,function,114,141,<module>,,"policy_json: Path, domain: str",,"tuple[list[str], list[str], list[str], dict | None]",true,"Return (required_items, optional_items, explicitly_excluded_items) for a domain.",28,9,
tools/pareto_joinkey_search.py,_rank_challengers_from_wide,function,144,168,<module>,,"df: pd.DataFrame, keys: list[str]",,list[str],true,Deterministically rank keys by a simple usefulness score:,25,7,
tools/pareto_joinkey_search.py,make_record_key,function,174,181,<module>,,df: pd.DataFrame,,pd.Series,false,,8,1,
tools/pareto_joinkey_search.py,compute_v_norm,function,184,204,<module>,,identity_items: pd.DataFrame,,pd.Series,true,Value normalization for join-key candidates.,21,3,
tools/pareto_joinkey_search.py,pareto_front,function,207,227,<module>,,"rows: List[dict], objective_cols: Sequence[str]",,List[dict],true,Non-dominated filter.,21,7,
tools/pareto_joinkey_search.py,dominates,function,230,241,<module>,,"a: dict, b: dict, objective_cols: Sequence[str]",,bool,false,,12,5,
tools/pareto_joinkey_search.py,EvalConfig,class,249,252,<module>,dataclass(frozen=True),,,,false,,4,1,
tools/pareto_joinkey_search.py,build_wide_kv_table,function,255,281,<module>,,"records: pd.DataFrame, items: pd.DataFrame",,pd.DataFrame,true,Returns a dataframe indexed by record_key with:,27,1,
tools/pareto_joinkey_search.py,sample_records,function,283,303,<module>,,"records: pd.DataFrame, items: pd.DataFrame, n: int, seed: int",,"Tuple[pd.DataFrame, pd.DataFrame]",false,,21,3,
tools/pareto_joinkey_search.py,eval_subset,function,306,355,<module>,,"df: pd.DataFrame, keys: Tuple[str, ...]",,dict,true,"Compute composite key, then multi-objective metrics.",50,2,
tools/pareto_joinkey_search.py,eval_subset.row_join,nested_function,317,319,eval_subset,,row: pd.Series,,str,false,,3,4,
tools/pareto_joinkey_search.py,main,function,358,843,<module>,,,,None,false,,486,103,"iter_subsets,iter_subsets_policy_respecting,_run_search"
tools/pareto_joinkey_search.py,main.iter_subsets,nested_function,605,607,main,,"cands: List[str], mk: int",,"Iterable[Tuple[str, ...]]",false,,3,2,
tools/pareto_joinkey_search.py,main.iter_subsets_policy_respecting,nested_function,609,627,main,,"cands: List[str], mk: int, required: set[str]",,"Iterable[Tuple[str, ...]]",true,Only yield subsets that include all required keys.,19,7,
tools/pareto_joinkey_search.py,main._run_search,nested_function,639,663,main,,"*, df_slice: pd.DataFrame, candidates_slice: List[str], max_k_slice: int, required_slice: set[str], policy_key: Tuple[str, ...], disc_key: str | None",,"tuple[List[dict], int]",false,,25,7,
tools/pareto_joinkey_search.py,_shape_label,function,846,852,<module>,,shape_val: str,,str,false,,7,5,
tools/pattern_id_utils.py,<module>,module,1,86,,,,,,true,Shared pattern_id / pattern_label helpers per docs/PATTERN_ID_AND_LABEL_RULES.md.,86,1,"stable_pattern_id,pattern_label,rank_clusters,build_clusters"
tools/pattern_id_utils.py,stable_pattern_id,function,23,35,<module>,,"domain: str, join_key_schema: str, join_hash: str, taken: Set[str]",,str,true,"Deterministic pattern_id, extended on collision within `taken` (mutated in place).",13,3,
tools/pattern_id_utils.py,pattern_label,function,38,39,<module>,,"join_key_schema: str, pattern_rank: int, pattern_count: int",,str,false,,2,1,
tools/pattern_id_utils.py,rank_clusters,function,42,48,<module>,,"clusters: List[Dict[str, Any]]",,"List[Dict[str, Any]]",true,"Sort clusters by pattern_size_files desc, pattern_size_records desc, pattern_id asc",7,1,
tools/pattern_id_utils.py,build_clusters,function,51,86,<module>,,"rows: List[Dict[str, Any]], *, domain_key: str = 'domain', schema_key: str = 'join_key_schema', hash_key: str = 'join_hash', file_key: str = 'export_file'",,"Dict[Tuple[str, str, str], Dict[str, Any]]",true,"Group rows into clusters keyed by (domain, join_key_schema, join_hash), assigning a",36,5,
tools/patterns_analysis/__init__.py,<module>,module,1,11,,,,,,true,Phase-2 (post-export) analysis helpers.,11,1,
tools/patterns_analysis/_archive/annotate_cluster_labels.py,<module>,module,1,327,,,,,,false,,327,3,"_is_unknown,_split_common_path_parts,_first_non_noise,_parse_bool,_clean_text,resolve_provenance_label,_identity_items_from_representatives,_key_suffix,_extract_cluster_id,resolve_content_label,_iter_domains,annotate_cluster_labels,main"
tools/patterns_analysis/_archive/annotate_cluster_labels.py,_is_unknown,function,38,42,<module>,,value: Any,,bool,false,,5,4,
tools/patterns_analysis/_archive/annotate_cluster_labels.py,_split_common_path_parts,function,45,51,<module>,,value: Any,,list[str],false,,7,7,
tools/patterns_analysis/_archive/annotate_cluster_labels.py,_first_non_noise,function,54,58,<module>,,parts: list[str],,str | None,false,,5,3,
tools/patterns_analysis/_archive/annotate_cluster_labels.py,_parse_bool,function,61,66,<module>,,value: Any,,bool,false,,6,4,
tools/patterns_analysis/_archive/annotate_cluster_labels.py,_clean_text,function,69,72,<module>,,value: Any,,str,false,,4,3,
tools/patterns_analysis/_archive/annotate_cluster_labels.py,resolve_provenance_label,function,75,99,<module>,,"cluster_id: int, likely_region: str, likely_office: str, common_path_parts: list[str], date_range: str | None",,"tuple[str, str]",true,"Returns (label, source).",25,5,
tools/patterns_analysis/_archive/annotate_cluster_labels.py,_identity_items_from_representatives,function,102,115,<module>,,representative_items: list[dict],,"list[dict[str, str]]",false,,14,6,
tools/patterns_analysis/_archive/annotate_cluster_labels.py,_key_suffix,function,118,121,<module>,,key: str,,str,false,,4,2,
tools/patterns_analysis/_archive/annotate_cluster_labels.py,_extract_cluster_id,function,124,131,<module>,,representative_items: list[dict],,int | None,false,,8,4,
tools/patterns_analysis/_archive/annotate_cluster_labels.py,resolve_content_label,function,134,188,<module>,,"domain: str, standard_name: str, representative_items: list[dict], discriminators_df: pd.DataFrame",,"tuple[str, str]",true,"Returns (label, source).",55,19,
tools/patterns_analysis/_archive/annotate_cluster_labels.py,_iter_domains,function,191,196,<module>,,"split_root: Path, one_domain: str | None",,list[str],false,,6,5,
tools/patterns_analysis/_archive/annotate_cluster_labels.py,annotate_cluster_labels,function,199,287,<module>,,"split_root: str, domain: str",,None,false,,89,14,
tools/patterns_analysis/_archive/annotate_cluster_labels.py,main,function,290,323,<module>,,,,None,false,,34,5,
tools/patterns_analysis/_archive/apply_join_keys_by_ids.py,<module>,module,1,194,,,,,,true,Apply IDS-scoped join-key policies to compute join_hash_ids (verification output).,194,2,"md5_utf8_join_pipe,extract_identity_map,compute_join_hash,apply_join_keys_by_ids,main"
tools/patterns_analysis/_archive/apply_join_keys_by_ids.py,md5_utf8_join_pipe,function,21,23,<module>,,parts: List[str],,str,false,,3,1,
tools/patterns_analysis/_archive/apply_join_keys_by_ids.py,extract_identity_map,function,26,41,<module>,,"record: Dict[str, Any]",,"Dict[str, Any]",false,,16,6,
tools/patterns_analysis/_archive/apply_join_keys_by_ids.py,compute_join_hash,function,44,56,<module>,,"record: Dict[str, Any], required_keys: List[str]",,"(Optional[str], List[str])",false,,13,6,
tools/patterns_analysis/_archive/apply_join_keys_by_ids.py,apply_join_keys_by_ids,function,59,162,<module>,,"exports_dir: str, domain: str, file_to_ids_csv: str, join_key_policy_json: str, out_csv: str, *, phase0_dir: Optional[str] = None",,None,false,,104,18,
tools/patterns_analysis/_archive/apply_join_keys_by_ids.py,main,function,165,190,<module>,,,,None,false,,26,1,
tools/patterns_analysis/_archive/attributes.py,<module>,module,1,69,,,,,,false,,69,1,"AttrStabilityRow,StressRow,compute_attr_stability,compute_stress_rank"
tools/patterns_analysis/_archive/attributes.py,AttrStabilityRow,class,27,36,<module>,dataclass,,,,false,,10,1,
tools/patterns_analysis/_archive/attributes.py,StressRow,class,40,52,<module>,dataclass,,,,false,,13,1,
tools/patterns_analysis/_archive/attributes.py,compute_attr_stability,function,55,61,<module>,,"*, baseline: DomainIndex, other: DomainIndex, bucket: str",,List[AttrStabilityRow],false,,7,1,
tools/patterns_analysis/_archive/attributes.py,compute_stress_rank,function,64,69,<module>,,"*, indexes: Sequence[DomainIndex], bucket: str",,List[StressRow],false,,6,1,
tools/patterns_analysis/_archive/backfill_cluster_label_inputs.py,<module>,module,1,371,,,,,,false,,371,2,"_file_map,_load_json,_normalize_parts,_common_components_from_paths,_extract_cluster_common_path_parts,_update_cluster_summary,_build_discriminator_lookup,_build_cluster_representative_items,_validate_domain_inputs,_iter_domains,run_backfill,main"
tools/patterns_analysis/_archive/backfill_cluster_label_inputs.py,_file_map,function,25,34,<module>,,"domain_root: Path, domain: str",,"Dict[str, Path]",false,,10,1,
tools/patterns_analysis/_archive/backfill_cluster_label_inputs.py,_load_json,function,37,39,<module>,,path: Path,,"Dict[str, Any]",false,,3,2,
tools/patterns_analysis/_archive/backfill_cluster_label_inputs.py,_normalize_parts,function,42,52,<module>,,parts: Any,,List[str],false,,11,5,
tools/patterns_analysis/_archive/backfill_cluster_label_inputs.py,_common_components_from_paths,function,55,67,<module>,,paths: List[str],,List[str],false,,13,7,
tools/patterns_analysis/_archive/backfill_cluster_label_inputs.py,_extract_cluster_common_path_parts,function,70,150,<module>,,"report: Dict[str, Any]",,"Dict[int, str]",true,Best-effort extraction of cluster_id -> pipe-delimited common path parts.,81,17,"_extract_parts_from_entry,_add_cluster_entry"
tools/patterns_analysis/_archive/backfill_cluster_label_inputs.py,_extract_cluster_common_path_parts._extract_parts_from_entry,nested_function,79,99,_extract_cluster_common_path_parts,,"entry: Dict[str, Any]",,List[str],false,,21,11,
tools/patterns_analysis/_archive/backfill_cluster_label_inputs.py,_extract_cluster_common_path_parts._add_cluster_entry,nested_function,103,113,_extract_cluster_common_path_parts,,"cluster_id_raw: Any, payload: Any",,None,false,,11,4,
tools/patterns_analysis/_archive/backfill_cluster_label_inputs.py,_update_cluster_summary,function,153,198,<module>,,"cluster_summary_path: Path, report_path: Path",,pd.DataFrame,false,,46,12,
tools/patterns_analysis/_archive/backfill_cluster_label_inputs.py,_build_discriminator_lookup,function,201,216,<module>,,discriminators_df: pd.DataFrame,,"Dict[str, bool]",false,,16,6,
tools/patterns_analysis/_archive/backfill_cluster_label_inputs.py,_build_cluster_representative_items,function,219,287,<module>,,"domain: str, cluster_summary_df: pd.DataFrame, representative_profiles_path: Path, discriminators_path: Path, out_path: Path",,int,false,,69,10,
tools/patterns_analysis/_archive/backfill_cluster_label_inputs.py,_validate_domain_inputs,function,290,298,<module>,,"domain_root: Path, domain: str",,"Tuple[bool, Dict[str, Path]]",false,,9,5,
tools/patterns_analysis/_archive/backfill_cluster_label_inputs.py,_iter_domains,function,301,308,<module>,,"split_root: Path, one_domain: str | None",,List[str],false,,8,5,
tools/patterns_analysis/_archive/backfill_cluster_label_inputs.py,run_backfill,function,311,344,<module>,,"split_root: Path, domain: str | None = None",,None,false,,34,6,
tools/patterns_analysis/_archive/backfill_cluster_label_inputs.py,main,function,347,367,<module>,,,,None,false,,21,1,
tools/patterns_analysis/_archive/build_reference_standards.py,<module>,module,1,167,,,,,,true,Build reference standards from file clusters.,167,2,"build_reference_standards_from_clusters,main"
tools/patterns_analysis/_archive/build_reference_standards.py,build_reference_standards_from_clusters,function,18,122,<module>,,"clusters_csv: str, exports_dir: str, domain: str, out_dir: str, *, phase0_dir: str | None = None",,None,true,Build reference standards from cluster representatives.,105,19,
tools/patterns_analysis/_archive/build_reference_standards.py,main,function,125,163,<module>,,,,None,false,,39,1,
tools/patterns_analysis/_archive/calibrate_join_key_gates.py,<module>,module,1,79,,,,,,false,,79,2,"calibrate,main"
tools/patterns_analysis/_archive/calibrate_join_key_gates.py,calibrate,function,7,61,<module>,,"csv_path: str, domain: str, out_dir: str, coverage_margin: float = 0.05",,,false,,55,2,
tools/patterns_analysis/_archive/calibrate_join_key_gates.py,main,function,63,76,<module>,,,,,false,,14,1,
tools/patterns_analysis/_archive/compare.py,<module>,module,1,154,,,,,,false,,154,1,"ChangeCounts,_phase2_items_map,classify_pair"
tools/patterns_analysis/_archive/compare.py,ChangeCounts,class,10,24,<module>,dataclass,,,,false,,15,1,
tools/patterns_analysis/_archive/compare.py,_phase2_items_map,function,27,79,<module>,,"record: Dict[str, Any]",,"Tuple[Dict[str, Tuple[str, Optional[str]]], int]",true,"Return k -> (q,v) across phase2 buckets, and duplicate_k_count.",53,15,
tools/patterns_analysis/_archive/compare.py,classify_pair,function,82,154,<module>,,"*, baseline: DomainIndex, other: DomainIndex",,ChangeCounts,true,Classify changes for one domain between baseline and other.,73,8,
tools/patterns_analysis/_archive/derive_join_keys_by_ids.py,<module>,module,1,570,,,,,,true,Derive IDS-scoped join-key policies using identity_basis.items evidence.,570,2,"md5_utf8_join_pipe,is_eligible_join_key_item,extract_identity_map,compute_join_hash_for_record,evaluate_keyset,compute_coverage,jaccard_similarity,sample_records_by_file,evaluate_gates,greedy_select_keys,derive_join_keys_by_ids,main"
tools/patterns_analysis/_archive/derive_join_keys_by_ids.py,md5_utf8_join_pipe,function,35,37,<module>,,parts: List[str],,str,false,,3,1,
tools/patterns_analysis/_archive/derive_join_keys_by_ids.py,is_eligible_join_key_item,function,53,54,<module>,,"domain: str, key: str",,bool,false,,2,1,
tools/patterns_analysis/_archive/derive_join_keys_by_ids.py,extract_identity_map,function,56,72,<module>,,"record: Dict[str, Any]",,"Dict[str, Any]",true,k -> v from identity_basis.items (stringified v).,17,6,
tools/patterns_analysis/_archive/derive_join_keys_by_ids.py,compute_join_hash_for_record,function,75,86,<module>,,"record: Dict[str, Any], required_keys: List[str]",,Optional[str],false,,12,5,
tools/patterns_analysis/_archive/derive_join_keys_by_ids.py,evaluate_keyset,function,89,136,<module>,,"records: List[Dict[str, Any]], required_keys: List[str]",,"Dict[str, Any]",true,Compute collision-like metrics on records that have all required keys.,48,10,
tools/patterns_analysis/_archive/derive_join_keys_by_ids.py,compute_coverage,function,138,142,<module>,,"metrics: Dict[str, Any], total_records: int",,float,false,,5,2,
tools/patterns_analysis/_archive/derive_join_keys_by_ids.py,jaccard_similarity,function,145,152,<module>,,"a: List[str], b: List[str]",,float,false,,8,7,
tools/patterns_analysis/_archive/derive_join_keys_by_ids.py,sample_records_by_file,function,155,173,<module>,,"records: List[Dict[str, Any]], frac_files: float, seed: int",,"List[Dict[str, Any]]",true,Bootstrap by sampling files (not individual records) to preserve lineage structure.,19,6,
tools/patterns_analysis/_archive/derive_join_keys_by_ids.py,evaluate_gates,function,176,202,<module>,,"collision_baseline: float, collision_final: float, coverage_final: float, stability_median: float, dmin: float, cmin: float, smin: float",,"(bool, List[str], Dict[str, Any])",true,"Return (escalate_to_pareto, reasons, metrics_dict).",27,4,
tools/patterns_analysis/_archive/derive_join_keys_by_ids.py,greedy_select_keys,function,204,272,<module>,,"records: List[Dict[str, Any]], candidate_keys: List[str], max_k: int, min_records: int",,"Tuple[List[str], Dict[str, Any]]",true,Forward select keys to minimize collision_rate while maintaining coverage.,69,17,usable
tools/patterns_analysis/_archive/derive_join_keys_by_ids.py,greedy_select_keys.usable,nested_function,220,224,greedy_select_keys,,"metrics: Dict[str, Any]",,bool,false,,5,2,
tools/patterns_analysis/_archive/derive_join_keys_by_ids.py,derive_join_keys_by_ids,function,275,534,<module>,,"exports_dir: str, domain: str, file_to_ids_csv: str, out_dir: str, max_k: int, min_records: int, top_candidate_keys: int, *, phase0_dir: Optional[str] = None",,None,false,,260,29,
tools/patterns_analysis/_archive/derive_join_keys_by_ids.py,main,function,537,566,<module>,,,,None,false,,30,1,
tools/patterns_analysis/_archive/domain_identity_contract.py,<module>,module,1,41,,,,,,false,,41,1,DomainIdentityContract
tools/patterns_analysis/_archive/domain_identity_contract.py,DomainIdentityContract,class,7,41,<module>,,,,,false,,35,1,"__init__,load,allowed_keys_for_domain,required_keys_for_domain,is_key_allowed"
tools/patterns_analysis/_archive/domain_identity_contract.py,DomainIdentityContract.__init__,method,8,9,DomainIdentityContract,,"self, data: dict",,,false,,2,1,
tools/patterns_analysis/_archive/domain_identity_contract.py,DomainIdentityContract.load,method,12,16,DomainIdentityContract,classmethod,cls,,,false,,5,3,
tools/patterns_analysis/_archive/domain_identity_contract.py,DomainIdentityContract.allowed_keys_for_domain,method,18,27,DomainIdentityContract,,"self, domain: str",,set[str],false,,10,3,
tools/patterns_analysis/_archive/domain_identity_contract.py,DomainIdentityContract.required_keys_for_domain,method,29,33,DomainIdentityContract,,"self, domain: str",,set[str],false,,5,2,
tools/patterns_analysis/_archive/domain_identity_contract.py,DomainIdentityContract.is_key_allowed,method,35,41,DomainIdentityContract,,"self, domain: str, key: str",,bool,false,,7,5,
tools/patterns_analysis/_archive/emit_intradomain_definition.py,<module>,module,1,141,,,,,,true,Emit stable intradomain artifacts from file-level clustering output.,141,2,"IDS,_make_ids_ids,emit_ids_artifacts,main"
tools/patterns_analysis/_archive/emit_intradomain_definition.py,IDS,class,23,25,<module>,dataclass(frozen=True),,,,false,,3,1,
tools/patterns_analysis/_archive/emit_intradomain_definition.py,_make_ids_ids,function,28,33,<module>,,"standard_names: List[str], prefix: str = 'IDS'",,"Dict[str, str]",true,Stable mapping from standard_name -> IDS_### (sorted by name).,6,2,
tools/patterns_analysis/_archive/emit_intradomain_definition.py,emit_ids_artifacts,function,36,123,<module>,,"clusters_csv: str, domain: str, out_dir: str, ids_version: str = 'intradomain.v1'",,None,false,,88,9,
tools/patterns_analysis/_archive/emit_intradomain_definition.py,main,function,126,137,<module>,,,,None,false,,12,1,
tools/patterns_analysis/_archive/index.py,<module>,module,1,150,,,,,,false,,150,1,"DomainIndex,_get_join_hash,_phase2_items_by_k,build_domain_index"
tools/patterns_analysis/_archive/index.py,DomainIndex,class,8,31,<module>,dataclass,,,,true,Per-file index for one domain keyed by join_key.join_hash.,24,1,
tools/patterns_analysis/_archive/index.py,_get_join_hash,function,34,45,<module>,,"record: Dict[str, Any]",,Optional[str],false,,12,6,
tools/patterns_analysis/_archive/index.py,_phase2_items_by_k,function,48,100,<module>,,"record: Dict[str, Any]",,"Tuple[Dict[str, Tuple[str, Optional[str]]], int]",true,"Return a map k -> (q, v) across concatenated phase2 item buckets.",53,16,
tools/patterns_analysis/_archive/index.py,build_domain_index,function,103,150,<module>,,"*, domain: str, file_id: str, records: List[Dict[str, Any]]",,DomainIndex,true,Build a per-file join_hash index for one domain.,48,7,
tools/patterns_analysis/_archive/intradomain_summary.py,<module>,module,1,250,,,,,,true,Intradomain summary: profile representative files per detected standard.,250,2,"_safe_str,_extract_identity_items,_profile_records,_pick_representative,_load_export_by_file_id,build_intradomain_summary,main"
tools/patterns_analysis/_archive/intradomain_summary.py,_safe_str,function,27,30,<module>,,v: Any,,str,false,,4,2,
tools/patterns_analysis/_archive/intradomain_summary.py,_extract_identity_items,function,33,54,<module>,,"record: Dict[str, Any]",,"List[Dict[str, Any]]",false,,22,6,
tools/patterns_analysis/_archive/intradomain_summary.py,_profile_records,function,57,82,<module>,,"records: List[Dict[str, Any]]",,"Dict[str, Any]",true,Aggregate identity evidence across records in a representative file.,26,4,
tools/patterns_analysis/_archive/intradomain_summary.py,_pick_representative,function,85,90,<module>,,"clusters_df: pd.DataFrame, standard_name: str",,str,false,,6,2,
tools/patterns_analysis/_archive/intradomain_summary.py,_load_export_by_file_id,function,93,97,<module>,,"exports_dir: str, file_id: str",,,false,,5,3,
tools/patterns_analysis/_archive/intradomain_summary.py,build_intradomain_summary,function,100,215,<module>,,"clusters_csv: str, exports_dir: str, domain: str, out_dir: str, min_top_value_share_gap: float = 0.25",,None,false,,116,18,
tools/patterns_analysis/_archive/intradomain_summary.py,main,function,218,246,<module>,,,,None,false,,29,1,
tools/patterns_analysis/_archive/io.py,<module>,module,1,333,,,,,,false,,333,1,"ExportFile,_ordered_export_names,iter_json_paths,load_export_file,load_exports,get_contract,get_domains_map,get_domain_envelope,get_domain_payload,get_domain_records,get_run_provenance,_read_csv_rows,load_records_file_paths,load_records_sig_profiles,load_records_records_with_identity"
tools/patterns_analysis/_archive/io.py,ExportFile,class,13,18,<module>,dataclass(frozen=True),,,,true,One exported fingerprint JSON treated as one authority sample.,6,1,
tools/patterns_analysis/_archive/io.py,_ordered_export_names,function,21,32,<module>,,root_dir: str,,List[str],true,"Return export JSON names in priority order: fingerprint, then plain fallback.",12,8,
tools/patterns_analysis/_archive/io.py,iter_json_paths,function,35,46,<module>,,root_dir: str,,Iterator[str],true,Yield monolithic export JSON paths in root_dir (non-recursive).,12,4,
tools/patterns_analysis/_archive/io.py,load_export_file,function,49,60,<module>,,"path: str, *, file_id: Optional[str] = None",,ExportFile,true,Load one export JSON file.,12,4,
tools/patterns_analysis/_archive/io.py,load_exports,function,63,79,<module>,,"root_dir: str, *, max_files: Optional[int] = None",,List[ExportFile],true,Load all monolithic exports in a directory (each file = one authority sample).,17,6,
tools/patterns_analysis/_archive/io.py,get_contract,function,82,85,<module>,,"data: Dict[str, Any]",,"Optional[Dict[str, Any]]",true,Return the authoritative run contract envelope if present.,4,1,
tools/patterns_analysis/_archive/io.py,get_domains_map,function,88,91,<module>,,"data: Dict[str, Any]",,"Optional[Dict[str, Any]]",true,Return domains map (back-compat pointer) if present.,4,1,
tools/patterns_analysis/_archive/io.py,get_domain_envelope,function,94,112,<module>,,"data: Dict[str, Any], domain: str",,"Optional[Dict[str, Any]]",true,Return per-domain envelope from _domains or _contract.domains if present.,19,6,
tools/patterns_analysis/_archive/io.py,get_domain_payload,function,115,118,<module>,,"data: Dict[str, Any], domain: str",,"Optional[Dict[str, Any]]",true,Return the domain payload (legacy surface) if present.,4,1,
tools/patterns_analysis/_archive/io.py,get_domain_records,function,121,138,<module>,,"data: Dict[str, Any], domain: str",,"List[Dict[str, Any]]",true,Extract record.v2 records list from the domain payload.,18,5,
tools/patterns_analysis/_archive/io.py,get_run_provenance,function,141,162,<module>,,"data: Dict[str, Any]",,"Dict[str, Any]",true,Best-effort extraction of run-level provenance for reporting.,22,4,
tools/patterns_analysis/_archive/io.py,_read_csv_rows,function,165,171,<module>,,path: str,,"Iterator[Dict[str, str]]",true,Stream rows from a CSV file as dicts (UTF-8).,7,5,
tools/patterns_analysis/_archive/io.py,load_records_file_paths,function,174,195,<module>,,phase0_dir: str,,"Dict[str, str]",true,Return best-effort file_id/export_run_id -> path for metadata heuristics.,22,8,
tools/patterns_analysis/_archive/io.py,load_records_sig_profiles,function,198,241,<module>,,"phase0_dir: str, domain: str",,"Tuple[Dict[str, Dict[str, Any]], Dict[str, str]]",true,Build sig_hash presence profiles per export_run_id from v2.1 Phase0 CSVs.,44,8,
tools/patterns_analysis/_archive/io.py,load_records_records_with_identity,function,244,333,<module>,,"phase0_dir: str, domain: str, *, allowed_file_ids: Optional[Set[str]] = None",,"List[Dict[str, Any]]",true,Load v2.1 Phase0 records and attach identity_basis.items from identity_items.csv.,90,31,
tools/patterns_analysis/_archive/pareto_join_keys_by_ids.py,<module>,module,1,545,,,,,,true,"Pareto join-key derivation per IDS (intradomain standard), using identity_basis.items.",545,2,"is_eligible_join_key_item,md5_utf8_join_pipe,extract_identity_map,compute_join_hash_for_record,Candidate,evaluate_keyset,dominates,pareto_front,choose_from_front,build_candidate_pool,beam_search_candidates,run_pareto_by_ids,main"
tools/patterns_analysis/_archive/pareto_join_keys_by_ids.py,is_eligible_join_key_item,function,58,59,<module>,,"domain: str, key: str",,bool,false,,2,1,
tools/patterns_analysis/_archive/pareto_join_keys_by_ids.py,md5_utf8_join_pipe,function,66,68,<module>,,parts: List[str],,str,false,,3,1,
tools/patterns_analysis/_archive/pareto_join_keys_by_ids.py,extract_identity_map,function,71,86,<module>,,"record: Dict[str, Any]",,"Dict[str, Any]",false,,16,6,
tools/patterns_analysis/_archive/pareto_join_keys_by_ids.py,compute_join_hash_for_record,function,89,95,<module>,,"record: Dict[str, Any], keys: List[str]",,Optional[str],false,,7,5,
tools/patterns_analysis/_archive/pareto_join_keys_by_ids.py,Candidate,class,103,115,<module>,dataclass(frozen=True),,,,false,,13,1,key_str
tools/patterns_analysis/_archive/pareto_join_keys_by_ids.py,Candidate.key_str,method,114,115,Candidate,,self,,str,false,,2,1,
tools/patterns_analysis/_archive/pareto_join_keys_by_ids.py,evaluate_keyset,function,118,177,<module>,,"records: List[Dict[str, Any]], keys: List[str]",,Candidate,false,,60,11,
tools/patterns_analysis/_archive/pareto_join_keys_by_ids.py,dominates,function,180,184,<module>,,"a: Candidate, b: Candidate",,bool,true,"Minimize collision, minimize fragmentation, minimize key_count, minimize (1-coverage).",5,4,
tools/patterns_analysis/_archive/pareto_join_keys_by_ids.py,pareto_front,function,187,205,<module>,,cands: List[Candidate],,List[Candidate],false,,19,7,
tools/patterns_analysis/_archive/pareto_join_keys_by_ids.py,choose_from_front,function,208,213,<module>,,"front: List[Candidate], coverage_min: float",,Optional[Candidate],false,,6,4,
tools/patterns_analysis/_archive/pareto_join_keys_by_ids.py,build_candidate_pool,function,220,237,<module>,,"records: List[Dict[str, Any]], domain: str, top_n: int",,"Tuple[List[str], List[str]]",false,,18,5,
tools/patterns_analysis/_archive/pareto_join_keys_by_ids.py,beam_search_candidates,function,240,293,<module>,,"records: List[Dict[str, Any]], keys_pool: List[str], max_k: int, beam_width: int, coverage_min: float",,List[Candidate],true,Deterministic beam search:,54,7,get_eval
tools/patterns_analysis/_archive/pareto_join_keys_by_ids.py,beam_search_candidates.get_eval,nested_function,257,262,beam_search_candidates,,"kset: Tuple[str, ...]",,Candidate,false,,6,2,
tools/patterns_analysis/_archive/pareto_join_keys_by_ids.py,run_pareto_by_ids,function,300,510,<module>,,"exports_dir: str, domain: str, file_to_ids_csv: str, out_dir: str, max_k: int, top_candidate_keys: int, beam_width: int, coverage_min: float, only_escalated: bool, escalation_report_csv: Optional[str]",,None,false,,211,24,
tools/patterns_analysis/_archive/pareto_join_keys_by_ids.py,main,function,513,541,<module>,,,,None,false,,29,1,
tools/patterns_analysis/_archive/pareto_with_splits.py,<module>,module,1,215,,,,,,true,Enhanced Pareto analysis with automatic split detection.,215,2,"detect_pareto_cliffs,assess_split_likelihood,run_pareto_with_split_detection,main"
tools/patterns_analysis/_archive/pareto_with_splits.py,detect_pareto_cliffs,function,20,54,<module>,,"pareto_front_df: pd.DataFrame, min_cliff_drop: float = 0.15",,List[Dict],true,Detect cliffs in Pareto front that indicate splits.,35,4,
tools/patterns_analysis/_archive/pareto_with_splits.py,assess_split_likelihood,function,57,114,<module>,,cliffs: List[Dict],,Dict,true,Assess likelihood of organizational split based on Pareto cliffs.,58,8,
tools/patterns_analysis/_archive/pareto_with_splits.py,run_pareto_with_split_detection,function,117,190,<module>,,"records_csv: str, items_csv: str, domain: str, out_dir: str, **pareto_kwargs",,None,true,Run Pareto analysis with automatic split detection.,74,6,
tools/patterns_analysis/_archive/pareto_with_splits.py,main,function,193,211,<module>,,,,None,false,,19,1,
tools/patterns_analysis/_archive/report.py,<module>,module,1,116,,,,,,false,,116,1,"ensure_dir,utc_timestamp,write_change_type_csv,write_json_report,format_console_summary"
tools/patterns_analysis/_archive/report.py,ensure_dir,function,13,15,<module>,,path: str,,str,false,,3,1,
tools/patterns_analysis/_archive/report.py,utc_timestamp,function,18,19,<module>,,,,str,false,,2,1,
tools/patterns_analysis/_archive/report.py,write_change_type_csv,function,22,52,<module>,,"*, out_path: str, rows: Iterable[ChangeCounts]",,None,true,Write baseline-vs-file change classification counts.,31,5,
tools/patterns_analysis/_archive/report.py,write_json_report,function,55,70,<module>,,"*, out_path: str, report: Dict[str, Any]",,None,true,Write a small JSON report containing provenance + counts + assumptions.,16,4,
tools/patterns_analysis/_archive/report.py,format_console_summary,function,73,116,<module>,,"*, domain: str, baseline_file_id: str, counts: List[ChangeCounts]",,str,true,Console-friendly summary text for baseline vs others.,44,6,
tools/patterns_analysis/_archive/run_attribute_stress.py,<module>,module,1,142,,,,,,false,,142,2,"extract_phase2_items,run_attribute_stress,main"
tools/patterns_analysis/_archive/run_attribute_stress.py,extract_phase2_items,function,15,29,<module>,,record,,"Dict[str, Tuple[str, str]]",true,"Return k -> (q, v) map across all phase2 buckets.",15,8,
tools/patterns_analysis/_archive/run_attribute_stress.py,run_attribute_stress,function,32,122,<module>,,"*, exports_dir: str, domain: str, threshold_pct: float, out_dir: str",,None,false,,91,16,
tools/patterns_analysis/_archive/run_attribute_stress.py,main,function,125,138,<module>,,,,,false,,14,1,
tools/patterns_analysis/_archive/run_attribute_stress_all_joinable.py,<module>,module,1,179,,,,,,false,,179,2,"_phase2_items_map_no_dups,run_attribute_stress_all_joinable,main"
tools/patterns_analysis/_archive/run_attribute_stress_all_joinable.py,_phase2_items_map_no_dups,function,15,49,<module>,,record,,"Tuple[Dict[str, Tuple[str, str]], bool]",true,"Return k -> (q, v) across all phase2 buckets.",35,9,
tools/patterns_analysis/_archive/run_attribute_stress_all_joinable.py,run_attribute_stress_all_joinable,function,52,159,<module>,,"*, exports_dir: str, domain: str, min_presence_files: int, out_dir: str",,None,false,,108,19,
tools/patterns_analysis/_archive/run_attribute_stress_all_joinable.py,main,function,162,175,<module>,,,,None,false,,14,1,
tools/patterns_analysis/_archive/run_candidate_joinkey_simulation.py,<module>,module,1,147,,,,,,false,,147,2,"_get,_qv,_extract_features,run_candidate_joinkey_simulation,main"
tools/patterns_analysis/_archive/run_candidate_joinkey_simulation.py,_get,function,13,19,<module>,,"record: Dict[str, Any], path: List[str]",,Any,false,,7,3,
tools/patterns_analysis/_archive/run_candidate_joinkey_simulation.py,_qv,function,22,27,<module>,,v: Any,,"Tuple[str, str]",false,,6,3,
tools/patterns_analysis/_archive/run_candidate_joinkey_simulation.py,_extract_features,function,30,36,<module>,,"record: Dict[str, Any]",,"Dict[str, Tuple[str, str]]",false,,7,1,
tools/patterns_analysis/_archive/run_candidate_joinkey_simulation.py,run_candidate_joinkey_simulation,function,39,129,<module>,,"exports_dir: str, domain: str, out_dir: str",,None,false,,91,13,
tools/patterns_analysis/_archive/run_candidate_joinkey_simulation.py,main,function,132,143,<module>,,,,None,false,,12,1,
tools/patterns_analysis/_archive/run_change_type.py,<module>,module,1,119,,,,,,false,,119,2,"run_change_type,_parse_args,main"
tools/patterns_analysis/_archive/run_change_type.py,run_change_type,function,13,89,<module>,,"*, exports_dir: str, domain: str, baseline_file_id: str, out_dir: str",,"Dict[str, Any]",true,Minimal working slice:,77,6,
tools/patterns_analysis/_archive/run_change_type.py,_parse_args,function,92,105,<module>,,,,argparse.Namespace,false,,14,1,
tools/patterns_analysis/_archive/run_change_type.py,main,function,108,115,<module>,,,,None,false,,8,1,
tools/patterns_analysis/_archive/run_collision_differencing.py,<module>,module,1,342,,,,,,false,,342,2,"_get_join_hash,_is_scalar,_stable_json,_phase2_bucket_items,_phase2_items_map,_top_level_field_variants,CollisionGroup,run_collision_differencing,main"
tools/patterns_analysis/_archive/run_collision_differencing.py,_get_join_hash,function,19,30,<module>,,"record: Dict[str, Any]",,Optional[str],false,,12,6,
tools/patterns_analysis/_archive/run_collision_differencing.py,_is_scalar,function,33,34,<module>,,x: Any,,bool,false,,2,2,
tools/patterns_analysis/_archive/run_collision_differencing.py,_stable_json,function,37,48,<module>,,"x: Any, *, max_chars: int",,str,true,JSON-ish string for CSV cells; truncates long values explicitly.,12,6,
tools/patterns_analysis/_archive/run_collision_differencing.py,_phase2_bucket_items,function,51,62,<module>,,"record: Dict[str, Any], bucket: str",,"List[Dict[str, Any]]",false,,12,5,
tools/patterns_analysis/_archive/run_collision_differencing.py,_phase2_items_map,function,65,94,<module>,,"record: Dict[str, Any], bucket: str",,"Tuple[Dict[str, Tuple[str, Optional[str]]], int]",true,"k -> (q,v) map for a single bucket. Returns duplicate_k_count explicitly.",30,11,
tools/patterns_analysis/_archive/run_collision_differencing.py,_top_level_field_variants,function,97,143,<module>,,"records: List[Dict[str, Any]], *, exclude_keys: Iterable[str]",,"Dict[str, Dict[str, Any]]",true,"For each top-level key, collect variants across records.",47,10,
tools/patterns_analysis/_archive/run_collision_differencing.py,CollisionGroup,class,147,150,<module>,dataclass,,,,false,,4,1,
tools/patterns_analysis/_archive/run_collision_differencing.py,run_collision_differencing,function,157,322,<module>,,"*, exports_dir: str, domain: str, out_dir: str, max_value_chars: int",,None,false,,166,19,
tools/patterns_analysis/_archive/run_collision_differencing.py,main,function,325,338,<module>,,,,None,false,,14,1,
tools/patterns_analysis/_archive/run_dimension_types_by_family.py,<module>,module,1,411,,,,,,false,,411,2,"_get,_qv_to_v,_family_shape,_slug,_write_json,_filter_export_domain_records,_discover_families_from_exports,_families_present_in_baseline,FamilyRun,_prepare_filtered_dirs,_run_all_phase2,main"
tools/patterns_analysis/_archive/run_dimension_types_by_family.py,_get,function,24,30,<module>,,"d: Dict[str, Any], path: List[str]",,Any,false,,7,3,
tools/patterns_analysis/_archive/run_dimension_types_by_family.py,_qv_to_v,function,33,44,<module>,,x: Any,,Optional[str],true,"phase2 item maps store {q,v}. Return v as string if present.",12,6,
tools/patterns_analysis/_archive/run_dimension_types_by_family.py,_family_shape,function,46,99,<module>,,"record: Dict[str, Any]",,str,true,Return dimension partition key.,54,17,
tools/patterns_analysis/_archive/run_dimension_types_by_family.py,_slug,function,104,108,<module>,,s: str,,str,false,,5,2,
tools/patterns_analysis/_archive/run_dimension_types_by_family.py,_write_json,function,111,113,<module>,,"path: str, data: Dict[str, Any]",,None,false,,3,2,
tools/patterns_analysis/_archive/run_dimension_types_by_family.py,_filter_export_domain_records,function,116,147,<module>,,"*, export_data: Dict[str, Any], domain: str, family_value: str",,"Tuple[Dict[str, Any], int]",true,"Return (new_export_data, kept_record_count). Keeps everything else intact.",32,6,
tools/patterns_analysis/_archive/run_dimension_types_by_family.py,_discover_families_from_exports,function,150,156,<module>,,"exports_dir: str, domain: str",,Set[str],false,,7,3,
tools/patterns_analysis/_archive/run_dimension_types_by_family.py,_families_present_in_baseline,function,159,167,<module>,,"exports_dir: str, domain: str, baseline_file_id: str",,Set[str],false,,9,4,
tools/patterns_analysis/_archive/run_dimension_types_by_family.py,FamilyRun,class,171,175,<module>,dataclass(frozen=True),,,,false,,5,1,
tools/patterns_analysis/_archive/run_dimension_types_by_family.py,_prepare_filtered_dirs,function,178,244,<module>,,"*, exports_dir: str, out_root: str, domain: str, baseline_file_id: Optional[str], families: Iterable[str], keep_temp: bool",,List[FamilyRun],false,,67,14,_on_rm_error
tools/patterns_analysis/_archive/run_dimension_types_by_family.py,_prepare_filtered_dirs._on_rm_error,nested_function,194,203,_prepare_filtered_dirs,,"func, path, exc_info",,,false,,10,5,
tools/patterns_analysis/_archive/run_dimension_types_by_family.py,_run_all_phase2,function,246,306,<module>,,"*, filtered_exports_dir: str, domain: str, baseline_file_id: Optional[str], out_dir: str",,None,false,,61,2,
tools/patterns_analysis/_archive/run_dimension_types_by_family.py,main,function,309,407,<module>,,,,None,false,,99,14,
tools/patterns_analysis/_archive/run_dimension_types_by_family.py,main._on_rm_error,nested_function,389,397,main,,"func, path, exc_info",,,false,,9,5,
tools/patterns_analysis/_archive/run_identity_collision_diagnostics.py,<module>,module,1,178,,,,,,false,,178,2,"_multiplicity_map,run_identity_collision_diagnostics,main"
tools/patterns_analysis/_archive/run_identity_collision_diagnostics.py,_multiplicity_map,function,14,29,<module>,,idx,,"Dict[str, int]",true,"join_hash -> multiplicity within a file, including duplicates.",16,6,
tools/patterns_analysis/_archive/run_identity_collision_diagnostics.py,run_identity_collision_diagnostics,function,32,160,<module>,,"*, exports_dir: str, domain: str, out_dir: str",,None,false,,129,14,
tools/patterns_analysis/_archive/run_identity_collision_diagnostics.py,main,function,163,174,<module>,,,,None,false,,12,1,
tools/patterns_analysis/_archive/run_joinhash_label_population.py,<module>,module,1,231,,,,,,false,,231,2,"_get_join_hash,_extract_label_qv,run_joinhash_label_population,main"
tools/patterns_analysis/_archive/run_joinhash_label_population.py,_get_join_hash,function,14,25,<module>,,"record: Dict[str, Any]",,Optional[str],false,,12,6,
tools/patterns_analysis/_archive/run_joinhash_label_population.py,_extract_label_qv,function,28,75,<module>,,"record: Dict[str, Any]",,"Tuple[str, Optional[str]]",true,Best-effort extraction of a label surface.,48,14,
tools/patterns_analysis/_archive/run_joinhash_label_population.py,run_joinhash_label_population,function,78,213,<module>,,"*, exports_dir: str, domain: str, out_dir: str",,None,false,,136,10,
tools/patterns_analysis/_archive/run_joinhash_label_population.py,main,function,216,227,<module>,,,,None,false,,12,1,
tools/patterns_analysis/_archive/run_joinhash_parameter_population.py,<module>,module,1,440,,,,,,false,,440,2,"_get_join_hash,_stable_json,_is_scalar,_extract_qv_from_value,_phase2_bucket_items,_iter_record_parameters,run_joinhash_parameter_population,main"
tools/patterns_analysis/_archive/run_joinhash_parameter_population.py,_get_join_hash,function,14,25,<module>,,"record: Dict[str, Any]",,Optional[str],false,,12,6,
tools/patterns_analysis/_archive/run_joinhash_parameter_population.py,_stable_json,function,28,38,<module>,,"x: Any, *, max_chars: int = 600",,str,false,,11,6,
tools/patterns_analysis/_archive/run_joinhash_parameter_population.py,_is_scalar,function,41,42,<module>,,x: Any,,bool,false,,2,2,
tools/patterns_analysis/_archive/run_joinhash_parameter_population.py,_extract_qv_from_value,function,45,84,<module>,,v: Any,,"Tuple[str, Optional[str]]",true,"Normalize a value into (q, v_str) while preserving explicit states when present.",40,16,
tools/patterns_analysis/_archive/run_joinhash_parameter_population.py,_phase2_bucket_items,function,87,98,<module>,,"record: Dict[str, Any], bucket: str",,"List[Dict[str, Any]]",false,,12,5,
tools/patterns_analysis/_archive/run_joinhash_parameter_population.py,_iter_record_parameters,function,101,170,<module>,,"record: Dict[str, Any], *, include_top_level: bool, include_phase2_semantic: bool, include_phase2_cosmetic: bool, include_phase2_coordination: bool, include_phase2_unknown: bool",,"Tuple[List[Tuple[str, str, Optional[str]]], int]",true,"Yield (param_key, q, v) observations for a single record.",70,10,emit_bucket
tools/patterns_analysis/_archive/run_joinhash_parameter_population.py,_iter_record_parameters.emit_bucket,nested_function,130,159,_iter_record_parameters,,"bucket: str, prefix: str",,None,false,,30,11,
tools/patterns_analysis/_archive/run_joinhash_parameter_population.py,run_joinhash_parameter_population,function,173,408,<module>,,"*, exports_dir: str, domain: str, out_dir: str, include_top_level: bool, include_semantic: bool, include_cosmetic: bool, include_coordination: bool, include_unknown: bool, max_cell_chars: int",,None,false,,236,24,
tools/patterns_analysis/_archive/run_joinhash_parameter_population.py,main,function,411,436,<module>,,,,None,false,,26,1,
tools/patterns_analysis/_archive/run_population_stability.py,<module>,module,1,114,,,,,,false,,114,2,"run_population_stability,_parse_args,main"
tools/patterns_analysis/_archive/run_population_stability.py,run_population_stability,function,14,86,<module>,,"*, exports_dir: str, domain: str, thresholds_pct: List[float], out_dir: str",,None,false,,73,7,
tools/patterns_analysis/_archive/run_population_stability.py,_parse_args,function,89,99,<module>,,,,argparse.Namespace,false,,11,1,
tools/patterns_analysis/_archive/run_population_stability.py,main,function,102,110,<module>,,,,None,false,,9,3,
tools/patterns_analysis/_archive/run_text_types_candidate_joinkey_simulation.py,<module>,module,1,175,,,,,,false,,175,2,"_norm_scalar,_get_top,_get_p2_value,_extract_features,run,main"
tools/patterns_analysis/_archive/run_text_types_candidate_joinkey_simulation.py,_norm_scalar,function,13,20,<module>,,v: Any,,Optional[str],false,,8,4,
tools/patterns_analysis/_archive/run_text_types_candidate_joinkey_simulation.py,_get_top,function,23,24,<module>,,"record: Dict[str, Any], key: str",,Optional[str],false,,2,1,
tools/patterns_analysis/_archive/run_text_types_candidate_joinkey_simulation.py,_get_p2_value,function,27,40,<module>,,"record: Dict[str, Any], bucket: str, k: str",,Optional[str],false,,14,6,
tools/patterns_analysis/_archive/run_text_types_candidate_joinkey_simulation.py,_extract_features,function,43,58,<module>,,"record: Dict[str, Any]",,"Tuple[Optional[str], Optional[str], Optional[str], Optional[str]]",true,"Extract the typography surfaces we care about, preferring top-level where present,",16,5,
tools/patterns_analysis/_archive/run_text_types_candidate_joinkey_simulation.py,run,function,61,162,<module>,,"exports_dir: str, out_dir: str, min_files: int",,None,false,,102,12,
tools/patterns_analysis/_archive/run_text_types_candidate_joinkey_simulation.py,main,function,165,171,<module>,,,,None,false,,7,1,
tools/patterns_analysis/_archive/run_view_category_overrides_joinkey_analysis.py,<module>,module,1,197,,,,,,true,View Category Overrides Join Key Discovery,197,2,"_stable_delta_hash,_extract_override_record,analyze_override_patterns,main"
tools/patterns_analysis/_archive/run_view_category_overrides_joinkey_analysis.py,_stable_delta_hash,function,21,25,<module>,,"delta_items: Iterable[Dict[str, str]]",,str,true,Compute a stable hash for delta items (k/v pairs) to model delta_sig_hash.,5,2,
tools/patterns_analysis/_archive/run_view_category_overrides_joinkey_analysis.py,_extract_override_record,function,28,52,<module>,,"record: Dict[str, object]",,"Tuple[str, str, List[Dict[str, str]], str, str]",true,"Return (baseline_sig, delta_sig, delta_items, record_id, label).",25,7,
tools/patterns_analysis/_archive/run_view_category_overrides_joinkey_analysis.py,analyze_override_patterns,function,55,185,<module>,,export_path: str,,None,true,Analyze view_category_overrides for join key discovery.,131,24,
tools/patterns_analysis/_archive/run_view_category_overrides_joinkey_analysis.py,main,function,188,193,<module>,,,,None,false,,6,1,
tools/patterns_analysis/_archive/run_view_templates_joinkey_analysis.py,<module>,module,1,200,,,,,,true,View Templates Join Key Discovery,200,2,"_join_key_from_record,_detect_demo_plan,_project_identifier,_pareto_cover,test_join_key,_print_option_summary,_print_sample_interpretation,analyze_view_templates,main"
tools/patterns_analysis/_archive/run_view_templates_joinkey_analysis.py,_join_key_from_record,function,20,27,<module>,,"record: Dict[str, object]",,Optional[str],false,,8,5,
tools/patterns_analysis/_archive/run_view_templates_joinkey_analysis.py,_detect_demo_plan,function,30,39,<module>,,"record: Dict[str, object]",,bool,false,,10,4,
tools/patterns_analysis/_archive/run_view_templates_joinkey_analysis.py,_project_identifier,function,42,52,<module>,,"record: Dict[str, object]",,Optional[str],false,,11,4,
tools/patterns_analysis/_archive/run_view_templates_joinkey_analysis.py,_pareto_cover,function,55,65,<module>,,"counts: List[int], target_ratio: float = 0.8",,int,false,,11,4,
tools/patterns_analysis/_archive/run_view_templates_joinkey_analysis.py,test_join_key,function,68,124,<module>,,"records: List[Dict[str, object]]",,"Dict[str, object]",true,Analyze policy-driven join key grouping.,57,12,
tools/patterns_analysis/_archive/run_view_templates_joinkey_analysis.py,_print_option_summary,function,127,142,<module>,,"label: str, result: Dict[str, object]",,None,false,,16,1,
tools/patterns_analysis/_archive/run_view_templates_joinkey_analysis.py,_print_sample_interpretation,function,145,152,<module>,,,,None,false,,8,1,
tools/patterns_analysis/_archive/run_view_templates_joinkey_analysis.py,analyze_view_templates,function,155,187,<module>,,export_path: str,,None,true,Run analysis on policy-driven join keys.,33,6,
tools/patterns_analysis/_archive/run_view_templates_joinkey_analysis.py,main,function,190,196,<module>,,,,None,false,,7,1,
tools/patterns_analysis/_archive/split_detection.py,<module>,module,1,247,,,,,,true,Core split detection functionality.,247,1,"Cluster,SplitSignal,extract_metadata_patterns,find_common_path_components,infer_region_from_paths,infer_office_from_paths,extract_dates_from_paths,compute_silhouette_score,interpret_silhouette_score,cluster_assignments_to_labels,build_distance_matrix_from_similarity"
tools/patterns_analysis/_archive/split_detection.py,Cluster,class,20,29,<module>,dataclass,,,,true,Represents a cluster of files following the same standard.,10,1,
tools/patterns_analysis/_archive/split_detection.py,SplitSignal,class,33,39,<module>,dataclass,,,,true,Evidence of a potential split.,7,1,
tools/patterns_analysis/_archive/split_detection.py,extract_metadata_patterns,function,42,82,<module>,,"file_ids: List[str], file_paths: Dict[str, str]",,"Dict[str, Any]",true,Extract common patterns from file paths.,41,4,
tools/patterns_analysis/_archive/split_detection.py,find_common_path_components,function,85,102,<module>,,paths: List[str],,List[str],true,Find path components that appear in >50% of paths.,18,6,
tools/patterns_analysis/_archive/split_detection.py,infer_region_from_paths,function,105,129,<module>,,paths: List[str],,str,true,Heuristically detect region from file paths.,25,7,
tools/patterns_analysis/_archive/split_detection.py,infer_office_from_paths,function,132,158,<module>,,paths: List[str],,str,true,Extract office/location from paths.,27,8,
tools/patterns_analysis/_archive/split_detection.py,extract_dates_from_paths,function,161,177,<module>,,paths: List[str],,List[str],true,Extract dates from file paths.,17,3,
tools/patterns_analysis/_archive/split_detection.py,compute_silhouette_score,function,180,197,<module>,,"distance_matrix: np.ndarray, labels: np.ndarray",,float,true,Compute silhouette score for cluster quality assessment.,18,3,
tools/patterns_analysis/_archive/split_detection.py,interpret_silhouette_score,function,200,210,<module>,,score: float,,str,true,Human-readable interpretation of silhouette score.,11,4,
tools/patterns_analysis/_archive/split_detection.py,cluster_assignments_to_labels,function,213,224,<module>,,"clusters: List[Cluster], all_file_ids: List[str]",,np.ndarray,true,Convert cluster assignments to label array for silhouette calculation.,12,4,
tools/patterns_analysis/_archive/split_detection.py,build_distance_matrix_from_similarity,function,227,247,<module>,,"file_ids: List[str], similarity_matrix: Dict[Tuple[str, str], float]",,np.ndarray,true,Convert similarity dictionary to distance matrix.,21,5,
tools/patterns_analysis/_archive/split_detection_element_level.py,<module>,module,1,487,,,,,,true,Element-level classification against reference standards.,487,2,"_read_csv_rows,extract_label_display,classify_file_elements,compute_element_statistics,generate_remediation_plan,run_element_level_classification,main"
tools/patterns_analysis/_archive/split_detection_element_level.py,_read_csv_rows,function,21,27,<module>,,path: str,,"Iterator[Dict[str, str]]",true,Stream rows from a CSV file as dicts (UTF-8 with BOM support).,7,5,
tools/patterns_analysis/_archive/split_detection_element_level.py,extract_label_display,function,30,73,<module>,,record: Dict,,str,true,Extract human-readable label from record.,44,15,
tools/patterns_analysis/_archive/split_detection_element_level.py,classify_file_elements,function,76,184,<module>,,"file_export, domain: str, reference_standards: Dict, *, phase0_dir: str | None = None, file_id_override: str | None = None",,Dict,true,Classify each element in file against reference standards.,109,28,
tools/patterns_analysis/_archive/split_detection_element_level.py,compute_element_statistics,function,187,224,<module>,,element_classifications: List[Dict],,Dict,true,Aggregate element-level classifications.,38,4,
tools/patterns_analysis/_archive/split_detection_element_level.py,generate_remediation_plan,function,227,277,<module>,,classification_result: Dict,,Dict,true,Create actionable remediation plan for contaminated file.,51,8,
tools/patterns_analysis/_archive/split_detection_element_level.py,run_element_level_classification,function,280,430,<module>,,"clusters_csv: str, reference_standards_json: str, exports_dir: str, domain: str, contamination_threshold: float, out_dir: str, *, phase0_dir: str | None = None",,None,true,Run element-level classification for contaminated files.,151,16,
tools/patterns_analysis/_archive/split_detection_element_level.py,main,function,433,483,<module>,,,,None,false,,51,1,
tools/patterns_analysis/_archive/split_detection_file_level.py,<module>,module,1,672,,,,,,true,File-level split detection via domain profile clustering.,672,2,"compute_named_cluster_flags,build_element_profiles,compute_pairwise_similarity_candidates,_files_with_any_candidate,compute_pairwise_similarity,hierarchical_cluster_files,threshold_graph_cluster_files,compute_avg_internal_similarity,compute_avg_between_cluster_similarity,select_cluster_representative,infer_standard_name,run_file_level_clustering,main"
tools/patterns_analysis/_archive/split_detection_file_level.py,compute_named_cluster_flags,function,33,73,<module>,,summary_df: pd.DataFrame,,pd.Series,true,Flag clusters as named (governance-relevant) vs long tail using the,41,8,
tools/patterns_analysis/_archive/split_detection_file_level.py,build_element_profiles,function,76,108,<module>,,"exports_dir: str, domain: str, *, phase0_dir: str | None = None",,"Tuple[Dict, Dict]",true,Build element signature profiles for each file.,33,5,
tools/patterns_analysis/_archive/split_detection_file_level.py,compute_pairwise_similarity_candidates,function,111,176,<module>,,file_profiles: Dict,,"Tuple[Dict[Tuple[str, str], float], Dict[str, int]]",true,Compute exact Jaccard similarity only for file pairs that share >=1 sig_hash.,66,18,
tools/patterns_analysis/_archive/split_detection_file_level.py,_files_with_any_candidate,function,179,184,<module>,,"shared_counts: Dict[Tuple[str, str], int]",,Set[str],false,,6,2,
tools/patterns_analysis/_archive/split_detection_file_level.py,compute_pairwise_similarity,function,187,210,<module>,,file_profiles: Dict,,"Dict[Tuple[str, str], float]",true,Compute Jaccard similarity between all file pairs.,24,6,
tools/patterns_analysis/_archive/split_detection_file_level.py,hierarchical_cluster_files,function,213,277,<module>,,"file_profiles: Dict, similarity_matrix: Dict[Tuple[str, str], float], threshold: float = 0.7",,List[Cluster],true,Perform hierarchical clustering on files.,65,10,
tools/patterns_analysis/_archive/split_detection_file_level.py,threshold_graph_cluster_files,function,280,359,<module>,,"file_profiles: Dict, similarity_matrix: Dict[Tuple[str, str], float], threshold: float = 0.7",,List[Cluster],true,Cluster files as connected components of a similarity-threshold graph.,80,9,"find,union"
tools/patterns_analysis/_archive/split_detection_file_level.py,threshold_graph_cluster_files.find,nested_function,310,314,threshold_graph_cluster_files,,x: str,,str,false,,5,2,
tools/patterns_analysis/_archive/split_detection_file_level.py,threshold_graph_cluster_files.union,nested_function,316,327,threshold_graph_cluster_files,,"a: str, b: str",,None,false,,12,4,
tools/patterns_analysis/_archive/split_detection_file_level.py,compute_avg_internal_similarity,function,362,378,<module>,,"members: List[str], similarity_matrix: Dict[Tuple[str, str], float]",,float,true,Compute average pairwise similarity within cluster.,17,4,
tools/patterns_analysis/_archive/split_detection_file_level.py,compute_avg_between_cluster_similarity,function,381,400,<module>,,"clusters: List[Cluster], similarity_matrix: Dict[Tuple[str, str], float]",,float,true,Compute average similarity between different clusters.,20,6,
tools/patterns_analysis/_archive/split_detection_file_level.py,select_cluster_representative,function,403,425,<module>,,"cluster: Cluster, similarity_matrix: Dict[Tuple[str, str], float]",,str,true,Select most representative file (highest avg similarity to cluster).,23,5,
tools/patterns_analysis/_archive/split_detection_file_level.py,infer_standard_name,function,428,442,<module>,,"cluster: Cluster, metadata_patterns: Dict",,str,true,Infer human-readable name for standard.,15,3,
tools/patterns_analysis/_archive/split_detection_file_level.py,run_file_level_clustering,function,445,613,<module>,,"exports_dir: str, domain: str, threshold: float, out_dir: str, *, phase0_dir: str | None = None, mode: str = 'allpairs'",,None,true,Run complete file-level clustering analysis.,169,10,
tools/patterns_analysis/_archive/split_detection_file_level.py,main,function,616,668,<module>,,,,None,false,,53,1,
tools/patterns_analysis/_archive/stability.py,<module>,module,1,90,,,,,,false,,90,1,"PresenceStability,presence_counts,stable_join_hashes,stability_distribution"
tools/patterns_analysis/_archive/stability.py,PresenceStability,class,21,25,<module>,dataclass,,,,false,,5,1,
tools/patterns_analysis/_archive/stability.py,presence_counts,function,28,34,<module>,,indexes: Sequence[DomainIndex],,"Dict[str, int]",true,Return join_hash -> number of files in which it appears (unique joinable only).,7,3,
tools/patterns_analysis/_archive/stability.py,stable_join_hashes,function,37,55,<module>,,"*, indexes: Sequence[DomainIndex], threshold_pct: float",,Set[str],true,Return join_hash keys present in >= threshold_pct of files.,19,6,
tools/patterns_analysis/_archive/stability.py,stability_distribution,function,58,90,<module>,,"*, indexes: Sequence[DomainIndex], thresholds_pct: Sequence[float]",,List[PresenceStability],true,Compute stable counts for each threshold in thresholds_pct.,33,7,
tools/patterns_analysis/split_detection.py,<module>,module,1,247,,,,,,true,Core split detection functionality.,247,1,"Cluster,SplitSignal,extract_metadata_patterns,find_common_path_components,infer_region_from_paths,infer_office_from_paths,extract_dates_from_paths,compute_silhouette_score,interpret_silhouette_score,cluster_assignments_to_labels,build_distance_matrix_from_similarity"
tools/patterns_analysis/split_detection.py,Cluster,class,20,29,<module>,dataclass,,,,true,Represents a cluster of files following the same standard.,10,1,
tools/patterns_analysis/split_detection.py,SplitSignal,class,33,39,<module>,dataclass,,,,true,Evidence of a potential split.,7,1,
tools/patterns_analysis/split_detection.py,extract_metadata_patterns,function,42,82,<module>,,"file_ids: List[str], file_paths: Dict[str, str]",,"Dict[str, Any]",true,Extract common patterns from file paths.,41,4,
tools/patterns_analysis/split_detection.py,find_common_path_components,function,85,102,<module>,,paths: List[str],,List[str],true,Find path components that appear in >50% of paths.,18,6,
tools/patterns_analysis/split_detection.py,infer_region_from_paths,function,105,129,<module>,,paths: List[str],,str,true,Heuristically detect region from file paths.,25,7,
tools/patterns_analysis/split_detection.py,infer_office_from_paths,function,132,158,<module>,,paths: List[str],,str,true,Extract office/location from paths.,27,8,
tools/patterns_analysis/split_detection.py,extract_dates_from_paths,function,161,177,<module>,,paths: List[str],,List[str],true,Extract dates from file paths.,17,3,
tools/patterns_analysis/split_detection.py,compute_silhouette_score,function,180,197,<module>,,"distance_matrix: np.ndarray, labels: np.ndarray",,float,true,Compute silhouette score for cluster quality assessment.,18,3,
tools/patterns_analysis/split_detection.py,interpret_silhouette_score,function,200,210,<module>,,score: float,,str,true,Human-readable interpretation of silhouette score.,11,4,
tools/patterns_analysis/split_detection.py,cluster_assignments_to_labels,function,213,224,<module>,,"clusters: List[Cluster], all_file_ids: List[str]",,np.ndarray,true,Convert cluster assignments to label array for silhouette calculation.,12,4,
tools/patterns_analysis/split_detection.py,build_distance_matrix_from_similarity,function,227,247,<module>,,"file_ids: List[str], similarity_matrix: Dict[Tuple[str, str], float]",,np.ndarray,true,Convert similarity dictionary to distance matrix.,21,5,
tools/patterns_analysis/split_detection_element_level.py,<module>,module,1,487,,,,,,true,Element-level classification against reference standards.,487,2,"_read_csv_rows,extract_label_display,classify_file_elements,compute_element_statistics,generate_remediation_plan,run_element_level_classification,main"
tools/patterns_analysis/split_detection_element_level.py,_read_csv_rows,function,21,27,<module>,,path: str,,"Iterator[Dict[str, str]]",true,Stream rows from a CSV file as dicts (UTF-8 with BOM support).,7,5,
tools/patterns_analysis/split_detection_element_level.py,extract_label_display,function,30,73,<module>,,record: Dict,,str,true,Extract human-readable label from record.,44,15,
tools/patterns_analysis/split_detection_element_level.py,classify_file_elements,function,76,184,<module>,,"file_export, domain: str, reference_standards: Dict, *, phase0_dir: str | None = None, file_id_override: str | None = None",,Dict,true,Classify each element in file against reference standards.,109,28,
tools/patterns_analysis/split_detection_element_level.py,compute_element_statistics,function,187,224,<module>,,element_classifications: List[Dict],,Dict,true,Aggregate element-level classifications.,38,4,
tools/patterns_analysis/split_detection_element_level.py,generate_remediation_plan,function,227,277,<module>,,classification_result: Dict,,Dict,true,Create actionable remediation plan for contaminated file.,51,8,
tools/patterns_analysis/split_detection_element_level.py,run_element_level_classification,function,280,430,<module>,,"clusters_csv: str, reference_standards_json: str, exports_dir: str, domain: str, contamination_threshold: float, out_dir: str, *, phase0_dir: str | None = None",,None,true,Run element-level classification for contaminated files.,151,16,
tools/patterns_analysis/split_detection_element_level.py,main,function,433,483,<module>,,,,None,false,,51,1,
tools/patterns_analysis/split_detection_file_level.py,<module>,module,1,672,,,,,,true,File-level split detection via domain profile clustering.,672,2,"compute_named_cluster_flags,build_element_profiles,compute_pairwise_similarity_candidates,_files_with_any_candidate,compute_pairwise_similarity,hierarchical_cluster_files,threshold_graph_cluster_files,compute_avg_internal_similarity,compute_avg_between_cluster_similarity,select_cluster_representative,infer_standard_name,run_file_level_clustering,main"
tools/patterns_analysis/split_detection_file_level.py,compute_named_cluster_flags,function,33,73,<module>,,summary_df: pd.DataFrame,,pd.Series,true,Flag clusters as named (governance-relevant) vs long tail using the,41,8,
tools/patterns_analysis/split_detection_file_level.py,build_element_profiles,function,76,108,<module>,,"exports_dir: str, domain: str, *, phase0_dir: str | None = None",,"Tuple[Dict, Dict]",true,Build element signature profiles for each file.,33,5,
tools/patterns_analysis/split_detection_file_level.py,compute_pairwise_similarity_candidates,function,111,176,<module>,,file_profiles: Dict,,"Tuple[Dict[Tuple[str, str], float], Dict[str, int]]",true,Compute exact Jaccard similarity only for file pairs that share >=1 sig_hash.,66,18,
tools/patterns_analysis/split_detection_file_level.py,_files_with_any_candidate,function,179,184,<module>,,"shared_counts: Dict[Tuple[str, str], int]",,Set[str],false,,6,2,
tools/patterns_analysis/split_detection_file_level.py,compute_pairwise_similarity,function,187,210,<module>,,file_profiles: Dict,,"Dict[Tuple[str, str], float]",true,Compute Jaccard similarity between all file pairs.,24,6,
tools/patterns_analysis/split_detection_file_level.py,hierarchical_cluster_files,function,213,277,<module>,,"file_profiles: Dict, similarity_matrix: Dict[Tuple[str, str], float], threshold: float = 0.7",,List[Cluster],true,Perform hierarchical clustering on files.,65,10,
tools/patterns_analysis/split_detection_file_level.py,threshold_graph_cluster_files,function,280,359,<module>,,"file_profiles: Dict, similarity_matrix: Dict[Tuple[str, str], float], threshold: float = 0.7",,List[Cluster],true,Cluster files as connected components of a similarity-threshold graph.,80,9,"find,union"
tools/patterns_analysis/split_detection_file_level.py,threshold_graph_cluster_files.find,nested_function,310,314,threshold_graph_cluster_files,,x: str,,str,false,,5,2,
tools/patterns_analysis/split_detection_file_level.py,threshold_graph_cluster_files.union,nested_function,316,327,threshold_graph_cluster_files,,"a: str, b: str",,None,false,,12,4,
tools/patterns_analysis/split_detection_file_level.py,compute_avg_internal_similarity,function,362,378,<module>,,"members: List[str], similarity_matrix: Dict[Tuple[str, str], float]",,float,true,Compute average pairwise similarity within cluster.,17,4,
tools/patterns_analysis/split_detection_file_level.py,compute_avg_between_cluster_similarity,function,381,400,<module>,,"clusters: List[Cluster], similarity_matrix: Dict[Tuple[str, str], float]",,float,true,Compute average similarity between different clusters.,20,6,
tools/patterns_analysis/split_detection_file_level.py,select_cluster_representative,function,403,425,<module>,,"cluster: Cluster, similarity_matrix: Dict[Tuple[str, str], float]",,str,true,Select most representative file (highest avg similarity to cluster).,23,5,
tools/patterns_analysis/split_detection_file_level.py,infer_standard_name,function,428,442,<module>,,"cluster: Cluster, metadata_patterns: Dict",,str,true,Infer human-readable name for standard.,15,3,
tools/patterns_analysis/split_detection_file_level.py,run_file_level_clustering,function,445,613,<module>,,"exports_dir: str, domain: str, threshold: float, out_dir: str, *, phase0_dir: str | None = None, mode: str = 'allpairs'",,None,true,Run complete file-level clustering analysis.,169,10,
tools/patterns_analysis/split_detection_file_level.py,main,function,616,668,<module>,,,,None,false,,53,1,
tools/population_framing.py,<module>,module,1,189,,,,,,false,,189,2,"load_json,load_csv,write_csv,hhi,effective_cluster_count,pick_population_baselines,classify_population_shape,main"
tools/population_framing.py,load_json,function,17,19,<module>,,path: Path,,"Dict[str, Any]",false,,3,2,
tools/population_framing.py,load_csv,function,22,24,<module>,,path: Path,,"List[Dict[str, str]]",false,,3,2,
tools/population_framing.py,write_csv,function,27,33,<module>,,"path: Path, rows: List[Dict[str, Any]], fieldnames: List[str]",,None,false,,7,4,
tools/population_framing.py,hhi,function,36,37,<module>,,shares: List[float],,float,false,,2,2,
tools/population_framing.py,effective_cluster_count,function,40,42,<module>,,shares: List[float],,float,false,,3,1,
tools/population_framing.py,pick_population_baselines,function,49,66,<module>,,"clusters: List[Tuple[str, float]], coverage_target: float, max_baselines: int",,"Tuple[List[str], float]",true,"clusters: [(cluster_id, share)] sorted desc",18,5,
tools/population_framing.py,classify_population_shape,function,69,82,<module>,,"top1: float, top2: float, eff_n: float, high: float, medium: float",,str,false,,14,6,
tools/population_framing.py,main,function,89,185,<module>,,,,None,false,,97,9,
tools/probes/build_probe_inventory.py,<module>,module,1,868,,,,,,true,build_probe_inventory.py,868,2,"_example_score,discover_probe_files,load_payload,_merge_observed,_new_agg,_new_crosswalk_col_agg,_crosswalk_value_sig,_merge_crosswalk_records,_merge_entries_for_domain,merge_probe_files,_fmt_q_counts,_fmt_example,write_csv,_fmt_rate,write_crosswalk_csv,write_crosswalk_markdown,scan_domain_coverage,write_markdown,build,main"
tools/probes/build_probe_inventory.py,_example_score,function,70,84,<module>,,example,,,true,Mirrors the _example_score heuristic already used inside the probes,15,5,
tools/probes/build_probe_inventory.py,discover_probe_files,function,87,112,<module>,,probes_dir,,,true,"Returns (run_files, legacy_files, skipped).",26,7,
tools/probes/build_probe_inventory.py,load_payload,function,115,117,<module>,,path,,,false,,3,2,
tools/probes/build_probe_inventory.py,_merge_observed,function,120,136,<module>,,"agg, record_observed",,,false,,17,9,
tools/probes/build_probe_inventory.py,_new_agg,function,139,155,<module>,,,,,false,,17,1,
tools/probes/build_probe_inventory.py,_new_crosswalk_col_agg,function,181,194,<module>,,,,,false,,14,1,
tools/probes/build_probe_inventory.py,_crosswalk_value_sig,function,197,198,<module>,,v,,,false,,2,1,
tools/probes/build_probe_inventory.py,_merge_crosswalk_records,function,201,232,<module>,,"crosswalk_domains, crosswalk_row_counts, domain, records, basename, seen_tag, revit_version",,,true,Profiles one crosswalk entry's records into crosswalk_domains[domain][column].,32,9,
tools/probes/build_probe_inventory.py,_merge_entries_for_domain,function,235,305,<module>,,"domains, diagnostics, domain, entries, basename, seen_tag, revit_version, warn_prefix, warnings, crosswalk_domains = None, crosswalk_row_counts = None",,,false,,71,21,
tools/probes/build_probe_inventory.py,merge_probe_files,function,308,393,<module>,,"run_files, legacy_files, warnings",,,true,"Returns (domains, diagnostics, crosswalk_domains, crosswalk_row_counts).",86,23,
tools/probes/build_probe_inventory.py,_fmt_q_counts,function,396,399,<module>,,q_counts,,,false,,4,3,
tools/probes/build_probe_inventory.py,_fmt_example,function,402,405,<module>,,example,,,false,,4,2,
tools/probes/build_probe_inventory.py,write_csv,function,408,463,<module>,,"domains, out_csv, warnings",,,false,,56,11,
tools/probes/build_probe_inventory.py,_fmt_rate,function,466,469,<module>,,"numerator, denominator",,,false,,4,2,
tools/probes/build_probe_inventory.py,write_crosswalk_csv,function,472,514,<module>,,"crosswalk_domains, crosswalk_row_counts, out_csv, warnings",,,false,,43,7,
tools/probes/build_probe_inventory.py,write_crosswalk_markdown,function,517,596,<module>,,"crosswalk_domains, crosswalk_row_counts, out_md, run_file_count, legacy_file_count",,,false,,80,12,
tools/probes/build_probe_inventory.py,scan_domain_coverage,function,599,608,<module>,,domains_dir,,,true,Best-effort: list domain module names under domains_dir. Returns None,10,6,
tools/probes/build_probe_inventory.py,write_markdown,function,611,727,<module>,,"domains, diagnostics, out_md, skipped, warnings, domain_module_names, run_file_count, legacy_file_count",,,false,,117,31,
tools/probes/build_probe_inventory.py,build,function,730,777,<module>,,"probes_dir, out_md, out_csv, domains_dir, force = False, out_crosswalk_md = None, out_crosswalk_csv = None",,,false,,48,7,
tools/probes/build_probe_inventory.py,main,function,780,864,<module>,,argv = None,,,false,,85,14,
tools/probes/check_line_patterns_normhash.py,<module>,module,1,126,,,,,,false,,126,66,sample_problem_records
tools/probes/check_line_patterns_normhash.py,sample_problem_records,function,89,102,<module>,,,,,false,,14,9,
tools/probes/find_crosswalk_candidates.py,<module>,module,1,323,,,,,,true,find_crosswalk_candidates.py,323,2,"_normalize,_member_name,_read_csv_rows,_is_elementid_typed,build_resolved_index,_already_resolved,_is_int_like,_already_resolved_via_param_display,find_candidates,group_by_member,write_csv,write_markdown,main"
tools/probes/find_crosswalk_candidates.py,_normalize,function,67,70,<module>,,s,,,false,,4,2,
tools/probes/find_crosswalk_candidates.py,_member_name,function,73,76,<module>,,key,,,true,Last dot-segment of an inventory/reflection key.,4,1,
tools/probes/find_crosswalk_candidates.py,_read_csv_rows,function,79,83,<module>,,path,,,false,,5,4,
tools/probes/find_crosswalk_candidates.py,_is_elementid_typed,function,86,92,<module>,,row,,,false,,7,3,
tools/probes/find_crosswalk_candidates.py,build_resolved_index,function,95,104,<module>,,crosswalk_rows,,,true,domain -> set of normalized column-name tokens already resolved by crosswalk.,10,4,
tools/probes/find_crosswalk_candidates.py,_already_resolved,function,107,116,<module>,,"domain, member_norm, resolved_index",,,false,,10,6,
tools/probes/find_crosswalk_candidates.py,_is_int_like,function,119,127,<module>,,s,,,false,,9,4,
tools/probes/find_crosswalk_candidates.py,_already_resolved_via_param_display,function,130,152,<module>,,row,,,true,Real Parameters with ElementId storage get their display value,23,5,
tools/probes/find_crosswalk_candidates.py,find_candidates,function,155,182,<module>,,"inventory_rows, crosswalk_rows",,,true,"Returns (candidates, resolved_index) where candidates is a list of dicts:",28,7,
tools/probes/find_crosswalk_candidates.py,group_by_member,function,185,196,<module>,,candidates,,,true,"member_norm -> {member, domains: [(domain, key, example_display), ...]}",12,3,
tools/probes/find_crosswalk_candidates.py,write_csv,function,199,223,<module>,,"ranked, out_csv",,,false,,25,8,
tools/probes/find_crosswalk_candidates.py,write_markdown,function,226,271,<module>,,"ranked, out_md, min_domains",,,false,,46,13,
tools/probes/find_crosswalk_candidates.py,main,function,274,319,<module>,,argv = None,,,false,,46,6,
tools/probes/probe_arrowheads.py,<module>,module,1,986,,,,,,false,,986,69,"_safe,_safe_type_name,_safe_param_def_name,_safe_get_datatype,_is_length_datatype,_is_angle_datatype,_fmt_display,_format_param_contract,_looks_like_arrowhead_type,_arrow_style_key,_maybe_set_example,_push_example,_collect_dimension_types_with_tick_param,_resolve_workset,_resolve_similar_type,_reflect_member_names,_reflect_try_get,_reflect_contract,_run_reflection_sweep,_probe_revit_version,_probe_document_identity,_probe_run_id,_probe_wrap"
tools/probes/probe_arrowheads.py,_safe,function,75,79,<module>,,"fn, default = None",,,false,,5,3,
tools/probes/probe_arrowheads.py,_safe_type_name,function,81,94,<module>,,elem,,,false,,14,8,
tools/probes/probe_arrowheads.py,_safe_param_def_name,function,96,101,<module>,,p,,,false,,6,3,
tools/probes/probe_arrowheads.py,_safe_get_datatype,function,103,110,<module>,,p,,,false,,8,4,
tools/probes/probe_arrowheads.py,_is_length_datatype,function,112,118,<module>,,dt,,,false,,7,5,
tools/probes/probe_arrowheads.py,_is_angle_datatype,function,120,126,<module>,,dt,,,false,,7,5,
tools/probes/probe_arrowheads.py,_fmt_display,function,128,137,<module>,,"p, raw_double = None",,,false,,10,5,
tools/probes/probe_arrowheads.py,_format_param_contract,function,139,215,<module>,,p,,,true,Contract:,77,14,
tools/probes/probe_arrowheads.py,_looks_like_arrowhead_type,function,217,230,<module>,,t,,,false,,14,7,
tools/probes/probe_arrowheads.py,_arrow_style_key,function,232,240,<module>,,t,,,false,,9,2,
tools/probes/probe_arrowheads.py,_maybe_set_example,function,317,339,<module>,,"entry, pv",,,false,,23,5,
tools/probes/probe_arrowheads.py,_push_example,function,341,357,<module>,,"bucket, pv",,,false,,17,5,
tools/probes/probe_arrowheads.py,_collect_dimension_types_with_tick_param,function,427,442,<module>,,,,,false,,16,9,
tools/probes/probe_arrowheads.py,_resolve_workset,function,444,460,<module>,,"doc, ws_id_obj",,,true,"Resolve an Element.WorksetId value to (name, resolved_bool) via",17,4,
tools/probes/probe_arrowheads.py,_resolve_similar_type,function,476,488,<module>,,sid_int,,,true,Resolve a GetSimilarTypes() id via a document-wide doc.GetElement(),13,3,
tools/probes/probe_arrowheads.py,_reflect_member_names,function,593,638,<module>,,obj,,,false,,46,27,
tools/probes/probe_arrowheads.py,_reflect_try_get,function,741,761,<module>,,"obj, member_kind, name",,,false,,21,7,
tools/probes/probe_arrowheads.py,_reflect_contract,function,763,832,<module>,,raw_v,,,false,,70,22,
tools/probes/probe_arrowheads.py,_run_reflection_sweep,function,834,870,<module>,,"sample_objs, type_label, domain_name, max_members = 200",,,false,,37,13,
tools/probes/probe_arrowheads.py,_probe_revit_version,function,908,915,<module>,,,,,false,,8,3,
tools/probes/probe_arrowheads.py,_probe_document_identity,function,917,922,<module>,,,,,false,,6,1,
tools/probes/probe_arrowheads.py,_probe_run_id,function,924,928,<module>,,,,,false,,5,3,
tools/probes/probe_arrowheads.py,_probe_wrap,function,933,945,<module>,,"domain, out_payload",,,false,,13,1,
tools/probes/probe_browser_organization.py,<module>,module,1,961,,,,,,false,,961,40,"_safe,_safe_str,_int_enum,_clean_name,_pv,_resolve_workset,_resolve_similar_type,_try_get_definition_record,_builtin_label,_best_name,_resolve_folder_item,_walk_tree,_add_inventory_obs,_reflect_member_names,_reflect_try_get,_reflect_contract,_run_reflection_sweep,_probe_revit_version,_probe_document_identity,_probe_run_id,_probe_wrap"
tools/probes/probe_browser_organization.py,_safe,function,115,119,<module>,,"fn, default = None",,,false,,5,3,
tools/probes/probe_browser_organization.py,_safe_str,function,122,126,<module>,,v,,,false,,5,3,
tools/probes/probe_browser_organization.py,_int_enum,function,129,133,<module>,,val,,,false,,5,3,
tools/probes/probe_browser_organization.py,_clean_name,function,136,140,<module>,,value,,,false,,5,2,
tools/probes/probe_browser_organization.py,_pv,function,143,164,<module>,,"q, storage, raw, display = None, norm = None",,,false,,22,1,_coerce
tools/probes/probe_browser_organization.py,_pv._coerce,nested_function,154,160,_pv,,v,,,false,,7,5,
tools/probes/probe_browser_organization.py,_resolve_workset,function,167,183,<module>,,"doc, ws_id_obj",,,true,"Resolve an Element.WorksetId value to (name, resolved_bool) via",17,4,
tools/probes/probe_browser_organization.py,_resolve_similar_type,function,186,198,<module>,,sid_int,,,true,Resolve a GetSimilarTypes() id via a document-wide doc.GetElement(),13,3,
tools/probes/probe_browser_organization.py,_try_get_definition_record,function,201,228,<module>,,elem,,,true,RevitLookup-style definition name/GUID data for ParameterElement-like values.,28,13,
tools/probes/probe_browser_organization.py,_builtin_label,function,231,238,<module>,,bip_value,,,false,,8,5,
tools/probes/probe_browser_organization.py,_best_name,function,241,261,<module>,,"rec, item_name = None",,,true,"Pick display name, preserving real folder names before descriptor fallbacks.",21,9,
tools/probes/probe_browser_organization.py,_resolve_folder_item,function,264,302,<module>,,"item_eid_int, org_id_int, current_seed_eid_int, doc, bip_lookup",,,true,Classify and resolve a FolderItemInfo.ElementId.,39,11,
tools/probes/probe_browser_organization.py,_walk_tree,function,315,369,<module>,,"org, org_id_int, doc, bip_lookup, seed_eid_int, category, depth = 0, visited = None",,,true,"Walk the folder tree, skipping self-references and visited nodes.",55,14,
tools/probes/probe_browser_organization.py,_add_inventory_obs,function,380,399,<module>,,"param_key, pv, bucket = None",,,false,,20,9,
tools/probes/probe_browser_organization.py,_reflect_member_names,function,573,618,<module>,,obj,,,false,,46,27,
tools/probes/probe_browser_organization.py,_reflect_try_get,function,722,738,<module>,,"obj, member_kind, name",,,false,,17,7,
tools/probes/probe_browser_organization.py,_reflect_contract,function,741,810,<module>,,raw_v,,,false,,70,22,
tools/probes/probe_browser_organization.py,_run_reflection_sweep,function,813,849,<module>,,"sample_objs, type_label, domain_name, max_members = 200",,,false,,37,13,
tools/probes/probe_browser_organization.py,_probe_revit_version,function,886,893,<module>,,,,,false,,8,3,
tools/probes/probe_browser_organization.py,_probe_document_identity,function,896,901,<module>,,,,,false,,6,1,
tools/probes/probe_browser_organization.py,_probe_run_id,function,904,908,<module>,,,,,false,,5,3,
tools/probes/probe_browser_organization.py,_probe_wrap,function,915,927,<module>,,"domain, out_payload",,,false,,13,1,
tools/probes/probe_ceiling_types.py,<module>,module,1,884,,,,,,false,,884,54,"_safe,_safe_capture,_multi_repr,_safe_type_name,_safe_param_def_name,_safe_get_datatype,_is_length_datatype,_is_angle_datatype,_fmt_display,_format_param_contract,_contract_from_value,_to_inches,_resolve_material,_resolve_similar_type,_resolve_workset,_ensure_entry,_maybe_set_example,_observe,_reflect_member_names,_reflect_try_get,_reflect_contract,_run_reflection_sweep,_probe_revit_version,_probe_document_identity,_probe_run_id,_probe_wrap"
tools/probes/probe_ceiling_types.py,_safe,function,97,101,<module>,,"fn, default = None",,,false,,5,3,
tools/probes/probe_ceiling_types.py,_safe_capture,function,103,107,<module>,,fn,,,false,,5,3,
tools/probes/probe_ceiling_types.py,_multi_repr,function,109,127,<module>,,raw,,,false,,19,2,
tools/probes/probe_ceiling_types.py,_safe_type_name,function,129,142,<module>,,elem,,,false,,14,8,
tools/probes/probe_ceiling_types.py,_safe_param_def_name,function,144,149,<module>,,p,,,false,,6,3,
tools/probes/probe_ceiling_types.py,_safe_get_datatype,function,151,158,<module>,,p,,,false,,8,4,
tools/probes/probe_ceiling_types.py,_is_length_datatype,function,160,166,<module>,,dt,,,false,,7,5,
tools/probes/probe_ceiling_types.py,_is_angle_datatype,function,168,174,<module>,,dt,,,false,,7,5,
tools/probes/probe_ceiling_types.py,_fmt_display,function,176,185,<module>,,"p, raw_double = None",,,false,,10,5,
tools/probes/probe_ceiling_types.py,_format_param_contract,function,187,237,<module>,,p,,,false,,51,13,
tools/probes/probe_ceiling_types.py,_contract_from_value,function,239,240,<module>,,"q, storage, raw, display, norm",,,false,,2,1,
tools/probes/probe_ceiling_types.py,_to_inches,function,242,245,<module>,,x_internal,,,false,,4,2,
tools/probes/probe_ceiling_types.py,_resolve_material,function,285,295,<module>,,mat_id_int,,,true,"Resolve a Material ElementId (int) to (name, resolved_bool). Same",11,4,
tools/probes/probe_ceiling_types.py,_resolve_similar_type,function,298,309,<module>,,sid_int,,,true,Resolve a GetSimilarTypes() id via a document-wide doc.GetElement(),12,3,
tools/probes/probe_ceiling_types.py,_resolve_workset,function,312,328,<module>,,"doc, ws_id_obj",,,true,"Resolve an Element.WorksetId value to (name, resolved_bool) via",17,4,
tools/probes/probe_ceiling_types.py,_ensure_entry,function,334,337,<module>,,pk,,,false,,4,2,
tools/probes/probe_ceiling_types.py,_maybe_set_example,function,340,348,<module>,,"entry, pv",,,false,,9,6,
tools/probes/probe_ceiling_types.py,_observe,function,351,360,<module>,,"pk, pv",,,false,,10,4,
tools/probes/probe_ceiling_types.py,_reflect_member_names,function,505,550,<module>,,obj,,,false,,46,27,
tools/probes/probe_ceiling_types.py,_reflect_try_get,function,653,673,<module>,,"obj, member_kind, name",,,false,,21,7,
tools/probes/probe_ceiling_types.py,_reflect_contract,function,675,744,<module>,,raw_v,,,false,,70,22,
tools/probes/probe_ceiling_types.py,_run_reflection_sweep,function,746,782,<module>,,"sample_objs, type_label, domain_name, max_members = 200",,,false,,37,13,
tools/probes/probe_ceiling_types.py,_probe_revit_version,function,793,800,<module>,,,,,false,,8,3,
tools/probes/probe_ceiling_types.py,_probe_document_identity,function,802,807,<module>,,,,,false,,6,1,
tools/probes/probe_ceiling_types.py,_probe_run_id,function,809,813,<module>,,,,,false,,5,3,
tools/probes/probe_ceiling_types.py,_probe_wrap,function,818,830,<module>,,"domain, out_payload",,,false,,13,1,
tools/probes/probe_dimension_types.py,<module>,module,1,1160,,,,,,false,,1160,79,"_safe,_safe_type_name,_get_family_name_param,_safe_param_def_name,_safe_get_datatype,_is_length_datatype,_is_angle_datatype,_fmt_display,_format_param_contract,_shape_family_from_label,_get_dim_shape_info,_looks_like_dimension_type,_example_score,_maybe_set_example,_md5,_try_call,_kv_norm,_format_synth_contract,_reflect_members,_try_extract_format_surface,_upsert_synth_inventory,_find_tick_param,_probe_revit_version,_probe_document_identity,_probe_run_id,_probe_wrap"
tools/probes/probe_dimension_types.py,_safe,function,79,83,<module>,,"fn, default = None",,,false,,5,3,
tools/probes/probe_dimension_types.py,_safe_type_name,function,85,98,<module>,,elem,,,false,,14,8,
tools/probes/probe_dimension_types.py,_get_family_name_param,function,100,139,<module>,,dim_type,,,true,Read the family-name parameter using the same lookup path as the extractor.,40,8,_normalize_param_string
tools/probes/probe_dimension_types.py,_get_family_name_param._normalize_param_string,nested_function,106,121,_get_family_name_param,,p,,,false,,16,8,
tools/probes/probe_dimension_types.py,_safe_param_def_name,function,141,146,<module>,,p,,,false,,6,3,
tools/probes/probe_dimension_types.py,_safe_get_datatype,function,148,155,<module>,,p,,,false,,8,4,
tools/probes/probe_dimension_types.py,_is_length_datatype,function,157,163,<module>,,dt,,,false,,7,5,
tools/probes/probe_dimension_types.py,_is_angle_datatype,function,165,171,<module>,,dt,,,false,,7,5,
tools/probes/probe_dimension_types.py,_fmt_display,function,173,182,<module>,,"p, raw_double = None",,,false,,10,5,
tools/probes/probe_dimension_types.py,_format_param_contract,function,184,276,<module>,,p,,,true,Contract:,93,21,
tools/probes/probe_dimension_types.py,_shape_family_from_label,function,282,304,<module>,,label,,,false,,23,12,
tools/probes/probe_dimension_types.py,_get_dim_shape_info,function,307,418,<module>,,dt,,,true,"Returns (shape_key, shape_label, shape_family, q)",112,35,_pack
tools/probes/probe_dimension_types.py,_get_dim_shape_info._pack,nested_function,321,324,_get_dim_shape_info,,"label, raw_int, q",,,false,,4,1,
tools/probes/probe_dimension_types.py,_looks_like_dimension_type,function,457,469,<module>,,t,,,false,,13,6,
tools/probes/probe_dimension_types.py,_example_score,function,546,570,<module>,,pv,,,false,,25,9,
tools/probes/probe_dimension_types.py,_maybe_set_example,function,572,597,<module>,,"entry, pv",,,false,,26,4,
tools/probes/probe_dimension_types.py,_md5,function,605,611,<module>,,s,,,false,,7,3,
tools/probes/probe_dimension_types.py,_try_call,function,613,636,<module>,,"obj, member_name, allow_call = True",,,false,,24,10,
tools/probes/probe_dimension_types.py,_kv_norm,function,638,655,<module>,,"k, v",,,false,,18,13,
tools/probes/probe_dimension_types.py,_format_synth_contract,function,657,675,<module>,,raw_v,,,false,,19,12,
tools/probes/probe_dimension_types.py,_reflect_members,function,677,715,<module>,,"obj, keywords",,,false,,39,19,
tools/probes/probe_dimension_types.py,_try_extract_format_surface,function,717,778,<module>,,dim_type,,,false,,62,14,_sig
tools/probes/probe_dimension_types.py,_try_extract_format_surface._sig,nested_function,768,772,_try_extract_format_surface,,kvs,,,false,,5,2,
tools/probes/probe_dimension_types.py,_upsert_synth_inventory,function,783,824,<module>,,"param_key, contract, shape_key, shape_family",,,false,,42,11,
tools/probes/probe_dimension_types.py,_find_tick_param,function,986,991,<module>,,dt,,,false,,6,3,
tools/probes/probe_dimension_types.py,_probe_revit_version,function,1084,1091,<module>,,,,,false,,8,3,
tools/probes/probe_dimension_types.py,_probe_document_identity,function,1093,1098,<module>,,,,,false,,6,1,
tools/probes/probe_dimension_types.py,_probe_run_id,function,1100,1104,<module>,,,,,false,,5,3,
tools/probes/probe_dimension_types.py,_probe_wrap,function,1109,1121,<module>,,"domain, out_payload",,,false,,13,1,
tools/probes/probe_fill_patterns.py,<module>,module,1,1079,,,,,,false,,1079,65,"_safe,_safe_type_name,_safe_param_def_name,_safe_get_datatype,_is_length_datatype,_is_angle_datatype,_fmt_display,_format_param_contract,_contract_from_value,_to_inches,_to_degrees,_bucket_key_for_fill_pattern,_ensure_entry,_maybe_set_example,_observe,_add_computed_surface,_resolve_workset,_reflect_member_names,_reflect_try_get,_reflect_contract,_run_reflection_sweep,_probe_revit_version,_probe_document_identity,_probe_run_id,_probe_wrap"
tools/probes/probe_fill_patterns.py,_safe,function,82,86,<module>,,"fn, default = None",,,false,,5,3,
tools/probes/probe_fill_patterns.py,_safe_type_name,function,88,102,<module>,,elem,,,false,,15,8,
tools/probes/probe_fill_patterns.py,_safe_param_def_name,function,104,109,<module>,,p,,,false,,6,3,
tools/probes/probe_fill_patterns.py,_safe_get_datatype,function,111,118,<module>,,p,,,false,,8,4,
tools/probes/probe_fill_patterns.py,_is_length_datatype,function,120,126,<module>,,dt,,,false,,7,5,
tools/probes/probe_fill_patterns.py,_is_angle_datatype,function,128,134,<module>,,dt,,,false,,7,5,
tools/probes/probe_fill_patterns.py,_fmt_display,function,136,145,<module>,,"p, raw_double = None",,,false,,10,5,
tools/probes/probe_fill_patterns.py,_format_param_contract,function,147,219,<module>,,p,,,true,Contract:,73,13,
tools/probes/probe_fill_patterns.py,_contract_from_value,function,221,229,<module>,,"q, storage, raw, display, norm",,,false,,9,1,
tools/probes/probe_fill_patterns.py,_to_inches,function,231,234,<module>,,x_internal,,,false,,4,2,
tools/probes/probe_fill_patterns.py,_to_degrees,function,236,239,<module>,,x_internal,,,false,,4,2,
tools/probes/probe_fill_patterns.py,_bucket_key_for_fill_pattern,function,241,254,<module>,,fpe,,,true,Bucket = target + is_solid + grid_count (breadth-biased sampling).,14,4,
tools/probes/probe_fill_patterns.py,_ensure_entry,function,329,339,<module>,,pk,,,false,,11,2,
tools/probes/probe_fill_patterns.py,_maybe_set_example,function,341,363,<module>,,"entry, pv",,,false,,23,5,
tools/probes/probe_fill_patterns.py,_observe,function,365,380,<module>,,"pk, pv, bucket_key = None",,,false,,16,5,
tools/probes/probe_fill_patterns.py,_add_computed_surface,function,383,510,<module>,,"fpe, bucket_key",,,true,"Captures a conservative, join-key-relevant surface from FillPattern itself.",128,31,
tools/probes/probe_fill_patterns.py,_resolve_workset,function,563,579,<module>,,"doc, ws_id_obj",,,true,"Resolve an Element.WorksetId value to (name, resolved_bool) via",17,4,
tools/probes/probe_fill_patterns.py,_reflect_member_names,function,685,730,<module>,,obj,,,false,,46,27,
tools/probes/probe_fill_patterns.py,_reflect_try_get,function,833,853,<module>,,"obj, member_kind, name",,,false,,21,7,
tools/probes/probe_fill_patterns.py,_reflect_contract,function,855,924,<module>,,raw_v,,,false,,70,22,
tools/probes/probe_fill_patterns.py,_run_reflection_sweep,function,926,962,<module>,,"sample_objs, type_label, domain_name, max_members = 200",,,false,,37,13,
tools/probes/probe_fill_patterns.py,_probe_revit_version,function,1001,1008,<module>,,,,,false,,8,3,
tools/probes/probe_fill_patterns.py,_probe_document_identity,function,1010,1015,<module>,,,,,false,,6,1,
tools/probes/probe_fill_patterns.py,_probe_run_id,function,1017,1021,<module>,,,,,false,,5,3,
tools/probes/probe_fill_patterns.py,_probe_wrap,function,1026,1038,<module>,,"domain, out_payload",,,false,,13,1,
tools/probes/probe_floor_types.py,<module>,module,1,869,,,,,,false,,869,56,"_safe,_safe_capture,_multi_repr,_safe_type_name,_safe_param_def_name,_safe_get_datatype,_is_length_datatype,_is_angle_datatype,_fmt_display,_format_param_contract,_contract_from_value,_to_inches,_resolve_material,_resolve_similar_type,_resolve_workset,_ensure_entry,_maybe_set_example,_observe,_reflect_member_names,_reflect_try_get,_reflect_contract,_run_reflection_sweep,_probe_revit_version,_probe_document_identity,_probe_run_id,_probe_wrap"
tools/probes/probe_floor_types.py,_safe,function,89,93,<module>,,"fn, default = None",,,false,,5,3,
tools/probes/probe_floor_types.py,_safe_capture,function,95,99,<module>,,fn,,,false,,5,3,
tools/probes/probe_floor_types.py,_multi_repr,function,101,119,<module>,,raw,,,false,,19,2,
tools/probes/probe_floor_types.py,_safe_type_name,function,121,134,<module>,,elem,,,false,,14,8,
tools/probes/probe_floor_types.py,_safe_param_def_name,function,136,141,<module>,,p,,,false,,6,3,
tools/probes/probe_floor_types.py,_safe_get_datatype,function,143,150,<module>,,p,,,false,,8,4,
tools/probes/probe_floor_types.py,_is_length_datatype,function,152,158,<module>,,dt,,,false,,7,5,
tools/probes/probe_floor_types.py,_is_angle_datatype,function,160,166,<module>,,dt,,,false,,7,5,
tools/probes/probe_floor_types.py,_fmt_display,function,168,177,<module>,,"p, raw_double = None",,,false,,10,5,
tools/probes/probe_floor_types.py,_format_param_contract,function,179,229,<module>,,p,,,false,,51,13,
tools/probes/probe_floor_types.py,_contract_from_value,function,231,232,<module>,,"q, storage, raw, display, norm",,,false,,2,1,
tools/probes/probe_floor_types.py,_to_inches,function,234,237,<module>,,x_internal,,,false,,4,2,
tools/probes/probe_floor_types.py,_resolve_material,function,277,285,<module>,,mat_id_int,,,true,"Resolve a Material ElementId (int) to (name, resolved_bool).",9,4,
tools/probes/probe_floor_types.py,_resolve_similar_type,function,288,299,<module>,,sid_int,,,true,Resolve a GetSimilarTypes() id via a document-wide doc.GetElement(),12,3,
tools/probes/probe_floor_types.py,_resolve_workset,function,302,318,<module>,,"doc, ws_id_obj",,,true,"Resolve an Element.WorksetId value to (name, resolved_bool) via",17,4,
tools/probes/probe_floor_types.py,_ensure_entry,function,324,327,<module>,,pk,,,false,,4,2,
tools/probes/probe_floor_types.py,_maybe_set_example,function,330,338,<module>,,"entry, pv",,,false,,9,6,
tools/probes/probe_floor_types.py,_observe,function,341,350,<module>,,"pk, pv",,,false,,10,4,
tools/probes/probe_floor_types.py,_reflect_member_names,function,490,535,<module>,,obj,,,false,,46,27,
tools/probes/probe_floor_types.py,_reflect_try_get,function,638,658,<module>,,"obj, member_kind, name",,,false,,21,7,
tools/probes/probe_floor_types.py,_reflect_contract,function,660,729,<module>,,raw_v,,,false,,70,22,
tools/probes/probe_floor_types.py,_run_reflection_sweep,function,731,767,<module>,,"sample_objs, type_label, domain_name, max_members = 200",,,false,,37,13,
tools/probes/probe_floor_types.py,_probe_revit_version,function,778,785,<module>,,,,,false,,8,3,
tools/probes/probe_floor_types.py,_probe_document_identity,function,787,792,<module>,,,,,false,,6,1,
tools/probes/probe_floor_types.py,_probe_run_id,function,794,798,<module>,,,,,false,,5,3,
tools/probes/probe_floor_types.py,_probe_wrap,function,803,815,<module>,,"domain, out_payload",,,false,,13,1,
tools/probes/probe_identity.py,<module>,module,1,903,,,,,,false,,903,33,"_safe,_as_str,_param_contract_from_value,_safe_defn_builtin,_definition_origin,_shared_guid_if_any,_param_group_legacy_str,_format_param_contract,_add_inventory_record,_provenance_layer,_resolve_workset,_reflect_member_names,_reflect_try_get,_reflect_contract,_run_reflection_sweep,_probe_revit_version,_probe_document_identity,_probe_run_id,_probe_wrap"
tools/probes/probe_identity.py,_safe,function,75,79,<module>,,"fn, default = None",,,false,,5,3,
tools/probes/probe_identity.py,_as_str,function,81,87,<module>,,x,,,false,,7,4,
tools/probes/probe_identity.py,_param_contract_from_value,function,89,96,<module>,,"storage, raw, display = None, norm = None, q = 'ok'",,,false,,8,1,
tools/probes/probe_identity.py,_safe_defn_builtin,function,98,99,<module>,,defn,,,false,,2,1,
tools/probes/probe_identity.py,_definition_origin,function,101,122,<module>,,"defn, p",,,true,Robust classifier that works even when Definition.BuiltInParameter is unavailable/unreliable.,22,7,
tools/probes/probe_identity.py,_shared_guid_if_any,function,124,150,<module>,,"defn, p",,,false,,27,8,
tools/probes/probe_identity.py,_param_group_legacy_str,function,152,155,<module>,,defn,,,false,,4,1,
tools/probes/probe_identity.py,_format_param_contract,function,157,220,<module>,,p,,,true,Contract:,64,10,
tools/probes/probe_identity.py,_add_inventory_record,function,222,269,<module>,,"inv, key, contract, breadth = None",,,true,inv: dict param_key -> accumulator,48,12,
tools/probes/probe_identity.py,_provenance_layer,function,271,288,<module>,,param_key,,,false,,18,8,
tools/probes/probe_identity.py,_resolve_workset,function,465,481,<module>,,"doc, ws_id_obj",,,true,"Resolve an Element.WorksetId value to (name, resolved_bool) via",17,4,
tools/probes/probe_identity.py,_reflect_member_names,function,511,556,<module>,,obj,,,false,,46,27,
tools/probes/probe_identity.py,_reflect_try_get,function,659,679,<module>,,"obj, member_kind, name",,,false,,21,7,
tools/probes/probe_identity.py,_reflect_contract,function,681,750,<module>,,raw_v,,,false,,70,22,
tools/probes/probe_identity.py,_run_reflection_sweep,function,752,788,<module>,,"sample_objs, type_label, domain_name, max_members = 200",,,false,,37,13,
tools/probes/probe_identity.py,_probe_revit_version,function,831,838,<module>,,,,,false,,8,3,
tools/probes/probe_identity.py,_probe_document_identity,function,840,845,<module>,,,,,false,,6,1,
tools/probes/probe_identity.py,_probe_run_id,function,847,851,<module>,,,,,false,,5,3,
tools/probes/probe_identity.py,_probe_wrap,function,856,868,<module>,,"domain, out_payload",,,false,,13,1,
tools/probes/probe_line_patterns.py,<module>,module,1,1105,,,,,,false,,1105,92,"_safe,_safe_elem_name,_safe_param_def_name,_safe_get_datatype,_is_length_datatype,_is_angle_datatype,_fmt_display,_format_param_contract,_contract_from_raw,_to_inches,_lp_seg_type_id_and_name,_linepattern_signature,_maybe_set_example,_touch_param,_iter_line_style_categories,_category_line_pattern_id,_resolve_workset,_reflect_member_names,_reflect_try_get,_reflect_contract,_run_reflection_sweep,_probe_revit_version,_probe_document_identity,_probe_run_id,_probe_wrap"
tools/probes/probe_line_patterns.py,_safe,function,74,78,<module>,,"fn, default = None",,,false,,5,3,
tools/probes/probe_line_patterns.py,_safe_elem_name,function,80,85,<module>,,elem,,,false,,6,3,
tools/probes/probe_line_patterns.py,_safe_param_def_name,function,87,92,<module>,,p,,,false,,6,3,
tools/probes/probe_line_patterns.py,_safe_get_datatype,function,94,101,<module>,,p,,,false,,8,4,
tools/probes/probe_line_patterns.py,_is_length_datatype,function,103,109,<module>,,dt,,,false,,7,5,
tools/probes/probe_line_patterns.py,_is_angle_datatype,function,111,117,<module>,,dt,,,false,,7,5,
tools/probes/probe_line_patterns.py,_fmt_display,function,119,128,<module>,,"p, raw_double = None",,,false,,10,5,
tools/probes/probe_line_patterns.py,_format_param_contract,function,130,202,<module>,,p,,,true,Contract:,73,13,
tools/probes/probe_line_patterns.py,_contract_from_raw,function,204,205,<module>,,"q, storage, raw, display, norm",,,false,,2,1,
tools/probes/probe_line_patterns.py,_to_inches,function,207,210,<module>,,val_internal,,,false,,4,2,
tools/probes/probe_line_patterns.py,_lp_seg_type_id_and_name,function,216,247,<module>,,seg,,,true,Robustly read a line pattern segment type across API surfaces.,32,11,
tools/probes/probe_line_patterns.py,_linepattern_signature,function,249,316,<module>,,lp,,,true,Build a stable (probe-local) signature for a LinePattern:,68,16,
tools/probes/probe_line_patterns.py,_maybe_set_example,function,439,460,<module>,,"entry, pv",,,false,,22,5,
tools/probes/probe_line_patterns.py,_touch_param,function,462,488,<module>,,"pk, pv, bucket_key",,,false,,27,7,
tools/probes/probe_line_patterns.py,_iter_line_style_categories,function,581,601,<module>,,,,,true,"Prefer category-driven discovery for line styles only (crosswalk),",21,5,
tools/probes/probe_line_patterns.py,_category_line_pattern_id,function,603,608,<module>,,"cat, gst",,,false,,6,3,
tools/probes/probe_line_patterns.py,_resolve_workset,function,610,626,<module>,,"doc, ws_id_obj",,,true,"Resolve an Element.WorksetId value to (name, resolved_bool) via",17,4,
tools/probes/probe_line_patterns.py,_reflect_member_names,function,712,757,<module>,,obj,,,false,,46,27,
tools/probes/probe_line_patterns.py,_reflect_try_get,function,860,880,<module>,,"obj, member_kind, name",,,false,,21,7,
tools/probes/probe_line_patterns.py,_reflect_contract,function,882,951,<module>,,raw_v,,,false,,70,22,
tools/probes/probe_line_patterns.py,_run_reflection_sweep,function,953,989,<module>,,"sample_objs, type_label, domain_name, max_members = 200",,,false,,37,13,
tools/probes/probe_line_patterns.py,_probe_revit_version,function,1027,1034,<module>,,,,,false,,8,3,
tools/probes/probe_line_patterns.py,_probe_document_identity,function,1036,1041,<module>,,,,,false,,6,1,
tools/probes/probe_line_patterns.py,_probe_run_id,function,1043,1047,<module>,,,,,false,,5,3,
tools/probes/probe_line_patterns.py,_probe_wrap,function,1052,1064,<module>,,"domain, out_payload",,,false,,13,1,
tools/probes/probe_line_styles.py,<module>,module,1,1007,,,,,,false,,1007,65,"_safe,_safe_param_def_name,_safe_get_datatype,_is_length_datatype,_is_angle_datatype,_fmt_display_param,_format_param_contract,_contract_value,_rgb_triplet,_hex_rgb_from_triplet,_get_lines_category_id,_is_line_style_graphicsstyle,_bucket_key,_maybe_set_example,_index_param,_virtual_surface,_reflect_member_names,_reflect_try_get,_reflect_contract,_run_reflection_sweep,_probe_revit_version,_probe_document_identity,_probe_run_id,_probe_wrap"
tools/probes/probe_line_styles.py,_safe,function,116,120,<module>,,"fn, default = None",,,false,,5,3,
tools/probes/probe_line_styles.py,_safe_param_def_name,function,122,127,<module>,,p,,,false,,6,3,
tools/probes/probe_line_styles.py,_safe_get_datatype,function,129,136,<module>,,p,,,false,,8,4,
tools/probes/probe_line_styles.py,_is_length_datatype,function,138,144,<module>,,dt,,,false,,7,5,
tools/probes/probe_line_styles.py,_is_angle_datatype,function,146,152,<module>,,dt,,,false,,7,5,
tools/probes/probe_line_styles.py,_fmt_display_param,function,154,163,<module>,,"p, raw_double = None",,,false,,10,5,
tools/probes/probe_line_styles.py,_format_param_contract,function,165,233,<module>,,p,,,true,Contract:,69,12,
tools/probes/probe_line_styles.py,_contract_value,function,235,237,<module>,,"q, storage, raw, display, norm",,,false,,3,1,
tools/probes/probe_line_styles.py,_rgb_triplet,function,239,248,<module>,,color,,,false,,10,5,
tools/probes/probe_line_styles.py,_hex_rgb_from_triplet,function,250,260,<module>,,rgb_triplet,,,false,,11,5,
tools/probes/probe_line_styles.py,_get_lines_category_id,function,262,264,<module>,,,,,false,,3,1,
tools/probes/probe_line_styles.py,_is_line_style_graphicsstyle,function,266,277,<module>,,"gs, lines_cat_id_int",,,false,,12,5,
tools/probes/probe_line_styles.py,_bucket_key,function,279,284,<module>,,gs,,,false,,6,1,
tools/probes/probe_line_styles.py,_maybe_set_example,function,355,376,<module>,,"entry, pv",,,false,,22,5,
tools/probes/probe_line_styles.py,_index_param,function,378,398,<module>,,"pk, pv, bucket_key",,,false,,21,5,
tools/probes/probe_line_styles.py,_virtual_surface,function,400,472,<module>,,gs,,,true,Produce virtual properties treated as parameter-like evidence.,73,10,
tools/probes/probe_line_styles.py,_resolve_workset,function,536,553,<module>,,"doc, ws_id_obj",,,true,"Resolve an Element.WorksetId value to (name, resolved_bool) via",18,4,
tools/probes/probe_line_styles.py,_reflect_member_names,function,620,665,<module>,,obj,,,false,,46,27,
tools/probes/probe_line_styles.py,_reflect_try_get,function,768,788,<module>,,"obj, member_kind, name",,,false,,21,7,
tools/probes/probe_line_styles.py,_reflect_contract,function,790,859,<module>,,raw_v,,,false,,70,22,
tools/probes/probe_line_styles.py,_run_reflection_sweep,function,861,897,<module>,,"sample_objs, type_label, domain_name, max_members = 200",,,false,,37,13,
tools/probes/probe_line_styles.py,_probe_revit_version,function,935,942,<module>,,,,,false,,8,3,
tools/probes/probe_line_styles.py,_probe_document_identity,function,944,949,<module>,,,,,false,,6,1,
tools/probes/probe_line_styles.py,_probe_run_id,function,951,955,<module>,,,,,false,,5,3,
tools/probes/probe_line_styles.py,_probe_wrap,function,960,972,<module>,,"domain, out_payload",,,false,,13,1,
tools/probes/probe_loaded_family_types.py,<module>,module,1,872,,,,,,false,,872,40,"_safe,_id_int,_element_name,_cat_info,_param_definition_identity,_format_double,_normalize_double,_param_value_contract,_parameters_for_element,_family_symbols,_family_record,_reflect_member_names,_reflect_try_get,_reflect_contract,_run_reflection_sweep,_resolve_workset,_resolve_similar_type,_probe_revit_version,_probe_document_identity,_probe_run_id,_probe_wrap"
tools/probes/probe_loaded_family_types.py,_safe,function,78,82,<module>,,"fn, default = None",,,false,,5,3,
tools/probes/probe_loaded_family_types.py,_id_int,function,84,88,<module>,,eid,,,false,,5,3,
tools/probes/probe_loaded_family_types.py,_element_name,function,90,105,<module>,,e,,,false,,16,8,
tools/probes/probe_loaded_family_types.py,_cat_info,function,107,115,<module>,,elem,,,false,,9,2,
tools/probes/probe_loaded_family_types.py,_param_definition_identity,function,117,146,<module>,,p,,,false,,30,6,
tools/probes/probe_loaded_family_types.py,_format_double,function,148,154,<module>,,"p, raw",,,false,,7,3,
tools/probes/probe_loaded_family_types.py,_normalize_double,function,156,184,<module>,,"p, raw",,,false,,29,10,
tools/probes/probe_loaded_family_types.py,_param_value_contract,function,186,233,<module>,,p,,,false,,48,9,
tools/probes/probe_loaded_family_types.py,_parameters_for_element,function,235,264,<module>,,"elem, source",,,false,,30,7,
tools/probes/probe_loaded_family_types.py,_family_symbols,function,266,274,<module>,,fam,,,false,,9,3,
tools/probes/probe_loaded_family_types.py,_family_record,function,276,333,<module>,,"fam, sym",,,false,,58,1,
tools/probes/probe_loaded_family_types.py,_reflect_member_names,function,411,456,<module>,,obj,,,false,,46,27,
tools/probes/probe_loaded_family_types.py,_reflect_try_get,function,559,579,<module>,,"obj, member_kind, name",,,false,,21,7,
tools/probes/probe_loaded_family_types.py,_reflect_contract,function,581,650,<module>,,raw_v,,,false,,70,22,
tools/probes/probe_loaded_family_types.py,_run_reflection_sweep,function,652,688,<module>,,"sample_objs, type_label, domain_name, max_members = 200",,,false,,37,13,
tools/probes/probe_loaded_family_types.py,_resolve_workset,function,701,717,<module>,,"doc, ws_id_obj",,,true,"Resolve an Element.WorksetId value to (name, resolved_bool) via",17,4,
tools/probes/probe_loaded_family_types.py,_resolve_similar_type,function,720,731,<module>,,sid_int,,,true,Resolve a GetSimilarTypes() id via a document-wide doc.GetElement(),12,3,
tools/probes/probe_loaded_family_types.py,_probe_revit_version,function,802,809,<module>,,,,,false,,8,3,
tools/probes/probe_loaded_family_types.py,_probe_document_identity,function,811,816,<module>,,,,,false,,6,1,
tools/probes/probe_loaded_family_types.py,_probe_run_id,function,818,822,<module>,,,,,false,,5,3,
tools/probes/probe_loaded_family_types.py,_probe_wrap,function,827,839,<module>,,"domain, out_payload",,,false,,13,1,
tools/probes/probe_materials.py,<module>,module,1,837,,,,,,false,,837,69,"_safe,_safe_name,_safe_param_def_name,_safe_get_datatype,_is_length_datatype,_fmt_display,_format_param_contract,_maybe_set_example,_resolve_workset,_reflect_member_names,_reflect_try_get,_reflect_contract,_run_reflection_sweep,_probe_revit_version,_probe_document_identity,_probe_run_id,_probe_wrap"
tools/probes/probe_materials.py,_safe,function,82,86,<module>,,"fn, default = None",,,false,,5,3,
tools/probes/probe_materials.py,_safe_name,function,88,89,<module>,,obj,,,false,,2,1,
tools/probes/probe_materials.py,_safe_param_def_name,function,91,96,<module>,,p,,,false,,6,3,
tools/probes/probe_materials.py,_safe_get_datatype,function,98,105,<module>,,p,,,false,,8,4,
tools/probes/probe_materials.py,_is_length_datatype,function,107,113,<module>,,dt,,,false,,7,5,
tools/probes/probe_materials.py,_fmt_display,function,115,124,<module>,,"p, raw_double = None",,,false,,10,5,
tools/probes/probe_materials.py,_format_param_contract,function,126,184,<module>,,p,,,false,,59,18,
tools/probes/probe_materials.py,_maybe_set_example,function,224,230,<module>,,"entry, pv",,,false,,7,6,
tools/probes/probe_materials.py,_resolve_workset,function,300,316,<module>,,"doc, ws_id_obj",,,true,"Resolve an Element.WorksetId value to (name, resolved_bool) via",17,4,
tools/probes/probe_materials.py,_reflect_member_names,function,405,450,<module>,,obj,,,false,,46,27,
tools/probes/probe_materials.py,_reflect_try_get,function,553,573,<module>,,"obj, member_kind, name",,,false,,21,7,
tools/probes/probe_materials.py,_reflect_contract,function,575,650,<module>,,raw_v,,,false,,76,27,
tools/probes/probe_materials.py,_run_reflection_sweep,function,652,688,<module>,,"sample_objs, type_label, domain_name, max_members = 200",,,false,,37,13,
tools/probes/probe_materials.py,_probe_revit_version,function,733,740,<module>,,,,,false,,8,3,
tools/probes/probe_materials.py,_probe_document_identity,function,742,747,<module>,,,,,false,,6,1,
tools/probes/probe_materials.py,_probe_run_id,function,749,753,<module>,,,,,false,,5,3,
tools/probes/probe_materials.py,_probe_wrap,function,758,770,<module>,,"domain, out_payload",,,false,,13,1,
tools/probes/probe_object_styles.py,<module>,module,1,794,,,,,,false,,794,58,"_safe,_color_hex,_rgb_triplet,_hex_from_rgb_triplet,_get_name,_eid_name,_contract_missing,_contract_unreadable,_contract_unsupported,_contract_string,_contract_int,_contract_eid,_maybe_set_example,_obs_sig,_category_type_label,_infer_object_styles_tab,_iter_categories,_bool_int,_reflect_member_names,_reflect_try_get,_reflect_contract,_run_reflection_sweep,_probe_revit_version,_probe_document_identity,_probe_run_id,_probe_wrap"
tools/probes/probe_object_styles.py,_safe,function,61,65,<module>,,"fn, default = None",,,false,,5,3,
tools/probes/probe_object_styles.py,_color_hex,function,67,73,<module>,,c,,,false,,7,4,
tools/probes/probe_object_styles.py,_rgb_triplet,function,75,85,<module>,,c,,,false,,11,4,
tools/probes/probe_object_styles.py,_hex_from_rgb_triplet,function,87,97,<module>,,rgb,,,false,,11,5,
tools/probes/probe_object_styles.py,_get_name,function,99,100,<module>,,obj,,,false,,2,1,
tools/probes/probe_object_styles.py,_eid_name,function,102,106,<module>,,eid,,,false,,5,3,
tools/probes/probe_object_styles.py,_contract_missing,function,108,109,<module>,,storage,,,false,,2,1,
tools/probes/probe_object_styles.py,_contract_unreadable,function,111,112,<module>,,storage,,,false,,2,1,
tools/probes/probe_object_styles.py,_contract_unsupported,function,114,115,<module>,,storage,,,false,,2,1,
tools/probes/probe_object_styles.py,_contract_string,function,117,118,<module>,,raw,,,false,,2,1,
tools/probes/probe_object_styles.py,_contract_int,function,120,122,<module>,,"raw, display = None, norm = None",,,false,,3,1,
tools/probes/probe_object_styles.py,_contract_eid,function,124,129,<module>,,"eid, display_name = None",,,false,,6,3,
tools/probes/probe_object_styles.py,_maybe_set_example,function,131,137,<module>,,"entry, pv",,,false,,7,6,
tools/probes/probe_object_styles.py,_obs_sig,function,139,146,<module>,,pv,,,false,,8,3,
tools/probes/probe_object_styles.py,_category_type_label,function,152,184,<module>,,cat,,,true,Return a human-readable CategoryType label.,33,6,
tools/probes/probe_object_styles.py,_infer_object_styles_tab,function,186,207,<module>,,"cat, parent_cat = None",,,true,Best-effort classification into the Object Styles UI tabs.,22,11,
tools/probes/probe_object_styles.py,_iter_categories,function,209,229,<module>,,include_subcats_flag,,,false,,21,10,
tools/probes/probe_object_styles.py,_bool_int,function,279,280,<module>,,x,,,false,,2,1,
tools/probes/probe_object_styles.py,_reflect_member_names,function,423,468,<module>,,obj,,,false,,46,27,
tools/probes/probe_object_styles.py,_reflect_try_get,function,571,591,<module>,,"obj, member_kind, name",,,false,,21,7,
tools/probes/probe_object_styles.py,_reflect_contract,function,593,662,<module>,,raw_v,,,false,,70,22,
tools/probes/probe_object_styles.py,_run_reflection_sweep,function,664,700,<module>,,"sample_objs, type_label, domain_name, max_members = 200",,,false,,37,13,
tools/probes/probe_object_styles.py,_probe_revit_version,function,724,731,<module>,,,,,false,,8,3,
tools/probes/probe_object_styles.py,_probe_document_identity,function,733,738,<module>,,,,,false,,6,1,
tools/probes/probe_object_styles.py,_probe_run_id,function,740,744,<module>,,,,,false,,5,3,
tools/probes/probe_object_styles.py,_probe_wrap,function,749,761,<module>,,"domain, out_payload",,,false,,13,1,
tools/probes/probe_phase_filters.py,<module>,module,1,1022,,,,,,false,,1022,59,"_safe,_safe_elem_name,_safe_param_def_name,_safe_get_datatype,_is_length_datatype,_is_angle_datatype,_fmt_display,_format_param_contract,_phase_status_bucket,_status_enum,_maybe_set_example,_add_inventory_obs,_get_view_phase_filter_param,_resolve_workset,_reflect_member_names,_reflect_try_get,_reflect_contract,_run_reflection_sweep,_probe_revit_version,_probe_document_identity,_probe_run_id,_probe_wrap"
tools/probes/probe_phase_filters.py,_safe,function,88,92,<module>,,"fn, default = None",,,false,,5,3,
tools/probes/probe_phase_filters.py,_safe_elem_name,function,94,112,<module>,,elem,,,false,,19,9,
tools/probes/probe_phase_filters.py,_safe_param_def_name,function,114,119,<module>,,p,,,false,,6,3,
tools/probes/probe_phase_filters.py,_safe_get_datatype,function,121,128,<module>,,p,,,false,,8,4,
tools/probes/probe_phase_filters.py,_is_length_datatype,function,130,136,<module>,,dt,,,false,,7,5,
tools/probes/probe_phase_filters.py,_is_angle_datatype,function,138,144,<module>,,dt,,,false,,7,5,
tools/probes/probe_phase_filters.py,_fmt_display,function,146,155,<module>,,"p, raw_double = None",,,false,,10,5,
tools/probes/probe_phase_filters.py,_format_param_contract,function,157,229,<module>,,p,,,true,Contract:,73,13,
tools/probes/probe_phase_filters.py,_phase_status_bucket,function,236,271,<module>,,pf,,,false,,36,6,
tools/probes/probe_phase_filters.py,_status_enum,function,324,332,<module>,,status_name,,,false,,9,4,
tools/probes/probe_phase_filters.py,_maybe_set_example,function,334,355,<module>,,"entry, pv",,,false,,22,5,
tools/probes/probe_phase_filters.py,_add_inventory_obs,function,357,383,<module>,,"param_key, pv, pf_name = None, bucket = None",,,false,,27,7,
tools/probes/probe_phase_filters.py,_get_view_phase_filter_param,function,501,518,<module>,,v,,,false,,18,6,
tools/probes/probe_phase_filters.py,_resolve_workset,function,520,536,<module>,,"doc, ws_id_obj",,,true,"Resolve an Element.WorksetId value to (name, resolved_bool) via",17,4,
tools/probes/probe_phase_filters.py,_reflect_member_names,function,633,678,<module>,,obj,,,false,,46,27,
tools/probes/probe_phase_filters.py,_reflect_try_get,function,781,801,<module>,,"obj, member_kind, name",,,false,,21,7,
tools/probes/probe_phase_filters.py,_reflect_contract,function,803,872,<module>,,raw_v,,,false,,70,22,
tools/probes/probe_phase_filters.py,_run_reflection_sweep,function,874,910,<module>,,"sample_objs, type_label, domain_name, max_members = 200",,,false,,37,13,
tools/probes/probe_phase_filters.py,_probe_revit_version,function,947,954,<module>,,,,,false,,8,3,
tools/probes/probe_phase_filters.py,_probe_document_identity,function,956,961,<module>,,,,,false,,6,1,
tools/probes/probe_phase_filters.py,_probe_run_id,function,963,967,<module>,,,,,false,,5,3,
tools/probes/probe_phase_filters.py,_probe_wrap,function,972,984,<module>,,"domain, out_payload",,,false,,13,1,
tools/probes/probe_phase_graphics.py,<module>,module,1,1038,,,,,,false,,1038,67,"_safe,_safe_elem_name,_safe_param_def_name,_safe_get_datatype,_is_length_datatype,_is_angle_datatype,_fmt_display,_format_param_contract,_cap,_maybe_set_example,_index_params_from_elem,_resolve_workset_for_view_crosswalk,_resolve_filter_name,_get_phasefilter_param_from_view,_reflect_member_names,_reflect_try_get,_reflect_contract,_run_reflection_sweep,_probe_revit_version,_probe_document_identity,_probe_run_id,_probe_wrap"
tools/probes/probe_phase_graphics.py,_safe,function,98,102,<module>,,"fn, default = None",,,false,,5,3,
tools/probes/probe_phase_graphics.py,_safe_elem_name,function,104,110,<module>,,e,,,false,,7,3,
tools/probes/probe_phase_graphics.py,_safe_param_def_name,function,112,117,<module>,,p,,,false,,6,3,
tools/probes/probe_phase_graphics.py,_safe_get_datatype,function,119,126,<module>,,p,,,false,,8,4,
tools/probes/probe_phase_graphics.py,_is_length_datatype,function,128,134,<module>,,dt,,,false,,7,5,
tools/probes/probe_phase_graphics.py,_is_angle_datatype,function,136,142,<module>,,dt,,,false,,7,5,
tools/probes/probe_phase_graphics.py,_fmt_display,function,144,153,<module>,,"p, raw_double = None",,,false,,10,5,
tools/probes/probe_phase_graphics.py,_format_param_contract,function,155,253,<module>,,p,,,true,Contract:,99,19,
tools/probes/probe_phase_graphics.py,_cap,function,286,293,<module>,,"lst, n",,,false,,8,4,
tools/probes/probe_phase_graphics.py,_maybe_set_example,function,344,365,<module>,,"entry, pv",,,false,,22,5,
tools/probes/probe_phase_graphics.py,_index_params_from_elem,function,367,399,<module>,,"elem, bucket_key",,,false,,33,8,
tools/probes/probe_phase_graphics.py,_resolve_workset_for_view_crosswalk,function,446,460,<module>,,"doc, ws_id_obj",,,true,"Same _resolve_workset pattern as every other probe (WorksetTable.GetWorkset(),",15,4,
tools/probes/probe_phase_graphics.py,_resolve_filter_name,function,463,467,<module>,,fid_int,,,false,,5,2,
tools/probes/probe_phase_graphics.py,_get_phasefilter_param_from_view,function,537,550,<module>,,v,,,false,,14,5,
tools/probes/probe_phase_graphics.py,_resolve_workset,function,556,573,<module>,,"doc, ws_id_obj",,,true,"Resolve an Element.WorksetId value to (name, resolved_bool) via",18,4,
tools/probes/probe_phase_graphics.py,_reflect_member_names,function,653,698,<module>,,obj,,,false,,46,27,
tools/probes/probe_phase_graphics.py,_reflect_try_get,function,801,821,<module>,,"obj, member_kind, name",,,false,,21,7,
tools/probes/probe_phase_graphics.py,_reflect_contract,function,823,892,<module>,,raw_v,,,false,,70,22,
tools/probes/probe_phase_graphics.py,_run_reflection_sweep,function,894,930,<module>,,"sample_objs, type_label, domain_name, max_members = 200",,,false,,37,13,
tools/probes/probe_phase_graphics.py,_probe_revit_version,function,966,973,<module>,,,,,false,,8,3,
tools/probes/probe_phase_graphics.py,_probe_document_identity,function,975,980,<module>,,,,,false,,6,1,
tools/probes/probe_phase_graphics.py,_probe_run_id,function,982,986,<module>,,,,,false,,5,3,
tools/probes/probe_phase_graphics.py,_probe_wrap,function,991,1003,<module>,,"domain, out_payload",,,false,,13,1,
tools/probes/probe_phases.py,<module>,module,1,852,,,,,,false,,852,53,"_safe,_safe_param_def_name,_safe_get_datatype,_is_length_datatype,_is_angle_datatype,_fmt_display,_format_param_contract,_phase_key,_synthetic_value_contract,_inv_init,_inv_add,_reflect_member_names,_reflect_try_get,_reflect_contract,_run_reflection_sweep,_get_view_phase_param,_resolve_workset,_probe_revit_version,_probe_document_identity,_probe_run_id,_probe_wrap"
tools/probes/probe_phases.py,_safe,function,96,100,<module>,,"fn, default = None",,,false,,5,3,
tools/probes/probe_phases.py,_safe_param_def_name,function,102,107,<module>,,p,,,false,,6,3,
tools/probes/probe_phases.py,_safe_get_datatype,function,109,116,<module>,,p,,,false,,8,4,
tools/probes/probe_phases.py,_is_length_datatype,function,118,124,<module>,,dt,,,false,,7,5,
tools/probes/probe_phases.py,_is_angle_datatype,function,126,132,<module>,,dt,,,false,,7,5,
tools/probes/probe_phases.py,_fmt_display,function,134,143,<module>,,"p, raw_double = None",,,false,,10,5,
tools/probes/probe_phases.py,_format_param_contract,function,145,217,<module>,,p,,,true,Contract:,73,13,
tools/probes/probe_phases.py,_phase_key,function,219,230,<module>,,"ph, idx",,,false,,12,2,
tools/probes/probe_phases.py,_synthetic_value_contract,function,232,233,<module>,,"q, storage, raw, display, norm",,,false,,2,1,
tools/probes/probe_phases.py,_inv_init,function,235,242,<module>,,,,,false,,8,1,
tools/probes/probe_phases.py,_inv_add,function,244,279,<module>,,"inv, param_key, pv, phase_key",,,false,,36,10,
tools/probes/probe_phases.py,_reflect_member_names,function,386,431,<module>,,obj,,,false,,46,27,
tools/probes/probe_phases.py,_reflect_try_get,function,534,554,<module>,,"obj, member_kind, name",,,false,,21,7,
tools/probes/probe_phases.py,_reflect_contract,function,556,625,<module>,,raw_v,,,false,,70,22,
tools/probes/probe_phases.py,_run_reflection_sweep,function,627,663,<module>,,"sample_objs, type_label, domain_name, max_members = 200",,,false,,37,13,
tools/probes/probe_phases.py,_get_view_phase_param,function,673,682,<module>,,v,,,false,,10,4,
tools/probes/probe_phases.py,_resolve_workset,function,714,730,<module>,,"doc, ws_id_obj",,,true,"Resolve an Element.WorksetId value to (name, resolved_bool) via",17,4,
tools/probes/probe_phases.py,_probe_revit_version,function,778,785,<module>,,,,,false,,8,3,
tools/probes/probe_phases.py,_probe_document_identity,function,787,792,<module>,,,,,false,,6,1,
tools/probes/probe_phases.py,_probe_run_id,function,794,798,<module>,,,,,false,,5,3,
tools/probes/probe_phases.py,_probe_wrap,function,803,815,<module>,,"domain, out_payload",,,false,,13,1,
tools/probes/probe_roof_type_import.py,<module>,module,1,30,,,,,,false,,30,8,
tools/probes/probe_roof_types.py,<module>,module,1,856,,,,,,false,,856,54,"_safe,_safe_capture,_multi_repr,_safe_type_name,_safe_param_def_name,_safe_get_datatype,_is_length_datatype,_is_angle_datatype,_fmt_display,_format_param_contract,_contract_from_value,_to_inches,_resolve_material,_resolve_similar_type,_resolve_workset,_ensure_entry,_maybe_set_example,_observe,_reflect_member_names,_reflect_try_get,_reflect_contract,_run_reflection_sweep,_probe_revit_version,_probe_document_identity,_probe_run_id,_probe_wrap"
tools/probes/probe_roof_types.py,_safe,function,79,83,<module>,,"fn, default = None",,,false,,5,3,
tools/probes/probe_roof_types.py,_safe_capture,function,85,89,<module>,,fn,,,false,,5,3,
tools/probes/probe_roof_types.py,_multi_repr,function,91,109,<module>,,raw,,,false,,19,2,
tools/probes/probe_roof_types.py,_safe_type_name,function,111,124,<module>,,elem,,,false,,14,8,
tools/probes/probe_roof_types.py,_safe_param_def_name,function,126,131,<module>,,p,,,false,,6,3,
tools/probes/probe_roof_types.py,_safe_get_datatype,function,133,140,<module>,,p,,,false,,8,4,
tools/probes/probe_roof_types.py,_is_length_datatype,function,142,148,<module>,,dt,,,false,,7,5,
tools/probes/probe_roof_types.py,_is_angle_datatype,function,150,156,<module>,,dt,,,false,,7,5,
tools/probes/probe_roof_types.py,_fmt_display,function,158,167,<module>,,"p, raw_double = None",,,false,,10,5,
tools/probes/probe_roof_types.py,_format_param_contract,function,169,219,<module>,,p,,,false,,51,13,
tools/probes/probe_roof_types.py,_contract_from_value,function,221,222,<module>,,"q, storage, raw, display, norm",,,false,,2,1,
tools/probes/probe_roof_types.py,_to_inches,function,224,227,<module>,,x_internal,,,false,,4,2,
tools/probes/probe_roof_types.py,_resolve_material,function,267,275,<module>,,mat_id_int,,,true,"Resolve a Material ElementId (int) to (name, resolved_bool).",9,4,
tools/probes/probe_roof_types.py,_resolve_similar_type,function,278,289,<module>,,sid_int,,,true,Resolve a GetSimilarTypes() id via a document-wide doc.GetElement(),12,3,
tools/probes/probe_roof_types.py,_resolve_workset,function,292,308,<module>,,"doc, ws_id_obj",,,true,"Resolve an Element.WorksetId value to (name, resolved_bool) via",17,4,
tools/probes/probe_roof_types.py,_ensure_entry,function,314,317,<module>,,pk,,,false,,4,2,
tools/probes/probe_roof_types.py,_maybe_set_example,function,320,328,<module>,,"entry, pv",,,false,,9,6,
tools/probes/probe_roof_types.py,_observe,function,331,340,<module>,,"pk, pv",,,false,,10,4,
tools/probes/probe_roof_types.py,_reflect_member_names,function,477,522,<module>,,obj,,,false,,46,27,
tools/probes/probe_roof_types.py,_reflect_try_get,function,625,645,<module>,,"obj, member_kind, name",,,false,,21,7,
tools/probes/probe_roof_types.py,_reflect_contract,function,647,716,<module>,,raw_v,,,false,,70,22,
tools/probes/probe_roof_types.py,_run_reflection_sweep,function,718,754,<module>,,"sample_objs, type_label, domain_name, max_members = 200",,,false,,37,13,
tools/probes/probe_roof_types.py,_probe_revit_version,function,765,772,<module>,,,,,false,,8,3,
tools/probes/probe_roof_types.py,_probe_document_identity,function,774,779,<module>,,,,,false,,6,1,
tools/probes/probe_roof_types.py,_probe_run_id,function,781,785,<module>,,,,,false,,5,3,
tools/probes/probe_roof_types.py,_probe_wrap,function,790,802,<module>,,"domain, out_payload",,,false,,13,1,
tools/probes/probe_text_types.py,<module>,module,1,1125,,,,,,false,,1125,79,"_safe,_safe_type_name,_safe_param_def_name,_safe_get_datatype,_is_length_datatype,_is_angle_datatype,_fmt_display,_format_param_contract,_contract_value,_rgb_triplet_from_int,_hex32_from_int,_rgb_rrggbb_from_int,_rgb_bbgrr_from_int,_hex_rgb_from_triplet,_slug,_looks_like_text_type,_text_font_key,_maybe_set_example,_find_leader_arrow_param,_resolve_workset,_resolve_similar_type,_reflect_member_names,_reflect_try_get,_reflect_contract,_run_reflection_sweep,_probe_revit_version,_probe_document_identity,_probe_run_id,_probe_wrap"
tools/probes/probe_text_types.py,_safe,function,87,91,<module>,,"fn, default = None",,,false,,5,3,
tools/probes/probe_text_types.py,_safe_type_name,function,93,106,<module>,,elem,,,false,,14,8,
tools/probes/probe_text_types.py,_safe_param_def_name,function,108,113,<module>,,p,,,false,,6,3,
tools/probes/probe_text_types.py,_safe_get_datatype,function,115,122,<module>,,p,,,false,,8,4,
tools/probes/probe_text_types.py,_is_length_datatype,function,124,130,<module>,,dt,,,false,,7,5,
tools/probes/probe_text_types.py,_is_angle_datatype,function,132,138,<module>,,dt,,,false,,7,5,
tools/probes/probe_text_types.py,_fmt_display,function,140,149,<module>,,"p, raw_double = None",,,false,,10,5,
tools/probes/probe_text_types.py,_format_param_contract,function,151,225,<module>,,p,,,true,Contract:,75,14,
tools/probes/probe_text_types.py,_contract_value,function,227,229,<module>,,"q, storage, raw, display, norm",,,false,,3,1,
tools/probes/probe_text_types.py,_rgb_triplet_from_int,function,231,247,<module>,,color_int,,,true,Best-effort parse for Revit integer color surfaces.,17,4,
tools/probes/probe_text_types.py,_hex32_from_int,function,249,256,<module>,,n,,,false,,8,4,
tools/probes/probe_text_types.py,_rgb_rrggbb_from_int,function,258,269,<module>,,n,,,false,,12,4,
tools/probes/probe_text_types.py,_rgb_bbgrr_from_int,function,271,282,<module>,,n,,,false,,12,4,
tools/probes/probe_text_types.py,_hex_rgb_from_triplet,function,284,294,<module>,,rgb_triplet,,,false,,11,5,
tools/probes/probe_text_types.py,_slug,function,296,300,<module>,,s,,,false,,5,4,
tools/probes/probe_text_types.py,_looks_like_text_type,function,302,332,<module>,,t,,,true,Signature heuristic for TextNoteType / text styles:,31,7,
tools/probes/probe_text_types.py,_text_font_key,function,334,341,<module>,,t,,,false,,8,2,
tools/probes/probe_text_types.py,_maybe_set_example,function,432,453,<module>,,"entry, pv",,,false,,22,5,
tools/probes/probe_text_types.py,_find_leader_arrow_param,function,594,599,<module>,,t,,,false,,6,3,
tools/probes/probe_text_types.py,_resolve_workset,function,602,618,<module>,,"doc, ws_id_obj",,,true,"Resolve an Element.WorksetId value to (name, resolved_bool) via",17,4,
tools/probes/probe_text_types.py,_resolve_similar_type,function,621,632,<module>,,sid_int,,,true,Resolve a GetSimilarTypes() id via a document-wide doc.GetElement(),12,3,
tools/probes/probe_text_types.py,_reflect_member_names,function,736,781,<module>,,obj,,,false,,46,27,
tools/probes/probe_text_types.py,_reflect_try_get,function,884,904,<module>,,"obj, member_kind, name",,,false,,21,7,
tools/probes/probe_text_types.py,_reflect_contract,function,906,975,<module>,,raw_v,,,false,,70,22,
tools/probes/probe_text_types.py,_run_reflection_sweep,function,977,1013,<module>,,"sample_objs, type_label, domain_name, max_members = 200",,,false,,37,13,
tools/probes/probe_text_types.py,_probe_revit_version,function,1050,1057,<module>,,,,,false,,8,3,
tools/probes/probe_text_types.py,_probe_document_identity,function,1059,1064,<module>,,,,,false,,6,1,
tools/probes/probe_text_types.py,_probe_run_id,function,1066,1070,<module>,,,,,false,,5,3,
tools/probes/probe_text_types.py,_probe_wrap,function,1075,1087,<module>,,"domain, out_payload",,,false,,13,1,
tools/probes/probe_units.py,<module>,module,1,951,,,,,,false,,951,46,"_safe,_try,_safe_str,_is_forge_type_id,_forge_id_string,_pv_missing,_pv_unreadable,_pv_unsupported,_pv_from_string,_pv_from_int,_pv_from_double,_pv_from_forge_type_id,_pv_from_bool,_pv_from_enum,_unitutils_get_discipline_id,_label_for_spec_id,_label_for_discipline_id,_units_get_format_options,_pv_from_prop_any,_pv_from_format_surface,_discover_specs,_maybe_set_example,_touch_param,_reflect_member_names,_reflect_try_get,_reflect_contract,_run_reflection_sweep,_probe_revit_version,_probe_document_identity,_probe_run_id,_probe_wrap"
tools/probes/probe_units.py,_safe,function,73,77,<module>,,"fn, default = None",,,false,,5,3,
tools/probes/probe_units.py,_try,function,79,83,<module>,,fn,,,false,,5,3,
tools/probes/probe_units.py,_safe_str,function,85,89,<module>,,x,,,false,,5,3,
tools/probes/probe_units.py,_is_forge_type_id,function,91,100,<module>,,x,,,false,,10,5,
tools/probes/probe_units.py,_forge_id_string,function,102,109,<module>,,ftid,,,false,,8,3,
tools/probes/probe_units.py,_pv_missing,function,111,112,<module>,,,,,false,,2,1,
tools/probes/probe_units.py,_pv_unreadable,function,114,115,<module>,,msg,,,false,,2,1,
tools/probes/probe_units.py,_pv_unsupported,function,117,118,<module>,,storage_label,,,false,,2,1,
tools/probes/probe_units.py,_pv_from_string,function,120,121,<module>,,"s, q = 'ok'",,,false,,2,1,
tools/probes/probe_units.py,_pv_from_int,function,123,125,<module>,,"i, display = None, q = 'ok'",,,false,,3,1,
tools/probes/probe_units.py,_pv_from_double,function,127,129,<module>,,"d, display = None, q = 'ok'",,,false,,3,1,
tools/probes/probe_units.py,_pv_from_forge_type_id,function,131,135,<module>,,"ftid, q = 'ok'",,,false,,5,3,
tools/probes/probe_units.py,_pv_from_bool,function,137,142,<module>,,"b, q = 'ok'",,,false,,6,3,
tools/probes/probe_units.py,_pv_from_enum,function,144,150,<module>,,"e, q = 'ok'",,,false,,7,3,
tools/probes/probe_units.py,_unitutils_get_discipline_id,function,152,166,<module>,,spec_id,,,false,,15,7,
tools/probes/probe_units.py,_label_for_spec_id,function,168,185,<module>,,spec_id,,,true,Best-effort UI label for the Project Units 'Units' column.,18,6,
tools/probes/probe_units.py,_label_for_discipline_id,function,188,203,<module>,,discipline_id,,,true,Best-effort UI label for the Project Units 'Discipline' dropdown entry.,16,6,
tools/probes/probe_units.py,_units_get_format_options,function,205,213,<module>,,"units_obj, spec_id",,,false,,9,5,
tools/probes/probe_units.py,_pv_from_prop_any,function,250,266,<module>,,"obj, prop_name",,,false,,17,8,
tools/probes/probe_units.py,_pv_from_format_surface,function,269,316,<module>,,"fmt, kind, accessor",,,false,,48,20,
tools/probes/probe_units.py,_discover_specs,function,323,370,<module>,,,,,true,"Returns: list of tuples (spec_label, spec_id, spec_id_string)",48,18,
tools/probes/probe_units.py,_maybe_set_example,function,386,397,<module>,,"entry, pv",,,false,,12,5,
tools/probes/probe_units.py,_touch_param,function,399,425,<module>,,"param_key, pv, discipline_key, spec_key",,,false,,27,7,
tools/probes/probe_units.py,_reflect_member_names,function,564,609,<module>,,obj,,,false,,46,27,
tools/probes/probe_units.py,_reflect_try_get,function,712,732,<module>,,"obj, member_kind, name",,,false,,21,7,
tools/probes/probe_units.py,_reflect_contract,function,734,803,<module>,,raw_v,,,false,,70,22,
tools/probes/probe_units.py,_run_reflection_sweep,function,805,841,<module>,,"sample_objs, type_label, domain_name, max_members = 200",,,false,,37,13,
tools/probes/probe_units.py,_probe_revit_version,function,879,886,<module>,,,,,false,,8,3,
tools/probes/probe_units.py,_probe_document_identity,function,888,893,<module>,,,,,false,,6,1,
tools/probes/probe_units.py,_probe_run_id,function,895,899,<module>,,,,,false,,5,3,
tools/probes/probe_units.py,_probe_wrap,function,904,916,<module>,,"domain, out_payload",,,false,,13,1,
tools/probes/probe_view_category_overrides.py,<module>,module,1,993,,,,,,false,,993,58,"_safe,_get_name,_eid_int,_eid_name,_rgb_triplet,_hex_from_rgb_triplet,_contract_missing,_contract_unreadable,_contract_unsupported,_contract_string,_contract_int,_contract_eid,_maybe_set_example,_bool_int,_ogs_default,_ogs_has_override_for_field,_iter_categories_from_object_styles,_category_path,_baseline_for_cat,_bucket_for_view,_select_views,_touch_param,_pv_from_field,_pv_bool_flag,_value_norm_for_compare,_touch_diag,_reflect_member_names,_reflect_try_get,_reflect_contract,_run_reflection_sweep,_probe_revit_version,_probe_document_identity,_probe_run_id,_probe_wrap"
tools/probes/probe_view_category_overrides.py,_safe,function,80,84,<module>,,"fn, default = None",,,false,,5,3,
tools/probes/probe_view_category_overrides.py,_get_name,function,86,87,<module>,,obj,,,false,,2,1,
tools/probes/probe_view_category_overrides.py,_eid_int,function,89,99,<module>,,eid,,,false,,11,6,
tools/probes/probe_view_category_overrides.py,_eid_name,function,101,105,<module>,,eid,,,false,,5,3,
tools/probes/probe_view_category_overrides.py,_rgb_triplet,function,107,114,<module>,,c,,,false,,8,4,
tools/probes/probe_view_category_overrides.py,_hex_from_rgb_triplet,function,116,126,<module>,,rgb,,,false,,11,5,
tools/probes/probe_view_category_overrides.py,_contract_missing,function,128,129,<module>,,storage,,,false,,2,1,
tools/probes/probe_view_category_overrides.py,_contract_unreadable,function,131,132,<module>,,storage,,,false,,2,1,
tools/probes/probe_view_category_overrides.py,_contract_unsupported,function,134,135,<module>,,storage,,,false,,2,1,
tools/probes/probe_view_category_overrides.py,_contract_string,function,137,138,<module>,,raw,,,false,,2,1,
tools/probes/probe_view_category_overrides.py,_contract_int,function,140,142,<module>,,"raw, display = None, norm = None",,,false,,3,1,
tools/probes/probe_view_category_overrides.py,_contract_eid,function,144,149,<module>,,"eid, display_name = None",,,false,,6,3,
tools/probes/probe_view_category_overrides.py,_maybe_set_example,function,151,157,<module>,,"entry, pv",,,false,,7,6,
tools/probes/probe_view_category_overrides.py,_bool_int,function,159,160,<module>,,x,,,false,,2,1,
tools/probes/probe_view_category_overrides.py,_ogs_default,function,162,163,<module>,,,,,false,,2,1,
tools/probes/probe_view_category_overrides.py,_ogs_has_override_for_field,function,165,174,<module>,,"kind, ov, dflt",,,false,,10,5,
tools/probes/probe_view_category_overrides.py,_iter_categories_from_object_styles,function,181,216,<module>,,include_subcats_flag,,,true,Anchor category discovery to Object Styles reality by collecting GraphicsStyle elements.,36,6,
tools/probes/probe_view_category_overrides.py,_category_path,function,230,236,<module>,,"cat, is_sub, parent",,,false,,7,5,
tools/probes/probe_view_category_overrides.py,_baseline_for_cat,function,242,284,<module>,,cat,,,false,,43,4,
tools/probes/probe_view_category_overrides.py,_bucket_for_view,function,314,324,<module>,,v,,,false,,11,5,
tools/probes/probe_view_category_overrides.py,_select_views,function,326,340,<module>,,candidates,,,false,,15,5,
tools/probes/probe_view_category_overrides.py,_touch_param,function,376,394,<module>,,"pk, pv, bucket",,,false,,19,6,
tools/probes/probe_view_category_overrides.py,_pv_from_field,function,396,426,<module>,,"kind, v",,,false,,31,17,
tools/probes/probe_view_category_overrides.py,_pv_bool_flag,function,428,429,<module>,,x,,,false,,2,1,
tools/probes/probe_view_category_overrides.py,_value_norm_for_compare,function,431,433,<module>,,pv,,,false,,3,1,
tools/probes/probe_view_category_overrides.py,_touch_diag,function,442,444,<module>,,"pk, pv, bucket = 'probe'",,,false,,3,1,
tools/probes/probe_view_category_overrides.py,_reflect_member_names,function,617,662,<module>,,obj,,,false,,46,27,
tools/probes/probe_view_category_overrides.py,_reflect_try_get,function,765,785,<module>,,"obj, member_kind, name",,,false,,21,7,
tools/probes/probe_view_category_overrides.py,_reflect_contract,function,787,856,<module>,,raw_v,,,false,,70,22,
tools/probes/probe_view_category_overrides.py,_run_reflection_sweep,function,858,894,<module>,,"sample_objs, type_label, domain_name, max_members = 200",,,false,,37,13,
tools/probes/probe_view_category_overrides.py,_probe_revit_version,function,923,930,<module>,,,,,false,,8,3,
tools/probes/probe_view_category_overrides.py,_probe_document_identity,function,932,937,<module>,,,,,false,,6,1,
tools/probes/probe_view_category_overrides.py,_probe_run_id,function,939,943,<module>,,,,,false,,5,3,
tools/probes/probe_view_category_overrides.py,_probe_wrap,function,948,960,<module>,,"domain, out_payload",,,false,,13,1,
tools/probes/probe_view_filter_applications.py,<module>,module,1,1100,,,,,,false,,1100,64,"_safe,_safe_type_name,_eid_int,_color_rgb_hex,_contract,_as_int_contract,_as_bool_int_contract,_as_string_contract,_as_elementid_contract,_ogs_get,_hash_sig,_ensure_param,_q_rank,_maybe_set_example,_observe,_view_bucket_key,_view_has_filters,_pv_from_ogs_field,_is_defaultish_ogs_value,_collect_applied_filters_in_order,_reflect_member_names,_reflect_try_get,_reflect_contract,_run_reflection_sweep,_probe_revit_version,_probe_document_identity,_probe_run_id,_probe_wrap"
tools/probes/probe_view_filter_applications.py,_safe,function,75,79,<module>,,"fn, default = None",,,false,,5,3,
tools/probes/probe_view_filter_applications.py,_safe_type_name,function,81,94,<module>,,elem,,,false,,14,8,
tools/probes/probe_view_filter_applications.py,_eid_int,function,96,104,<module>,,eid,,,false,,9,5,
tools/probes/probe_view_filter_applications.py,_color_rgb_hex,function,106,117,<module>,,c,,,false,,12,4,
tools/probes/probe_view_filter_applications.py,_contract,function,119,127,<module>,,"q, storage, raw, display, norm",,,false,,9,1,
tools/probes/probe_view_filter_applications.py,_as_int_contract,function,129,136,<module>,,x,,,false,,8,4,
tools/probes/probe_view_filter_applications.py,_as_bool_int_contract,function,138,145,<module>,,x,,,false,,8,4,
tools/probes/probe_view_filter_applications.py,_as_string_contract,function,147,154,<module>,,x,,,false,,8,4,
tools/probes/probe_view_filter_applications.py,_as_elementid_contract,function,156,167,<module>,,eid,,,false,,12,4,
tools/probes/probe_view_filter_applications.py,_ogs_get,function,169,188,<module>,,"ogs, attr_name",,,true,Read OverrideGraphicSettings member defensively.,20,5,
tools/probes/probe_view_filter_applications.py,_hash_sig,function,190,198,<module>,,pairs,,,true,"pairs: list of (k, norm_str) where norm_str is already stable string.",9,4,
tools/probes/probe_view_filter_applications.py,_ensure_param,function,208,218,<module>,,pk,,,false,,11,2,
tools/probes/probe_view_filter_applications.py,_q_rank,function,220,224,<module>,,q,,,false,,5,1,
tools/probes/probe_view_filter_applications.py,_maybe_set_example,function,226,246,<module>,,"entry, pv",,,false,,21,5,
tools/probes/probe_view_filter_applications.py,_observe,function,248,282,<module>,,"pk, pv, bucket_key",,,false,,35,8,
tools/probes/probe_view_filter_applications.py,_view_bucket_key,function,302,305,<module>,,v,,,false,,4,1,
tools/probes/probe_view_filter_applications.py,_view_has_filters,function,307,315,<module>,,v,,,false,,9,4,
tools/probes/probe_view_filter_applications.py,_pv_from_ogs_field,function,390,424,<module>,,"ogs, attr_name, kind",,,false,,35,11,
tools/probes/probe_view_filter_applications.py,_is_defaultish_ogs_value,function,426,444,<module>,,"pk, pv",,,true,Used only for computing a signature hash (not for inventory).,19,8,
tools/probes/probe_view_filter_applications.py,_collect_applied_filters_in_order,function,446,461,<module>,,v,,,false,,16,6,
tools/probes/probe_view_filter_applications.py,_resolve_workset,function,553,570,<module>,,"doc, ws_id_obj",,,true,"Resolve an Element.WorksetId value to (name, resolved_bool) via",18,4,
tools/probes/probe_view_filter_applications.py,_reflect_member_names,function,711,756,<module>,,obj,,,false,,46,27,
tools/probes/probe_view_filter_applications.py,_reflect_try_get,function,859,879,<module>,,"obj, member_kind, name",,,false,,21,7,
tools/probes/probe_view_filter_applications.py,_reflect_contract,function,881,950,<module>,,raw_v,,,false,,70,22,
tools/probes/probe_view_filter_applications.py,_run_reflection_sweep,function,952,988,<module>,,"sample_objs, type_label, domain_name, max_members = 200",,,false,,37,13,
tools/probes/probe_view_filter_applications.py,_probe_revit_version,function,1025,1032,<module>,,,,,false,,8,3,
tools/probes/probe_view_filter_applications.py,_probe_document_identity,function,1034,1039,<module>,,,,,false,,6,1,
tools/probes/probe_view_filter_applications.py,_probe_run_id,function,1041,1045,<module>,,,,,false,,5,3,
tools/probes/probe_view_filter_applications.py,_probe_wrap,function,1050,1062,<module>,,"domain, out_payload",,,false,,13,1,
tools/probes/probe_view_filter_definitions.py,<module>,module,1,1055,,,,,,false,,1055,80,"_safe,_sha1,_as_param_payload,_maybe_set_example,_observe,_bucket_label_from_categories,_resolve_category_name,_element_filter_kind,_get_subfilters,_get_rules_from_element_parameter_filter,_rule_parameter_id,_rule_evaluator_name,_rule_value_best_effort,_flatten_element_filter,_reflect_member_names,_reflect_try_get,_reflect_contract,_run_reflection_sweep,_resolve_workset,_probe_revit_version,_probe_document_identity,_probe_run_id,_probe_wrap"
tools/probes/probe_view_filter_definitions.py,_safe,function,101,105,<module>,,"fn, default = None",,,false,,5,3,
tools/probes/probe_view_filter_definitions.py,_sha1,function,107,112,<module>,,s,,,false,,6,3,
tools/probes/probe_view_filter_definitions.py,_as_param_payload,function,114,121,<module>,,"q, storage, raw, display, norm",,,false,,8,1,
tools/probes/probe_view_filter_definitions.py,_maybe_set_example,function,123,144,<module>,,"entry, pv",,,false,,22,5,
tools/probes/probe_view_filter_definitions.py,_observe,function,146,168,<module>,,"param_index, param_key, pv, bucket_label",,,false,,23,6,
tools/probes/probe_view_filter_definitions.py,_bucket_label_from_categories,function,170,177,<module>,,cat_ids_sorted,,,false,,8,5,
tools/probes/probe_view_filter_definitions.py,_resolve_category_name,function,179,185,<module>,,cat_id_int,,,false,,7,3,
tools/probes/probe_view_filter_definitions.py,_element_filter_kind,function,192,198,<module>,,ef,,,false,,7,4,
tools/probes/probe_view_filter_definitions.py,_get_subfilters,function,200,210,<module>,,ef,,,false,,11,6,
tools/probes/probe_view_filter_definitions.py,_get_rules_from_element_parameter_filter,function,212,229,<module>,,epf,,,false,,18,7,
tools/probes/probe_view_filter_definitions.py,_rule_parameter_id,function,231,247,<module>,,rule,,,false,,17,7,
tools/probes/probe_view_filter_definitions.py,_rule_evaluator_name,function,249,260,<module>,,rule,,,false,,12,6,
tools/probes/probe_view_filter_definitions.py,_rule_value_best_effort,function,262,273,<module>,,rule,,,false,,12,5,
tools/probes/probe_view_filter_definitions.py,_flatten_element_filter,function,275,333,<module>,,"ef, hard_cap",,,true,Returns:,59,15,
tools/probes/probe_view_filter_definitions.py,_reflect_member_names,function,574,619,<module>,,obj,,,false,,46,27,
tools/probes/probe_view_filter_definitions.py,_reflect_try_get,function,722,742,<module>,,"obj, member_kind, name",,,false,,21,7,
tools/probes/probe_view_filter_definitions.py,_reflect_contract,function,744,813,<module>,,raw_v,,,false,,70,22,
tools/probes/probe_view_filter_definitions.py,_run_reflection_sweep,function,815,851,<module>,,"sample_objs, type_label, domain_name, max_members = 200",,,false,,37,13,
tools/probes/probe_view_filter_definitions.py,_resolve_workset,function,902,918,<module>,,"doc, ws_id_obj",,,true,"Resolve an Element.WorksetId value to (name, resolved_bool) via",17,4,
tools/probes/probe_view_filter_definitions.py,_probe_revit_version,function,983,990,<module>,,,,,false,,8,3,
tools/probes/probe_view_filter_definitions.py,_probe_document_identity,function,992,997,<module>,,,,,false,,6,1,
tools/probes/probe_view_filter_definitions.py,_probe_run_id,function,999,1003,<module>,,,,,false,,5,3,
tools/probes/probe_view_filter_definitions.py,_probe_wrap,function,1008,1020,<module>,,"domain, out_payload",,,false,,13,1,
tools/probes/probe_view_templates.py,<module>,module,1,998,,,,,,false,,998,90,"_safe,_safe_view_name,_safe_param_def_name,_safe_get_datatype,_is_length_datatype,_is_angle_datatype,_fmt_display,_format_param_contract,_viewtype_bucket,_maybe_set_example,_resolve_workset,_resolve_filter_name,_reflect_member_names,_reflect_try_get,_reflect_contract,_run_reflection_sweep,_probe_revit_version,_probe_document_identity,_probe_run_id,_probe_wrap"
tools/probes/probe_view_templates.py,_safe,function,86,90,<module>,,"fn, default = None",,,false,,5,3,
tools/probes/probe_view_templates.py,_safe_view_name,function,92,102,<module>,,v,,,false,,11,5,
tools/probes/probe_view_templates.py,_safe_param_def_name,function,104,109,<module>,,p,,,false,,6,3,
tools/probes/probe_view_templates.py,_safe_get_datatype,function,111,118,<module>,,p,,,false,,8,4,
tools/probes/probe_view_templates.py,_is_length_datatype,function,120,126,<module>,,dt,,,false,,7,5,
tools/probes/probe_view_templates.py,_is_angle_datatype,function,128,134,<module>,,dt,,,false,,7,5,
tools/probes/probe_view_templates.py,_fmt_display,function,136,145,<module>,,"p, raw_double = None",,,false,,10,5,
tools/probes/probe_view_templates.py,_format_param_contract,function,147,235,<module>,,p,,,true,Contract:,89,13,
tools/probes/probe_view_templates.py,_viewtype_bucket,function,238,242,<module>,,v,,,false,,5,2,
tools/probes/probe_view_templates.py,_maybe_set_example,function,321,342,<module>,,"entry, pv",,,false,,22,5,
tools/probes/probe_view_templates.py,_resolve_workset,function,436,452,<module>,,"doc, ws_id_obj",,,true,"Resolve an Element.WorksetId value to (name, resolved_bool) via",17,4,
tools/probes/probe_view_templates.py,_resolve_filter_name,function,472,476,<module>,,fid_int,,,false,,5,2,
tools/probes/probe_view_templates.py,_reflect_member_names,function,606,651,<module>,,obj,,,false,,46,27,
tools/probes/probe_view_templates.py,_reflect_try_get,function,754,774,<module>,,"obj, member_kind, name",,,false,,21,7,
tools/probes/probe_view_templates.py,_reflect_contract,function,776,845,<module>,,raw_v,,,false,,70,22,
tools/probes/probe_view_templates.py,_run_reflection_sweep,function,847,883,<module>,,"sample_objs, type_label, domain_name, max_members = 200",,,false,,37,13,
tools/probes/probe_view_templates.py,_probe_revit_version,function,920,927,<module>,,,,,false,,8,3,
tools/probes/probe_view_templates.py,_probe_document_identity,function,929,934,<module>,,,,,false,,6,1,
tools/probes/probe_view_templates.py,_probe_run_id,function,936,940,<module>,,,,,false,,5,3,
tools/probes/probe_view_templates.py,_probe_wrap,function,945,957,<module>,,"domain, out_payload",,,false,,13,1,
tools/probes/probe_views.py,<module>,module,1,950,,,,,,false,,950,59,"_safe,_safe_elem_name,_safe_param_def_name,_safe_get_datatype,_is_length_datatype,_is_angle_datatype,_fmt_display,_format_param_contract,_pv,_int_enum,_view_kind_classification,_maybe_set_example,_add_inventory_obs,_resolve_workset,_reflect_member_names,_reflect_try_get,_reflect_contract,_run_reflection_sweep,_probe_revit_version,_probe_document_identity,_probe_run_id,_probe_wrap"
tools/probes/probe_views.py,_safe,function,124,128,<module>,,"fn, default = None",,,false,,5,3,
tools/probes/probe_views.py,_safe_elem_name,function,131,147,<module>,,elem,,,false,,17,9,
tools/probes/probe_views.py,_safe_param_def_name,function,150,155,<module>,,p,,,false,,6,3,
tools/probes/probe_views.py,_safe_get_datatype,function,158,165,<module>,,p,,,false,,8,4,
tools/probes/probe_views.py,_is_length_datatype,function,168,174,<module>,,dt,,,false,,7,5,
tools/probes/probe_views.py,_is_angle_datatype,function,177,183,<module>,,dt,,,false,,7,5,
tools/probes/probe_views.py,_fmt_display,function,186,195,<module>,,"p, raw_double = None",,,false,,10,5,
tools/probes/probe_views.py,_format_param_contract,function,198,250,<module>,,p,,,false,,53,13,
tools/probes/probe_views.py,_pv,function,253,274,<module>,,"q, storage, raw, display = None, norm = None",,,false,,22,1,_coerce
tools/probes/probe_views.py,_pv._coerce,nested_function,264,270,_pv,,v,,,false,,7,5,
tools/probes/probe_views.py,_int_enum,function,277,281,<module>,,val,,,false,,5,3,
tools/probes/probe_views.py,_view_kind_classification,function,284,296,<module>,,v,,,true,"is_sheet / is_schedule / is_legend / is_internal -- derived, not a",13,3,
tools/probes/probe_views.py,_maybe_set_example,function,352,360,<module>,,"entry, pv",,,false,,9,5,
tools/probes/probe_views.py,_add_inventory_obs,function,363,381,<module>,,"param_key, pv, bucket = None",,,false,,19,6,
tools/probes/probe_views.py,_resolve_workset,function,466,482,<module>,,"doc, ws_id_obj",,,true,"Resolve an Element.WorksetId value to (name, resolved_bool) via",17,4,
tools/probes/probe_views.py,_reflect_member_names,function,565,610,<module>,,obj,,,false,,46,27,
tools/probes/probe_views.py,_reflect_try_get,function,714,730,<module>,,"obj, member_kind, name",,,false,,17,7,
tools/probes/probe_views.py,_reflect_contract,function,733,802,<module>,,raw_v,,,false,,70,22,
tools/probes/probe_views.py,_run_reflection_sweep,function,805,841,<module>,,"sample_objs, type_label, domain_name, max_members = 200",,,false,,37,13,
tools/probes/probe_views.py,_probe_revit_version,function,875,882,<module>,,,,,false,,8,3,
tools/probes/probe_views.py,_probe_document_identity,function,885,890,<module>,,,,,false,,6,1,
tools/probes/probe_views.py,_probe_run_id,function,893,897,<module>,,,,,false,,5,3,
tools/probes/probe_views.py,_probe_wrap,function,904,916,<module>,,"domain, out_payload",,,false,,13,1,
tools/probes/probe_wall_types.py,<module>,module,1,932,,,,,,false,,932,66,"_safe,_safe_name,_safe_type_name,_wall_kind_label,_safe_param_def_name,_safe_get_datatype,_is_length_datatype,_fmt_display,_format_param_contract,_maybe_set_example,_observe_synth,_pv,_resolve_material,_resolve_similar_type,_resolve_workset,_reflect_member_names,_reflect_try_get,_reflect_contract,_run_reflection_sweep,_probe_revit_version,_probe_document_identity,_probe_run_id,_probe_wrap"
tools/probes/probe_wall_types.py,_safe,function,86,90,<module>,,"fn, default = None",,,false,,5,3,
tools/probes/probe_wall_types.py,_safe_name,function,92,93,<module>,,obj,,,false,,2,1,
tools/probes/probe_wall_types.py,_safe_type_name,function,95,105,<module>,,elem,,,false,,11,6,
tools/probes/probe_wall_types.py,_wall_kind_label,function,107,116,<module>,,wt,,,false,,10,4,
tools/probes/probe_wall_types.py,_safe_param_def_name,function,118,123,<module>,,p,,,false,,6,3,
tools/probes/probe_wall_types.py,_safe_get_datatype,function,125,132,<module>,,p,,,false,,8,4,
tools/probes/probe_wall_types.py,_is_length_datatype,function,134,140,<module>,,dt,,,false,,7,5,
tools/probes/probe_wall_types.py,_fmt_display,function,142,151,<module>,,"p, raw_double = None",,,false,,10,5,
tools/probes/probe_wall_types.py,_format_param_contract,function,153,211,<module>,,p,,,false,,59,18,
tools/probes/probe_wall_types.py,_maybe_set_example,function,252,258,<module>,,"entry, pv",,,false,,7,6,
tools/probes/probe_wall_types.py,_observe_synth,function,305,336,<module>,,"pk, pv, kind_label",,,true,"Same accumulation logic the real-Parameter loop above uses, for the",32,6,
tools/probes/probe_wall_types.py,_pv,function,339,344,<module>,,"q, storage, raw, display = None, norm = None",,,false,,6,1,
tools/probes/probe_wall_types.py,_resolve_material,function,408,415,<module>,,mat_id_int,,,false,,8,4,
tools/probes/probe_wall_types.py,_resolve_similar_type,function,418,429,<module>,,sid_int,,,true,Resolve a GetSimilarTypes() id via a document-wide doc.GetElement(),12,3,
tools/probes/probe_wall_types.py,_resolve_workset,function,435,451,<module>,,"doc, ws_id_obj",,,true,"Resolve an Element.WorksetId value to (name, resolved_bool) via",17,4,
tools/probes/probe_wall_types.py,_reflect_member_names,function,525,570,<module>,,obj,,,false,,46,27,
tools/probes/probe_wall_types.py,_reflect_try_get,function,673,693,<module>,,"obj, member_kind, name",,,false,,21,7,
tools/probes/probe_wall_types.py,_reflect_contract,function,695,764,<module>,,raw_v,,,false,,70,22,
tools/probes/probe_wall_types.py,_run_reflection_sweep,function,766,802,<module>,,"sample_objs, type_label, domain_name, max_members = 200",,,false,,37,13,
tools/probes/probe_wall_types.py,_probe_revit_version,function,828,835,<module>,,,,,false,,8,3,
tools/probes/probe_wall_types.py,_probe_document_identity,function,837,842,<module>,,,,,false,,6,1,
tools/probes/probe_wall_types.py,_probe_run_id,function,844,848,<module>,,,,,false,,5,3,
tools/probes/probe_wall_types.py,_probe_wrap,function,853,865,<module>,,"domain, out_payload",,,false,,13,1,
tools/probes/probe_worksets.py,<module>,module,1,755,,,,,,false,,755,44,"_safe,_pv,_discover_enum_members,_add_inventory_obs,_reflect_member_names,_reflect_try_get,_reflect_contract,_run_reflection_sweep,_probe_revit_version,_probe_document_identity,_probe_run_id,_probe_wrap"
tools/probes/probe_worksets.py,_safe,function,97,101,<module>,,"fn, default = None",,,false,,5,3,
tools/probes/probe_worksets.py,_pv,function,104,125,<module>,,"q, storage, raw, display = None, norm = None",,,false,,22,1,_coerce
tools/probes/probe_worksets.py,_pv._coerce,nested_function,115,121,_pv,,v,,,false,,7,5,
tools/probes/probe_worksets.py,_discover_enum_members,function,152,172,<module>,,enum_type,,,true,"Returns [(name, int_value), ...] for a CLR enum type, or [] if unavailable.",21,10,
tools/probes/probe_worksets.py,_add_inventory_obs,function,225,244,<module>,,"param_key, pv, bucket = None",,,false,,20,9,
tools/probes/probe_worksets.py,_reflect_member_names,function,363,408,<module>,,obj,,,false,,46,27,
tools/probes/probe_worksets.py,_reflect_try_get,function,512,532,<module>,,"obj, member_kind, name",,,false,,21,7,
tools/probes/probe_worksets.py,_reflect_contract,function,535,604,<module>,,raw_v,,,false,,70,22,
tools/probes/probe_worksets.py,_run_reflection_sweep,function,607,643,<module>,,"sample_objs, type_label, domain_name, max_members = 200",,,false,,37,13,
tools/probes/probe_worksets.py,_probe_revit_version,function,677,684,<module>,,,,,false,,8,3,
tools/probes/probe_worksets.py,_probe_document_identity,function,687,692,<module>,,,,,false,,6,1,
tools/probes/probe_worksets.py,_probe_run_id,function,695,699,<module>,,,,,false,,5,3,
tools/probes/probe_worksets.py,_probe_wrap,function,706,718,<module>,,"domain, out_payload",,,false,,13,1,
tools/probes/sweep_line_pattern_normhash_precision.py,<module>,module,1,144,,,,,,false,,144,2,"md5s,detect_cols,compute_norm_hash_for_group,main"
tools/probes/sweep_line_pattern_normhash_precision.py,md5s,function,19,20,<module>,,s: str,,str,false,,2,1,
tools/probes/sweep_line_pattern_normhash_precision.py,detect_cols,function,22,27,<module>,,fieldnames,,,false,,6,3,
tools/probes/sweep_line_pattern_normhash_precision.py,compute_norm_hash_for_group,function,29,95,<module>,,"rows, key_col, q_col, v_col, decimals",,,false,,67,35,
tools/probes/sweep_line_pattern_normhash_precision.py,main,function,97,141,<module>,,,,,false,,45,14,
tools/probes/test_probe_inventory_builder.py,<module>,module,1,427,,,,,,false,,427,1,"_run,_read_csv_rows,test_merges_and_dedupes_across_dated_runs,test_empty_probes_dir_refuses_to_overwrite_by_default,test_all_inputs_invalid_refuses_to_overwrite_by_default,test_empty_probes_dir_with_force_writes_empty_inventory,_run_shaped_payload,test_merges_run_shaped_files_and_tracks_revit_version,test_merges_across_legacy_and_run_shapes_for_same_domain,test_crosswalk_column_profile_across_runs"
tools/probes/test_probe_inventory_builder.py,_run,function,10,29,<module>,,"probes_dir, out_md, out_csv, domains_dir = None, force = False, expect_returncode = 0, out_crosswalk_md = None, out_crosswalk_csv = None",,,false,,20,6,
tools/probes/test_probe_inventory_builder.py,_read_csv_rows,function,32,34,<module>,,out_csv,,,false,,3,2,
tools/probes/test_probe_inventory_builder.py,test_merges_and_dedupes_across_dated_runs,function,37,140,<module>,,tmp_path,,,false,,104,16,
tools/probes/test_probe_inventory_builder.py,test_empty_probes_dir_refuses_to_overwrite_by_default,function,143,159,<module>,,tmp_path,,,false,,17,4,
tools/probes/test_probe_inventory_builder.py,test_all_inputs_invalid_refuses_to_overwrite_by_default,function,162,183,<module>,,tmp_path,,,false,,22,5,
tools/probes/test_probe_inventory_builder.py,test_empty_probes_dir_with_force_writes_empty_inventory,function,186,194,<module>,,tmp_path,,,false,,9,3,
tools/probes/test_probe_inventory_builder.py,_run_shaped_payload,function,197,209,<module>,,"revit_version, run_id, extraction_date, domains",,,false,,13,1,
tools/probes/test_probe_inventory_builder.py,test_merges_run_shaped_files_and_tracks_revit_version,function,212,272,<module>,,tmp_path,,,false,,61,9,
tools/probes/test_probe_inventory_builder.py,test_merges_across_legacy_and_run_shapes_for_same_domain,function,275,325,<module>,,tmp_path,,,false,,51,6,
tools/probes/test_probe_inventory_builder.py,test_crosswalk_column_profile_across_runs,function,328,427,<module>,,tmp_path,,,true,"Concrete, hand-traceable acceptance numbers for the crosswalk report,",100,29,
tools/reset_wall_types_for_reapply.py,<module>,module,1,127,,,,,,true,Reset wall_type records that are blocked solely because wt.function=unsupported.not_applicable,127,2,"_read_wall_items,_is_function_only_block,main"
tools/reset_wall_types_for_reapply.py,_read_wall_items,function,28,47,<module>,,items_dir: Path,,"dict[str, dict[str, str]]",true,Return {record_pk: {key: q}} for all wall_types items.,20,8,
tools/reset_wall_types_for_reapply.py,_is_function_only_block,function,50,55,<module>,,"items: dict[str, str]",,bool,true,True if wt.function is the only non-ok required item and compound structure items are ok.,6,3,
tools/reset_wall_types_for_reapply.py,main,function,58,123,<module>,,,,int,false,,66,14,
tools/run_extract_all.py,<module>,module,1,1234,,,,,,false,,1234,5,"_append_line_pattern_synthetic_norm_hash,_discover_domains_from_exports,_ensure_dir,_resolve_sig_hash_policy_path,_apply_sig_hash_to_phase0,_run,_read_csv_rows,_iter_csv_rows,_check_governance_field_completeness,_ensure_domain_scoped_identity_items,_validate_line_pattern_synthetic_norm_hash,_emit_join_policy_diagnostics,_detect_surfaces,_merge_index_details,_pick_sample_file,_read_json,_infer_domains,_parse_stage_csv,_warn_deprecated_alias,_enforce_policy_gate,main"
tools/run_extract_all.py,_append_line_pattern_synthetic_norm_hash,function,41,187,<module>,,items_csv: Path,,"Dict[str, int]",true,Append synthetic line_pattern.segments_norm_hash rows to the line_patterns shard,147,48,
tools/run_extract_all.py,_discover_domains_from_exports,function,190,227,<module>,,exports_dir: Path,,List[str],true,Best-effort discovery of domains from fingerprint JSON exports.,38,15,
tools/run_extract_all.py,_ensure_dir,function,230,231,<module>,,p: Path,,None,false,,2,1,
tools/run_extract_all.py,_resolve_sig_hash_policy_path,function,234,249,<module>,,"explicit: Optional[str], results_root: Path",,Optional[Path],false,,16,5,
tools/run_extract_all.py,_apply_sig_hash_to_phase0,function,252,397,<module>,,"phase0_dir: Path, policy_path: Path, domains: Optional[List[str]] = None",,,false,,146,35,_load_items_for_domain
tools/run_extract_all.py,_apply_sig_hash_to_phase0._load_items_for_domain,nested_function,293,306,_apply_sig_hash_to_phase0,,domain: str,,"Dict[str, List[Dict[str, Any]]]",false,,14,7,
tools/run_extract_all.py,_run,function,400,404,<module>,,"cmd: List[str], *, env: Dict[str, str]",,None,false,,5,1,
tools/run_extract_all.py,_read_csv_rows,function,407,409,<module>,,path: Path,,"List[Dict[str, str]]",false,,3,4,
tools/run_extract_all.py,_iter_csv_rows,function,412,415,<module>,,path: Path,,,false,,4,4,
tools/run_extract_all.py,_check_governance_field_completeness,function,421,450,<module>,,"meta_rows: List[Dict[str, str]]",,None,true,Hard-fail if any file_metadata.csv row has a blank or N/A-spelled,30,9,
tools/run_extract_all.py,_ensure_domain_scoped_identity_items,function,453,497,<module>,,phase0_dir: Path,,Optional[Path],false,,45,16,
tools/run_extract_all.py,_validate_line_pattern_synthetic_norm_hash,function,500,538,<module>,,phase0_dir: Path,,None,false,,39,15,
tools/run_extract_all.py,_emit_join_policy_diagnostics,function,541,571,<module>,,"rows: List[Dict[str, str]], diagnostics_dir: Path, domains: Optional[List[str]] = None",,"List[Dict[str, str]]",false,,31,9,
tools/run_extract_all.py,_detect_surfaces,function,574,588,<module>,,exports_dir: Path,,"Dict[str, int]",false,,15,12,
tools/run_extract_all.py,_merge_index_details,function,591,598,<module>,,"index_fp: Dict[str, Any], details_fp: Dict[str, Any]",,"Dict[str, Any]",true,Merge index (metadata) and details (domain payloads) into a single fingerprint object.,8,4,
tools/run_extract_all.py,_pick_sample_file,function,601,645,<module>,,exports_dir: Path,,"Tuple[Optional[Path], Optional[Path]]",true,Pick sample files for domain inference.,45,15,
tools/run_extract_all.py,_read_json,function,648,653,<module>,,path: Path,,"Dict[str, Any]",false,,6,3,
tools/run_extract_all.py,_infer_domains,function,656,698,<module>,,exports_dir: Path,,List[str],true,Infer domain names from sample export files.,43,19,
tools/run_extract_all.py,_parse_stage_csv,function,701,704,<module>,,raw: Optional[str],,List[str],false,,4,4,
tools/run_extract_all.py,_warn_deprecated_alias,function,707,708,<module>,,"flag: str, replacement: str",,None,false,,2,1,
tools/run_extract_all.py,_enforce_policy_gate,function,711,724,<module>,,"rows: List[Dict[str, str]], diagnostics_dir: Path, domains: Optional[List[str]], allow_sig_hash_join_key: bool",,None,false,,14,5,
tools/run_extract_all.py,main,function,727,1230,<module>,,,,None,false,,504,107,
tools/run_segment_orchestrator.py,<module>,module,1,1867,,,,,,true,tools/run_segment_orchestrator.py,1867,2,"load_manifest,load_registry,load_membership,write_registry_atomic,utc_now_iso,compute_worker_split,_write_run_summary,run_step,run_step_capture,run_step_log,_preshard_one_shard,_preshard_corpus_records,_write_segment_records,_filter_name_key_csv_to_segment,_build_patterns_missing_notes,_active_domains_from_presence_csv,_active_domains_from_name_patterns,_segment_has_name_leg_output,merge_bi_outputs,build_run_plan,validate_membership_against_manifest,_clear_stale_name_all_before_run,_run_one_segment,run_orchestrator,main"
tools/run_segment_orchestrator.py,load_manifest,function,69,77,<module>,,path: Path,,"Dict[str, dict]",true,Load segment_manifest.csv keyed by segment_id.,9,4,
tools/run_segment_orchestrator.py,load_registry,function,80,83,<module>,,path: Path,,List[dict],true,Load run_registry.csv as a list of row dicts.,4,2,
tools/run_segment_orchestrator.py,load_membership,function,86,102,<module>,,path: Path,,"Dict[str, List[str]]",true,Load segment_membership.csv grouped by segment_id -> sorted export_run_ids.,17,8,
tools/run_segment_orchestrator.py,write_registry_atomic,function,105,115,<module>,,"path: Path, rows: List[dict]",,None,true,Write registry rows atomically via temp-file + replace.,11,3,
tools/run_segment_orchestrator.py,utc_now_iso,function,118,119,<module>,,,,str,false,,2,1,
tools/run_segment_orchestrator.py,compute_worker_split,function,122,158,<module>,,"total_budget: Optional[int] = None, headroom: int = 2, segment_workers: Optional[int] = None",,"tuple[int, int]",true,"Returns (segment_workers, domain_workers) whose product approximates",37,5,
tools/run_segment_orchestrator.py,_write_run_summary,function,161,290,<module>,,"segments_root: Path, run_start_utc: str, run_end_utc: str, total_elapsed_s: int, segment_results: List[Dict], workers: int, bundle_workers: int, workers_auto: bool",,Path,true,Write run_summary.txt to segments_root atomically (temp + replace).,130,27,
tools/run_segment_orchestrator.py,run_step,function,295,297,<module>,,cmd: List[str],,subprocess.CompletedProcess,true,"Run a subprocess step, capturing stderr, raising on non-zero exit.",3,1,
tools/run_segment_orchestrator.py,run_step_capture,function,300,305,<module>,,"cmd: List[str], cwd: Optional[str] = None",,"tuple[int, str, str]",true,"Run a subprocess step, return (returncode, last_20_lines_stderr, full_stderr).",6,3,
tools/run_segment_orchestrator.py,run_step_log,function,308,326,<module>,,"cmd: List[str], log_path: Path, cwd: Optional[str] = None",,"tuple[int, str, str]",true,Run subprocess writing all output (stdout+stderr) to log_path.,19,3,
tools/run_segment_orchestrator.py,_preshard_one_shard,function,331,408,<module>,,"shard_file: Path, segment_plans: Dict[str, Dict], force: bool",,"tuple[str, int, int]",true,"Process one corpus shard file, fan out to all segment shard dirs.",78,23,
tools/run_segment_orchestrator.py,_preshard_corpus_records,function,411,550,<module>,,"records_dir: Path, segment_plans: Dict[str, Dict], force: bool",,None,true,Stream each corpus source file once and fan out rows to per-segment,140,33,
tools/run_segment_orchestrator.py,_write_segment_records,function,553,623,<module>,,"records_dir: Path, segment_records_dir: Path, allowed_ids: set",,None,true,Copy records.csv and file_metadata.csv from corpus records_dir into the,71,21,
tools/run_segment_orchestrator.py,_filter_name_key_csv_to_segment,function,626,679,<module>,,"name_key_results_csv: Path, out_csv: Path, allowed_ids: set",,int,true,"Filter a corpus-wide name_key_results.csv (tools/apply_name_key_policy.py output,",54,8,_in_segment
tools/run_segment_orchestrator.py,_filter_name_key_csv_to_segment._in_segment,nested_function,663,668,_filter_name_key_csv_to_segment,,raw_export_file: str,,bool,false,,6,3,
tools/run_segment_orchestrator.py,_build_patterns_missing_notes,function,684,738,<module>,,"sid: str, out_root: Path, records_dir: Path, patterns_stderr: str",,str,true,Build a diagnostic failure message when patterns exits 0 but writes no output.,55,13,
tools/run_segment_orchestrator.py,_active_domains_from_presence_csv,function,743,760,<module>,,analysis_dir: Path,,Optional[frozenset],true,"Return the set of domain names present in pattern_presence_file.csv, or None on failure.",18,5,
tools/run_segment_orchestrator.py,_active_domains_from_name_patterns,function,763,785,<module>,,name_patterns_dir: Path,,Optional[frozenset],true,"Same purpose as _active_domains_from_presence_csv(), but for the name-projection",23,5,
tools/run_segment_orchestrator.py,_segment_has_name_leg_output,function,788,801,<module>,,out_root: Path,,bool,true,Whether this segment's name-projection leg (step 2b/3b/BI-merge-name) has already,14,1,
tools/run_segment_orchestrator.py,merge_bi_outputs,function,804,871,<module>,,"bundle_analysis_dir: Path, active_domains: Optional[frozenset] = None",,dict,true,Pre-merge per-domain bundle analysis CSVs into single combined files for Power BI.,68,20,
tools/run_segment_orchestrator.py,build_run_plan,function,876,905,<module>,,"manifest: Dict[str, dict], registry: List[dict], segment_filter: Optional[str], force: bool",,"List[tuple[dict, dict]]",true,"Return ordered list of (registry_row, manifest_row) pairs for bundle segments,",30,4,sort_key
tools/run_segment_orchestrator.py,build_run_plan.sort_key,nested_function,889,896,build_run_plan,,row: dict,,tuple,false,,8,3,
tools/run_segment_orchestrator.py,validate_membership_against_manifest,function,908,944,<module>,,"plan: List[tuple[dict, dict]], membership: Dict[str, List[str]]",,List[str],true,Return one error string per segment where segment_membership.csv disagrees,37,9,
tools/run_segment_orchestrator.py,_clear_stale_name_all_before_run,function,947,965,<module>,,"out_root: Path, run_type: str, comparison_target: str, log",,None,true,Clear this segment's stale name-leg BI-facing output before any step of this run,19,4,
tools/run_segment_orchestrator.py,_run_one_segment,function,968,1394,<module>,,"idx: int, total: int, reg_row: dict, mrow: dict, membership: Dict[str, List[str]], records_dir: Path, exports_dir: Path, segments_root: Path, repo_root: Path, join_policy: Path, skip_bi_merge: bool, registry: List[dict], reg_index: Dict[str, int], registry_file: Path, manifest_file: Path, results_registry_file: Path, registry_lock: threading.Lock, counters: Dict[str, object], counters_lock: threading.Lock, worker_id: int, bundle_workers: int, comparison_target: str = 'config', name_key_results_csv: Optional[Path] = None",,Dict,true,Process one segment. Returns result dict.,427,67,
tools/run_segment_orchestrator.py,_run_one_segment.log,nested_function,1042,1044,_run_one_segment,,msg: str,,None,false,,3,1,
tools/run_segment_orchestrator.py,run_orchestrator,function,1397,1768,<module>,,args: argparse.Namespace,,int,false,,372,60,
tools/run_segment_orchestrator.py,main,function,1773,1863,<module>,,,,None,false,,91,6,
tools/run_split_detection_all.py,<module>,module,1,618,,,,,,true,Complete split detection workflow orchestrator.,618,2,"_read_csv,_write_csv,_domain_record_count,_domain_has_records,_write_no_data_stub_reports,_validate_join_policy_ready,_load_export_mapping,_load_analysis_run_id,_derive_analysis_run_id,_finalize_split_outputs,_inject_split_contract_headers,_emit_file_to_export_bridge,_emit_cluster_to_pattern_map,run_command,run_split_detection_workflow,main"
tools/run_split_detection_all.py,_read_csv,function,20,23,<module>,,path: Path,,"List[Dict[str, str]]",false,,4,4,
tools/run_split_detection_all.py,_write_csv,function,26,32,<module>,,"path: Path, fieldnames: List[str], rows: List[Dict[str, str]]",,None,false,,7,4,
tools/run_split_detection_all.py,_domain_record_count,function,35,39,<module>,,"phase0_csv_path: Path, domain: str",,int,true,Return number of phase0 records for a given domain.,5,4,
tools/run_split_detection_all.py,_domain_has_records,function,42,44,<module>,,"phase0_csv_path: Path, domain: str",,bool,true,True if phase0 has at least one record for the domain.,3,1,
tools/run_split_detection_all.py,_write_no_data_stub_reports,function,47,67,<module>,,"out_root: Path, domain: str",,None,true,Write no-data stub reports so downstream consumers have deterministic artifacts.,21,3,
tools/run_split_detection_all.py,_validate_join_policy_ready,function,71,110,<module>,,"phase0_dir: str | None, domain: str, allow_sig_hash_join_key: bool",,None,false,,40,13,
tools/run_split_detection_all.py,_load_export_mapping,function,112,125,<module>,,phase0_dir: str | None,,"Dict[str, str]",false,,14,6,
tools/run_split_detection_all.py,_load_analysis_run_id,function,128,135,<module>,,analysis_dir: str | None,,str,false,,8,3,
tools/run_split_detection_all.py,_derive_analysis_run_id,function,138,151,<module>,,"out_root: Path, file_to_export: Dict[str, str]",,str,false,,14,7,
tools/run_split_detection_all.py,_finalize_split_outputs,function,154,164,<module>,,"out_root: Path, *, domain: str, phase0_dir: str | None, analysis_dir: str | None",,None,false,,11,2,
tools/run_split_detection_all.py,_inject_split_contract_headers,function,167,201,<module>,,"out_root: Path, *, domain: str, analysis_run_id: str, file_to_export: Dict[str, str]",,None,false,,35,14,
tools/run_split_detection_all.py,_emit_file_to_export_bridge,function,204,208,<module>,,"out_root: Path, file_to_export: Dict[str, str]",,None,false,,5,3,
tools/run_split_detection_all.py,_emit_cluster_to_pattern_map,function,211,286,<module>,,"out_root: Path, analysis_dir: str | None, domain: str, analysis_run_id: str",,None,false,,76,22,
tools/run_split_detection_all.py,run_command,function,289,301,<module>,,"cmd: list, description: str",,None,true,Run command with error handling.,13,2,
tools/run_split_detection_all.py,run_split_detection_workflow,function,304,527,<module>,,"exports_dir: str, domain: str, out_root: str, threshold: float = 0.7, mode: str = 'allpairs', verify_ids_joinkey: bool = False, run_calibration: bool = False, run_pareto: bool = False, phase0_dir: str | None = None, allow_sig_hash_join_key: bool = False, analysis_dir: str | None = None",,None,true,Run complete split detection workflow.,224,12,
tools/run_split_detection_all.py,main,function,530,614,<module>,,,,None,false,,85,3,
tools/similarity_compare.py,<module>,module,1,246,,,,,,false,,246,2,"DomainSimilarityRow,_set_jaccard,_multiset_jaccard,_load_metadata,_load_records_grouped,_pair_type,_passes_filters,_build_file_universe,main"
tools/similarity_compare.py,DomainSimilarityRow,class,16,29,<module>,dataclass(frozen=True),,,,false,,14,1,
tools/similarity_compare.py,_set_jaccard,function,32,37,<module>,,"a: Iterable[str], b: Iterable[str]",,float,false,,6,3,
tools/similarity_compare.py,_multiset_jaccard,function,40,58,<module>,,"ca: Counter, cb: Counter",,"Tuple[float, int, int, int, int]",false,,19,5,
tools/similarity_compare.py,_load_metadata,function,61,69,<module>,,path: Path,,"Dict[str, dict]",false,,9,5,
tools/similarity_compare.py,_load_records_grouped,function,72,87,<module>,,path: Path,,"Dict[Tuple[str, str], List[str]]",false,,16,11,
tools/similarity_compare.py,_pair_type,function,90,94,<module>,,"metadata: Dict[str, dict], file_a: str, file_b: str",,str,false,,5,5,
tools/similarity_compare.py,_passes_filters,function,97,104,<module>,,"meta: dict, roles: Optional[set], unit_system: Optional[str], clients: Optional[set]",,bool,false,,8,10,
tools/similarity_compare.py,_build_file_universe,function,107,130,<module>,,"metadata: Dict[str, dict], grouped: Dict[Tuple[str, str], List[str]], roles: Optional[set], unit_system: Optional[str], clients: Optional[set]",,List[str],false,,24,8,
tools/similarity_compare.py,main,function,133,242,<module>,,,,int,false,,110,18,
tools/suggest_discovery_params.py,<module>,module,1,639,,,,,,true,Pre-flight sizing for tools/discover_join_policy.py's --sample-size /,639,4,"compute_domain_stats,suggest_sample_size,_cumulative_subset_count,_cumulative_subset_count_from_zero,solve_candidate_fields_and_k,suggest_params_for_domain,_resolve_phase0_dir,_load_policy_fields,_emit_command,main"
tools/suggest_discovery_params.py,compute_domain_stats,function,99,152,<module>,,"records: Sequence[Dict[str, str]], items: Sequence[Dict[str, str]], domain: str",,"Dict[str, object]",true,N/G/F/n_candidates plus a real file-concentration measure for one domain,54,12,
tools/suggest_discovery_params.py,suggest_sample_size,function,155,167,<module>,,"n: int, g: int, k_per_group: int = 15, floor: int = 500",,int,true,"clamp(k_per_group * G, floor, N) -- see module docstring for rationale.",13,3,
tools/suggest_discovery_params.py,_cumulative_subset_count,function,170,174,<module>,,"n: int, k: int",,int,true,"Sum of C(n, i) for i=1..k -- the number of Pareto subsets evaluated.",5,4,
tools/suggest_discovery_params.py,_cumulative_subset_count_from_zero,function,177,190,<module>,,"n: int, k: int",,int,true,"Sum of C(n, i) for i=0..k -- includes the i=0 (""no extra fields"") case,",14,2,
tools/suggest_discovery_params.py,solve_candidate_fields_and_k,function,193,227,<module>,,"n_candidates: int, budget: int = 20000, min_k: int = 2",,,true,Jointly size --max-candidate-fields/--max-k against a subset-count budget.,35,7,
tools/suggest_discovery_params.py,suggest_params_for_domain,function,230,374,<module>,,"stats: Dict[str, object], *, required_count: int = 0, optional_count: int = 0, required_field_names: Sequence[str] = (), optional_field_names: Sequence[str] = (), k_per_group: int = 15, sample_floor: int = 500, subset_budget: int = 20000, min_k: int = 2, concentration_ratio_threshold: float = 0.5",,"Dict[str, object]",true,Combine the sizing functions above into one suggestion dict for a domain.,145,20,
tools/suggest_discovery_params.py,_resolve_phase0_dir,function,381,394,<module>,,path: Path,,Path,true,Mirror discover_join_policy.py's/discover_hash_policy.py's phase0-dir resolution.,14,6,
tools/suggest_discovery_params.py,_load_policy_fields,function,397,442,<module>,,policy_json: Optional[Path],,"Dict[str, Dict[str, object]]",true,Per-domain required/optional field NAMES (plus their counts) from a,46,6,
tools/suggest_discovery_params.py,_emit_command,function,445,508,<module>,,"domain: str, suggestion: Dict[str, object], phase0_dir: str, policy_json: Optional[str]",,List[str],true,Build ready-to-run discover_join_policy.py command(s) for one domain.,64,4,_base_parts
tools/suggest_discovery_params.py,_emit_command._base_parts,nested_function,463,482,_emit_command,,max_k: object,,List[str],false,,20,3,
tools/suggest_discovery_params.py,main,function,511,635,<module>,,,,None,false,,125,23,_get_domain_items
tools/suggest_discovery_params.py,main._get_domain_items,nested_function,570,574,main,,domain: str,,"List[Dict[str, str]]",false,,5,2,
validators/record_v2.py,<module>,module,1,357,,,,,,false,,357,1,"load_json_file,validate_record_v2,validate_records_v2,serialize_identity_items,_compute_identity_quality,_is_allowed_indexed_key,_normalize_indexed_key,_hash_preimage"
validators/record_v2.py,load_json_file,function,27,32,<module>,,path: str,,"Dict[str, Any]",true,Small helper for tests; keep IO out of core exporter if you want.,6,2,
validators/record_v2.py,validate_record_v2,function,35,262,<module>,,"record: Dict[str, Any], registry: Dict[str, Any]",,List[str],true,Validate a single record against record.v2 core invariants plus the per-domain key registry.,228,79,
validators/record_v2.py,validate_records_v2,function,265,290,<module>,,"records: List[Dict[str, Any]], registry: Dict[str, Any]",,"List[Tuple[str, str]]",true,Validate many records.,26,7,
validators/record_v2.py,serialize_identity_items,function,293,309,<module>,,"items: List[Dict[str, Any]]",,List[str],true,Authoritative preimage serialization for record.v2.,17,2,
validators/record_v2.py,_compute_identity_quality,function,312,322,<module>,,"status: Any, required_qs: List[str], registry: Dict[str, Any]",,str,false,,11,8,
validators/record_v2.py,_is_allowed_indexed_key,function,325,336,<module>,,"k: str, allowed_prefixes: List[str], indexed_rules: Dict[str, Any]",,bool,true,Very small matcher:,12,3,
validators/record_v2.py,_normalize_indexed_key,function,339,341,<module>,,k: str,,str,false,,3,1,
validators/record_v2.py,_hash_preimage,function,344,357,<module>,,"preimage_strings: List[str], hash_alg: str",,str,true,Hash helper for tests/validation.,14,2,
