source_file,source_module,line,import_type,imported_module,imported_name,alias,level,resolved_file,resolution_status
core/canon.py,core.canon,15,from_import,__future__,annotations,,0,,unresolved_external_or_missing
core/canon.py,core.canon,17,from_import,typing,Any,,0,,unresolved_external_or_missing
core/canon.py,core.canon,17,from_import,typing,Optional,,0,,unresolved_external_or_missing
core/canon.py,core.canon,19,from_import,hashing,safe_str,,1,core/hashing.py,resolved
core/canonical_items.py,core.canonical_items,12,from_import,__future__,annotations,,0,,unresolved_external_or_missing
core/canonical_items.py,core.canonical_items,14,from_import,typing,Any,,0,,unresolved_external_or_missing
core/canonical_items.py,core.canonical_items,14,from_import,typing,Dict,,0,,unresolved_external_or_missing
core/canonical_items.py,core.canonical_items,14,from_import,typing,Iterable,,0,,unresolved_external_or_missing
core/canonical_items.py,core.canonical_items,14,from_import,typing,List,,0,,unresolved_external_or_missing
core/canonical_items.py,core.canonical_items,14,from_import,typing,Mapping,,0,,unresolved_external_or_missing
core/canonical_items.py,core.canonical_items,14,from_import,typing,Optional,,0,,unresolved_external_or_missing
core/canonical_items.py,core.canonical_items,14,from_import,typing,Sequence,,0,,unresolved_external_or_missing
core/canonical_items.py,core.canonical_items,14,from_import,typing,Tuple,,0,,unresolved_external_or_missing
core/collect.py,core.collect,17,from_import,__future__,annotations,,0,,unresolved_external_or_missing
core/collect.py,core.collect,19,from_import,dataclasses,dataclass,,0,,unresolved_external_or_missing
core/collect.py,core.collect,19,from_import,dataclasses,field,,0,,unresolved_external_or_missing
core/collect.py,core.collect,20,from_import,typing,Any,,0,,unresolved_external_or_missing
core/collect.py,core.collect,20,from_import,typing,Callable,,0,,unresolved_external_or_missing
core/collect.py,core.collect,20,from_import,typing,Dict,,0,,unresolved_external_or_missing
core/collect.py,core.collect,20,from_import,typing,Iterable,,0,,unresolved_external_or_missing
core/collect.py,core.collect,20,from_import,typing,List,,0,,unresolved_external_or_missing
core/collect.py,core.collect,20,from_import,typing,Optional,,0,,unresolved_external_or_missing
core/collect.py,core.collect,20,from_import,typing,Tuple,,0,,unresolved_external_or_missing
core/collect.py,core.collect,20,from_import,typing,Union,,0,,unresolved_external_or_missing
core/collect.py,core.collect,23,from_import,Autodesk.Revit.DB,BuiltInParameter,,0,,unresolved_external_or_missing
core/collect.py,core.collect,23,from_import,Autodesk.Revit.DB,ElementId,,0,,unresolved_external_or_missing
core/collect.py,core.collect,23,from_import,Autodesk.Revit.DB,FilteredElementCollector,,0,,unresolved_external_or_missing
core/collect.py,core.collect,441,import,System.Collections.Generic,,_scg,0,,unresolved_external_or_missing
core/context.py,core.context,14,from_import,__future__,annotations,,0,,unresolved_external_or_missing
core/context.py,core.context,16,from_import,dataclasses,dataclass,,0,,unresolved_external_or_missing
core/context.py,core.context,17,from_import,typing,Any,,0,,unresolved_external_or_missing
core/context.py,core.context,17,from_import,typing,Dict,,0,,unresolved_external_or_missing
core/context.py,core.context,17,from_import,typing,Optional,,0,,unresolved_external_or_missing
core/context.py,core.context,17,from_import,typing,Tuple,,0,,unresolved_external_or_missing
core/context.py,core.context,19,from_import,core.canon,S_MISSING,,0,core/canon.py,resolved
core/context.py,core.context,19,from_import,core.canon,S_NOT_APPLICABLE,,0,core/canon.py,resolved
core/context.py,core.context,19,from_import,core.canon,S_UNREADABLE,,0,core/canon.py,resolved
core/context.py,core.context,19,from_import,core.canon,canon_id,,0,core/canon.py,resolved
core/context.py,core.context,19,from_import,core.canon,canon_str,,0,core/canon.py,resolved
core/context.py,core.context,22,from_import,Autodesk.Revit.DB,BuiltInParameter,,0,,unresolved_external_or_missing
core/contracts.py,core.contracts,13,from_import,__future__,annotations,,0,,unresolved_external_or_missing
core/contracts.py,core.contracts,15,from_import,dataclasses,dataclass,,0,,unresolved_external_or_missing
core/contracts.py,core.contracts,16,from_import,typing,Any,,0,,unresolved_external_or_missing
core/contracts.py,core.contracts,16,from_import,typing,Dict,,0,,unresolved_external_or_missing
core/contracts.py,core.contracts,16,from_import,typing,List,,0,,unresolved_external_or_missing
core/contracts.py,core.contracts,16,from_import,typing,Optional,,0,,unresolved_external_or_missing
core/contracts.py,core.contracts,16,from_import,typing,Tuple,,0,,unresolved_external_or_missing
core/deployment_config.py,core.deployment_config,2,from_import,__future__,annotations,,0,,unresolved_external_or_missing
core/deployment_config.py,core.deployment_config,4,import,json,,,0,,unresolved_external_or_missing
core/deployment_config.py,core.deployment_config,5,import,uuid,,,0,,unresolved_external_or_missing
core/deployment_config.py,core.deployment_config,6,from_import,pathlib,Path,,0,,unresolved_external_or_missing
core/deployment_config.py,core.deployment_config,7,from_import,typing,Any,,0,,unresolved_external_or_missing
core/deployment_config.py,core.deployment_config,7,from_import,typing,Dict,,0,,unresolved_external_or_missing
core/deployment_config.py,core.deployment_config,7,from_import,typing,Iterable,,0,,unresolved_external_or_missing
core/deployment_config.py,core.deployment_config,7,from_import,typing,Optional,,0,,unresolved_external_or_missing
core/deployment_config.py,core.deployment_config,7,from_import,typing,Union,,0,,unresolved_external_or_missing
core/deps.py,core.deps,13,from_import,__future__,annotations,,0,,unresolved_external_or_missing
core/deps.py,core.deps,15,from_import,dataclasses,dataclass,,0,,unresolved_external_or_missing
core/deps.py,core.deps,16,from_import,typing,Any,,0,,unresolved_external_or_missing
core/deps.py,core.deps,16,from_import,typing,Dict,,0,,unresolved_external_or_missing
core/deps.py,core.deps,16,from_import,typing,Iterable,,0,,unresolved_external_or_missing
core/deps.py,core.deps,16,from_import,typing,Optional,,0,,unresolved_external_or_missing
core/deps.py,core.deps,16,from_import,typing,Set,,0,,unresolved_external_or_missing
core/deps.py,core.deps,18,from_import,core.contracts,DOMAIN_STATUS_BLOCKED,,0,core/contracts.py,resolved
core/deps.py,core.deps,18,from_import,core.contracts,DOMAIN_STATUS_DEGRADED,,0,core/contracts.py,resolved
core/deps.py,core.deps,18,from_import,core.contracts,DOMAIN_STATUS_FAILED,,0,core/contracts.py,resolved
core/deps.py,core.deps,18,from_import,core.contracts,DOMAIN_STATUS_OK,,0,core/contracts.py,resolved
core/deps.py,core.deps,18,from_import,core.contracts,DOMAIN_STATUS_UNSUPPORTED,,0,core/contracts.py,resolved
core/deps.py,core.deps,18,from_import,core.contracts,VALID_DOMAIN_STATUSES,,0,core/contracts.py,resolved
core/dimension_type_helpers.py,core.dimension_type_helpers,30,import,os,,,0,,unresolved_external_or_missing
core/dimension_type_helpers.py,core.dimension_type_helpers,31,import,sys,,,0,,unresolved_external_or_missing
core/dimension_type_helpers.py,core.dimension_type_helpers,38,from_import,core.hashing,make_hash,,0,core/hashing.py,resolved
core/dimension_type_helpers.py,core.dimension_type_helpers,38,from_import,core.hashing,safe_str,,0,core/hashing.py,resolved
core/dimension_type_helpers.py,core.dimension_type_helpers,39,from_import,core.canon,S_MISSING,,0,core/canon.py,resolved
core/dimension_type_helpers.py,core.dimension_type_helpers,39,from_import,core.canon,S_NOT_APPLICABLE,,0,core/canon.py,resolved
core/dimension_type_helpers.py,core.dimension_type_helpers,39,from_import,core.canon,S_UNREADABLE,,0,core/canon.py,resolved
core/dimension_type_helpers.py,core.dimension_type_helpers,39,from_import,core.canon,canon_str,,0,core/canon.py,resolved
core/dimension_type_helpers.py,core.dimension_type_helpers,40,from_import,core.rows,_as_double,,0,core/rows.py,resolved
core/dimension_type_helpers.py,core.dimension_type_helpers,40,from_import,core.rows,_as_int,,0,core/rows.py,resolved
core/dimension_type_helpers.py,core.dimension_type_helpers,40,from_import,core.rows,_as_string,,0,core/rows.py,resolved
core/dimension_type_helpers.py,core.dimension_type_helpers,40,from_import,core.rows,_as_value_string,,0,core/rows.py,resolved
core/dimension_type_helpers.py,core.dimension_type_helpers,40,from_import,core.rows,_canon_rgb,,0,core/rows.py,resolved
core/dimension_type_helpers.py,core.dimension_type_helpers,40,from_import,core.rows,first_param,,0,core/rows.py,resolved
core/dimension_type_helpers.py,core.dimension_type_helpers,40,from_import,core.rows,format_len_inches,,0,core/rows.py,resolved
core/dimension_type_helpers.py,core.dimension_type_helpers,40,from_import,core.rows,get_element_display_name,,0,core/rows.py,resolved
core/dimension_type_helpers.py,core.dimension_type_helpers,40,from_import,core.rows,try_get_color_rgb_from_elem,,0,core/rows.py,resolved
core/dimension_type_helpers.py,core.dimension_type_helpers,51,from_import,core.record_v2,ITEM_Q_MISSING,,0,core/record_v2.py,resolved
core/dimension_type_helpers.py,core.dimension_type_helpers,51,from_import,core.record_v2,ITEM_Q_OK,,0,core/record_v2.py,resolved
core/dimension_type_helpers.py,core.dimension_type_helpers,51,from_import,core.record_v2,ITEM_Q_UNREADABLE,,0,core/record_v2.py,resolved
core/dimension_type_helpers.py,core.dimension_type_helpers,51,from_import,core.record_v2,ITEM_Q_UNSUPPORTED_NOT_APPLICABLE,,0,core/record_v2.py,resolved
core/dimension_type_helpers.py,core.dimension_type_helpers,51,from_import,core.record_v2,canonicalize_bool,,0,core/record_v2.py,resolved
core/dimension_type_helpers.py,core.dimension_type_helpers,51,from_import,core.record_v2,canonicalize_enum,,0,core/record_v2.py,resolved
core/dimension_type_helpers.py,core.dimension_type_helpers,51,from_import,core.record_v2,canonicalize_float,,0,core/record_v2.py,resolved
core/dimension_type_helpers.py,core.dimension_type_helpers,51,from_import,core.record_v2,canonicalize_int,,0,core/record_v2.py,resolved
core/dimension_type_helpers.py,core.dimension_type_helpers,51,from_import,core.record_v2,canonicalize_str,,0,core/record_v2.py,resolved
core/dimension_type_helpers.py,core.dimension_type_helpers,51,from_import,core.record_v2,canonicalize_str_allow_empty,,0,core/record_v2.py,resolved
core/dimension_type_helpers.py,core.dimension_type_helpers,51,from_import,core.record_v2,make_identity_item,,0,core/record_v2.py,resolved
core/features.py,core.features,14,from_import,__future__,annotations,,0,,unresolved_external_or_missing
core/features.py,core.features,16,from_import,typing,Any,,0,,unresolved_external_or_missing
core/features.py,core.features,16,from_import,typing,Dict,,0,,unresolved_external_or_missing
core/features.py,core.features,16,from_import,typing,Optional,,0,,unresolved_external_or_missing
core/features.py,core.features,16,from_import,typing,Tuple,,0,,unresolved_external_or_missing
core/graphic_overrides.py,core.graphic_overrides,22,from_import,__future__,annotations,,0,,unresolved_external_or_missing
core/graphic_overrides.py,core.graphic_overrides,24,from_import,typing,Any,,0,,unresolved_external_or_missing
core/graphic_overrides.py,core.graphic_overrides,24,from_import,typing,Dict,,0,,unresolved_external_or_missing
core/graphic_overrides.py,core.graphic_overrides,24,from_import,typing,List,,0,,unresolved_external_or_missing
core/graphic_overrides.py,core.graphic_overrides,24,from_import,typing,Optional,,0,,unresolved_external_or_missing
core/graphic_overrides.py,core.graphic_overrides,24,from_import,typing,Sequence,,0,,unresolved_external_or_missing
core/graphic_overrides.py,core.graphic_overrides,24,from_import,typing,Tuple,,0,,unresolved_external_or_missing
core/graphic_overrides.py,core.graphic_overrides,25,import,importlib.util,,,0,,unresolved_external_or_missing
core/graphic_overrides.py,core.graphic_overrides,27,from_import,core.record_v2,ITEM_Q_MISSING,,0,core/record_v2.py,resolved
core/graphic_overrides.py,core.graphic_overrides,27,from_import,core.record_v2,ITEM_Q_OK,,0,core/record_v2.py,resolved
core/graphic_overrides.py,core.graphic_overrides,27,from_import,core.record_v2,ITEM_Q_UNREADABLE,,0,core/record_v2.py,resolved
core/graphic_overrides.py,core.graphic_overrides,27,from_import,core.record_v2,ITEM_Q_UNSUPPORTED,,0,core/record_v2.py,resolved
core/graphic_overrides.py,core.graphic_overrides,27,from_import,core.record_v2,canonicalize_bool,,0,core/record_v2.py,resolved
core/graphic_overrides.py,core.graphic_overrides,27,from_import,core.record_v2,canonicalize_int,,0,core/record_v2.py,resolved
core/graphic_overrides.py,core.graphic_overrides,27,from_import,core.record_v2,canonicalize_str,,0,core/record_v2.py,resolved
core/graphic_overrides.py,core.graphic_overrides,27,from_import,core.record_v2,make_identity_item,,0,core/record_v2.py,resolved
core/graphic_overrides.py,core.graphic_overrides,37,from_import,core.canon,canon_str,,0,core/canon.py,resolved
core/graphic_overrides.py,core.graphic_overrides,40,import,sys,,,0,,unresolved_external_or_missing
core/graphic_overrides.py,core.graphic_overrides,41,import,importlib.util,,,0,,unresolved_external_or_missing
core/graphic_overrides.py,core.graphic_overrides,55,from_import,Autodesk.Revit.DB,Category,,0,,unresolved_external_or_missing
core/graphic_overrides.py,core.graphic_overrides,55,from_import,Autodesk.Revit.DB,GraphicsStyleType,,0,,unresolved_external_or_missing
core/graphic_overrides.py,core.graphic_overrides,55,from_import,Autodesk.Revit.DB,OverrideGraphicSettings,,0,,unresolved_external_or_missing
core/hashing.py,core.hashing,66,from_import,System.Text,Encoding,,0,,unresolved_external_or_missing
core/hashing.py,core.hashing,67,from_import,System.Security.Cryptography,MD5,,0,,unresolved_external_or_missing
core/hashing.py,core.hashing,96,import,hashlib,,,0,,unresolved_external_or_missing
core/join_key_builder.py,core.join_key_builder,47,import,re,,,0,,unresolved_external_or_missing
core/join_key_builder.py,core.join_key_builder,49,from_import,core.record_v2,ITEM_Q_MISSING,,0,core/record_v2.py,resolved
core/join_key_builder.py,core.join_key_builder,49,from_import,core.record_v2,ITEM_Q_OK,,0,core/record_v2.py,resolved
core/join_key_builder.py,core.join_key_builder,50,from_import,core.phase2,phase2_join_hash,,0,core/phase2.py,resolved
core/join_key_policy.py,core.join_key_policy,31,import,json,,,0,,unresolved_external_or_missing
core/manifest.py,core.manifest,14,from_import,__future__,annotations,,0,,unresolved_external_or_missing
core/manifest.py,core.manifest,16,from_import,typing,Any,,0,,unresolved_external_or_missing
core/manifest.py,core.manifest,16,from_import,typing,Dict,,0,,unresolved_external_or_missing
core/manifest.py,core.manifest,16,from_import,typing,Optional,,0,,unresolved_external_or_missing
core/name_key_builder.py,core.name_key_builder,21,from_import,__future__,annotations,,0,,unresolved_external_or_missing
core/name_key_builder.py,core.name_key_builder,23,from_import,typing,Any,,0,,unresolved_external_or_missing
core/name_key_builder.py,core.name_key_builder,23,from_import,typing,Dict,,0,,unresolved_external_or_missing
core/name_key_builder.py,core.name_key_builder,23,from_import,typing,List,,0,,unresolved_external_or_missing
core/name_key_builder.py,core.name_key_builder,23,from_import,typing,Optional,,0,,unresolved_external_or_missing
core/name_key_builder.py,core.name_key_builder,25,from_import,core.canonical_items,build_flat_items,,0,core/canonical_items.py,resolved
core/name_key_builder.py,core.name_key_builder,26,from_import,core.record_v2,canonicalize_str,,0,core/record_v2.py,resolved
core/name_key_builder.py,core.name_key_builder,27,from_import,core.join_key_builder,build_join_key_from_policy,,0,core/join_key_builder.py,resolved
core/name_key_builder.py,core.name_key_builder,27,from_import,core.join_key_builder,compute_projection_status,,0,core/join_key_builder.py,resolved
core/name_key_builder.py,core.name_key_builder,28,from_import,core.join_key_policy,get_domain_join_key_policy,,0,core/join_key_policy.py,resolved
core/name_key_coverage.py,core.name_key_coverage,22,from_import,__future__,annotations,,0,,unresolved_external_or_missing
core/name_key_coverage.py,core.name_key_coverage,24,from_import,typing,Dict,,0,,unresolved_external_or_missing
core/name_key_coverage.py,core.name_key_coverage,24,from_import,typing,FrozenSet,,0,,unresolved_external_or_missing
core/naming.py,core.naming,14,from_import,__future__,annotations,,0,,unresolved_external_or_missing
core/naming.py,core.naming,16,import,os,,,0,,unresolved_external_or_missing
core/naming.py,core.naming,17,import,re,,,0,,unresolved_external_or_missing
core/naming.py,core.naming,18,from_import,typing,Any,,0,,unresolved_external_or_missing
core/naming.py,core.naming,18,from_import,typing,Dict,,0,,unresolved_external_or_missing
core/naming.py,core.naming,18,from_import,typing,Optional,,0,,unresolved_external_or_missing
core/phase2.py,core.phase2,12,from_import,core.hashing,make_hash,,0,core/hashing.py,resolved
core/phase2.py,core.phase2,12,from_import,core.hashing,safe_str,,0,core/hashing.py,resolved
core/phase2.py,core.phase2,13,from_import,core.canon,S_MISSING,,0,core/canon.py,resolved
core/phase2.py,core.phase2,13,from_import,core.canon,S_NOT_APPLICABLE,,0,core/canon.py,resolved
core/phase2.py,core.phase2,13,from_import,core.canon,S_UNREADABLE,,0,core/canon.py,resolved
core/phase2.py,core.phase2,14,from_import,core.record_v2,ITEM_Q_MISSING,,0,core/record_v2.py,resolved
core/phase2.py,core.phase2,14,from_import,core.record_v2,ITEM_Q_UNREADABLE,,0,core/record_v2.py,resolved
core/phase2.py,core.phase2,14,from_import,core.record_v2,ITEM_Q_UNSUPPORTED_NOT_APPLICABLE,,0,core/record_v2.py,resolved
core/phase2.py,core.phase2,14,from_import,core.record_v2,canonicalize_str,,0,core/record_v2.py,resolved
core/phase2.py,core.phase2,14,from_import,core.record_v2,canonicalize_str_allow_empty,,0,core/record_v2.py,resolved
core/phase2.py,core.phase2,14,from_import,core.record_v2,serialize_identity_items,,0,core/record_v2.py,resolved
core/phase2.py,core.phase2,23,from_import,core.record_v2,ITEM_Q_MISSING,,0,core/record_v2.py,resolved
core/phase2.py,core.phase2,23,from_import,core.record_v2,ITEM_Q_OK,,0,core/record_v2.py,resolved
core/phase2.py,core.phase2,23,from_import,core.record_v2,ITEM_Q_UNREADABLE,,0,core/record_v2.py,resolved
core/phase2.py,core.phase2,23,from_import,core.record_v2,canonicalize_bool,,0,core/record_v2.py,resolved
core/phase2.py,core.phase2,23,from_import,core.record_v2,canonicalize_int,,0,core/record_v2.py,resolved
core/record_v2.py,core.record_v2,15,from_import,__future__,annotations,,0,,unresolved_external_or_missing
core/record_v2.py,core.record_v2,17,import,hashlib,,,0,,unresolved_external_or_missing
core/record_v2.py,core.record_v2,18,import,json,,,0,,unresolved_external_or_missing
core/record_v2.py,core.record_v2,19,import,math,,,0,,unresolved_external_or_missing
core/record_v2.py,core.record_v2,20,from_import,typing,Any,,0,,unresolved_external_or_missing
core/record_v2.py,core.record_v2,20,from_import,typing,Dict,,0,,unresolved_external_or_missing
core/record_v2.py,core.record_v2,20,from_import,typing,Iterable,,0,,unresolved_external_or_missing
core/record_v2.py,core.record_v2,20,from_import,typing,List,,0,,unresolved_external_or_missing
core/record_v2.py,core.record_v2,20,from_import,typing,Optional,,0,,unresolved_external_or_missing
core/record_v2.py,core.record_v2,20,from_import,typing,Sequence,,0,,unresolved_external_or_missing
core/record_v2.py,core.record_v2,20,from_import,typing,Tuple,,0,,unresolved_external_or_missing
core/record_v2.py,core.record_v2,22,from_import,core.hashing,safe_str,,0,core/hashing.py,resolved
core/record_v2.py,core.record_v2,250,import,enum,,,0,,unresolved_external_or_missing
core/rows.py,core.rows,11,from_import,Autodesk.Revit.DB,BuiltInParameter,,0,,unresolved_external_or_missing
core/rows.py,core.rows,11,from_import,Autodesk.Revit.DB,UnitTypeId,,0,,unresolved_external_or_missing
core/rows.py,core.rows,11,from_import,Autodesk.Revit.DB,UnitUtils,,0,,unresolved_external_or_missing
core/rows.py,core.rows,18,from_import,core.canon,canon_str,,0,core/canon.py,resolved
core/rows.py,core.rows,18,from_import,core.canon,safe_str,,0,core/canon.py,resolved
core/sig_hash_builder.py,core.sig_hash_builder,4,from_import,__future__,annotations,,0,,unresolved_external_or_missing
core/sig_hash_builder.py,core.sig_hash_builder,6,from_import,typing,Any,,0,,unresolved_external_or_missing
core/sig_hash_builder.py,core.sig_hash_builder,6,from_import,typing,Dict,,0,,unresolved_external_or_missing
core/sig_hash_builder.py,core.sig_hash_builder,6,from_import,typing,Iterable,,0,,unresolved_external_or_missing
core/sig_hash_builder.py,core.sig_hash_builder,6,from_import,typing,List,,0,,unresolved_external_or_missing
core/sig_hash_builder.py,core.sig_hash_builder,6,from_import,typing,Optional,,0,,unresolved_external_or_missing
core/sig_hash_builder.py,core.sig_hash_builder,6,from_import,typing,Sequence,,0,,unresolved_external_or_missing
core/sig_hash_builder.py,core.sig_hash_builder,6,from_import,typing,Tuple,,0,,unresolved_external_or_missing
core/sig_hash_builder.py,core.sig_hash_builder,8,from_import,core.hashing,make_hash,,0,core/hashing.py,resolved
core/sig_hash_builder.py,core.sig_hash_builder,9,from_import,core.record_v2,ITEM_Q_OK,,0,core/record_v2.py,resolved
core/sig_hash_builder.py,core.sig_hash_builder,9,from_import,core.record_v2,STATUS_BLOCKED,,0,core/record_v2.py,resolved
core/sig_hash_builder.py,core.sig_hash_builder,9,from_import,core.record_v2,STATUS_DEGRADED,,0,core/record_v2.py,resolved
core/sig_hash_builder.py,core.sig_hash_builder,9,from_import,core.record_v2,STATUS_OK,,0,core/record_v2.py,resolved
core/sig_hash_builder.py,core.sig_hash_builder,9,from_import,core.record_v2,serialize_identity_items,,0,core/record_v2.py,resolved
core/sig_hash_policy.py,core.sig_hash_policy,9,from_import,__future__,annotations,,0,,unresolved_external_or_missing
core/sig_hash_policy.py,core.sig_hash_policy,11,import,json,,,0,,unresolved_external_or_missing
core/sig_hash_policy.py,core.sig_hash_policy,12,from_import,typing,Any,,0,,unresolved_external_or_missing
core/sig_hash_policy.py,core.sig_hash_policy,12,from_import,typing,Dict,,0,,unresolved_external_or_missing
core/sig_hash_policy.py,core.sig_hash_policy,12,from_import,typing,Optional,,0,,unresolved_external_or_missing
core/timing_collector.py,core.timing_collector,14,from_import,__future__,annotations,,0,,unresolved_external_or_missing
core/timing_collector.py,core.timing_collector,16,import,threading,,,0,,unresolved_external_or_missing
core/timing_collector.py,core.timing_collector,17,import,time,,,0,,unresolved_external_or_missing
core/timing_collector.py,core.timing_collector,18,from_import,typing,Any,,0,,unresolved_external_or_missing
core/timing_collector.py,core.timing_collector,18,from_import,typing,Dict,,0,,unresolved_external_or_missing
core/timing_collector.py,core.timing_collector,18,from_import,typing,List,,0,,unresolved_external_or_missing
core/timing_collector.py,core.timing_collector,18,from_import,typing,Optional,,0,,unresolved_external_or_missing
core/vg_sig.py,core.vg_sig,11,import,os,,,0,,unresolved_external_or_missing
core/vg_sig.py,core.vg_sig,12,import,sys,,,0,,unresolved_external_or_missing
core/vg_sig.py,core.vg_sig,19,from_import,core.hashing,make_hash,,0,core/hashing.py,resolved
core/vg_sig.py,core.vg_sig,19,from_import,core.hashing,safe_str,,0,core/hashing.py,resolved
core/vg_sig.py,core.vg_sig,20,from_import,core.record_v2,ITEM_Q_OK,,0,core/record_v2.py,resolved
core/vg_sig.py,core.vg_sig,20,from_import,core.record_v2,ITEM_Q_UNREADABLE,,0,core/record_v2.py,resolved
core/vg_sig.py,core.vg_sig,20,from_import,core.record_v2,canonicalize_int,,0,core/record_v2.py,resolved
core/vg_sig.py,core.vg_sig,20,from_import,core.record_v2,canonicalize_str,,0,core/record_v2.py,resolved
core/vg_sig.py,core.vg_sig,20,from_import,core.record_v2,make_identity_item,,0,core/record_v2.py,resolved
core/vg_sig.py,core.vg_sig,20,from_import,core.record_v2,serialize_identity_items,,0,core/record_v2.py,resolved
core/vg_sig.py,core.vg_sig,28,from_import,core.phase2,phase2_qv_from_legacy_sentinel_str,,0,core/phase2.py,resolved
core/vg_sig.py,core.vg_sig,28,from_import,core.phase2,phase2_sorted_items,,0,core/phase2.py,resolved
core/vg_sig.py,core.vg_sig,34,from_import,Autodesk.Revit.DB,BuiltInParameter,,0,,unresolved_external_or_missing
dev_tools/repo_context/rc_chunking.py,dev_tools.repo_context.rc_chunking,8,from_import,__future__,annotations,,0,,unresolved_external_or_missing
dev_tools/repo_context/rc_chunking.py,dev_tools.repo_context.rc_chunking,10,from_import,pathlib,Path,,0,,unresolved_external_or_missing
dev_tools/repo_context/rc_chunking.py,dev_tools.repo_context.rc_chunking,12,from_import,rc_common,ChunkRecord,,0,,unresolved_external_or_missing
dev_tools/repo_context/rc_chunking.py,dev_tools.repo_context.rc_chunking,12,from_import,rc_common,atomic_write_text,,0,,unresolved_external_or_missing
dev_tools/repo_context/rc_chunking.py,dev_tools.repo_context.rc_chunking,12,from_import,rc_common,estimate_tokens,,0,,unresolved_external_or_missing
dev_tools/repo_context/rc_chunking.py,dev_tools.repo_context.rc_chunking,12,from_import,rc_common,redact_secrets,,0,,unresolved_external_or_missing
dev_tools/repo_context/rc_chunking.py,dev_tools.repo_context.rc_chunking,12,from_import,rc_common,sanitize_stem,,0,,unresolved_external_or_missing
dev_tools/repo_context/rc_chunking.py,dev_tools.repo_context.rc_chunking,12,from_import,rc_common,sha256_text,,0,,unresolved_external_or_missing
dev_tools/repo_context/rc_chunking.py,dev_tools.repo_context.rc_chunking,12,from_import,rc_common,stable_path_id,,0,,unresolved_external_or_missing
dev_tools/repo_context/rc_classify.py,dev_tools.repo_context.rc_classify,7,from_import,__future__,annotations,,0,,unresolved_external_or_missing
dev_tools/repo_context/rc_classify.py,dev_tools.repo_context.rc_classify,9,from_import,pathlib,Path,,0,,unresolved_external_or_missing
dev_tools/repo_context/rc_common.py,dev_tools.repo_context.rc_common,6,from_import,__future__,annotations,,0,,unresolved_external_or_missing
dev_tools/repo_context/rc_common.py,dev_tools.repo_context.rc_common,8,import,fnmatch,,,0,,unresolved_external_or_missing
dev_tools/repo_context/rc_common.py,dev_tools.repo_context.rc_common,9,import,hashlib,,,0,,unresolved_external_or_missing
dev_tools/repo_context/rc_common.py,dev_tools.repo_context.rc_common,10,import,re,,,0,,unresolved_external_or_missing
dev_tools/repo_context/rc_common.py,dev_tools.repo_context.rc_common,11,from_import,dataclasses,dataclass,,0,,unresolved_external_or_missing
dev_tools/repo_context/rc_common.py,dev_tools.repo_context.rc_common,11,from_import,dataclasses,field,,0,,unresolved_external_or_missing
dev_tools/repo_context/rc_common.py,dev_tools.repo_context.rc_common,12,from_import,pathlib,Path,,0,,unresolved_external_or_missing
dev_tools/repo_context/rc_common.py,dev_tools.repo_context.rc_common,13,from_import,typing,Optional,,0,,unresolved_external_or_missing
dev_tools/repo_context/rc_common.py,dev_tools.repo_context.rc_common,328,import,subprocess,,,0,,unresolved_external_or_missing
dev_tools/repo_context/rc_discover.py,dev_tools.repo_context.rc_discover,11,from_import,__future__,annotations,,0,,unresolved_external_or_missing
dev_tools/repo_context/rc_discover.py,dev_tools.repo_context.rc_discover,13,import,json,,,0,,unresolved_external_or_missing
dev_tools/repo_context/rc_discover.py,dev_tools.repo_context.rc_discover,14,import,re,,,0,,unresolved_external_or_missing
dev_tools/repo_context/rc_discover.py,dev_tools.repo_context.rc_discover,15,from_import,pathlib,Path,,0,,unresolved_external_or_missing
dev_tools/repo_context/rc_discover.py,dev_tools.repo_context.rc_discover,17,import,rc_graphify,,,0,,unresolved_external_or_missing
dev_tools/repo_context/rc_discover.py,dev_tools.repo_context.rc_discover,18,import,rc_request,,rr,0,,unresolved_external_or_missing
dev_tools/repo_context/rc_discover.py,dev_tools.repo_context.rc_discover,19,from_import,rc_common,atomic_write_text,,0,,unresolved_external_or_missing
dev_tools/repo_context/rc_discover.py,dev_tools.repo_context.rc_discover,19,from_import,rc_common,generated_output_exclude_paths,,0,,unresolved_external_or_missing
dev_tools/repo_context/rc_discover.py,dev_tools.repo_context.rc_discover,19,from_import,rc_common,get_git_info,,0,,unresolved_external_or_missing
dev_tools/repo_context/rc_discover.py,dev_tools.repo_context.rc_discover,19,from_import,rc_common,sanitize_stem,,0,,unresolved_external_or_missing
dev_tools/repo_context/rc_discover.py,dev_tools.repo_context.rc_discover,20,from_import,rc_packet,_bfs_callees,,0,,unresolved_external_or_missing
dev_tools/repo_context/rc_discover.py,dev_tools.repo_context.rc_discover,20,from_import,rc_packet,_bfs_callers,,0,,unresolved_external_or_missing
dev_tools/repo_context/rc_discover.py,dev_tools.repo_context.rc_discover,20,from_import,rc_packet,_file_is_fresh,,0,,unresolved_external_or_missing
dev_tools/repo_context/rc_discover.py,dev_tools.repo_context.rc_discover,20,from_import,rc_packet,_load_csv,,0,,unresolved_external_or_missing
dev_tools/repo_context/rc_discover.py,dev_tools.repo_context.rc_discover,20,from_import,rc_packet,_safe_excerpt,,0,,unresolved_external_or_missing
dev_tools/repo_context/rc_graphify.py,dev_tools.repo_context.rc_graphify,13,from_import,__future__,annotations,,0,,unresolved_external_or_missing
dev_tools/repo_context/rc_graphify.py,dev_tools.repo_context.rc_graphify,15,import,json,,,0,,unresolved_external_or_missing
dev_tools/repo_context/rc_graphify.py,dev_tools.repo_context.rc_graphify,16,from_import,pathlib,Path,,0,,unresolved_external_or_missing
dev_tools/repo_context/rc_graphify.py,dev_tools.repo_context.rc_graphify,17,from_import,typing,Optional,,0,,unresolved_external_or_missing
dev_tools/repo_context/rc_manifest.py,dev_tools.repo_context.rc_manifest,8,from_import,__future__,annotations,,0,,unresolved_external_or_missing
dev_tools/repo_context/rc_manifest.py,dev_tools.repo_context.rc_manifest,10,import,csv,,,0,,unresolved_external_or_missing
dev_tools/repo_context/rc_manifest.py,dev_tools.repo_context.rc_manifest,11,import,json,,,0,,unresolved_external_or_missing
dev_tools/repo_context/rc_manifest.py,dev_tools.repo_context.rc_manifest,12,from_import,datetime,datetime,,0,,unresolved_external_or_missing
dev_tools/repo_context/rc_manifest.py,dev_tools.repo_context.rc_manifest,12,from_import,datetime,timezone,,0,,unresolved_external_or_missing
dev_tools/repo_context/rc_manifest.py,dev_tools.repo_context.rc_manifest,13,from_import,pathlib,Path,,0,,unresolved_external_or_missing
dev_tools/repo_context/rc_manifest.py,dev_tools.repo_context.rc_manifest,15,from_import,rc_common,ChunkRecord,,0,,unresolved_external_or_missing
dev_tools/repo_context/rc_manifest.py,dev_tools.repo_context.rc_manifest,15,from_import,rc_common,TOOL_VERSION,,0,,unresolved_external_or_missing
dev_tools/repo_context/rc_manifest.py,dev_tools.repo_context.rc_manifest,15,from_import,rc_common,atomic_write_text,,0,,unresolved_external_or_missing
dev_tools/repo_context/rc_manifest.py,dev_tools.repo_context.rc_manifest,15,from_import,rc_common,sha256_file,,0,,unresolved_external_or_missing
dev_tools/repo_context/rc_manifest.py,dev_tools.repo_context.rc_manifest,104,import,hashlib,,,0,,unresolved_external_or_missing
dev_tools/repo_context/rc_overview.py,dev_tools.repo_context.rc_overview,2,from_import,__future__,annotations,,0,,unresolved_external_or_missing
dev_tools/repo_context/rc_overview.py,dev_tools.repo_context.rc_overview,4,from_import,collections,Counter,,0,,unresolved_external_or_missing
dev_tools/repo_context/rc_overview.py,dev_tools.repo_context.rc_overview,4,from_import,collections,defaultdict,,0,,unresolved_external_or_missing
dev_tools/repo_context/rc_overview.py,dev_tools.repo_context.rc_overview,6,from_import,rc_common,TOOL_VERSION,,0,,unresolved_external_or_missing
dev_tools/repo_context/rc_overview.py,dev_tools.repo_context.rc_overview,6,from_import,rc_common,atomic_write_text,,0,,unresolved_external_or_missing
dev_tools/repo_context/rc_packet.py,dev_tools.repo_context.rc_packet,7,from_import,__future__,annotations,,0,,unresolved_external_or_missing
dev_tools/repo_context/rc_packet.py,dev_tools.repo_context.rc_packet,9,import,csv,,,0,,unresolved_external_or_missing
dev_tools/repo_context/rc_packet.py,dev_tools.repo_context.rc_packet,10,from_import,dataclasses,dataclass,,0,,unresolved_external_or_missing
dev_tools/repo_context/rc_packet.py,dev_tools.repo_context.rc_packet,10,from_import,dataclasses,field,,0,,unresolved_external_or_missing
dev_tools/repo_context/rc_packet.py,dev_tools.repo_context.rc_packet,11,from_import,pathlib,Path,,0,,unresolved_external_or_missing
dev_tools/repo_context/rc_packet.py,dev_tools.repo_context.rc_packet,12,from_import,typing,Optional,,0,,unresolved_external_or_missing
dev_tools/repo_context/rc_packet.py,dev_tools.repo_context.rc_packet,14,from_import,rc_common,atomic_write_text,,0,,unresolved_external_or_missing
dev_tools/repo_context/rc_packet.py,dev_tools.repo_context.rc_packet,14,from_import,rc_common,redact_secrets,,0,,unresolved_external_or_missing
dev_tools/repo_context/rc_packet.py,dev_tools.repo_context.rc_packet,14,from_import,rc_common,sanitize_stem,,0,,unresolved_external_or_missing
dev_tools/repo_context/rc_packet.py,dev_tools.repo_context.rc_packet,14,from_import,rc_common,sha256_file,,0,,unresolved_external_or_missing
dev_tools/repo_context/rc_pyanalysis.py,dev_tools.repo_context.rc_pyanalysis,6,from_import,__future__,annotations,,0,,unresolved_external_or_missing
dev_tools/repo_context/rc_pyanalysis.py,dev_tools.repo_context.rc_pyanalysis,8,import,ast,,,0,,unresolved_external_or_missing
dev_tools/repo_context/rc_pyanalysis.py,dev_tools.repo_context.rc_pyanalysis,9,from_import,dataclasses,dataclass,,0,,unresolved_external_or_missing
dev_tools/repo_context/rc_pyanalysis.py,dev_tools.repo_context.rc_pyanalysis,9,from_import,dataclasses,field,,0,,unresolved_external_or_missing
dev_tools/repo_context/rc_pyanalysis.py,dev_tools.repo_context.rc_pyanalysis,10,from_import,typing,Optional,,0,,unresolved_external_or_missing
dev_tools/repo_context/rc_pyanalysis.py,dev_tools.repo_context.rc_pyanalysis,12,from_import,rc_common,CallRecord,,0,,unresolved_external_or_missing
dev_tools/repo_context/rc_pyanalysis.py,dev_tools.repo_context.rc_pyanalysis,12,from_import,rc_common,ImportRecord,,0,,unresolved_external_or_missing
dev_tools/repo_context/rc_pyanalysis.py,dev_tools.repo_context.rc_pyanalysis,12,from_import,rc_common,SymbolRecord,,0,,unresolved_external_or_missing
dev_tools/repo_context/rc_request.py,dev_tools.repo_context.rc_request,11,from_import,__future__,annotations,,0,,unresolved_external_or_missing
dev_tools/repo_context/rc_request.py,dev_tools.repo_context.rc_request,13,import,json,,,0,,unresolved_external_or_missing
dev_tools/repo_context/rc_request.py,dev_tools.repo_context.rc_request,14,import,re,,,0,,unresolved_external_or_missing
dev_tools/repo_context/rc_request.py,dev_tools.repo_context.rc_request,15,import,signal,,,0,,unresolved_external_or_missing
dev_tools/repo_context/rc_request.py,dev_tools.repo_context.rc_request,16,import,time,,,0,,unresolved_external_or_missing
dev_tools/repo_context/rc_request.py,dev_tools.repo_context.rc_request,17,from_import,dataclasses,dataclass,,0,,unresolved_external_or_missing
dev_tools/repo_context/rc_request.py,dev_tools.repo_context.rc_request,17,from_import,dataclasses,field,,0,,unresolved_external_or_missing
dev_tools/repo_context/rc_request.py,dev_tools.repo_context.rc_request,18,from_import,pathlib,Path,,0,,unresolved_external_or_missing
dev_tools/repo_context/rc_request.py,dev_tools.repo_context.rc_request,19,from_import,typing,Optional,,0,,unresolved_external_or_missing
dev_tools/repo_context/rc_request.py,dev_tools.repo_context.rc_request,21,import,rc_graphify,,,0,,unresolved_external_or_missing
dev_tools/repo_context/rc_request.py,dev_tools.repo_context.rc_request,22,from_import,rc_common,TOOL_VERSION,,0,,unresolved_external_or_missing
dev_tools/repo_context/rc_request.py,dev_tools.repo_context.rc_request,22,from_import,rc_common,atomic_write_text,,0,,unresolved_external_or_missing
dev_tools/repo_context/rc_request.py,dev_tools.repo_context.rc_request,22,from_import,rc_common,generated_output_exclude_paths,,0,,unresolved_external_or_missing
dev_tools/repo_context/rc_request.py,dev_tools.repo_context.rc_request,22,from_import,rc_common,get_git_info,,0,,unresolved_external_or_missing
dev_tools/repo_context/rc_request.py,dev_tools.repo_context.rc_request,22,from_import,rc_common,redact_secrets,,0,,unresolved_external_or_missing
dev_tools/repo_context/rc_request.py,dev_tools.repo_context.rc_request,22,from_import,rc_common,sanitize_stem,,0,,unresolved_external_or_missing
dev_tools/repo_context/rc_request.py,dev_tools.repo_context.rc_request,22,from_import,rc_common,sha256_text,,0,,unresolved_external_or_missing
dev_tools/repo_context/rc_request.py,dev_tools.repo_context.rc_request,31,from_import,rc_packet,Budget,,0,,unresolved_external_or_missing
dev_tools/repo_context/rc_request.py,dev_tools.repo_context.rc_request,31,from_import,rc_packet,_bfs_callees,,0,,unresolved_external_or_missing
dev_tools/repo_context/rc_request.py,dev_tools.repo_context.rc_request,31,from_import,rc_packet,_bfs_callers,,0,,unresolved_external_or_missing
dev_tools/repo_context/rc_request.py,dev_tools.repo_context.rc_request,31,from_import,rc_packet,_candidate_tests_for_file,,0,,unresolved_external_or_missing
dev_tools/repo_context/rc_request.py,dev_tools.repo_context.rc_request,31,from_import,rc_packet,_file_is_fresh,,0,,unresolved_external_or_missing
dev_tools/repo_context/rc_request.py,dev_tools.repo_context.rc_request,31,from_import,rc_packet,_find_symbol_candidates,,0,,unresolved_external_or_missing
dev_tools/repo_context/rc_request.py,dev_tools.repo_context.rc_request,31,from_import,rc_packet,_load_csv,,0,,unresolved_external_or_missing
dev_tools/repo_context/rc_request.py,dev_tools.repo_context.rc_request,31,from_import,rc_packet,_norm_rel,,0,,unresolved_external_or_missing
dev_tools/repo_context/rc_request.py,dev_tools.repo_context.rc_request,31,from_import,rc_packet,_safe_excerpt,,0,,unresolved_external_or_missing
dev_tools/repo_context/rc_routing.py,dev_tools.repo_context.rc_routing,13,from_import,__future__,annotations,,0,,unresolved_external_or_missing
dev_tools/repo_context/rc_routing.py,dev_tools.repo_context.rc_routing,15,import,json,,,0,,unresolved_external_or_missing
dev_tools/repo_context/rc_routing.py,dev_tools.repo_context.rc_routing,16,from_import,collections,Counter,,0,,unresolved_external_or_missing
dev_tools/repo_context/rc_routing.py,dev_tools.repo_context.rc_routing,16,from_import,collections,defaultdict,,0,,unresolved_external_or_missing
dev_tools/repo_context/rc_routing.py,dev_tools.repo_context.rc_routing,17,from_import,dataclasses,dataclass,,0,,unresolved_external_or_missing
dev_tools/repo_context/rc_routing.py,dev_tools.repo_context.rc_routing,17,from_import,dataclasses,field,,0,,unresolved_external_or_missing
dev_tools/repo_context/rc_routing.py,dev_tools.repo_context.rc_routing,18,from_import,pathlib,Path,,0,,unresolved_external_or_missing
dev_tools/repo_context/rc_routing.py,dev_tools.repo_context.rc_routing,19,from_import,typing,Optional,,0,,unresolved_external_or_missing
dev_tools/repo_context/rc_routing.py,dev_tools.repo_context.rc_routing,21,import,rc_classify,,,0,,unresolved_external_or_missing
dev_tools/repo_context/rc_routing.py,dev_tools.repo_context.rc_routing,22,import,rc_graphify,,,0,,unresolved_external_or_missing
dev_tools/repo_context/rc_routing.py,dev_tools.repo_context.rc_routing,23,from_import,rc_common,TOOL_VERSION,,0,,unresolved_external_or_missing
dev_tools/repo_context/rc_routing.py,dev_tools.repo_context.rc_routing,23,from_import,rc_common,atomic_write_text,,0,,unresolved_external_or_missing
dev_tools/repo_context/rc_routing.py,dev_tools.repo_context.rc_routing,23,from_import,rc_common,generated_output_exclude_paths,,0,,unresolved_external_or_missing
dev_tools/repo_context/rc_routing.py,dev_tools.repo_context.rc_routing,23,from_import,rc_common,get_git_info,,0,,unresolved_external_or_missing
dev_tools/repo_context/rc_routing.py,dev_tools.repo_context.rc_routing,23,from_import,rc_common,redact_secrets,,0,,unresolved_external_or_missing
dev_tools/repo_context/rc_routing.py,dev_tools.repo_context.rc_routing,23,from_import,rc_common,sha256_text,,0,,unresolved_external_or_missing
dev_tools/repo_context/rc_routing.py,dev_tools.repo_context.rc_routing,23,from_import,rc_common,stable_path_id,,0,,unresolved_external_or_missing
dev_tools/repo_context/rc_routing.py,dev_tools.repo_context.rc_routing,27,from_import,rc_packet,_safe_excerpt,,0,,unresolved_external_or_missing
dev_tools/repo_context/rc_routing.py,dev_tools.repo_context.rc_routing,303,import,shutil,,,0,,unresolved_external_or_missing
dev_tools/repo_context/rc_scan.py,dev_tools.repo_context.rc_scan,7,from_import,__future__,annotations,,0,,unresolved_external_or_missing
dev_tools/repo_context/rc_scan.py,dev_tools.repo_context.rc_scan,9,import,ast,,,0,,unresolved_external_or_missing
dev_tools/repo_context/rc_scan.py,dev_tools.repo_context.rc_scan,10,import,hashlib,,,0,,unresolved_external_or_missing
dev_tools/repo_context/rc_scan.py,dev_tools.repo_context.rc_scan,11,import,os,,,0,,unresolved_external_or_missing
dev_tools/repo_context/rc_scan.py,dev_tools.repo_context.rc_scan,12,from_import,dataclasses,dataclass,,0,,unresolved_external_or_missing
dev_tools/repo_context/rc_scan.py,dev_tools.repo_context.rc_scan,12,from_import,dataclasses,field,,0,,unresolved_external_or_missing
dev_tools/repo_context/rc_scan.py,dev_tools.repo_context.rc_scan,13,from_import,pathlib,Path,,0,,unresolved_external_or_missing
dev_tools/repo_context/rc_scan.py,dev_tools.repo_context.rc_scan,14,from_import,typing,Optional,,0,,unresolved_external_or_missing
dev_tools/repo_context/rc_scan.py,dev_tools.repo_context.rc_scan,16,from_import,rc_common,BINARY_EXTENSIONS,,0,,unresolved_external_or_missing
dev_tools/repo_context/rc_scan.py,dev_tools.repo_context.rc_scan,16,from_import,rc_common,ChunkRecord,,0,,unresolved_external_or_missing
dev_tools/repo_context/rc_scan.py,dev_tools.repo_context.rc_scan,16,from_import,rc_common,DEFAULT_EXCLUDE_DIRS,,0,,unresolved_external_or_missing
dev_tools/repo_context/rc_scan.py,dev_tools.repo_context.rc_scan,16,from_import,rc_common,DEFAULT_EXCLUDE_FILE_GLOBS,,0,,unresolved_external_or_missing
dev_tools/repo_context/rc_scan.py,dev_tools.repo_context.rc_scan,16,from_import,rc_common,FileRecord,,0,,unresolved_external_or_missing
dev_tools/repo_context/rc_scan.py,dev_tools.repo_context.rc_scan,16,from_import,rc_common,count_lines_streaming,,0,,unresolved_external_or_missing
dev_tools/repo_context/rc_scan.py,dev_tools.repo_context.rc_scan,16,from_import,rc_common,match_any_glob,,0,,unresolved_external_or_missing
dev_tools/repo_context/rc_scan.py,dev_tools.repo_context.rc_scan,16,from_import,rc_common,sha256_file,,0,,unresolved_external_or_missing
dev_tools/repo_context/rc_scan.py,dev_tools.repo_context.rc_scan,16,from_import,rc_common,sniff_binary,,0,,unresolved_external_or_missing
dev_tools/repo_context/rc_scan.py,dev_tools.repo_context.rc_scan,20,import,rc_classify,,,0,,unresolved_external_or_missing
dev_tools/repo_context/rc_scan.py,dev_tools.repo_context.rc_scan,21,import,rc_pyanalysis,,,0,,unresolved_external_or_missing
dev_tools/repo_context/rc_scan.py,dev_tools.repo_context.rc_scan,22,import,rc_chunking,,,0,,unresolved_external_or_missing
dev_tools/repo_context/rc_tree.py,dev_tools.repo_context.rc_tree,2,from_import,__future__,annotations,,0,,unresolved_external_or_missing
dev_tools/repo_context/rc_tree.py,dev_tools.repo_context.rc_tree,4,from_import,rc_common,atomic_write_text,,0,,unresolved_external_or_missing
dev_tools/repo_context/rc_validate.py,dev_tools.repo_context.rc_validate,2,from_import,__future__,annotations,,0,,unresolved_external_or_missing
dev_tools/repo_context/rc_validate.py,dev_tools.repo_context.rc_validate,4,import,csv,,,0,,unresolved_external_or_missing
dev_tools/repo_context/rc_validate.py,dev_tools.repo_context.rc_validate,5,import,hashlib,,,0,,unresolved_external_or_missing
dev_tools/repo_context/rc_validate.py,dev_tools.repo_context.rc_validate,6,import,json,,,0,,unresolved_external_or_missing
dev_tools/repo_context/rc_validate.py,dev_tools.repo_context.rc_validate,7,import,re,,,0,,unresolved_external_or_missing
dev_tools/repo_context/rc_validate.py,dev_tools.repo_context.rc_validate,8,from_import,pathlib,Path,,0,,unresolved_external_or_missing
dev_tools/repo_context/rc_validate.py,dev_tools.repo_context.rc_validate,10,from_import,rc_common,CSV_SCHEMAS,,0,,unresolved_external_or_missing
dev_tools/repo_context/rc_writers.py,dev_tools.repo_context.rc_writers,2,from_import,__future__,annotations,,0,,unresolved_external_or_missing
dev_tools/repo_context/rc_writers.py,dev_tools.repo_context.rc_writers,4,import,csv,,,0,,unresolved_external_or_missing
dev_tools/repo_context/rc_writers.py,dev_tools.repo_context.rc_writers,5,import,io,,,0,,unresolved_external_or_missing
dev_tools/repo_context/rc_writers.py,dev_tools.repo_context.rc_writers,6,import,json,,,0,,unresolved_external_or_missing
dev_tools/repo_context/rc_writers.py,dev_tools.repo_context.rc_writers,7,from_import,pathlib,Path,,0,,unresolved_external_or_missing
dev_tools/repo_context/rc_writers.py,dev_tools.repo_context.rc_writers,9,from_import,rc_common,CSV_SCHEMAS,,0,,unresolved_external_or_missing
dev_tools/repo_context/rc_writers.py,dev_tools.repo_context.rc_writers,9,from_import,rc_common,atomic_write_text,,0,,unresolved_external_or_missing
dev_tools/repo_context/repo_context.py,dev_tools.repo_context.repo_context,16,from_import,__future__,annotations,,0,,unresolved_external_or_missing
dev_tools/repo_context/repo_context.py,dev_tools.repo_context.repo_context,18,import,argparse,,,0,,unresolved_external_or_missing
dev_tools/repo_context/repo_context.py,dev_tools.repo_context.repo_context,19,import,sys,,,0,,unresolved_external_or_missing
dev_tools/repo_context/repo_context.py,dev_tools.repo_context.repo_context,20,from_import,pathlib,Path,,0,,unresolved_external_or_missing
dev_tools/repo_context/repo_context.py,dev_tools.repo_context.repo_context,25,import,rc_scan,,,0,,unresolved_external_or_missing
dev_tools/repo_context/repo_context.py,dev_tools.repo_context.repo_context,26,import,rc_manifest,,,0,,unresolved_external_or_missing
dev_tools/repo_context/repo_context.py,dev_tools.repo_context.repo_context,27,import,rc_writers,,,0,,unresolved_external_or_missing
dev_tools/repo_context/repo_context.py,dev_tools.repo_context.repo_context,28,import,rc_tree,,,0,,unresolved_external_or_missing
dev_tools/repo_context/repo_context.py,dev_tools.repo_context.repo_context,29,import,rc_overview,,,0,,unresolved_external_or_missing
dev_tools/repo_context/repo_context.py,dev_tools.repo_context.repo_context,30,import,rc_packet,,,0,,unresolved_external_or_missing
dev_tools/repo_context/repo_context.py,dev_tools.repo_context.repo_context,31,import,rc_validate,,,0,,unresolved_external_or_missing
dev_tools/repo_context/repo_context.py,dev_tools.repo_context.repo_context,32,import,rc_routing,,,0,,unresolved_external_or_missing
dev_tools/repo_context/repo_context.py,dev_tools.repo_context.repo_context,33,import,rc_request,,,0,,unresolved_external_or_missing
dev_tools/repo_context/repo_context.py,dev_tools.repo_context.repo_context,34,import,rc_discover,,,0,,unresolved_external_or_missing
dev_tools/repo_context/repo_context.py,dev_tools.repo_context.repo_context,35,from_import,rc_common,TOOL_VERSION,,0,,unresolved_external_or_missing
dev_tools/repo_context/repo_context.py,dev_tools.repo_context.repo_context,122,from_import,rc_common,atomic_write_text,,0,,unresolved_external_or_missing
dev_tools/repo_context/tests/conftest.py,dev_tools.repo_context.tests.conftest,1,import,subprocess,,,0,,unresolved_external_or_missing
dev_tools/repo_context/tests/conftest.py,dev_tools.repo_context.tests.conftest,2,import,sys,,,0,,unresolved_external_or_missing
dev_tools/repo_context/tests/conftest.py,dev_tools.repo_context.tests.conftest,3,from_import,pathlib,Path,,0,,unresolved_external_or_missing
dev_tools/repo_context/tests/conftest.py,dev_tools.repo_context.tests.conftest,5,import,pytest,,,0,,unresolved_external_or_missing
dev_tools/repo_context/tests/test_chunking.py,dev_tools.repo_context.tests.test_chunking,1,import,csv,,,0,,unresolved_external_or_missing
dev_tools/repo_context/tests/test_chunking.py,dev_tools.repo_context.tests.test_chunking,3,from_import,conftest,run_tool,,0,,unresolved_external_or_missing
dev_tools/repo_context/tests/test_chunking.py,dev_tools.repo_context.tests.test_chunking,3,from_import,conftest,write_files,,0,,unresolved_external_or_missing
dev_tools/repo_context/tests/test_chunking.py,dev_tools.repo_context.tests.test_chunking,46,import,hashlib,,,0,,unresolved_external_or_missing
dev_tools/repo_context/tests/test_determinism_incremental.py,dev_tools.repo_context.tests.test_determinism_incremental,1,import,time,,,0,,unresolved_external_or_missing
dev_tools/repo_context/tests/test_determinism_incremental.py,dev_tools.repo_context.tests.test_determinism_incremental,3,from_import,conftest,run_tool,,0,,unresolved_external_or_missing
dev_tools/repo_context/tests/test_determinism_incremental.py,dev_tools.repo_context.tests.test_determinism_incremental,3,from_import,conftest,write_files,,0,,unresolved_external_or_missing
dev_tools/repo_context/tests/test_determinism_incremental.py,dev_tools.repo_context.tests.test_determinism_incremental,47,import,json,,,0,,unresolved_external_or_missing
dev_tools/repo_context/tests/test_determinism_incremental.py,dev_tools.repo_context.tests.test_determinism_incremental,79,import,json,,,0,,unresolved_external_or_missing
dev_tools/repo_context/tests/test_determinism_incremental.py,dev_tools.repo_context.tests.test_determinism_incremental,90,import,json,,,0,,unresolved_external_or_missing
dev_tools/repo_context/tests/test_discover.py,dev_tools.repo_context.tests.test_discover,1,import,json,,,0,,unresolved_external_or_missing
dev_tools/repo_context/tests/test_discover.py,dev_tools.repo_context.tests.test_discover,3,from_import,conftest,run_tool,,0,,unresolved_external_or_missing
dev_tools/repo_context/tests/test_discover.py,dev_tools.repo_context.tests.test_discover,3,from_import,conftest,write_files,,0,,unresolved_external_or_missing
dev_tools/repo_context/tests/test_discover.py,dev_tools.repo_context.tests.test_discover,4,import,rc_request,,rr,0,,unresolved_external_or_missing
dev_tools/repo_context/tests/test_imports_and_calls.py,dev_tools.repo_context.tests.test_imports_and_calls,1,import,csv,,,0,,unresolved_external_or_missing
dev_tools/repo_context/tests/test_imports_and_calls.py,dev_tools.repo_context.tests.test_imports_and_calls,3,from_import,conftest,run_tool,,0,,unresolved_external_or_missing
dev_tools/repo_context/tests/test_imports_and_calls.py,dev_tools.repo_context.tests.test_imports_and_calls,3,from_import,conftest,write_files,,0,,unresolved_external_or_missing
dev_tools/repo_context/tests/test_inventory_and_exclusions.py,dev_tools.repo_context.tests.test_inventory_and_exclusions,1,import,csv,,,0,,unresolved_external_or_missing
dev_tools/repo_context/tests/test_inventory_and_exclusions.py,dev_tools.repo_context.tests.test_inventory_and_exclusions,3,from_import,conftest,run_tool,,0,,unresolved_external_or_missing
dev_tools/repo_context/tests/test_inventory_and_exclusions.py,dev_tools.repo_context.tests.test_inventory_and_exclusions,3,from_import,conftest,write_files,,0,,unresolved_external_or_missing
dev_tools/repo_context/tests/test_large_file_cap.py,dev_tools.repo_context.tests.test_large_file_cap,7,from_import,conftest,write_files,,0,,unresolved_external_or_missing
dev_tools/repo_context/tests/test_large_file_cap.py,dev_tools.repo_context.tests.test_large_file_cap,9,import,rc_scan,,,0,,unresolved_external_or_missing
dev_tools/repo_context/tests/test_packet_from_request.py,dev_tools.repo_context.tests.test_packet_from_request,1,import,json,,,0,,unresolved_external_or_missing
dev_tools/repo_context/tests/test_packet_from_request.py,dev_tools.repo_context.tests.test_packet_from_request,2,import,time,,,0,,unresolved_external_or_missing
dev_tools/repo_context/tests/test_packet_from_request.py,dev_tools.repo_context.tests.test_packet_from_request,4,from_import,conftest,run_tool,,0,,unresolved_external_or_missing
dev_tools/repo_context/tests/test_packet_from_request.py,dev_tools.repo_context.tests.test_packet_from_request,4,from_import,conftest,write_files,,0,,unresolved_external_or_missing
dev_tools/repo_context/tests/test_packet_from_request.py,dev_tools.repo_context.tests.test_packet_from_request,5,import,rc_request,,rr,0,,unresolved_external_or_missing
dev_tools/repo_context/tests/test_packet_from_request.py,dev_tools.repo_context.tests.test_packet_from_request,444,import,signal,,,0,,unresolved_external_or_missing
dev_tools/repo_context/tests/test_packet_from_request.py,dev_tools.repo_context.tests.test_packet_from_request,1022,import,subprocess,,,0,,unresolved_external_or_missing
dev_tools/repo_context/tests/test_packets.py,dev_tools.repo_context.tests.test_packets,1,from_import,conftest,run_tool,,0,,unresolved_external_or_missing
dev_tools/repo_context/tests/test_packets.py,dev_tools.repo_context.tests.test_packets,1,from_import,conftest,write_files,,0,,unresolved_external_or_missing
dev_tools/repo_context/tests/test_python_symbols.py,dev_tools.repo_context.tests.test_python_symbols,1,import,csv,,,0,,unresolved_external_or_missing
dev_tools/repo_context/tests/test_python_symbols.py,dev_tools.repo_context.tests.test_python_symbols,3,from_import,conftest,run_tool,,0,,unresolved_external_or_missing
dev_tools/repo_context/tests/test_python_symbols.py,dev_tools.repo_context.tests.test_python_symbols,3,from_import,conftest,write_files,,0,,unresolved_external_or_missing
dev_tools/repo_context/tests/test_request_validation.py,dev_tools.repo_context.tests.test_request_validation,3,import,json,,,0,,unresolved_external_or_missing
dev_tools/repo_context/tests/test_request_validation.py,dev_tools.repo_context.tests.test_request_validation,5,from_import,conftest,TOOL_DIR,,0,,unresolved_external_or_missing
dev_tools/repo_context/tests/test_request_validation.py,dev_tools.repo_context.tests.test_request_validation,6,import,rc_request,,rr,0,,unresolved_external_or_missing
dev_tools/repo_context/tests/test_routing.py,dev_tools.repo_context.tests.test_routing,1,import,json,,,0,,unresolved_external_or_missing
dev_tools/repo_context/tests/test_routing.py,dev_tools.repo_context.tests.test_routing,3,from_import,conftest,run_tool,,0,,unresolved_external_or_missing
dev_tools/repo_context/tests/test_routing.py,dev_tools.repo_context.tests.test_routing,3,from_import,conftest,write_files,,0,,unresolved_external_or_missing
dev_tools/repo_context/tests/test_routing.py,dev_tools.repo_context.tests.test_routing,60,import,csv,,,0,,unresolved_external_or_missing
dev_tools/repo_context/tests/test_routing.py,dev_tools.repo_context.tests.test_routing,91,import,csv,,,0,,unresolved_external_or_missing
dev_tools/repo_context/tests/test_safety.py,dev_tools.repo_context.tests.test_safety,1,import,csv,,,0,,unresolved_external_or_missing
dev_tools/repo_context/tests/test_safety.py,dev_tools.repo_context.tests.test_safety,3,from_import,conftest,run_tool,,0,,unresolved_external_or_missing
dev_tools/repo_context/tests/test_safety.py,dev_tools.repo_context.tests.test_safety,3,from_import,conftest,write_files,,0,,unresolved_external_or_missing
dev_tools/repo_context/tests/test_safety.py,dev_tools.repo_context.tests.test_safety,83,import,shutil,,,0,,unresolved_external_or_missing
dev_tools/repo_context/tests/test_safety.py,dev_tools.repo_context.tests.test_safety,96,from_import,rc_common,redact_secrets,,0,,unresolved_external_or_missing
dev_tools/repo_context/tests/test_symlinks.py,dev_tools.repo_context.tests.test_symlinks,1,import,csv,,,0,,unresolved_external_or_missing
dev_tools/repo_context/tests/test_symlinks.py,dev_tools.repo_context.tests.test_symlinks,2,import,os,,,0,,unresolved_external_or_missing
dev_tools/repo_context/tests/test_symlinks.py,dev_tools.repo_context.tests.test_symlinks,4,import,pytest,,,0,,unresolved_external_or_missing
dev_tools/repo_context/tests/test_symlinks.py,dev_tools.repo_context.tests.test_symlinks,6,from_import,conftest,run_tool,,0,,unresolved_external_or_missing
dev_tools/repo_context/tests/test_symlinks.py,dev_tools.repo_context.tests.test_symlinks,6,from_import,conftest,write_files,,0,,unresolved_external_or_missing
dev_tools/repo_context/tests/test_validate.py,dev_tools.repo_context.tests.test_validate,1,import,csv,,,0,,unresolved_external_or_missing
dev_tools/repo_context/tests/test_validate.py,dev_tools.repo_context.tests.test_validate,3,from_import,conftest,run_tool,,0,,unresolved_external_or_missing
dev_tools/repo_context/tests/test_validate.py,dev_tools.repo_context.tests.test_validate,3,from_import,conftest,write_files,,0,,unresolved_external_or_missing
domains/arrowheads.py,domains.arrowheads,15,import,os,,,0,,unresolved_external_or_missing
domains/arrowheads.py,domains.arrowheads,16,import,sys,,,0,,unresolved_external_or_missing
domains/arrowheads.py,domains.arrowheads,24,from_import,core.hashing,make_hash,,0,core/hashing.py,resolved
domains/arrowheads.py,domains.arrowheads,24,from_import,core.hashing,safe_str,,0,core/hashing.py,resolved
domains/arrowheads.py,domains.arrowheads,25,from_import,core.canon,S_MISSING,,0,core/canon.py,resolved
domains/arrowheads.py,domains.arrowheads,25,from_import,core.canon,S_UNREADABLE,,0,core/canon.py,resolved
domains/arrowheads.py,domains.arrowheads,25,from_import,core.canon,canon_str,,0,core/canon.py,resolved
domains/arrowheads.py,domains.arrowheads,25,from_import,core.canon,fnum,,0,core/canon.py,resolved
domains/arrowheads.py,domains.arrowheads,26,from_import,core.rows,_as_double,,0,core/rows.py,resolved
domains/arrowheads.py,domains.arrowheads,26,from_import,core.rows,_as_int,,0,core/rows.py,resolved
domains/arrowheads.py,domains.arrowheads,26,from_import,core.rows,_as_string,,0,core/rows.py,resolved
domains/arrowheads.py,domains.arrowheads,26,from_import,core.rows,first_param,,0,core/rows.py,resolved
domains/arrowheads.py,domains.arrowheads,26,from_import,core.rows,format_len_inches,,0,core/rows.py,resolved
domains/arrowheads.py,domains.arrowheads,26,from_import,core.rows,get_type_display_name,,0,core/rows.py,resolved
domains/arrowheads.py,domains.arrowheads,34,from_import,core.phase2,phase2_sorted_items,,0,core/phase2.py,resolved
domains/arrowheads.py,domains.arrowheads,37,from_import,core.record_v2,ITEM_Q_MISSING,,0,core/record_v2.py,resolved
domains/arrowheads.py,domains.arrowheads,37,from_import,core.record_v2,ITEM_Q_OK,,0,core/record_v2.py,resolved
domains/arrowheads.py,domains.arrowheads,37,from_import,core.record_v2,ITEM_Q_UNREADABLE,,0,core/record_v2.py,resolved
domains/arrowheads.py,domains.arrowheads,37,from_import,core.record_v2,STATUS_BLOCKED,,0,core/record_v2.py,resolved
domains/arrowheads.py,domains.arrowheads,37,from_import,core.record_v2,STATUS_DEGRADED,,0,core/record_v2.py,resolved
domains/arrowheads.py,domains.arrowheads,37,from_import,core.record_v2,STATUS_OK,,0,core/record_v2.py,resolved
domains/arrowheads.py,domains.arrowheads,37,from_import,core.record_v2,build_record_v2,,0,core/record_v2.py,resolved
domains/arrowheads.py,domains.arrowheads,37,from_import,core.record_v2,canonicalize_bool,,0,core/record_v2.py,resolved
domains/arrowheads.py,domains.arrowheads,37,from_import,core.record_v2,canonicalize_enum,,0,core/record_v2.py,resolved
domains/arrowheads.py,domains.arrowheads,37,from_import,core.record_v2,canonicalize_float,,0,core/record_v2.py,resolved
domains/arrowheads.py,domains.arrowheads,37,from_import,core.record_v2,canonicalize_int,,0,core/record_v2.py,resolved
domains/arrowheads.py,domains.arrowheads,37,from_import,core.record_v2,canonicalize_str,,0,core/record_v2.py,resolved
domains/arrowheads.py,domains.arrowheads,37,from_import,core.record_v2,canonicalize_str_allow_empty,,0,core/record_v2.py,resolved
domains/arrowheads.py,domains.arrowheads,37,from_import,core.record_v2,make_identity_item,,0,core/record_v2.py,resolved
domains/arrowheads.py,domains.arrowheads,37,from_import,core.record_v2,serialize_identity_items,,0,core/record_v2.py,resolved
domains/arrowheads.py,domains.arrowheads,54,from_import,core.join_key_policy,get_domain_join_key_policy,,0,core/join_key_policy.py,resolved
domains/arrowheads.py,domains.arrowheads,55,from_import,core.collect,collect_types,,0,core/collect.py,resolved
domains/arrowheads.py,domains.arrowheads,55,from_import,core.collect,purge_lookup,,0,core/collect.py,resolved
domains/arrowheads.py,domains.arrowheads,56,from_import,core.join_key_builder,build_join_key_from_policy,,0,core/join_key_builder.py,resolved
domains/arrowheads.py,domains.arrowheads,56,from_import,core.join_key_builder,compute_projection_status,,0,core/join_key_builder.py,resolved
domains/arrowheads.py,domains.arrowheads,59,from_import,Autodesk.Revit.DB,BuiltInCategory,,0,,unresolved_external_or_missing
domains/arrowheads.py,domains.arrowheads,59,from_import,Autodesk.Revit.DB,ElementType,,0,,unresolved_external_or_missing
domains/browser_organization.py,domains.browser_organization,96,import,os,,,0,,unresolved_external_or_missing
domains/browser_organization.py,domains.browser_organization,97,import,sys,,,0,,unresolved_external_or_missing
domains/browser_organization.py,domains.browser_organization,105,from_import,core.hashing,make_hash,,0,core/hashing.py,resolved
domains/browser_organization.py,domains.browser_organization,105,from_import,core.hashing,safe_str,,0,core/hashing.py,resolved
domains/browser_organization.py,domains.browser_organization,106,from_import,core.record_v2,ITEM_Q_MISSING,,0,core/record_v2.py,resolved
domains/browser_organization.py,domains.browser_organization,106,from_import,core.record_v2,ITEM_Q_OK,,0,core/record_v2.py,resolved
domains/browser_organization.py,domains.browser_organization,106,from_import,core.record_v2,ITEM_Q_UNREADABLE,,0,core/record_v2.py,resolved
domains/browser_organization.py,domains.browser_organization,106,from_import,core.record_v2,ITEM_Q_UNSUPPORTED_NOT_APPLICABLE,,0,core/record_v2.py,resolved
domains/browser_organization.py,domains.browser_organization,106,from_import,core.record_v2,STATUS_BLOCKED,,0,core/record_v2.py,resolved
domains/browser_organization.py,domains.browser_organization,106,from_import,core.record_v2,STATUS_DEGRADED,,0,core/record_v2.py,resolved
domains/browser_organization.py,domains.browser_organization,106,from_import,core.record_v2,STATUS_OK,,0,core/record_v2.py,resolved
domains/browser_organization.py,domains.browser_organization,106,from_import,core.record_v2,build_record_v2,,0,core/record_v2.py,resolved
domains/browser_organization.py,domains.browser_organization,106,from_import,core.record_v2,canonicalize_bool,,0,core/record_v2.py,resolved
domains/browser_organization.py,domains.browser_organization,106,from_import,core.record_v2,canonicalize_int,,0,core/record_v2.py,resolved
domains/browser_organization.py,domains.browser_organization,106,from_import,core.record_v2,canonicalize_str,,0,core/record_v2.py,resolved
domains/browser_organization.py,domains.browser_organization,106,from_import,core.record_v2,canonicalize_str_allow_empty,,0,core/record_v2.py,resolved
domains/browser_organization.py,domains.browser_organization,106,from_import,core.record_v2,make_identity_item,,0,core/record_v2.py,resolved
domains/browser_organization.py,domains.browser_organization,106,from_import,core.record_v2,serialize_identity_items,,0,core/record_v2.py,resolved
domains/browser_organization.py,domains.browser_organization,122,from_import,core.join_key_policy,get_domain_join_key_policy,,0,core/join_key_policy.py,resolved
domains/browser_organization.py,domains.browser_organization,123,from_import,core.join_key_builder,build_join_key_from_policy,,0,core/join_key_builder.py,resolved
domains/browser_organization.py,domains.browser_organization,124,from_import,core.phase2,phase2_sorted_items,,0,core/phase2.py,resolved
domains/browser_organization.py,domains.browser_organization,127,from_import,Autodesk.Revit.DB,BrowserOrganization,,0,,unresolved_external_or_missing
domains/browser_organization.py,domains.browser_organization,127,from_import,Autodesk.Revit.DB,BuiltInParameter,,0,,unresolved_external_or_missing
domains/browser_organization.py,domains.browser_organization,127,from_import,Autodesk.Revit.DB,ElementId,,0,,unresolved_external_or_missing
domains/ceiling_types.py,domains.ceiling_types,8,import,os,,,0,,unresolved_external_or_missing
domains/ceiling_types.py,domains.ceiling_types,9,import,sys,,,0,,unresolved_external_or_missing
domains/ceiling_types.py,domains.ceiling_types,16,from_import,core.hashing,make_hash,,0,core/hashing.py,resolved
domains/ceiling_types.py,domains.ceiling_types,16,from_import,core.hashing,safe_str,,0,core/hashing.py,resolved
domains/ceiling_types.py,domains.ceiling_types,17,from_import,core.collect,collect_types,,0,core/collect.py,resolved
domains/ceiling_types.py,domains.ceiling_types,17,from_import,core.collect,purge_lookup,,0,core/collect.py,resolved
domains/ceiling_types.py,domains.ceiling_types,18,from_import,core.record_v2,ITEM_Q_OK,,0,core/record_v2.py,resolved
domains/ceiling_types.py,domains.ceiling_types,18,from_import,core.record_v2,ITEM_Q_UNREADABLE,,0,core/record_v2.py,resolved
domains/ceiling_types.py,domains.ceiling_types,18,from_import,core.record_v2,ITEM_Q_UNSUPPORTED_NOT_APPLICABLE,,0,core/record_v2.py,resolved
domains/ceiling_types.py,domains.ceiling_types,18,from_import,core.record_v2,STATUS_BLOCKED,,0,core/record_v2.py,resolved
domains/ceiling_types.py,domains.ceiling_types,18,from_import,core.record_v2,STATUS_OK,,0,core/record_v2.py,resolved
domains/ceiling_types.py,domains.ceiling_types,18,from_import,core.record_v2,build_record_v2,,0,core/record_v2.py,resolved
domains/ceiling_types.py,domains.ceiling_types,18,from_import,core.record_v2,canonicalize_float,,0,core/record_v2.py,resolved
domains/ceiling_types.py,domains.ceiling_types,18,from_import,core.record_v2,canonicalize_int,,0,core/record_v2.py,resolved
domains/ceiling_types.py,domains.ceiling_types,18,from_import,core.record_v2,canonicalize_str,,0,core/record_v2.py,resolved
domains/ceiling_types.py,domains.ceiling_types,18,from_import,core.record_v2,make_identity_item,,0,core/record_v2.py,resolved
domains/ceiling_types.py,domains.ceiling_types,18,from_import,core.record_v2,serialize_identity_items,,0,core/record_v2.py,resolved
domains/ceiling_types.py,domains.ceiling_types,31,from_import,domains.compound_layers,_attach_placeholder_metadata,,0,domains/compound_layers.py,resolved
domains/ceiling_types.py,domains.ceiling_types,31,from_import,domains.compound_layers,_build_instance_count_map,,0,domains/compound_layers.py,resolved
domains/ceiling_types.py,domains.ceiling_types,31,from_import,domains.compound_layers,_build_name_key,,0,domains/compound_layers.py,resolved
domains/ceiling_types.py,domains.ceiling_types,31,from_import,domains.compound_layers,_coarse_fill_reads,,0,domains/compound_layers.py,resolved
domains/ceiling_types.py,domains.ceiling_types,31,from_import,domains.compound_layers,_label_for_type,,0,domains/compound_layers.py,resolved
domains/ceiling_types.py,domains.ceiling_types,31,from_import,domains.compound_layers,_read_compound_structure,,0,domains/compound_layers.py,resolved
domains/ceiling_types.py,domains.ceiling_types,31,from_import,domains.compound_layers,_read_type_name,,0,domains/compound_layers.py,resolved
domains/ceiling_types.py,domains.ceiling_types,31,from_import,domains.compound_layers,_require_compound_dependencies,,0,domains/compound_layers.py,resolved
domains/ceiling_types.py,domains.ceiling_types,43,from_import,Autodesk.Revit.DB,BuiltInCategory,,0,,unresolved_external_or_missing
domains/ceiling_types.py,domains.ceiling_types,48,from_import,Autodesk.Revit.DB,CeilingType,,0,,unresolved_external_or_missing
domains/compound_layers.py,domains.compound_layers,10,import,os,,,0,,unresolved_external_or_missing
domains/compound_layers.py,domains.compound_layers,11,import,sys,,,0,,unresolved_external_or_missing
domains/compound_layers.py,domains.compound_layers,18,from_import,core.hashing,make_hash,,0,core/hashing.py,resolved
domains/compound_layers.py,domains.compound_layers,18,from_import,core.hashing,safe_str,,0,core/hashing.py,resolved
domains/compound_layers.py,domains.compound_layers,19,from_import,core.canon,S_MISSING,,0,core/canon.py,resolved
domains/compound_layers.py,domains.compound_layers,19,from_import,core.canon,S_NOT_APPLICABLE,,0,core/canon.py,resolved
domains/compound_layers.py,domains.compound_layers,19,from_import,core.canon,S_UNREADABLE,,0,core/canon.py,resolved
domains/compound_layers.py,domains.compound_layers,20,from_import,core.record_v2,ITEM_Q_MISSING,,0,core/record_v2.py,resolved
domains/compound_layers.py,domains.compound_layers,20,from_import,core.record_v2,ITEM_Q_UNREADABLE,,0,core/record_v2.py,resolved
domains/compound_layers.py,domains.compound_layers,20,from_import,core.record_v2,canonicalize_str,,0,core/record_v2.py,resolved
domains/compound_layers.py,domains.compound_layers,25,from_import,domains.materials,CTX_MATERIAL_UID_TO_CLASS,,0,domains/materials.py,resolved
domains/compound_layers.py,domains.compound_layers,25,from_import,domains.materials,CTX_MATERIAL_UID_TO_NAME,,0,domains/materials.py,resolved
domains/compound_layers.py,domains.compound_layers,26,from_import,core.join_key_policy,get_domain_join_key_policy,,0,core/join_key_policy.py,resolved
domains/compound_layers.py,domains.compound_layers,27,from_import,core.join_key_builder,build_join_key_from_policy,,0,core/join_key_builder.py,resolved
domains/compound_layers.py,domains.compound_layers,27,from_import,core.join_key_builder,compute_projection_status,,0,core/join_key_builder.py,resolved
domains/compound_layers.py,domains.compound_layers,28,from_import,core.collect,collect_instances,,0,core/collect.py,resolved
domains/compound_layers.py,domains.compound_layers,29,from_import,core.deps,Blocked,,0,core/deps.py,resolved
domains/compound_layers.py,domains.compound_layers,29,from_import,core.deps,require_domain,,0,core/deps.py,resolved
domains/compound_layers.py,domains.compound_layers,32,from_import,Autodesk.Revit.DB,BuiltInParameter,,0,,unresolved_external_or_missing
domains/compound_layers.py,domains.compound_layers,32,from_import,Autodesk.Revit.DB,CompoundStructure,,0,,unresolved_external_or_missing
domains/compound_layers.py,domains.compound_layers,32,from_import,Autodesk.Revit.DB,CompoundStructureLayer,,0,,unresolved_external_or_missing
domains/compound_layers.py,domains.compound_layers,32,from_import,Autodesk.Revit.DB,MaterialFunctionAssignment,,0,,unresolved_external_or_missing
domains/compound_layers.py,domains.compound_layers,32,from_import,Autodesk.Revit.DB,ShellLayerType,,0,,unresolved_external_or_missing
domains/compound_layers.py,domains.compound_layers,50,from_import,Autodesk.Revit.DB,DeckEmbeddingType,,0,,unresolved_external_or_missing
domains/dimension_types.py,domains.dimension_types,10,import,os,,,0,,unresolved_external_or_missing
domains/dimension_types.py,domains.dimension_types,11,import,sys,,,0,,unresolved_external_or_missing
domains/dimension_types.py,domains.dimension_types,18,from_import,core.hashing,make_hash,,0,core/hashing.py,resolved
domains/dimension_types.py,domains.dimension_types,18,from_import,core.hashing,safe_str,,0,core/hashing.py,resolved
domains/dimension_types.py,domains.dimension_types,19,from_import,core.collect,collect_instances,,0,core/collect.py,resolved
domains/dimension_types.py,domains.dimension_types,19,from_import,core.collect,collect_types,,0,core/collect.py,resolved
domains/dimension_types.py,domains.dimension_types,19,from_import,core.collect,purge_lookup,,0,core/collect.py,resolved
domains/dimension_types.py,domains.dimension_types,20,from_import,core.rows,_as_double,,0,core/rows.py,resolved
domains/dimension_types.py,domains.dimension_types,20,from_import,core.rows,_as_int,,0,core/rows.py,resolved
domains/dimension_types.py,domains.dimension_types,20,from_import,core.rows,_as_string,,0,core/rows.py,resolved
domains/dimension_types.py,domains.dimension_types,20,from_import,core.rows,_as_value_string,,0,core/rows.py,resolved
domains/dimension_types.py,domains.dimension_types,20,from_import,core.rows,first_param,,0,core/rows.py,resolved
domains/dimension_types.py,domains.dimension_types,20,from_import,core.rows,format_len_inches,,0,core/rows.py,resolved
domains/dimension_types.py,domains.dimension_types,21,from_import,core.canon,S_MISSING,,0,core/canon.py,resolved
domains/dimension_types.py,domains.dimension_types,21,from_import,core.canon,S_UNREADABLE,,0,core/canon.py,resolved
domains/dimension_types.py,domains.dimension_types,21,from_import,core.canon,canon_str,,0,core/canon.py,resolved
domains/dimension_types.py,domains.dimension_types,22,from_import,core.record_v2,ITEM_Q_MISSING,,0,core/record_v2.py,resolved
domains/dimension_types.py,domains.dimension_types,22,from_import,core.record_v2,ITEM_Q_OK,,0,core/record_v2.py,resolved
domains/dimension_types.py,domains.dimension_types,22,from_import,core.record_v2,ITEM_Q_UNREADABLE,,0,core/record_v2.py,resolved
domains/dimension_types.py,domains.dimension_types,22,from_import,core.record_v2,ITEM_Q_UNSUPPORTED_NOT_APPLICABLE,,0,core/record_v2.py,resolved
domains/dimension_types.py,domains.dimension_types,22,from_import,core.record_v2,STATUS_BLOCKED,,0,core/record_v2.py,resolved
domains/dimension_types.py,domains.dimension_types,22,from_import,core.record_v2,STATUS_DEGRADED,,0,core/record_v2.py,resolved
domains/dimension_types.py,domains.dimension_types,22,from_import,core.record_v2,STATUS_OK,,0,core/record_v2.py,resolved
domains/dimension_types.py,domains.dimension_types,22,from_import,core.record_v2,build_record_v2,,0,core/record_v2.py,resolved
domains/dimension_types.py,domains.dimension_types,22,from_import,core.record_v2,canonicalize_bool,,0,core/record_v2.py,resolved
domains/dimension_types.py,domains.dimension_types,22,from_import,core.record_v2,canonicalize_float,,0,core/record_v2.py,resolved
domains/dimension_types.py,domains.dimension_types,22,from_import,core.record_v2,canonicalize_int,,0,core/record_v2.py,resolved
domains/dimension_types.py,domains.dimension_types,22,from_import,core.record_v2,canonicalize_str,,0,core/record_v2.py,resolved
domains/dimension_types.py,domains.dimension_types,22,from_import,core.record_v2,canonicalize_str_allow_empty,,0,core/record_v2.py,resolved
domains/dimension_types.py,domains.dimension_types,22,from_import,core.record_v2,make_identity_item,,0,core/record_v2.py,resolved
domains/dimension_types.py,domains.dimension_types,22,from_import,core.record_v2,serialize_identity_items,,0,core/record_v2.py,resolved
domains/dimension_types.py,domains.dimension_types,39,from_import,core.phase2,phase2_sorted_items,,0,core/phase2.py,resolved
domains/dimension_types.py,domains.dimension_types,40,from_import,core.join_key_policy,get_domain_join_key_policy,,0,core/join_key_policy.py,resolved
domains/dimension_types.py,domains.dimension_types,41,from_import,core.join_key_builder,build_join_key_from_policy,,0,core/join_key_builder.py,resolved
domains/dimension_types.py,domains.dimension_types,41,from_import,core.join_key_builder,compute_projection_status,,0,core/join_key_builder.py,resolved
domains/dimension_types.py,domains.dimension_types,42,from_import,core.dimension_type_helpers,FAMILY_ANGULAR,,0,core/dimension_type_helpers.py,resolved
domains/dimension_types.py,domains.dimension_types,42,from_import,core.dimension_type_helpers,FAMILY_LINEAR,,0,core/dimension_type_helpers.py,resolved
domains/dimension_types.py,domains.dimension_types,42,from_import,core.dimension_type_helpers,FAMILY_RADIAL,,0,core/dimension_type_helpers.py,resolved
domains/dimension_types.py,domains.dimension_types,42,from_import,core.dimension_type_helpers,FAMILY_SPOT,,0,core/dimension_type_helpers.py,resolved
domains/dimension_types.py,domains.dimension_types,42,from_import,core.dimension_type_helpers,SHAPE_ALIGNMENT_STATION_LABEL,,0,core/dimension_type_helpers.py,resolved
domains/dimension_types.py,domains.dimension_types,42,from_import,core.dimension_type_helpers,SHAPE_ANGULAR,,0,core/dimension_type_helpers.py,resolved
domains/dimension_types.py,domains.dimension_types,42,from_import,core.dimension_type_helpers,SHAPE_ARC_LENGTH,,0,core/dimension_type_helpers.py,resolved
domains/dimension_types.py,domains.dimension_types,42,from_import,core.dimension_type_helpers,SHAPE_DIAMETER,,0,core/dimension_type_helpers.py,resolved
domains/dimension_types.py,domains.dimension_types,42,from_import,core.dimension_type_helpers,SHAPE_LINEAR,,0,core/dimension_type_helpers.py,resolved
domains/dimension_types.py,domains.dimension_types,42,from_import,core.dimension_type_helpers,SHAPE_LINEAR_FIXED,,0,core/dimension_type_helpers.py,resolved
domains/dimension_types.py,domains.dimension_types,42,from_import,core.dimension_type_helpers,SHAPE_RADIAL,,0,core/dimension_type_helpers.py,resolved
domains/dimension_types.py,domains.dimension_types,42,from_import,core.dimension_type_helpers,SHAPE_SPOT_COORDINATE,,0,core/dimension_type_helpers.py,resolved
domains/dimension_types.py,domains.dimension_types,42,from_import,core.dimension_type_helpers,SHAPE_SPOT_ELEVATION,,0,core/dimension_type_helpers.py,resolved
domains/dimension_types.py,domains.dimension_types,42,from_import,core.dimension_type_helpers,SHAPE_SPOT_ELEVATION_FIXED,,0,core/dimension_type_helpers.py,resolved
domains/dimension_types.py,domains.dimension_types,42,from_import,core.dimension_type_helpers,SHAPE_SPOT_SLOPE,,0,core/dimension_type_helpers.py,resolved
domains/dimension_types.py,domains.dimension_types,42,from_import,core.dimension_type_helpers,_build_alternate_units_items,,0,core/dimension_type_helpers.py,resolved
domains/dimension_types.py,domains.dimension_types,42,from_import,core.dimension_type_helpers,_build_text_appearance_items,,0,core/dimension_type_helpers.py,resolved
domains/dimension_types.py,domains.dimension_types,42,from_import,core.dimension_type_helpers,_fmt_in_from_ft,,0,core/dimension_type_helpers.py,resolved
domains/dimension_types.py,domains.dimension_types,42,from_import,core.dimension_type_helpers,_get_dimension_shape,,0,core/dimension_type_helpers.py,resolved
domains/dimension_types.py,domains.dimension_types,42,from_import,core.dimension_type_helpers,_read_arrowhead_ref_sig_hash,,0,core/dimension_type_helpers.py,resolved
domains/dimension_types.py,domains.dimension_types,42,from_import,core.dimension_type_helpers,_read_element_ref_name,,0,core/dimension_type_helpers.py,resolved
domains/dimension_types.py,domains.dimension_types,42,from_import,core.dimension_type_helpers,_read_leader_arrowhead,,0,core/dimension_type_helpers.py,resolved
domains/dimension_types.py,domains.dimension_types,42,from_import,core.dimension_type_helpers,_read_line_pattern_ref_sig_hash,,0,core/dimension_type_helpers.py,resolved
domains/dimension_types.py,domains.dimension_types,42,from_import,core.dimension_type_helpers,_read_prefix_suffix,,0,core/dimension_type_helpers.py,resolved
domains/dimension_types.py,domains.dimension_types,42,from_import,core.dimension_type_helpers,_read_tick_mark_sig_hash,,0,core/dimension_type_helpers.py,resolved
domains/dimension_types.py,domains.dimension_types,42,from_import,core.dimension_type_helpers,_read_unit_format_info,,0,core/dimension_type_helpers.py,resolved
domains/dimension_types.py,domains.dimension_types,42,from_import,core.dimension_type_helpers,get_type_display_name,,0,core/dimension_type_helpers.py,resolved
domains/dimension_types.py,domains.dimension_types,73,from_import,Autodesk.Revit.DB,BuiltInCategory,,0,,unresolved_external_or_missing
domains/dimension_types.py,domains.dimension_types,73,from_import,Autodesk.Revit.DB,DimensionType,,0,,unresolved_external_or_missing
domains/fill_patterns.py,domains.fill_patterns,5,import,os,,,0,,unresolved_external_or_missing
domains/fill_patterns.py,domains.fill_patterns,6,import,re,,,0,,unresolved_external_or_missing
domains/fill_patterns.py,domains.fill_patterns,7,import,sys,,,0,,unresolved_external_or_missing
domains/fill_patterns.py,domains.fill_patterns,14,from_import,core.hashing,make_hash,,0,core/hashing.py,resolved
domains/fill_patterns.py,domains.fill_patterns,14,from_import,core.hashing,safe_str,,0,core/hashing.py,resolved
domains/fill_patterns.py,domains.fill_patterns,15,from_import,core.collect,collect_instances,,0,core/collect.py,resolved
domains/fill_patterns.py,domains.fill_patterns,15,from_import,core.collect,purge_lookup,,0,core/collect.py,resolved
domains/fill_patterns.py,domains.fill_patterns,16,from_import,core.canon,S_MISSING,,0,core/canon.py,resolved
domains/fill_patterns.py,domains.fill_patterns,16,from_import,core.canon,S_NOT_APPLICABLE,,0,core/canon.py,resolved
domains/fill_patterns.py,domains.fill_patterns,16,from_import,core.canon,S_UNREADABLE,,0,core/canon.py,resolved
domains/fill_patterns.py,domains.fill_patterns,16,from_import,core.canon,canon_bool,,0,core/canon.py,resolved
domains/fill_patterns.py,domains.fill_patterns,16,from_import,core.canon,canon_id,,0,core/canon.py,resolved
domains/fill_patterns.py,domains.fill_patterns,16,from_import,core.canon,canon_num,,0,core/canon.py,resolved
domains/fill_patterns.py,domains.fill_patterns,16,from_import,core.canon,canon_str,,0,core/canon.py,resolved
domains/fill_patterns.py,domains.fill_patterns,16,from_import,core.canon,fnum,,0,core/canon.py,resolved
domains/fill_patterns.py,domains.fill_patterns,17,from_import,core.phase2,phase2_qv_from_legacy_sentinel_str,,0,core/phase2.py,resolved
domains/fill_patterns.py,domains.fill_patterns,17,from_import,core.phase2,phase2_sorted_items,,0,core/phase2.py,resolved
domains/fill_patterns.py,domains.fill_patterns,18,from_import,core.record_v2,ITEM_Q_MISSING,,0,core/record_v2.py,resolved
domains/fill_patterns.py,domains.fill_patterns,18,from_import,core.record_v2,ITEM_Q_OK,,0,core/record_v2.py,resolved
domains/fill_patterns.py,domains.fill_patterns,18,from_import,core.record_v2,ITEM_Q_UNREADABLE,,0,core/record_v2.py,resolved
domains/fill_patterns.py,domains.fill_patterns,18,from_import,core.record_v2,STATUS_BLOCKED,,0,core/record_v2.py,resolved
domains/fill_patterns.py,domains.fill_patterns,18,from_import,core.record_v2,STATUS_OK,,0,core/record_v2.py,resolved
domains/fill_patterns.py,domains.fill_patterns,18,from_import,core.record_v2,build_record_v2,,0,core/record_v2.py,resolved
domains/fill_patterns.py,domains.fill_patterns,18,from_import,core.record_v2,canonicalize_bool,,0,core/record_v2.py,resolved
domains/fill_patterns.py,domains.fill_patterns,18,from_import,core.record_v2,canonicalize_float,,0,core/record_v2.py,resolved
domains/fill_patterns.py,domains.fill_patterns,18,from_import,core.record_v2,canonicalize_int,,0,core/record_v2.py,resolved
domains/fill_patterns.py,domains.fill_patterns,18,from_import,core.record_v2,canonicalize_str,,0,core/record_v2.py,resolved
domains/fill_patterns.py,domains.fill_patterns,18,from_import,core.record_v2,make_identity_item,,0,core/record_v2.py,resolved
domains/fill_patterns.py,domains.fill_patterns,18,from_import,core.record_v2,serialize_identity_items,,0,core/record_v2.py,resolved
domains/fill_patterns.py,domains.fill_patterns,32,from_import,core.join_key_policy,get_domain_join_key_policy,,0,core/join_key_policy.py,resolved
domains/fill_patterns.py,domains.fill_patterns,33,from_import,core.join_key_builder,build_join_key_from_policy,,0,core/join_key_builder.py,resolved
domains/fill_patterns.py,domains.fill_patterns,33,from_import,core.join_key_builder,compute_projection_status,,0,core/join_key_builder.py,resolved
domains/fill_patterns.py,domains.fill_patterns,36,from_import,Autodesk.Revit.DB,FillPatternElement,,0,,unresolved_external_or_missing
domains/floor_types.py,domains.floor_types,8,import,os,,,0,,unresolved_external_or_missing
domains/floor_types.py,domains.floor_types,9,import,sys,,,0,,unresolved_external_or_missing
domains/floor_types.py,domains.floor_types,16,from_import,core.hashing,make_hash,,0,core/hashing.py,resolved
domains/floor_types.py,domains.floor_types,16,from_import,core.hashing,safe_str,,0,core/hashing.py,resolved
domains/floor_types.py,domains.floor_types,17,from_import,core.collect,collect_types,,0,core/collect.py,resolved
domains/floor_types.py,domains.floor_types,17,from_import,core.collect,purge_lookup,,0,core/collect.py,resolved
domains/floor_types.py,domains.floor_types,18,from_import,core.canon,S_UNREADABLE,,0,core/canon.py,resolved
domains/floor_types.py,domains.floor_types,19,from_import,core.record_v2,ITEM_Q_OK,,0,core/record_v2.py,resolved
domains/floor_types.py,domains.floor_types,19,from_import,core.record_v2,ITEM_Q_UNREADABLE,,0,core/record_v2.py,resolved
domains/floor_types.py,domains.floor_types,19,from_import,core.record_v2,ITEM_Q_UNSUPPORTED_NOT_APPLICABLE,,0,core/record_v2.py,resolved
domains/floor_types.py,domains.floor_types,19,from_import,core.record_v2,STATUS_BLOCKED,,0,core/record_v2.py,resolved
domains/floor_types.py,domains.floor_types,19,from_import,core.record_v2,STATUS_OK,,0,core/record_v2.py,resolved
domains/floor_types.py,domains.floor_types,19,from_import,core.record_v2,build_record_v2,,0,core/record_v2.py,resolved
domains/floor_types.py,domains.floor_types,19,from_import,core.record_v2,canonicalize_bool,,0,core/record_v2.py,resolved
domains/floor_types.py,domains.floor_types,19,from_import,core.record_v2,canonicalize_float,,0,core/record_v2.py,resolved
domains/floor_types.py,domains.floor_types,19,from_import,core.record_v2,canonicalize_int,,0,core/record_v2.py,resolved
domains/floor_types.py,domains.floor_types,19,from_import,core.record_v2,canonicalize_str,,0,core/record_v2.py,resolved
domains/floor_types.py,domains.floor_types,19,from_import,core.record_v2,make_identity_item,,0,core/record_v2.py,resolved
domains/floor_types.py,domains.floor_types,19,from_import,core.record_v2,serialize_identity_items,,0,core/record_v2.py,resolved
domains/floor_types.py,domains.floor_types,33,from_import,domains.compound_layers,_attach_placeholder_metadata,,0,domains/compound_layers.py,resolved
domains/floor_types.py,domains.floor_types,33,from_import,domains.compound_layers,_build_instance_count_map,,0,domains/compound_layers.py,resolved
domains/floor_types.py,domains.floor_types,33,from_import,domains.compound_layers,_build_name_key,,0,domains/compound_layers.py,resolved
domains/floor_types.py,domains.floor_types,33,from_import,domains.compound_layers,_coarse_fill_reads,,0,domains/compound_layers.py,resolved
domains/floor_types.py,domains.floor_types,33,from_import,domains.compound_layers,_enum_name,,0,domains/compound_layers.py,resolved
domains/floor_types.py,domains.floor_types,33,from_import,domains.compound_layers,_label_for_type,,0,domains/compound_layers.py,resolved
domains/floor_types.py,domains.floor_types,33,from_import,domains.compound_layers,_read_compound_structure,,0,domains/compound_layers.py,resolved
domains/floor_types.py,domains.floor_types,33,from_import,domains.compound_layers,_read_type_name,,0,domains/compound_layers.py,resolved
domains/floor_types.py,domains.floor_types,33,from_import,domains.compound_layers,_require_compound_dependencies,,0,domains/compound_layers.py,resolved
domains/floor_types.py,domains.floor_types,46,from_import,Autodesk.Revit.DB,BuiltInCategory,,0,,unresolved_external_or_missing
domains/floor_types.py,domains.floor_types,51,from_import,Autodesk.Revit.DB,FloorType,,0,,unresolved_external_or_missing
domains/floor_types.py,domains.floor_types,56,from_import,Autodesk.Revit.DB,FloorFunction,,0,,unresolved_external_or_missing
domains/identity.py,domains.identity,20,import,os,,,0,,unresolved_external_or_missing
domains/identity.py,domains.identity,21,import,sys,,,0,,unresolved_external_or_missing
domains/identity.py,domains.identity,29,from_import,core.hashing,make_hash,,0,core/hashing.py,resolved
domains/identity.py,domains.identity,29,from_import,core.hashing,safe_str,,0,core/hashing.py,resolved
domains/identity.py,domains.identity,30,from_import,core.canon,S_MISSING,,0,core/canon.py,resolved
domains/identity.py,domains.identity,30,from_import,core.canon,S_NOT_APPLICABLE,,0,core/canon.py,resolved
domains/identity.py,domains.identity,30,from_import,core.canon,S_UNREADABLE,,0,core/canon.py,resolved
domains/identity.py,domains.identity,30,from_import,core.canon,canon_bool,,0,core/canon.py,resolved
domains/identity.py,domains.identity,30,from_import,core.canon,canon_id,,0,core/canon.py,resolved
domains/identity.py,domains.identity,30,from_import,core.canon,canon_num,,0,core/canon.py,resolved
domains/identity.py,domains.identity,30,from_import,core.canon,canon_str,,0,core/canon.py,resolved
domains/identity.py,domains.identity,40,from_import,core.phase2,phase2_join_hash,,0,core/phase2.py,resolved
domains/identity.py,domains.identity,40,from_import,core.phase2,phase2_qv_from_legacy_sentinel_str,,0,core/phase2.py,resolved
domains/identity.py,domains.identity,40,from_import,core.phase2,phase2_sorted_items,,0,core/phase2.py,resolved
domains/identity.py,domains.identity,45,from_import,core.record_v2,ITEM_Q_OK,,0,core/record_v2.py,resolved
domains/identity.py,domains.identity,45,from_import,core.record_v2,ITEM_Q_UNREADABLE,,0,core/record_v2.py,resolved
domains/identity.py,domains.identity,45,from_import,core.record_v2,ITEM_Q_UNSUPPORTED_NOT_APPLICABLE,,0,core/record_v2.py,resolved
domains/identity.py,domains.identity,45,from_import,core.record_v2,STATUS_BLOCKED,,0,core/record_v2.py,resolved
domains/identity.py,domains.identity,45,from_import,core.record_v2,STATUS_DEGRADED,,0,core/record_v2.py,resolved
domains/identity.py,domains.identity,45,from_import,core.record_v2,STATUS_OK,,0,core/record_v2.py,resolved
domains/identity.py,domains.identity,45,from_import,core.record_v2,build_record_v2,,0,core/record_v2.py,resolved
domains/identity.py,domains.identity,45,from_import,core.record_v2,canonicalize_bool,,0,core/record_v2.py,resolved
domains/identity.py,domains.identity,45,from_import,core.record_v2,canonicalize_str,,0,core/record_v2.py,resolved
domains/identity.py,domains.identity,45,from_import,core.record_v2,make_identity_item,,0,core/record_v2.py,resolved
domains/identity.py,domains.identity,45,from_import,core.record_v2,serialize_identity_items,,0,core/record_v2.py,resolved
domains/identity.py,domains.identity,58,from_import,core.join_key_policy,get_domain_join_key_policy,,0,core/join_key_policy.py,resolved
domains/identity.py,domains.identity,59,from_import,core.join_key_builder,build_join_key_from_policy,,0,core/join_key_builder.py,resolved
domains/identity.py,domains.identity,59,from_import,core.join_key_builder,compute_projection_status,,0,core/join_key_builder.py,resolved
domains/identity.py,domains.identity,60,from_import,core.deployment_config,validate_project_info_shared_parameters,,0,core/deployment_config.py,resolved
domains/identity.py,domains.identity,63,from_import,Autodesk.Revit.DB,BuiltInParameter,,0,,unresolved_external_or_missing
domains/identity.py,domains.identity,63,from_import,Autodesk.Revit.DB,WorksharingUtils,,0,,unresolved_external_or_missing
domains/identity.py,domains.identity,69,from_import,System,Guid,,0,,unresolved_external_or_missing
domains/line_patterns.py,domains.line_patterns,17,import,os,,,0,,unresolved_external_or_missing
domains/line_patterns.py,domains.line_patterns,18,import,sys,,,0,,unresolved_external_or_missing
domains/line_patterns.py,domains.line_patterns,26,from_import,core.hashing,make_hash,,0,core/hashing.py,resolved
domains/line_patterns.py,domains.line_patterns,26,from_import,core.hashing,safe_str,,0,core/hashing.py,resolved
domains/line_patterns.py,domains.line_patterns,27,from_import,core.collect,collect_instances,,0,core/collect.py,resolved
domains/line_patterns.py,domains.line_patterns,27,from_import,core.collect,purge_lookup,,0,core/collect.py,resolved
domains/line_patterns.py,domains.line_patterns,28,from_import,core.canon,S_MISSING,,0,core/canon.py,resolved
domains/line_patterns.py,domains.line_patterns,28,from_import,core.canon,S_NOT_APPLICABLE,,0,core/canon.py,resolved
domains/line_patterns.py,domains.line_patterns,28,from_import,core.canon,S_UNREADABLE,,0,core/canon.py,resolved
domains/line_patterns.py,domains.line_patterns,28,from_import,core.canon,canon_bool,,0,core/canon.py,resolved
domains/line_patterns.py,domains.line_patterns,28,from_import,core.canon,canon_id,,0,core/canon.py,resolved
domains/line_patterns.py,domains.line_patterns,28,from_import,core.canon,canon_num,,0,core/canon.py,resolved
domains/line_patterns.py,domains.line_patterns,28,from_import,core.canon,canon_str,,0,core/canon.py,resolved
domains/line_patterns.py,domains.line_patterns,37,from_import,core.record_v2,ITEM_Q_MISSING,,0,core/record_v2.py,resolved
domains/line_patterns.py,domains.line_patterns,37,from_import,core.record_v2,ITEM_Q_OK,,0,core/record_v2.py,resolved
domains/line_patterns.py,domains.line_patterns,37,from_import,core.record_v2,ITEM_Q_UNREADABLE,,0,core/record_v2.py,resolved
domains/line_patterns.py,domains.line_patterns,37,from_import,core.record_v2,STATUS_BLOCKED,,0,core/record_v2.py,resolved
domains/line_patterns.py,domains.line_patterns,37,from_import,core.record_v2,STATUS_DEGRADED,,0,core/record_v2.py,resolved
domains/line_patterns.py,domains.line_patterns,37,from_import,core.record_v2,STATUS_OK,,0,core/record_v2.py,resolved
domains/line_patterns.py,domains.line_patterns,37,from_import,core.record_v2,build_record_v2,,0,core/record_v2.py,resolved
domains/line_patterns.py,domains.line_patterns,37,from_import,core.record_v2,canonicalize_float,,0,core/record_v2.py,resolved
domains/line_patterns.py,domains.line_patterns,37,from_import,core.record_v2,canonicalize_int,,0,core/record_v2.py,resolved
domains/line_patterns.py,domains.line_patterns,37,from_import,core.record_v2,canonicalize_str,,0,core/record_v2.py,resolved
domains/line_patterns.py,domains.line_patterns,37,from_import,core.record_v2,make_identity_item,,0,core/record_v2.py,resolved
domains/line_patterns.py,domains.line_patterns,37,from_import,core.record_v2,serialize_identity_items,,0,core/record_v2.py,resolved
domains/line_patterns.py,domains.line_patterns,52,from_import,core.phase2,phase2_qv_from_legacy_sentinel_str,,0,core/phase2.py,resolved
domains/line_patterns.py,domains.line_patterns,52,from_import,core.phase2,phase2_sorted_items,,0,core/phase2.py,resolved
domains/line_patterns.py,domains.line_patterns,57,from_import,core.join_key_policy,get_domain_join_key_policy,,0,core/join_key_policy.py,resolved
domains/line_patterns.py,domains.line_patterns,58,from_import,core.join_key_builder,build_join_key_from_policy,,0,core/join_key_builder.py,resolved
domains/line_patterns.py,domains.line_patterns,58,from_import,core.join_key_builder,compute_projection_status,,0,core/join_key_builder.py,resolved
domains/line_patterns.py,domains.line_patterns,61,from_import,Autodesk.Revit.DB,LinePatternElement,,0,,unresolved_external_or_missing
domains/line_styles.py,domains.line_styles,14,import,os,,,0,,unresolved_external_or_missing
domains/line_styles.py,domains.line_styles,15,import,sys,,,0,,unresolved_external_or_missing
domains/line_styles.py,domains.line_styles,23,from_import,core.hashing,make_hash,,0,core/hashing.py,resolved
domains/line_styles.py,domains.line_styles,23,from_import,core.hashing,safe_str,,0,core/hashing.py,resolved
domains/line_styles.py,domains.line_styles,24,from_import,core.canon,S_MISSING,,0,core/canon.py,resolved
domains/line_styles.py,domains.line_styles,24,from_import,core.canon,S_NOT_APPLICABLE,,0,core/canon.py,resolved
domains/line_styles.py,domains.line_styles,24,from_import,core.canon,S_UNREADABLE,,0,core/canon.py,resolved
domains/line_styles.py,domains.line_styles,24,from_import,core.canon,canon_bool,,0,core/canon.py,resolved
domains/line_styles.py,domains.line_styles,24,from_import,core.canon,canon_id,,0,core/canon.py,resolved
domains/line_styles.py,domains.line_styles,24,from_import,core.canon,canon_num,,0,core/canon.py,resolved
domains/line_styles.py,domains.line_styles,24,from_import,core.canon,canon_str,,0,core/canon.py,resolved
domains/line_styles.py,domains.line_styles,34,from_import,core.record_v2,ITEM_Q_MISSING,,0,core/record_v2.py,resolved
domains/line_styles.py,domains.line_styles,34,from_import,core.record_v2,ITEM_Q_OK,,0,core/record_v2.py,resolved
domains/line_styles.py,domains.line_styles,34,from_import,core.record_v2,ITEM_Q_UNREADABLE,,0,core/record_v2.py,resolved
domains/line_styles.py,domains.line_styles,34,from_import,core.record_v2,ITEM_Q_UNSUPPORTED,,0,core/record_v2.py,resolved
domains/line_styles.py,domains.line_styles,34,from_import,core.record_v2,STATUS_BLOCKED,,0,core/record_v2.py,resolved
domains/line_styles.py,domains.line_styles,34,from_import,core.record_v2,STATUS_DEGRADED,,0,core/record_v2.py,resolved
domains/line_styles.py,domains.line_styles,34,from_import,core.record_v2,STATUS_OK,,0,core/record_v2.py,resolved
domains/line_styles.py,domains.line_styles,34,from_import,core.record_v2,build_record_v2,,0,core/record_v2.py,resolved
domains/line_styles.py,domains.line_styles,34,from_import,core.record_v2,canonicalize_int,,0,core/record_v2.py,resolved
domains/line_styles.py,domains.line_styles,34,from_import,core.record_v2,canonicalize_str,,0,core/record_v2.py,resolved
domains/line_styles.py,domains.line_styles,34,from_import,core.record_v2,make_identity_item,,0,core/record_v2.py,resolved
domains/line_styles.py,domains.line_styles,34,from_import,core.record_v2,serialize_identity_items,,0,core/record_v2.py,resolved
domains/line_styles.py,domains.line_styles,49,from_import,core.phase2,phase2_qv_from_legacy_sentinel_str,,0,core/phase2.py,resolved
domains/line_styles.py,domains.line_styles,49,from_import,core.phase2,phase2_sorted_items,,0,core/phase2.py,resolved
domains/line_styles.py,domains.line_styles,54,from_import,core.join_key_policy,get_domain_join_key_policy,,0,core/join_key_policy.py,resolved
domains/line_styles.py,domains.line_styles,55,from_import,core.join_key_builder,build_join_key_from_policy,,0,core/join_key_builder.py,resolved
domains/line_styles.py,domains.line_styles,56,from_import,core.collect,purge_lookup,,0,core/collect.py,resolved
domains/line_styles.py,domains.line_styles,59,from_import,Autodesk.Revit.DB,BuiltInCategory,,0,,unresolved_external_or_missing
domains/line_styles.py,domains.line_styles,59,from_import,Autodesk.Revit.DB,Category,,0,,unresolved_external_or_missing
domains/line_styles.py,domains.line_styles,59,from_import,Autodesk.Revit.DB,ElementId,,0,,unresolved_external_or_missing
domains/line_styles.py,domains.line_styles,59,from_import,Autodesk.Revit.DB,GraphicsStyleType,,0,,unresolved_external_or_missing
domains/loaded_family_types.py,domains.loaded_family_types,35,import,os,,,0,,unresolved_external_or_missing
domains/loaded_family_types.py,domains.loaded_family_types,36,import,sys,,,0,,unresolved_external_or_missing
domains/loaded_family_types.py,domains.loaded_family_types,37,from_import,collections,defaultdict,,0,,unresolved_external_or_missing
domains/loaded_family_types.py,domains.loaded_family_types,44,from_import,core.hashing,make_hash,,0,core/hashing.py,resolved
domains/loaded_family_types.py,domains.loaded_family_types,44,from_import,core.hashing,safe_str,,0,core/hashing.py,resolved
domains/loaded_family_types.py,domains.loaded_family_types,45,from_import,core.collect,collect_types,,0,core/collect.py,resolved
domains/loaded_family_types.py,domains.loaded_family_types,46,from_import,core.record_v2,ITEM_Q_MISSING,,0,core/record_v2.py,resolved
domains/loaded_family_types.py,domains.loaded_family_types,46,from_import,core.record_v2,ITEM_Q_OK,,0,core/record_v2.py,resolved
domains/loaded_family_types.py,domains.loaded_family_types,46,from_import,core.record_v2,ITEM_Q_UNREADABLE,,0,core/record_v2.py,resolved
domains/loaded_family_types.py,domains.loaded_family_types,46,from_import,core.record_v2,STATUS_DEGRADED,,0,core/record_v2.py,resolved
domains/loaded_family_types.py,domains.loaded_family_types,46,from_import,core.record_v2,STATUS_OK,,0,core/record_v2.py,resolved
domains/loaded_family_types.py,domains.loaded_family_types,46,from_import,core.record_v2,build_record_v2,,0,core/record_v2.py,resolved
domains/loaded_family_types.py,domains.loaded_family_types,46,from_import,core.record_v2,canonicalize_bool,,0,core/record_v2.py,resolved
domains/loaded_family_types.py,domains.loaded_family_types,46,from_import,core.record_v2,canonicalize_int,,0,core/record_v2.py,resolved
domains/loaded_family_types.py,domains.loaded_family_types,46,from_import,core.record_v2,canonicalize_str,,0,core/record_v2.py,resolved
domains/loaded_family_types.py,domains.loaded_family_types,46,from_import,core.record_v2,make_identity_item,,0,core/record_v2.py,resolved
domains/loaded_family_types.py,domains.loaded_family_types,46,from_import,core.record_v2,serialize_identity_items,,0,core/record_v2.py,resolved
domains/loaded_family_types.py,domains.loaded_family_types,59,from_import,core.join_key_policy,get_domain_join_key_policy,,0,core/join_key_policy.py,resolved
domains/loaded_family_types.py,domains.loaded_family_types,60,from_import,core.join_key_builder,build_join_key_from_policy,,0,core/join_key_builder.py,resolved
domains/loaded_family_types.py,domains.loaded_family_types,60,from_import,core.join_key_builder,compute_projection_status,,0,core/join_key_builder.py,resolved
domains/loaded_family_types.py,domains.loaded_family_types,63,from_import,Autodesk.Revit.DB,FamilySymbol,,0,,unresolved_external_or_missing
domains/loaded_family_types.py,domains.loaded_family_types,63,from_import,Autodesk.Revit.DB,ParameterElement,,0,,unresolved_external_or_missing
domains/loaded_family_types.py,domains.loaded_family_types,63,from_import,Autodesk.Revit.DB,SharedParameterElement,,0,,unresolved_external_or_missing
domains/materials.py,domains.materials,13,import,os,,,0,,unresolved_external_or_missing
domains/materials.py,domains.materials,14,import,sys,,,0,,unresolved_external_or_missing
domains/materials.py,domains.materials,21,from_import,core.collect,collect_instances,,0,core/collect.py,resolved
domains/materials.py,domains.materials,21,from_import,core.collect,purge_lookup,,0,core/collect.py,resolved
domains/materials.py,domains.materials,22,from_import,core.hashing,make_hash,,0,core/hashing.py,resolved
domains/materials.py,domains.materials,22,from_import,core.hashing,safe_str,,0,core/hashing.py,resolved
domains/materials.py,domains.materials,23,from_import,core.canon,S_MISSING,,0,core/canon.py,resolved
domains/materials.py,domains.materials,23,from_import,core.canon,S_NONE,,0,core/canon.py,resolved
domains/materials.py,domains.materials,23,from_import,core.canon,S_NOT_APPLICABLE,,0,core/canon.py,resolved
domains/materials.py,domains.materials,23,from_import,core.canon,S_UNREADABLE,,0,core/canon.py,resolved
domains/materials.py,domains.materials,23,from_import,core.canon,S_UNRESOLVED,,0,core/canon.py,resolved
domains/materials.py,domains.materials,23,from_import,core.canon,canon_str,,0,core/canon.py,resolved
domains/materials.py,domains.materials,24,from_import,core.record_v2,ITEM_Q_MISSING,,0,core/record_v2.py,resolved
domains/materials.py,domains.materials,24,from_import,core.record_v2,ITEM_Q_OK,,0,core/record_v2.py,resolved
domains/materials.py,domains.materials,24,from_import,core.record_v2,ITEM_Q_UNREADABLE,,0,core/record_v2.py,resolved
domains/materials.py,domains.materials,24,from_import,core.record_v2,STATUS_DEGRADED,,0,core/record_v2.py,resolved
domains/materials.py,domains.materials,24,from_import,core.record_v2,STATUS_OK,,0,core/record_v2.py,resolved
domains/materials.py,domains.materials,24,from_import,core.record_v2,build_record_v2,,0,core/record_v2.py,resolved
domains/materials.py,domains.materials,24,from_import,core.record_v2,canonicalize_int,,0,core/record_v2.py,resolved
domains/materials.py,domains.materials,24,from_import,core.record_v2,canonicalize_str,,0,core/record_v2.py,resolved
domains/materials.py,domains.materials,24,from_import,core.record_v2,make_identity_item,,0,core/record_v2.py,resolved
domains/materials.py,domains.materials,24,from_import,core.record_v2,serialize_identity_items,,0,core/record_v2.py,resolved
domains/materials.py,domains.materials,36,from_import,core.join_key_policy,get_domain_join_key_policy,,0,core/join_key_policy.py,resolved
domains/materials.py,domains.materials,37,from_import,core.join_key_builder,build_join_key_from_policy,,0,core/join_key_builder.py,resolved
domains/materials.py,domains.materials,37,from_import,core.join_key_builder,compute_projection_status,,0,core/join_key_builder.py,resolved
domains/materials.py,domains.materials,40,from_import,Autodesk.Revit.DB,BuiltInParameter,,0,,unresolved_external_or_missing
domains/materials.py,domains.materials,40,from_import,Autodesk.Revit.DB,Material,,0,,unresolved_external_or_missing
domains/object_styles.py,domains.object_styles,4,import,os,,,0,,unresolved_external_or_missing
domains/object_styles.py,domains.object_styles,5,import,sys,,,0,,unresolved_external_or_missing
domains/object_styles.py,domains.object_styles,12,from_import,core.hashing,make_hash,,0,core/hashing.py,resolved
domains/object_styles.py,domains.object_styles,12,from_import,core.hashing,safe_str,,0,core/hashing.py,resolved
domains/object_styles.py,domains.object_styles,13,from_import,core.canon,canon_str,,0,core/canon.py,resolved
domains/object_styles.py,domains.object_styles,14,from_import,core.graphic_overrides,extract_cut_graphics,,0,core/graphic_overrides.py,resolved
domains/object_styles.py,domains.object_styles,14,from_import,core.graphic_overrides,extract_projection_graphics,,0,core/graphic_overrides.py,resolved
domains/object_styles.py,domains.object_styles,15,from_import,core.record_v2,ITEM_Q_MISSING,,0,core/record_v2.py,resolved
domains/object_styles.py,domains.object_styles,15,from_import,core.record_v2,ITEM_Q_OK,,0,core/record_v2.py,resolved
domains/object_styles.py,domains.object_styles,15,from_import,core.record_v2,ITEM_Q_UNREADABLE,,0,core/record_v2.py,resolved
domains/object_styles.py,domains.object_styles,15,from_import,core.record_v2,ITEM_Q_UNSUPPORTED,,0,core/record_v2.py,resolved
domains/object_styles.py,domains.object_styles,15,from_import,core.record_v2,ITEM_Q_UNSUPPORTED_NOT_APPLICABLE,,0,core/record_v2.py,resolved
domains/object_styles.py,domains.object_styles,15,from_import,core.record_v2,STATUS_BLOCKED,,0,core/record_v2.py,resolved
domains/object_styles.py,domains.object_styles,15,from_import,core.record_v2,STATUS_DEGRADED,,0,core/record_v2.py,resolved
domains/object_styles.py,domains.object_styles,15,from_import,core.record_v2,STATUS_OK,,0,core/record_v2.py,resolved
domains/object_styles.py,domains.object_styles,15,from_import,core.record_v2,build_record_v2,,0,core/record_v2.py,resolved
domains/object_styles.py,domains.object_styles,15,from_import,core.record_v2,canonicalize_bool,,0,core/record_v2.py,resolved
domains/object_styles.py,domains.object_styles,15,from_import,core.record_v2,canonicalize_int,,0,core/record_v2.py,resolved
domains/object_styles.py,domains.object_styles,15,from_import,core.record_v2,canonicalize_str,,0,core/record_v2.py,resolved
domains/object_styles.py,domains.object_styles,15,from_import,core.record_v2,make_identity_item,,0,core/record_v2.py,resolved
domains/object_styles.py,domains.object_styles,15,from_import,core.record_v2,serialize_identity_items,,0,core/record_v2.py,resolved
domains/object_styles.py,domains.object_styles,31,from_import,core.phase2,phase2_sorted_items,,0,core/phase2.py,resolved
domains/object_styles.py,domains.object_styles,32,from_import,core.join_key_policy,get_domain_join_key_policy,,0,core/join_key_policy.py,resolved
domains/object_styles.py,domains.object_styles,33,from_import,core.join_key_builder,build_join_key_from_policy,,0,core/join_key_builder.py,resolved
domains/object_styles.py,domains.object_styles,34,from_import,core.deps,Blocked,,0,core/deps.py,resolved
domains/object_styles.py,domains.object_styles,34,from_import,core.deps,require_domain,,0,core/deps.py,resolved
domains/object_styles.py,domains.object_styles,35,from_import,core.collect,build_subcategory_used_id_set,,0,core/collect.py,resolved
domains/object_styles.py,domains.object_styles,38,from_import,Autodesk.Revit.DB,CategoryType,,0,,unresolved_external_or_missing
domains/object_styles.py,domains.object_styles,38,from_import,Autodesk.Revit.DB,GraphicsStyleType,,0,,unresolved_external_or_missing
domains/phase_filters.py,domains.phase_filters,15,import,os,,,0,,unresolved_external_or_missing
domains/phase_filters.py,domains.phase_filters,16,import,sys,,,0,,unresolved_external_or_missing
domains/phase_filters.py,domains.phase_filters,24,from_import,core.hashing,make_hash,,0,core/hashing.py,resolved
domains/phase_filters.py,domains.phase_filters,24,from_import,core.hashing,safe_str,,0,core/hashing.py,resolved
domains/phase_filters.py,domains.phase_filters,25,from_import,core.collect,collect_instances,,0,core/collect.py,resolved
domains/phase_filters.py,domains.phase_filters,26,from_import,core.canon,S_MISSING,,0,core/canon.py,resolved
domains/phase_filters.py,domains.phase_filters,26,from_import,core.canon,S_NOT_APPLICABLE,,0,core/canon.py,resolved
domains/phase_filters.py,domains.phase_filters,26,from_import,core.canon,S_UNREADABLE,,0,core/canon.py,resolved
domains/phase_filters.py,domains.phase_filters,26,from_import,core.canon,canon_bool,,0,core/canon.py,resolved
domains/phase_filters.py,domains.phase_filters,26,from_import,core.canon,canon_id,,0,core/canon.py,resolved
domains/phase_filters.py,domains.phase_filters,26,from_import,core.canon,canon_num,,0,core/canon.py,resolved
domains/phase_filters.py,domains.phase_filters,26,from_import,core.canon,canon_str,,0,core/canon.py,resolved
domains/phase_filters.py,domains.phase_filters,37,from_import,core.phase2,phase2_qv_from_legacy_sentinel_str,,0,core/phase2.py,resolved
domains/phase_filters.py,domains.phase_filters,37,from_import,core.phase2,phase2_sorted_items,,0,core/phase2.py,resolved
domains/phase_filters.py,domains.phase_filters,42,from_import,core.record_v2,ITEM_Q_OK,,0,core/record_v2.py,resolved
domains/phase_filters.py,domains.phase_filters,42,from_import,core.record_v2,ITEM_Q_UNREADABLE,,0,core/record_v2.py,resolved
domains/phase_filters.py,domains.phase_filters,42,from_import,core.record_v2,STATUS_BLOCKED,,0,core/record_v2.py,resolved
domains/phase_filters.py,domains.phase_filters,42,from_import,core.record_v2,STATUS_OK,,0,core/record_v2.py,resolved
domains/phase_filters.py,domains.phase_filters,42,from_import,core.record_v2,build_record_v2,,0,core/record_v2.py,resolved
domains/phase_filters.py,domains.phase_filters,42,from_import,core.record_v2,canonicalize_int,,0,core/record_v2.py,resolved
domains/phase_filters.py,domains.phase_filters,42,from_import,core.record_v2,canonicalize_str,,0,core/record_v2.py,resolved
domains/phase_filters.py,domains.phase_filters,42,from_import,core.record_v2,canonicalize_str_allow_empty,,0,core/record_v2.py,resolved
domains/phase_filters.py,domains.phase_filters,42,from_import,core.record_v2,make_identity_item,,0,core/record_v2.py,resolved
domains/phase_filters.py,domains.phase_filters,42,from_import,core.record_v2,serialize_identity_items,,0,core/record_v2.py,resolved
domains/phase_filters.py,domains.phase_filters,54,from_import,core.join_key_policy,get_domain_join_key_policy,,0,core/join_key_policy.py,resolved
domains/phase_filters.py,domains.phase_filters,55,from_import,core.join_key_builder,build_join_key_from_policy,,0,core/join_key_builder.py,resolved
domains/phase_filters.py,domains.phase_filters,55,from_import,core.join_key_builder,compute_projection_status,,0,core/join_key_builder.py,resolved
domains/phase_filters.py,domains.phase_filters,58,from_import,Autodesk.Revit.DB,ElementOnPhaseStatus,,0,,unresolved_external_or_missing
domains/phase_filters.py,domains.phase_filters,58,from_import,Autodesk.Revit.DB,PhaseFilter,,0,,unresolved_external_or_missing
domains/phase_graphics.py,domains.phase_graphics,20,import,os,,,0,,unresolved_external_or_missing
domains/phase_graphics.py,domains.phase_graphics,21,import,sys,,,0,,unresolved_external_or_missing
domains/phase_graphics.py,domains.phase_graphics,29,from_import,core.hashing,make_hash,,0,core/hashing.py,resolved
domains/phase_graphics.py,domains.phase_graphics,29,from_import,core.hashing,safe_str,,0,core/hashing.py,resolved
domains/phase_graphics.py,domains.phase_graphics,31,from_import,core.record_v2,ITEM_Q_MISSING,,0,core/record_v2.py,resolved
domains/phase_graphics.py,domains.phase_graphics,31,from_import,core.record_v2,ITEM_Q_OK,,0,core/record_v2.py,resolved
domains/phase_graphics.py,domains.phase_graphics,31,from_import,core.record_v2,ITEM_Q_UNREADABLE,,0,core/record_v2.py,resolved
domains/phase_graphics.py,domains.phase_graphics,31,from_import,core.record_v2,ITEM_Q_UNSUPPORTED_NOT_IMPLEMENTED,,0,core/record_v2.py,resolved
domains/phase_graphics.py,domains.phase_graphics,31,from_import,core.record_v2,STATUS_BLOCKED,,0,core/record_v2.py,resolved
domains/phase_graphics.py,domains.phase_graphics,31,from_import,core.record_v2,STATUS_DEGRADED,,0,core/record_v2.py,resolved
domains/phase_graphics.py,domains.phase_graphics,31,from_import,core.record_v2,STATUS_OK,,0,core/record_v2.py,resolved
domains/phase_graphics.py,domains.phase_graphics,31,from_import,core.record_v2,build_record_v2,,0,core/record_v2.py,resolved
domains/phase_graphics.py,domains.phase_graphics,31,from_import,core.record_v2,canonicalize_str,,0,core/record_v2.py,resolved
domains/phase_graphics.py,domains.phase_graphics,31,from_import,core.record_v2,make_identity_item,,0,core/record_v2.py,resolved
domains/phase_graphics.py,domains.phase_graphics,31,from_import,core.record_v2,serialize_identity_items,,0,core/record_v2.py,resolved
domains/phase_graphics.py,domains.phase_graphics,45,from_import,core.phase2,phase2_join_hash,,0,core/phase2.py,resolved
domains/phase_graphics.py,domains.phase_graphics,45,from_import,core.phase2,phase2_sorted_items,,0,core/phase2.py,resolved
domains/phase_graphics.py,domains.phase_graphics,51,from_import,Autodesk.Revit.DB,ElementOnPhaseStatus,,0,,unresolved_external_or_missing
domains/phases.py,domains.phases,19,import,os,,,0,,unresolved_external_or_missing
domains/phases.py,domains.phases,20,import,sys,,,0,,unresolved_external_or_missing
domains/phases.py,domains.phases,28,from_import,core.hashing,make_hash,,0,core/hashing.py,resolved
domains/phases.py,domains.phases,28,from_import,core.hashing,safe_str,,0,core/hashing.py,resolved
domains/phases.py,domains.phases,29,from_import,core.collect,collect_types,,0,core/collect.py,resolved
domains/phases.py,domains.phases,30,from_import,core.canon,S_MISSING,,0,core/canon.py,resolved
domains/phases.py,domains.phases,30,from_import,core.canon,S_NOT_APPLICABLE,,0,core/canon.py,resolved
domains/phases.py,domains.phases,30,from_import,core.canon,S_UNREADABLE,,0,core/canon.py,resolved
domains/phases.py,domains.phases,30,from_import,core.canon,canon_bool,,0,core/canon.py,resolved
domains/phases.py,domains.phases,30,from_import,core.canon,canon_id,,0,core/canon.py,resolved
domains/phases.py,domains.phases,30,from_import,core.canon,canon_num,,0,core/canon.py,resolved
domains/phases.py,domains.phases,30,from_import,core.canon,canon_str,,0,core/canon.py,resolved
domains/phases.py,domains.phases,40,from_import,core.join_key_policy,get_domain_join_key_policy,,0,core/join_key_policy.py,resolved
domains/phases.py,domains.phases,41,from_import,core.join_key_builder,build_join_key_from_policy,,0,core/join_key_builder.py,resolved
domains/phases.py,domains.phases,41,from_import,core.join_key_builder,compute_projection_status,,0,core/join_key_builder.py,resolved
domains/phases.py,domains.phases,44,from_import,Autodesk.Revit.DB,Phase,,0,,unresolved_external_or_missing
domains/phases.py,domains.phases,48,from_import,core.phase2,phase2_qv_from_legacy_sentinel_str,,0,core/phase2.py,resolved
domains/phases.py,domains.phases,48,from_import,core.phase2,phase2_sorted_items,,0,core/phase2.py,resolved
domains/phases.py,domains.phases,52,from_import,core.record_v2,ITEM_Q_OK,,0,core/record_v2.py,resolved
domains/phases.py,domains.phases,52,from_import,core.record_v2,ITEM_Q_UNREADABLE,,0,core/record_v2.py,resolved
domains/phases.py,domains.phases,52,from_import,core.record_v2,STATUS_BLOCKED,,0,core/record_v2.py,resolved
domains/phases.py,domains.phases,52,from_import,core.record_v2,STATUS_OK,,0,core/record_v2.py,resolved
domains/phases.py,domains.phases,52,from_import,core.record_v2,build_record_v2,,0,core/record_v2.py,resolved
domains/phases.py,domains.phases,52,from_import,core.record_v2,canonicalize_int,,0,core/record_v2.py,resolved
domains/phases.py,domains.phases,52,from_import,core.record_v2,canonicalize_str,,0,core/record_v2.py,resolved
domains/phases.py,domains.phases,52,from_import,core.record_v2,make_identity_item,,0,core/record_v2.py,resolved
domains/phases.py,domains.phases,52,from_import,core.record_v2,serialize_identity_items,,0,core/record_v2.py,resolved
domains/roof_types.py,domains.roof_types,8,import,os,,,0,,unresolved_external_or_missing
domains/roof_types.py,domains.roof_types,9,import,sys,,,0,,unresolved_external_or_missing
domains/roof_types.py,domains.roof_types,16,from_import,core.hashing,make_hash,,0,core/hashing.py,resolved
domains/roof_types.py,domains.roof_types,16,from_import,core.hashing,safe_str,,0,core/hashing.py,resolved
domains/roof_types.py,domains.roof_types,17,from_import,core.collect,collect_types,,0,core/collect.py,resolved
domains/roof_types.py,domains.roof_types,17,from_import,core.collect,purge_lookup,,0,core/collect.py,resolved
domains/roof_types.py,domains.roof_types,18,from_import,core.record_v2,ITEM_Q_OK,,0,core/record_v2.py,resolved
domains/roof_types.py,domains.roof_types,18,from_import,core.record_v2,ITEM_Q_UNREADABLE,,0,core/record_v2.py,resolved
domains/roof_types.py,domains.roof_types,18,from_import,core.record_v2,ITEM_Q_UNSUPPORTED_NOT_APPLICABLE,,0,core/record_v2.py,resolved
domains/roof_types.py,domains.roof_types,18,from_import,core.record_v2,STATUS_BLOCKED,,0,core/record_v2.py,resolved
domains/roof_types.py,domains.roof_types,18,from_import,core.record_v2,STATUS_OK,,0,core/record_v2.py,resolved
domains/roof_types.py,domains.roof_types,18,from_import,core.record_v2,build_record_v2,,0,core/record_v2.py,resolved
domains/roof_types.py,domains.roof_types,18,from_import,core.record_v2,canonicalize_float,,0,core/record_v2.py,resolved
domains/roof_types.py,domains.roof_types,18,from_import,core.record_v2,canonicalize_int,,0,core/record_v2.py,resolved
domains/roof_types.py,domains.roof_types,18,from_import,core.record_v2,canonicalize_str,,0,core/record_v2.py,resolved
domains/roof_types.py,domains.roof_types,18,from_import,core.record_v2,make_identity_item,,0,core/record_v2.py,resolved
domains/roof_types.py,domains.roof_types,18,from_import,core.record_v2,serialize_identity_items,,0,core/record_v2.py,resolved
domains/roof_types.py,domains.roof_types,31,from_import,domains.compound_layers,_attach_placeholder_metadata,,0,domains/compound_layers.py,resolved
domains/roof_types.py,domains.roof_types,31,from_import,domains.compound_layers,_build_instance_count_map,,0,domains/compound_layers.py,resolved
domains/roof_types.py,domains.roof_types,31,from_import,domains.compound_layers,_build_name_key,,0,domains/compound_layers.py,resolved
domains/roof_types.py,domains.roof_types,31,from_import,domains.compound_layers,_coarse_fill_reads,,0,domains/compound_layers.py,resolved
domains/roof_types.py,domains.roof_types,31,from_import,domains.compound_layers,_label_for_type,,0,domains/compound_layers.py,resolved
domains/roof_types.py,domains.roof_types,31,from_import,domains.compound_layers,_read_compound_structure,,0,domains/compound_layers.py,resolved
domains/roof_types.py,domains.roof_types,31,from_import,domains.compound_layers,_read_type_name,,0,domains/compound_layers.py,resolved
domains/roof_types.py,domains.roof_types,31,from_import,domains.compound_layers,_require_compound_dependencies,,0,domains/compound_layers.py,resolved
domains/roof_types.py,domains.roof_types,43,from_import,Autodesk.Revit.DB,BuiltInCategory,,0,,unresolved_external_or_missing
domains/roof_types.py,domains.roof_types,48,from_import,Autodesk.Revit.DB,RoofType,,0,,unresolved_external_or_missing
domains/text_types.py,domains.text_types,15,import,os,,,0,,unresolved_external_or_missing
domains/text_types.py,domains.text_types,16,import,sys,,,0,,unresolved_external_or_missing
domains/text_types.py,domains.text_types,24,from_import,core.hashing,make_hash,,0,core/hashing.py,resolved
domains/text_types.py,domains.text_types,24,from_import,core.hashing,safe_str,,0,core/hashing.py,resolved
domains/text_types.py,domains.text_types,25,from_import,core.collect,collect_instances,,0,core/collect.py,resolved
domains/text_types.py,domains.text_types,25,from_import,core.collect,collect_types,,0,core/collect.py,resolved
domains/text_types.py,domains.text_types,25,from_import,core.collect,purge_lookup,,0,core/collect.py,resolved
domains/text_types.py,domains.text_types,26,from_import,core.canon,S_MISSING,,0,core/canon.py,resolved
domains/text_types.py,domains.text_types,26,from_import,core.canon,S_NOT_APPLICABLE,,0,core/canon.py,resolved
domains/text_types.py,domains.text_types,26,from_import,core.canon,S_UNREADABLE,,0,core/canon.py,resolved
domains/text_types.py,domains.text_types,26,from_import,core.canon,canon_bool,,0,core/canon.py,resolved
domains/text_types.py,domains.text_types,26,from_import,core.canon,canon_id,,0,core/canon.py,resolved
domains/text_types.py,domains.text_types,26,from_import,core.canon,canon_num,,0,core/canon.py,resolved
domains/text_types.py,domains.text_types,26,from_import,core.canon,canon_str,,0,core/canon.py,resolved
domains/text_types.py,domains.text_types,26,from_import,core.canon,fnum,,0,core/canon.py,resolved
domains/text_types.py,domains.text_types,38,from_import,core.rows,_as_bool_from_param,,0,core/rows.py,resolved
domains/text_types.py,domains.text_types,38,from_import,core.rows,_as_double,,0,core/rows.py,resolved
domains/text_types.py,domains.text_types,38,from_import,core.rows,_as_int,,0,core/rows.py,resolved
domains/text_types.py,domains.text_types,38,from_import,core.rows,_as_string,,0,core/rows.py,resolved
domains/text_types.py,domains.text_types,38,from_import,core.rows,first_param,,0,core/rows.py,resolved
domains/text_types.py,domains.text_types,38,from_import,core.rows,format_len_inches,,0,core/rows.py,resolved
domains/text_types.py,domains.text_types,38,from_import,core.rows,get_element_display_name,,0,core/rows.py,resolved
domains/text_types.py,domains.text_types,38,from_import,core.rows,get_type_display_name,,0,core/rows.py,resolved
domains/text_types.py,domains.text_types,38,from_import,core.rows,try_get_color_rgb_from_elem,,0,core/rows.py,resolved
domains/text_types.py,domains.text_types,44,from_import,core.phase2,phase2_qv_from_legacy_sentinel_str,,0,core/phase2.py,resolved
domains/text_types.py,domains.text_types,44,from_import,core.phase2,phase2_sorted_items,,0,core/phase2.py,resolved
domains/text_types.py,domains.text_types,48,from_import,core.canonical_items,build_flat_items,,0,core/canonical_items.py,resolved
domains/text_types.py,domains.text_types,52,from_import,core.record_v2,ITEM_Q_OK,,0,core/record_v2.py,resolved
domains/text_types.py,domains.text_types,52,from_import,core.record_v2,ITEM_Q_UNREADABLE,,0,core/record_v2.py,resolved
domains/text_types.py,domains.text_types,52,from_import,core.record_v2,SCHEMA_VERSION_RECORD_V2,,0,core/record_v2.py,resolved
domains/text_types.py,domains.text_types,52,from_import,core.record_v2,STATUS_BLOCKED,,0,core/record_v2.py,resolved
domains/text_types.py,domains.text_types,52,from_import,core.record_v2,STATUS_OK,,0,core/record_v2.py,resolved
domains/text_types.py,domains.text_types,52,from_import,core.record_v2,build_record_v2,,0,core/record_v2.py,resolved
domains/text_types.py,domains.text_types,52,from_import,core.record_v2,canonicalize_bool,,0,core/record_v2.py,resolved
domains/text_types.py,domains.text_types,52,from_import,core.record_v2,canonicalize_float,,0,core/record_v2.py,resolved
domains/text_types.py,domains.text_types,52,from_import,core.record_v2,canonicalize_int,,0,core/record_v2.py,resolved
domains/text_types.py,domains.text_types,52,from_import,core.record_v2,canonicalize_str,,0,core/record_v2.py,resolved
domains/text_types.py,domains.text_types,52,from_import,core.record_v2,make_identity_item,,0,core/record_v2.py,resolved
domains/text_types.py,domains.text_types,52,from_import,core.record_v2,serialize_identity_items,,0,core/record_v2.py,resolved
domains/text_types.py,domains.text_types,67,from_import,core.join_key_policy,get_domain_join_key_policy,,0,core/join_key_policy.py,resolved
domains/text_types.py,domains.text_types,68,from_import,core.join_key_builder,build_join_key_from_policy,,0,core/join_key_builder.py,resolved
domains/text_types.py,domains.text_types,71,from_import,Autodesk.Revit.DB,BuiltInCategory,,0,,unresolved_external_or_missing
domains/text_types.py,domains.text_types,71,from_import,Autodesk.Revit.DB,TextNote,,0,,unresolved_external_or_missing
domains/text_types.py,domains.text_types,71,from_import,Autodesk.Revit.DB,TextNoteType,,0,,unresolved_external_or_missing
domains/units.py,domains.units,33,import,os,,,0,,unresolved_external_or_missing
domains/units.py,domains.units,34,import,sys,,,0,,unresolved_external_or_missing
domains/units.py,domains.units,42,from_import,core.hashing,make_hash,,0,core/hashing.py,resolved
domains/units.py,domains.units,42,from_import,core.hashing,safe_str,,0,core/hashing.py,resolved
domains/units.py,domains.units,43,from_import,core.canon,S_MISSING,,0,core/canon.py,resolved
domains/units.py,domains.units,43,from_import,core.canon,S_NOT_APPLICABLE,,0,core/canon.py,resolved
domains/units.py,domains.units,43,from_import,core.canon,S_UNREADABLE,,0,core/canon.py,resolved
domains/units.py,domains.units,43,from_import,core.canon,canon_bool,,0,core/canon.py,resolved
domains/units.py,domains.units,43,from_import,core.canon,canon_id,,0,core/canon.py,resolved
domains/units.py,domains.units,43,from_import,core.canon,canon_num,,0,core/canon.py,resolved
domains/units.py,domains.units,43,from_import,core.canon,canon_str,,0,core/canon.py,resolved
domains/units.py,domains.units,53,from_import,core.record_v2,ITEM_Q_MISSING,,0,core/record_v2.py,resolved
domains/units.py,domains.units,53,from_import,core.record_v2,ITEM_Q_OK,,0,core/record_v2.py,resolved
domains/units.py,domains.units,53,from_import,core.record_v2,ITEM_Q_UNREADABLE,,0,core/record_v2.py,resolved
domains/units.py,domains.units,53,from_import,core.record_v2,ITEM_Q_UNSUPPORTED,,0,core/record_v2.py,resolved
domains/units.py,domains.units,53,from_import,core.record_v2,STATUS_BLOCKED,,0,core/record_v2.py,resolved
domains/units.py,domains.units,53,from_import,core.record_v2,STATUS_DEGRADED,,0,core/record_v2.py,resolved
domains/units.py,domains.units,53,from_import,core.record_v2,STATUS_OK,,0,core/record_v2.py,resolved
domains/units.py,domains.units,53,from_import,core.record_v2,build_record_v2,,0,core/record_v2.py,resolved
domains/units.py,domains.units,53,from_import,core.record_v2,canonicalize_bool,,0,core/record_v2.py,resolved
domains/units.py,domains.units,53,from_import,core.record_v2,canonicalize_enum,,0,core/record_v2.py,resolved
domains/units.py,domains.units,53,from_import,core.record_v2,canonicalize_float,,0,core/record_v2.py,resolved
domains/units.py,domains.units,53,from_import,core.record_v2,canonicalize_int,,0,core/record_v2.py,resolved
domains/units.py,domains.units,53,from_import,core.record_v2,canonicalize_str,,0,core/record_v2.py,resolved
domains/units.py,domains.units,53,from_import,core.record_v2,make_identity_item,,0,core/record_v2.py,resolved
domains/units.py,domains.units,53,from_import,core.record_v2,serialize_identity_items,,0,core/record_v2.py,resolved
domains/units.py,domains.units,70,from_import,core.join_key_policy,get_domain_join_key_policy,,0,core/join_key_policy.py,resolved
domains/units.py,domains.units,71,from_import,core.join_key_builder,build_join_key_from_policy,,0,core/join_key_builder.py,resolved
domains/units.py,domains.units,74,from_import,Autodesk.Revit.DB,SpecTypeId,,0,,unresolved_external_or_missing
domains/units.py,domains.units,78,from_import,core.phase2,phase2_qv_from_legacy_sentinel_str,,0,core/phase2.py,resolved
domains/units.py,domains.units,78,from_import,core.phase2,phase2_sorted_items,,0,core/phase2.py,resolved
domains/view_category_overrides.py,domains.view_category_overrides,4,import,os,,,0,,unresolved_external_or_missing
domains/view_category_overrides.py,domains.view_category_overrides,5,import,sys,,,0,,unresolved_external_or_missing
domains/view_category_overrides.py,domains.view_category_overrides,12,from_import,core.hashing,make_hash,,0,core/hashing.py,resolved
domains/view_category_overrides.py,domains.view_category_overrides,12,from_import,core.hashing,safe_str,,0,core/hashing.py,resolved
domains/view_category_overrides.py,domains.view_category_overrides,13,from_import,domains,view_category_overrides_model,,0,domains/view_category_overrides_model.py,resolved
domains/view_category_overrides.py,domains.view_category_overrides,14,from_import,domains,view_category_overrides_annotation,,0,domains/view_category_overrides_annotation.py,resolved
domains/view_category_overrides.py,domains.view_category_overrides,15,from_import,domains.view_templates,_VIEW_INSTANCES_CACHE_KEY,,0,domains/view_templates.py,resolved
domains/view_category_overrides_annotation.py,domains.view_category_overrides_annotation,4,import,os,,,0,,unresolved_external_or_missing
domains/view_category_overrides_annotation.py,domains.view_category_overrides_annotation,5,import,sys,,,0,,unresolved_external_or_missing
domains/view_category_overrides_annotation.py,domains.view_category_overrides_annotation,12,from_import,core.hashing,make_hash,,0,core/hashing.py,resolved
domains/view_category_overrides_annotation.py,domains.view_category_overrides_annotation,12,from_import,core.hashing,safe_str,,0,core/hashing.py,resolved
domains/view_category_overrides_annotation.py,domains.view_category_overrides_annotation,13,from_import,core.record_v2,ITEM_Q_MISSING,,0,core/record_v2.py,resolved
domains/view_category_overrides_annotation.py,domains.view_category_overrides_annotation,13,from_import,core.record_v2,ITEM_Q_OK,,0,core/record_v2.py,resolved
domains/view_category_overrides_annotation.py,domains.view_category_overrides_annotation,13,from_import,core.record_v2,ITEM_Q_UNREADABLE,,0,core/record_v2.py,resolved
domains/view_category_overrides_annotation.py,domains.view_category_overrides_annotation,13,from_import,core.record_v2,ITEM_Q_UNSUPPORTED,,0,core/record_v2.py,resolved
domains/view_category_overrides_annotation.py,domains.view_category_overrides_annotation,13,from_import,core.record_v2,STATUS_BLOCKED,,0,core/record_v2.py,resolved
domains/view_category_overrides_annotation.py,domains.view_category_overrides_annotation,13,from_import,core.record_v2,STATUS_DEGRADED,,0,core/record_v2.py,resolved
domains/view_category_overrides_annotation.py,domains.view_category_overrides_annotation,13,from_import,core.record_v2,STATUS_OK,,0,core/record_v2.py,resolved
domains/view_category_overrides_annotation.py,domains.view_category_overrides_annotation,13,from_import,core.record_v2,build_record_v2,,0,core/record_v2.py,resolved
domains/view_category_overrides_annotation.py,domains.view_category_overrides_annotation,13,from_import,core.record_v2,canonicalize_bool,,0,core/record_v2.py,resolved
domains/view_category_overrides_annotation.py,domains.view_category_overrides_annotation,13,from_import,core.record_v2,canonicalize_int,,0,core/record_v2.py,resolved
domains/view_category_overrides_annotation.py,domains.view_category_overrides_annotation,13,from_import,core.record_v2,canonicalize_str,,0,core/record_v2.py,resolved
domains/view_category_overrides_annotation.py,domains.view_category_overrides_annotation,13,from_import,core.record_v2,make_identity_item,,0,core/record_v2.py,resolved
domains/view_category_overrides_annotation.py,domains.view_category_overrides_annotation,13,from_import,core.record_v2,serialize_identity_items,,0,core/record_v2.py,resolved
domains/view_category_overrides_annotation.py,domains.view_category_overrides_annotation,28,from_import,core.phase2,phase2_sorted_items,,0,core/phase2.py,resolved
domains/view_category_overrides_annotation.py,domains.view_category_overrides_annotation,29,from_import,core.join_key_policy,get_domain_join_key_policy,,0,core/join_key_policy.py,resolved
domains/view_category_overrides_annotation.py,domains.view_category_overrides_annotation,30,from_import,core.join_key_builder,build_join_key_from_policy,,0,core/join_key_builder.py,resolved
domains/view_category_overrides_annotation.py,domains.view_category_overrides_annotation,31,from_import,core.graphic_overrides,extract_cut_graphics,,0,core/graphic_overrides.py,resolved
domains/view_category_overrides_annotation.py,domains.view_category_overrides_annotation,31,from_import,core.graphic_overrides,extract_halftone,,0,core/graphic_overrides.py,resolved
domains/view_category_overrides_annotation.py,domains.view_category_overrides_annotation,31,from_import,core.graphic_overrides,extract_projection_graphics,,0,core/graphic_overrides.py,resolved
domains/view_category_overrides_annotation.py,domains.view_category_overrides_annotation,31,from_import,core.graphic_overrides,extract_transparency,,0,core/graphic_overrides.py,resolved
domains/view_category_overrides_annotation.py,domains.view_category_overrides_annotation,37,from_import,core.collect,collect_instances,,0,core/collect.py,resolved
domains/view_category_overrides_annotation.py,domains.view_category_overrides_annotation,38,from_import,domains.view_templates,_VIEW_INSTANCES_CACHE_KEY,,0,domains/view_templates.py,resolved
domains/view_category_overrides_annotation.py,domains.view_category_overrides_annotation,41,from_import,Autodesk.Revit.DB,OverrideGraphicSettings,,0,,unresolved_external_or_missing
domains/view_category_overrides_annotation.py,domains.view_category_overrides_annotation,41,from_import,Autodesk.Revit.DB,View,,0,,unresolved_external_or_missing
domains/view_category_overrides_model.py,domains.view_category_overrides_model,4,import,os,,,0,,unresolved_external_or_missing
domains/view_category_overrides_model.py,domains.view_category_overrides_model,5,import,sys,,,0,,unresolved_external_or_missing
domains/view_category_overrides_model.py,domains.view_category_overrides_model,6,import,time,,,0,,unresolved_external_or_missing
domains/view_category_overrides_model.py,domains.view_category_overrides_model,13,from_import,core.hashing,make_hash,,0,core/hashing.py,resolved
domains/view_category_overrides_model.py,domains.view_category_overrides_model,13,from_import,core.hashing,safe_str,,0,core/hashing.py,resolved
domains/view_category_overrides_model.py,domains.view_category_overrides_model,14,from_import,core.record_v2,ITEM_Q_MISSING,,0,core/record_v2.py,resolved
domains/view_category_overrides_model.py,domains.view_category_overrides_model,14,from_import,core.record_v2,ITEM_Q_OK,,0,core/record_v2.py,resolved
domains/view_category_overrides_model.py,domains.view_category_overrides_model,14,from_import,core.record_v2,ITEM_Q_UNREADABLE,,0,core/record_v2.py,resolved
domains/view_category_overrides_model.py,domains.view_category_overrides_model,14,from_import,core.record_v2,ITEM_Q_UNSUPPORTED,,0,core/record_v2.py,resolved
domains/view_category_overrides_model.py,domains.view_category_overrides_model,14,from_import,core.record_v2,STATUS_BLOCKED,,0,core/record_v2.py,resolved
domains/view_category_overrides_model.py,domains.view_category_overrides_model,14,from_import,core.record_v2,STATUS_DEGRADED,,0,core/record_v2.py,resolved
domains/view_category_overrides_model.py,domains.view_category_overrides_model,14,from_import,core.record_v2,STATUS_OK,,0,core/record_v2.py,resolved
domains/view_category_overrides_model.py,domains.view_category_overrides_model,14,from_import,core.record_v2,build_record_v2,,0,core/record_v2.py,resolved
domains/view_category_overrides_model.py,domains.view_category_overrides_model,14,from_import,core.record_v2,canonicalize_bool,,0,core/record_v2.py,resolved
domains/view_category_overrides_model.py,domains.view_category_overrides_model,14,from_import,core.record_v2,canonicalize_int,,0,core/record_v2.py,resolved
domains/view_category_overrides_model.py,domains.view_category_overrides_model,14,from_import,core.record_v2,canonicalize_str,,0,core/record_v2.py,resolved
domains/view_category_overrides_model.py,domains.view_category_overrides_model,14,from_import,core.record_v2,make_identity_item,,0,core/record_v2.py,resolved
domains/view_category_overrides_model.py,domains.view_category_overrides_model,14,from_import,core.record_v2,serialize_identity_items,,0,core/record_v2.py,resolved
domains/view_category_overrides_model.py,domains.view_category_overrides_model,29,from_import,core.phase2,phase2_sorted_items,,0,core/phase2.py,resolved
domains/view_category_overrides_model.py,domains.view_category_overrides_model,30,from_import,core.deps,Blocked,,0,core/deps.py,resolved
domains/view_category_overrides_model.py,domains.view_category_overrides_model,30,from_import,core.deps,require_domain,,0,core/deps.py,resolved
domains/view_category_overrides_model.py,domains.view_category_overrides_model,31,from_import,core.join_key_policy,get_domain_join_key_policy,,0,core/join_key_policy.py,resolved
domains/view_category_overrides_model.py,domains.view_category_overrides_model,32,from_import,core.join_key_builder,build_join_key_from_policy,,0,core/join_key_builder.py,resolved
domains/view_category_overrides_model.py,domains.view_category_overrides_model,33,from_import,core.graphic_overrides,extract_cut_graphics,,0,core/graphic_overrides.py,resolved
domains/view_category_overrides_model.py,domains.view_category_overrides_model,33,from_import,core.graphic_overrides,extract_halftone,,0,core/graphic_overrides.py,resolved
domains/view_category_overrides_model.py,domains.view_category_overrides_model,33,from_import,core.graphic_overrides,extract_projection_graphics,,0,core/graphic_overrides.py,resolved
domains/view_category_overrides_model.py,domains.view_category_overrides_model,33,from_import,core.graphic_overrides,extract_transparency,,0,core/graphic_overrides.py,resolved
domains/view_category_overrides_model.py,domains.view_category_overrides_model,39,from_import,core.collect,collect_instances,,0,core/collect.py,resolved
domains/view_category_overrides_model.py,domains.view_category_overrides_model,40,from_import,domains.view_templates,_VIEW_INSTANCES_CACHE_KEY,,0,domains/view_templates.py,resolved
domains/view_category_overrides_model.py,domains.view_category_overrides_model,43,from_import,Autodesk.Revit.DB,OverrideGraphicSettings,,0,,unresolved_external_or_missing
domains/view_category_overrides_model.py,domains.view_category_overrides_model,43,from_import,Autodesk.Revit.DB,View,,0,,unresolved_external_or_missing
domains/view_category_overrides_model.py,domains.view_category_overrides_model,52,import,hashlib,,,0,,unresolved_external_or_missing
domains/view_filter_applications_view_templates.py,domains.view_filter_applications_view_templates,15,from_import,__future__,annotations,,0,,unresolved_external_or_missing
domains/view_filter_applications_view_templates.py,domains.view_filter_applications_view_templates,17,from_import,typing,Any,,0,,unresolved_external_or_missing
domains/view_filter_applications_view_templates.py,domains.view_filter_applications_view_templates,17,from_import,typing,Dict,,0,,unresolved_external_or_missing
domains/view_filter_applications_view_templates.py,domains.view_filter_applications_view_templates,17,from_import,typing,List,,0,,unresolved_external_or_missing
domains/view_filter_applications_view_templates.py,domains.view_filter_applications_view_templates,17,from_import,typing,Optional,,0,,unresolved_external_or_missing
domains/view_filter_applications_view_templates.py,domains.view_filter_applications_view_templates,19,from_import,Autodesk.Revit.DB,ElementId,,0,,unresolved_external_or_missing
domains/view_filter_applications_view_templates.py,domains.view_filter_applications_view_templates,19,from_import,Autodesk.Revit.DB,View,,0,,unresolved_external_or_missing
domains/view_filter_applications_view_templates.py,domains.view_filter_applications_view_templates,19,from_import,Autodesk.Revit.DB,ViewSchedule,,0,,unresolved_external_or_missing
domains/view_filter_applications_view_templates.py,domains.view_filter_applications_view_templates,21,from_import,core.collect,collect_instances,,0,core/collect.py,resolved
domains/view_filter_applications_view_templates.py,domains.view_filter_applications_view_templates,22,from_import,core.hashing,make_hash,,0,core/hashing.py,resolved
domains/view_filter_applications_view_templates.py,domains.view_filter_applications_view_templates,22,from_import,core.hashing,safe_str,,0,core/hashing.py,resolved
domains/view_filter_applications_view_templates.py,domains.view_filter_applications_view_templates,23,from_import,core.record_v2,ITEM_Q_MISSING,,0,core/record_v2.py,resolved
domains/view_filter_applications_view_templates.py,domains.view_filter_applications_view_templates,23,from_import,core.record_v2,ITEM_Q_OK,,0,core/record_v2.py,resolved
domains/view_filter_applications_view_templates.py,domains.view_filter_applications_view_templates,23,from_import,core.record_v2,ITEM_Q_UNREADABLE,,0,core/record_v2.py,resolved
domains/view_filter_applications_view_templates.py,domains.view_filter_applications_view_templates,23,from_import,core.record_v2,ITEM_Q_UNSUPPORTED,,0,core/record_v2.py,resolved
domains/view_filter_applications_view_templates.py,domains.view_filter_applications_view_templates,23,from_import,core.record_v2,STATUS_BLOCKED,,0,core/record_v2.py,resolved
domains/view_filter_applications_view_templates.py,domains.view_filter_applications_view_templates,23,from_import,core.record_v2,STATUS_DEGRADED,,0,core/record_v2.py,resolved
domains/view_filter_applications_view_templates.py,domains.view_filter_applications_view_templates,23,from_import,core.record_v2,STATUS_OK,,0,core/record_v2.py,resolved
domains/view_filter_applications_view_templates.py,domains.view_filter_applications_view_templates,23,from_import,core.record_v2,build_record_v2,,0,core/record_v2.py,resolved
domains/view_filter_applications_view_templates.py,domains.view_filter_applications_view_templates,23,from_import,core.record_v2,canonical_structural_fields,,0,core/record_v2.py,resolved
domains/view_filter_applications_view_templates.py,domains.view_filter_applications_view_templates,23,from_import,core.record_v2,canonicalize_bool,,0,core/record_v2.py,resolved
domains/view_filter_applications_view_templates.py,domains.view_filter_applications_view_templates,23,from_import,core.record_v2,canonicalize_int,,0,core/record_v2.py,resolved
domains/view_filter_applications_view_templates.py,domains.view_filter_applications_view_templates,23,from_import,core.record_v2,canonicalize_str,,0,core/record_v2.py,resolved
domains/view_filter_applications_view_templates.py,domains.view_filter_applications_view_templates,23,from_import,core.record_v2,finalize_record_ids_for_domain,,0,core/record_v2.py,resolved
domains/view_filter_applications_view_templates.py,domains.view_filter_applications_view_templates,23,from_import,core.record_v2,make_identity_item,,0,core/record_v2.py,resolved
domains/view_filter_applications_view_templates.py,domains.view_filter_applications_view_templates,23,from_import,core.record_v2,make_record_id_from_element,,0,core/record_v2.py,resolved
domains/view_filter_applications_view_templates.py,domains.view_filter_applications_view_templates,23,from_import,core.record_v2,make_record_id_structural,,0,core/record_v2.py,resolved
domains/view_filter_applications_view_templates.py,domains.view_filter_applications_view_templates,23,from_import,core.record_v2,serialize_identity_items,,0,core/record_v2.py,resolved
domains/view_filter_applications_view_templates.py,domains.view_filter_applications_view_templates,43,from_import,core.phase2,phase2_join_hash,,0,core/phase2.py,resolved
domains/view_filter_applications_view_templates.py,domains.view_filter_applications_view_templates,43,from_import,core.phase2,phase2_sorted_items,,0,core/phase2.py,resolved
domains/view_filter_applications_view_templates.py,domains.view_filter_applications_view_templates,47,from_import,domains.view_templates,_VIEW_INSTANCES_CACHE_KEY,,0,domains/view_templates.py,resolved
domains/view_filter_applications_view_templates.py,domains.view_filter_applications_view_templates,50,from_import,core.join_key_policy,get_domain_join_key_policy,,0,core/join_key_policy.py,resolved
domains/view_filter_applications_view_templates.py,domains.view_filter_applications_view_templates,51,from_import,core.join_key_builder,build_join_key_from_policy,,0,core/join_key_builder.py,resolved
domains/view_filter_definitions.py,domains.view_filter_definitions,19,from_import,__future__,annotations,,0,,unresolved_external_or_missing
domains/view_filter_definitions.py,domains.view_filter_definitions,21,import,json,,,0,,unresolved_external_or_missing
domains/view_filter_definitions.py,domains.view_filter_definitions,23,from_import,typing,Any,,0,,unresolved_external_or_missing
domains/view_filter_definitions.py,domains.view_filter_definitions,23,from_import,typing,Dict,,0,,unresolved_external_or_missing
domains/view_filter_definitions.py,domains.view_filter_definitions,23,from_import,typing,List,,0,,unresolved_external_or_missing
domains/view_filter_definitions.py,domains.view_filter_definitions,23,from_import,typing,Optional,,0,,unresolved_external_or_missing
domains/view_filter_definitions.py,domains.view_filter_definitions,23,from_import,typing,Tuple,,0,,unresolved_external_or_missing
domains/view_filter_definitions.py,domains.view_filter_definitions,25,from_import,Autodesk.Revit,DB,RDB,0,,unresolved_external_or_missing
domains/view_filter_definitions.py,domains.view_filter_definitions,27,from_import,core.collect,collect_instances,,0,core/collect.py,resolved
domains/view_filter_definitions.py,domains.view_filter_definitions,27,from_import,core.collect,purge_lookup,,0,core/collect.py,resolved
domains/view_filter_definitions.py,domains.view_filter_definitions,28,from_import,core.hashing,make_hash,,0,core/hashing.py,resolved
domains/view_filter_definitions.py,domains.view_filter_definitions,28,from_import,core.hashing,safe_str,,0,core/hashing.py,resolved
domains/view_filter_definitions.py,domains.view_filter_definitions,29,from_import,core.record_v2,ITEM_Q_MISSING,,0,core/record_v2.py,resolved
domains/view_filter_definitions.py,domains.view_filter_definitions,29,from_import,core.record_v2,ITEM_Q_OK,,0,core/record_v2.py,resolved
domains/view_filter_definitions.py,domains.view_filter_definitions,29,from_import,core.record_v2,ITEM_Q_UNREADABLE,,0,core/record_v2.py,resolved
domains/view_filter_definitions.py,domains.view_filter_definitions,29,from_import,core.record_v2,STATUS_BLOCKED,,0,core/record_v2.py,resolved
domains/view_filter_definitions.py,domains.view_filter_definitions,29,from_import,core.record_v2,STATUS_DEGRADED,,0,core/record_v2.py,resolved
domains/view_filter_definitions.py,domains.view_filter_definitions,29,from_import,core.record_v2,STATUS_OK,,0,core/record_v2.py,resolved
domains/view_filter_definitions.py,domains.view_filter_definitions,29,from_import,core.record_v2,build_record_v2,,0,core/record_v2.py,resolved
domains/view_filter_definitions.py,domains.view_filter_definitions,29,from_import,core.record_v2,canonical_structural_fields,,0,core/record_v2.py,resolved
domains/view_filter_definitions.py,domains.view_filter_definitions,29,from_import,core.record_v2,canonicalize_int,,0,core/record_v2.py,resolved
domains/view_filter_definitions.py,domains.view_filter_definitions,29,from_import,core.record_v2,canonicalize_str,,0,core/record_v2.py,resolved
domains/view_filter_definitions.py,domains.view_filter_definitions,29,from_import,core.record_v2,finalize_record_ids_for_domain,,0,core/record_v2.py,resolved
domains/view_filter_definitions.py,domains.view_filter_definitions,29,from_import,core.record_v2,make_identity_item,,0,core/record_v2.py,resolved
domains/view_filter_definitions.py,domains.view_filter_definitions,29,from_import,core.record_v2,make_record_id_from_element,,0,core/record_v2.py,resolved
domains/view_filter_definitions.py,domains.view_filter_definitions,29,from_import,core.record_v2,make_record_id_structural,,0,core/record_v2.py,resolved
domains/view_filter_definitions.py,domains.view_filter_definitions,29,from_import,core.record_v2,serialize_identity_items,,0,core/record_v2.py,resolved
domains/view_filter_definitions.py,domains.view_filter_definitions,47,from_import,core.phase2,phase2_qv_from_legacy_sentinel_str,,0,core/phase2.py,resolved
domains/view_filter_definitions.py,domains.view_filter_definitions,47,from_import,core.phase2,phase2_sorted_items,,0,core/phase2.py,resolved
domains/view_filter_definitions.py,domains.view_filter_definitions,52,from_import,core.join_key_policy,get_domain_join_key_policy,,0,core/join_key_policy.py,resolved
domains/view_filter_definitions.py,domains.view_filter_definitions,53,from_import,core.join_key_builder,build_join_key_from_policy,,0,core/join_key_builder.py,resolved
domains/view_filter_definitions.py,domains.view_filter_definitions,53,from_import,core.join_key_builder,compute_projection_status,,0,core/join_key_builder.py,resolved
domains/view_templates.py,domains.view_templates,5,import,os,,,0,,unresolved_external_or_missing
domains/view_templates.py,domains.view_templates,6,import,sys,,,0,,unresolved_external_or_missing
domains/view_templates.py,domains.view_templates,13,from_import,core.hashing,make_hash,,0,core/hashing.py,resolved
domains/view_templates.py,domains.view_templates,13,from_import,core.hashing,safe_str,,0,core/hashing.py,resolved
domains/view_templates.py,domains.view_templates,14,from_import,core.deps,Blocked,,0,core/deps.py,resolved
domains/view_templates.py,domains.view_templates,14,from_import,core.deps,require_domain,,0,core/deps.py,resolved
domains/view_templates.py,domains.view_templates,15,from_import,core.collect,collect_instances,,0,core/collect.py,resolved
domains/view_templates.py,domains.view_templates,15,from_import,core.collect,purge_lookup,,0,core/collect.py,resolved
domains/view_templates.py,domains.view_templates,16,from_import,core.canon,S_MISSING,,0,core/canon.py,resolved
domains/view_templates.py,domains.view_templates,16,from_import,core.canon,S_NOT_APPLICABLE,,0,core/canon.py,resolved
domains/view_templates.py,domains.view_templates,16,from_import,core.canon,S_UNREADABLE,,0,core/canon.py,resolved
domains/view_templates.py,domains.view_templates,16,from_import,core.canon,canon_bool,,0,core/canon.py,resolved
domains/view_templates.py,domains.view_templates,16,from_import,core.canon,canon_id,,0,core/canon.py,resolved
domains/view_templates.py,domains.view_templates,16,from_import,core.canon,canon_num,,0,core/canon.py,resolved
domains/view_templates.py,domains.view_templates,16,from_import,core.canon,canon_str,,0,core/canon.py,resolved
domains/view_templates.py,domains.view_templates,16,from_import,core.canon,fnum,,0,core/canon.py,resolved
domains/view_templates.py,domains.view_templates,17,from_import,core.record_v2,ITEM_Q_MISSING,,0,core/record_v2.py,resolved
domains/view_templates.py,domains.view_templates,17,from_import,core.record_v2,ITEM_Q_OK,,0,core/record_v2.py,resolved
domains/view_templates.py,domains.view_templates,17,from_import,core.record_v2,ITEM_Q_UNREADABLE,,0,core/record_v2.py,resolved
domains/view_templates.py,domains.view_templates,17,from_import,core.record_v2,STATUS_BLOCKED,,0,core/record_v2.py,resolved
domains/view_templates.py,domains.view_templates,17,from_import,core.record_v2,STATUS_DEGRADED,,0,core/record_v2.py,resolved
domains/view_templates.py,domains.view_templates,17,from_import,core.record_v2,STATUS_OK,,0,core/record_v2.py,resolved
domains/view_templates.py,domains.view_templates,17,from_import,core.record_v2,build_record_v2,,0,core/record_v2.py,resolved
domains/view_templates.py,domains.view_templates,17,from_import,core.record_v2,canonicalize_int,,0,core/record_v2.py,resolved
domains/view_templates.py,domains.view_templates,17,from_import,core.record_v2,canonicalize_str,,0,core/record_v2.py,resolved
domains/view_templates.py,domains.view_templates,17,from_import,core.record_v2,make_identity_item,,0,core/record_v2.py,resolved
domains/view_templates.py,domains.view_templates,17,from_import,core.record_v2,make_record_id_from_element,,0,core/record_v2.py,resolved
domains/view_templates.py,domains.view_templates,17,from_import,core.record_v2,serialize_identity_items,,0,core/record_v2.py,resolved
domains/view_templates.py,domains.view_templates,31,from_import,core.phase2,phase2_join_hash,,0,core/phase2.py,resolved
domains/view_templates.py,domains.view_templates,31,from_import,core.phase2,phase2_qv_from_legacy_sentinel_str,,0,core/phase2.py,resolved
domains/view_templates.py,domains.view_templates,31,from_import,core.phase2,phase2_sorted_items,,0,core/phase2.py,resolved
domains/view_templates.py,domains.view_templates,32,from_import,core.join_key_policy,get_domain_join_key_policy,,0,core/join_key_policy.py,resolved
domains/view_templates.py,domains.view_templates,33,from_import,core.join_key_builder,build_join_key_from_policy,,0,core/join_key_builder.py,resolved
domains/view_templates.py,domains.view_templates,33,from_import,core.join_key_builder,compute_projection_status,,0,core/join_key_builder.py,resolved
domains/view_templates.py,domains.view_templates,34,from_import,core.graphic_overrides,extract_cut_graphics,,0,core/graphic_overrides.py,resolved
domains/view_templates.py,domains.view_templates,34,from_import,core.graphic_overrides,extract_halftone,,0,core/graphic_overrides.py,resolved
domains/view_templates.py,domains.view_templates,34,from_import,core.graphic_overrides,extract_projection_graphics,,0,core/graphic_overrides.py,resolved
domains/view_templates.py,domains.view_templates,34,from_import,core.graphic_overrides,extract_transparency,,0,core/graphic_overrides.py,resolved
domains/view_templates.py,domains.view_templates,35,from_import,core.vg_sig,_traceability_unknown_items,,0,core/vg_sig.py,resolved
domains/view_templates.py,domains.view_templates,35,from_import,core.vg_sig,emit_builtin_params,,0,core/vg_sig.py,resolved
domains/view_templates.py,domains.view_templates,35,from_import,core.vg_sig,emit_shared_params_stub,,0,core/vg_sig.py,resolved
domains/view_templates.py,domains.view_templates,38,from_import,Autodesk.Revit.DB,BuiltInParameter,,0,,unresolved_external_or_missing
domains/view_templates.py,domains.view_templates,38,from_import,Autodesk.Revit.DB,View,,0,,unresolved_external_or_missing
domains/view_templates.py,domains.view_templates,38,from_import,Autodesk.Revit.DB,ViewSchedule,,0,,unresolved_external_or_missing
domains/view_templates.py,domains.view_templates,45,from_import,Autodesk.Revit.DB,FilteredWorksetCollector,,0,,unresolved_external_or_missing
domains/view_templates.py,domains.view_templates,45,from_import,Autodesk.Revit.DB,WorksetKind,,0,,unresolved_external_or_missing
domains/view_templates.py,domains.view_templates,1282,from_import,Autodesk.Revit.DB,ViewType,,0,,unresolved_external_or_missing
domains/wall_types.py,domains.wall_types,8,import,os,,,0,,unresolved_external_or_missing
domains/wall_types.py,domains.wall_types,9,import,sys,,,0,,unresolved_external_or_missing
domains/wall_types.py,domains.wall_types,16,from_import,core.hashing,make_hash,,0,core/hashing.py,resolved
domains/wall_types.py,domains.wall_types,16,from_import,core.hashing,safe_str,,0,core/hashing.py,resolved
domains/wall_types.py,domains.wall_types,17,from_import,core.collect,collect_types,,0,core/collect.py,resolved
domains/wall_types.py,domains.wall_types,17,from_import,core.collect,purge_lookup,,0,core/collect.py,resolved
domains/wall_types.py,domains.wall_types,18,from_import,core.canon,S_MISSING,,0,core/canon.py,resolved
domains/wall_types.py,domains.wall_types,18,from_import,core.canon,S_NOT_APPLICABLE,,0,core/canon.py,resolved
domains/wall_types.py,domains.wall_types,18,from_import,core.canon,S_UNREADABLE,,0,core/canon.py,resolved
domains/wall_types.py,domains.wall_types,19,from_import,core.record_v2,ITEM_Q_OK,,0,core/record_v2.py,resolved
domains/wall_types.py,domains.wall_types,19,from_import,core.record_v2,ITEM_Q_UNREADABLE,,0,core/record_v2.py,resolved
domains/wall_types.py,domains.wall_types,19,from_import,core.record_v2,ITEM_Q_UNSUPPORTED_NOT_APPLICABLE,,0,core/record_v2.py,resolved
domains/wall_types.py,domains.wall_types,19,from_import,core.record_v2,STATUS_BLOCKED,,0,core/record_v2.py,resolved
domains/wall_types.py,domains.wall_types,19,from_import,core.record_v2,STATUS_OK,,0,core/record_v2.py,resolved
domains/wall_types.py,domains.wall_types,19,from_import,core.record_v2,build_record_v2,,0,core/record_v2.py,resolved
domains/wall_types.py,domains.wall_types,19,from_import,core.record_v2,canonicalize_bool,,0,core/record_v2.py,resolved
domains/wall_types.py,domains.wall_types,19,from_import,core.record_v2,canonicalize_float,,0,core/record_v2.py,resolved
domains/wall_types.py,domains.wall_types,19,from_import,core.record_v2,canonicalize_int,,0,core/record_v2.py,resolved
domains/wall_types.py,domains.wall_types,19,from_import,core.record_v2,canonicalize_str,,0,core/record_v2.py,resolved
domains/wall_types.py,domains.wall_types,19,from_import,core.record_v2,make_identity_item,,0,core/record_v2.py,resolved
domains/wall_types.py,domains.wall_types,19,from_import,core.record_v2,serialize_identity_items,,0,core/record_v2.py,resolved
domains/wall_types.py,domains.wall_types,33,from_import,domains.materials,CTX_MATERIAL_UID_TO_CLASS,,0,domains/materials.py,resolved
domains/wall_types.py,domains.wall_types,33,from_import,domains.materials,CTX_MATERIAL_UID_TO_NAME,,0,domains/materials.py,resolved
domains/wall_types.py,domains.wall_types,34,from_import,domains.compound_layers,_attach_placeholder_metadata,,0,domains/compound_layers.py,resolved
domains/wall_types.py,domains.wall_types,34,from_import,domains.compound_layers,_build_instance_count_map,,0,domains/compound_layers.py,resolved
domains/wall_types.py,domains.wall_types,34,from_import,domains.compound_layers,_build_name_key,,0,domains/compound_layers.py,resolved
domains/wall_types.py,domains.wall_types,34,from_import,domains.compound_layers,_coarse_fill_reads,,0,domains/compound_layers.py,resolved
domains/wall_types.py,domains.wall_types,34,from_import,domains.compound_layers,_enum_name,,0,domains/compound_layers.py,resolved
domains/wall_types.py,domains.wall_types,34,from_import,domains.compound_layers,_label_for_type,,0,domains/compound_layers.py,resolved
domains/wall_types.py,domains.wall_types,34,from_import,domains.compound_layers,_read_compound_structure,,0,domains/compound_layers.py,resolved
domains/wall_types.py,domains.wall_types,34,from_import,domains.compound_layers,_read_type_name,,0,domains/compound_layers.py,resolved
domains/wall_types.py,domains.wall_types,34,from_import,domains.compound_layers,_require_compound_dependencies,,0,domains/compound_layers.py,resolved
domains/wall_types.py,domains.wall_types,47,from_import,Autodesk.Revit.DB,BuiltInCategory,,0,,unresolved_external_or_missing
domains/wall_types.py,domains.wall_types,47,from_import,Autodesk.Revit.DB,WallFunction,,0,,unresolved_external_or_missing
domains/wall_types.py,domains.wall_types,47,from_import,Autodesk.Revit.DB,WallKind,,0,,unresolved_external_or_missing
domains/wall_types.py,domains.wall_types,47,from_import,Autodesk.Revit.DB,WallType,,0,,unresolved_external_or_missing
domains/worksets.py,domains.worksets,52,import,os,,,0,,unresolved_external_or_missing
domains/worksets.py,domains.worksets,53,import,sys,,,0,,unresolved_external_or_missing
domains/worksets.py,domains.worksets,61,from_import,core.hashing,make_hash,,0,core/hashing.py,resolved
domains/worksets.py,domains.worksets,61,from_import,core.hashing,safe_str,,0,core/hashing.py,resolved
domains/worksets.py,domains.worksets,62,from_import,core.record_v2,ITEM_Q_OK,,0,core/record_v2.py,resolved
domains/worksets.py,domains.worksets,62,from_import,core.record_v2,ITEM_Q_UNREADABLE,,0,core/record_v2.py,resolved
domains/worksets.py,domains.worksets,62,from_import,core.record_v2,ITEM_Q_UNSUPPORTED_NOT_APPLICABLE,,0,core/record_v2.py,resolved
domains/worksets.py,domains.worksets,62,from_import,core.record_v2,STATUS_BLOCKED,,0,core/record_v2.py,resolved
domains/worksets.py,domains.worksets,62,from_import,core.record_v2,STATUS_DEGRADED,,0,core/record_v2.py,resolved
domains/worksets.py,domains.worksets,62,from_import,core.record_v2,STATUS_OK,,0,core/record_v2.py,resolved
domains/worksets.py,domains.worksets,62,from_import,core.record_v2,build_record_v2,,0,core/record_v2.py,resolved
domains/worksets.py,domains.worksets,62,from_import,core.record_v2,canonicalize_bool,,0,core/record_v2.py,resolved
domains/worksets.py,domains.worksets,62,from_import,core.record_v2,canonicalize_int,,0,core/record_v2.py,resolved
domains/worksets.py,domains.worksets,62,from_import,core.record_v2,canonicalize_str,,0,core/record_v2.py,resolved
domains/worksets.py,domains.worksets,62,from_import,core.record_v2,canonicalize_str_allow_empty,,0,core/record_v2.py,resolved
domains/worksets.py,domains.worksets,62,from_import,core.record_v2,make_identity_item,,0,core/record_v2.py,resolved
domains/worksets.py,domains.worksets,62,from_import,core.record_v2,serialize_identity_items,,0,core/record_v2.py,resolved
domains/worksets.py,domains.worksets,77,from_import,core.join_key_policy,get_domain_join_key_policy,,0,core/join_key_policy.py,resolved
domains/worksets.py,domains.worksets,78,from_import,core.join_key_builder,build_join_key_from_policy,,0,core/join_key_builder.py,resolved
domains/worksets.py,domains.worksets,79,from_import,core.phase2,phase2_sorted_items,,0,core/phase2.py,resolved
domains/worksets.py,domains.worksets,82,from_import,Autodesk.Revit.DB,FilteredWorksetCollector,,0,,unresolved_external_or_missing
domains/worksets.py,domains.worksets,82,from_import,Autodesk.Revit.DB,WorksetKind,,0,,unresolved_external_or_missing
legacy/fingerprint_mvp.py,legacy.fingerprint_mvp,2,import,clr,,,0,,unresolved_external_or_missing
legacy/fingerprint_mvp.py,legacy.fingerprint_mvp,3,import,json,,,0,,unresolved_external_or_missing
legacy/fingerprint_mvp.py,legacy.fingerprint_mvp,7,from_import,RevitServices.Persistence,DocumentManager,,0,,unresolved_external_or_missing
legacy/fingerprint_mvp.py,legacy.fingerprint_mvp,10,from_import,Autodesk.Revit.DB,BuiltInCategory,,0,,unresolved_external_or_missing
legacy/fingerprint_mvp.py,legacy.fingerprint_mvp,10,from_import,Autodesk.Revit.DB,BuiltInParameter,,0,,unresolved_external_or_missing
legacy/fingerprint_mvp.py,legacy.fingerprint_mvp,10,from_import,Autodesk.Revit.DB,Category,,0,,unresolved_external_or_missing
legacy/fingerprint_mvp.py,legacy.fingerprint_mvp,10,from_import,Autodesk.Revit.DB,CategoryType,,0,,unresolved_external_or_missing
legacy/fingerprint_mvp.py,legacy.fingerprint_mvp,10,from_import,Autodesk.Revit.DB,DimensionType,,0,,unresolved_external_or_missing
legacy/fingerprint_mvp.py,legacy.fingerprint_mvp,10,from_import,Autodesk.Revit.DB,ElementId,,0,,unresolved_external_or_missing
legacy/fingerprint_mvp.py,legacy.fingerprint_mvp,10,from_import,Autodesk.Revit.DB,ElementType,,0,,unresolved_external_or_missing
legacy/fingerprint_mvp.py,legacy.fingerprint_mvp,10,from_import,Autodesk.Revit.DB,FillPatternElement,,0,,unresolved_external_or_missing
legacy/fingerprint_mvp.py,legacy.fingerprint_mvp,10,from_import,Autodesk.Revit.DB,FilteredElementCollector,,0,,unresolved_external_or_missing
legacy/fingerprint_mvp.py,legacy.fingerprint_mvp,10,from_import,Autodesk.Revit.DB,GraphicsStyleType,,0,,unresolved_external_or_missing
legacy/fingerprint_mvp.py,legacy.fingerprint_mvp,10,from_import,Autodesk.Revit.DB,LinePatternElement,,0,,unresolved_external_or_missing
legacy/fingerprint_mvp.py,legacy.fingerprint_mvp,10,from_import,Autodesk.Revit.DB,SpecTypeId,,0,,unresolved_external_or_missing
legacy/fingerprint_mvp.py,legacy.fingerprint_mvp,10,from_import,Autodesk.Revit.DB,TextNoteType,,0,,unresolved_external_or_missing
legacy/fingerprint_mvp.py,legacy.fingerprint_mvp,10,from_import,Autodesk.Revit.DB,UnitTypeId,,0,,unresolved_external_or_missing
legacy/fingerprint_mvp.py,legacy.fingerprint_mvp,10,from_import,Autodesk.Revit.DB,UnitUtils,,0,,unresolved_external_or_missing
legacy/fingerprint_mvp.py,legacy.fingerprint_mvp,10,from_import,Autodesk.Revit.DB,View,,0,,unresolved_external_or_missing
legacy/fingerprint_mvp.py,legacy.fingerprint_mvp,10,from_import,Autodesk.Revit.DB,WorksharingUtils,,0,,unresolved_external_or_missing
legacy/fingerprint_mvp.py,legacy.fingerprint_mvp,260,from_import,System.Text,Encoding,,0,,unresolved_external_or_missing
legacy/fingerprint_mvp.py,legacy.fingerprint_mvp,261,from_import,System.Security.Cryptography,MD5,,0,,unresolved_external_or_missing
legacy/fingerprint_mvp.py,legacy.fingerprint_mvp,803,from_import,Autodesk.Revit.DB,CategoryType,,0,,unresolved_external_or_missing
mapping/_dynamo_bootstrap.py,mapping._dynamo_bootstrap,44,from_import,__future__,annotations,,0,,unresolved_external_or_missing
mapping/_dynamo_bootstrap.py,mapping._dynamo_bootstrap,46,import,os,,,0,,unresolved_external_or_missing
mapping/_dynamo_bootstrap.py,mapping._dynamo_bootstrap,47,import,sys,,,0,,unresolved_external_or_missing
mapping/_dynamo_bootstrap.py,mapping._dynamo_bootstrap,48,from_import,typing,Iterable,,0,,unresolved_external_or_missing
mapping/_dynamo_bootstrap.py,mapping._dynamo_bootstrap,48,from_import,typing,Optional,,0,,unresolved_external_or_missing
mapping/_dynamo_bootstrap.py,mapping._dynamo_bootstrap,48,from_import,typing,Sequence,,0,,unresolved_external_or_missing
mapping/_dynamo_bootstrap.py,mapping._dynamo_bootstrap,162,import,clr,,,0,,unresolved_external_or_missing
mapping/create_line_pattern_mappings.py,mapping.create_line_pattern_mappings,53,import,importlib.util,,,0,,unresolved_external_or_missing
mapping/create_line_pattern_mappings.py,mapping.create_line_pattern_mappings,54,import,os,,,0,,unresolved_external_or_missing
mapping/create_line_pattern_mappings.py,mapping.create_line_pattern_mappings,134,from_import,RevitServices.Persistence,DocumentManager,,0,,unresolved_external_or_missing
mapping/create_line_pattern_mappings.py,mapping.create_line_pattern_mappings,136,from_import,mapping.line_pattern_reconstruction,ACTION_SKIPPED,,0,mapping/line_pattern_reconstruction.py,resolved
mapping/create_line_pattern_mappings.py,mapping.create_line_pattern_mappings,136,from_import,mapping.line_pattern_reconstruction,MappingOutcome,,0,mapping/line_pattern_reconstruction.py,resolved
mapping/create_line_pattern_mappings.py,mapping.create_line_pattern_mappings,136,from_import,mapping.line_pattern_reconstruction,STATUS_BLOCKED,,0,mapping/line_pattern_reconstruction.py,resolved
mapping/create_line_pattern_mappings.py,mapping.create_line_pattern_mappings,136,from_import,mapping.line_pattern_reconstruction,STATUS_DEGRADED,,0,mapping/line_pattern_reconstruction.py,resolved
mapping/create_line_pattern_mappings.py,mapping.create_line_pattern_mappings,136,from_import,mapping.line_pattern_reconstruction,STATUS_OK,,0,mapping/line_pattern_reconstruction.py,resolved
mapping/create_line_pattern_mappings.py,mapping.create_line_pattern_mappings,136,from_import,mapping.line_pattern_reconstruction,build_report_rows,,0,mapping/line_pattern_reconstruction.py,resolved
mapping/create_line_pattern_mappings.py,mapping.create_line_pattern_mappings,136,from_import,mapping.line_pattern_reconstruction,compute_run_status,,0,mapping/line_pattern_reconstruction.py,resolved
mapping/create_line_pattern_mappings.py,mapping.create_line_pattern_mappings,136,from_import,mapping.line_pattern_reconstruction,get_line_patterns_join_key_policy,,0,mapping/line_pattern_reconstruction.py,resolved
mapping/create_line_pattern_mappings.py,mapping.create_line_pattern_mappings,136,from_import,mapping.line_pattern_reconstruction,group_names_by_join_hash,,0,mapping/line_pattern_reconstruction.py,resolved
mapping/create_line_pattern_mappings.py,mapping.create_line_pattern_mappings,136,from_import,mapping.line_pattern_reconstruction,group_requested_join_hashes,,0,mapping/line_pattern_reconstruction.py,resolved
mapping/create_line_pattern_mappings.py,mapping.create_line_pattern_mappings,136,from_import,mapping.line_pattern_reconstruction,group_settings_by_join_hash,,0,mapping/line_pattern_reconstruction.py,resolved
mapping/create_line_pattern_mappings.py,mapping.create_line_pattern_mappings,136,from_import,mapping.line_pattern_reconstruction,load_bundle_pattern_detail_export,,0,mapping/line_pattern_reconstruction.py,resolved
mapping/create_line_pattern_mappings.py,mapping.create_line_pattern_mappings,136,from_import,mapping.line_pattern_reconstruction,reconstruct_pattern,,0,mapping/line_pattern_reconstruction.py,resolved
mapping/create_line_pattern_mappings.py,mapping.create_line_pattern_mappings,136,from_import,mapping.line_pattern_reconstruction,write_report_csv,,0,mapping/line_pattern_reconstruction.py,resolved
mapping/create_line_pattern_mappings.py,mapping.create_line_pattern_mappings,152,from_import,mapping.line_pattern_revit_apply,build_name_index,,0,mapping/line_pattern_revit_apply.py,resolved
mapping/create_line_pattern_mappings.py,mapping.create_line_pattern_mappings,152,from_import,mapping.line_pattern_revit_apply,resolve_mapping,,0,mapping/line_pattern_revit_apply.py,resolved
mapping/line_pattern_reconstruction.py,mapping.line_pattern_reconstruction,66,from_import,__future__,annotations,,0,,unresolved_external_or_missing
mapping/line_pattern_reconstruction.py,mapping.line_pattern_reconstruction,68,import,csv,,,0,,unresolved_external_or_missing
mapping/line_pattern_reconstruction.py,mapping.line_pattern_reconstruction,69,import,math,,,0,,unresolved_external_or_missing
mapping/line_pattern_reconstruction.py,mapping.line_pattern_reconstruction,70,import,os,,,0,,unresolved_external_or_missing
mapping/line_pattern_reconstruction.py,mapping.line_pattern_reconstruction,71,import,re,,,0,,unresolved_external_or_missing
mapping/line_pattern_reconstruction.py,mapping.line_pattern_reconstruction,72,import,sys,,,0,,unresolved_external_or_missing
mapping/line_pattern_reconstruction.py,mapping.line_pattern_reconstruction,73,from_import,dataclasses,dataclass,,0,,unresolved_external_or_missing
mapping/line_pattern_reconstruction.py,mapping.line_pattern_reconstruction,73,from_import,dataclasses,field,,0,,unresolved_external_or_missing
mapping/line_pattern_reconstruction.py,mapping.line_pattern_reconstruction,74,from_import,typing,Any,,0,,unresolved_external_or_missing
mapping/line_pattern_reconstruction.py,mapping.line_pattern_reconstruction,74,from_import,typing,Dict,,0,,unresolved_external_or_missing
mapping/line_pattern_reconstruction.py,mapping.line_pattern_reconstruction,74,from_import,typing,List,,0,,unresolved_external_or_missing
mapping/line_pattern_reconstruction.py,mapping.line_pattern_reconstruction,74,from_import,typing,Optional,,0,,unresolved_external_or_missing
mapping/line_pattern_reconstruction.py,mapping.line_pattern_reconstruction,74,from_import,typing,Tuple,,0,,unresolved_external_or_missing
mapping/line_pattern_reconstruction.py,mapping.line_pattern_reconstruction,81,from_import,core.hashing,make_hash,,0,core/hashing.py,resolved
mapping/line_pattern_reconstruction.py,mapping.line_pattern_reconstruction,81,from_import,core.hashing,safe_str,,0,core/hashing.py,resolved
mapping/line_pattern_reconstruction.py,mapping.line_pattern_reconstruction,82,from_import,core.record_v2,ITEM_Q_OK,,0,core/record_v2.py,resolved
mapping/line_pattern_reconstruction.py,mapping.line_pattern_reconstruction,82,from_import,core.record_v2,STATUS_BLOCKED,,0,core/record_v2.py,resolved
mapping/line_pattern_reconstruction.py,mapping.line_pattern_reconstruction,82,from_import,core.record_v2,STATUS_DEGRADED,,0,core/record_v2.py,resolved
mapping/line_pattern_reconstruction.py,mapping.line_pattern_reconstruction,82,from_import,core.record_v2,STATUS_OK,,0,core/record_v2.py,resolved
mapping/line_pattern_reconstruction.py,mapping.line_pattern_reconstruction,82,from_import,core.record_v2,canonicalize_float,,0,core/record_v2.py,resolved
mapping/line_pattern_reconstruction.py,mapping.line_pattern_reconstruction,82,from_import,core.record_v2,make_identity_item,,0,core/record_v2.py,resolved
mapping/line_pattern_reconstruction.py,mapping.line_pattern_reconstruction,90,from_import,core.join_key_policy,get_domain_join_key_policy,,0,core/join_key_policy.py,resolved
mapping/line_pattern_reconstruction.py,mapping.line_pattern_reconstruction,90,from_import,core.join_key_policy,load_join_key_policies,,0,core/join_key_policy.py,resolved
mapping/line_pattern_reconstruction.py,mapping.line_pattern_reconstruction,91,from_import,core.join_key_builder,build_join_key_from_policy,,0,core/join_key_builder.py,resolved
mapping/line_pattern_reconstruction.py,mapping.line_pattern_reconstruction,92,from_import,domains.line_patterns,_LP_SEG_TYPE_NAME,,0,domains/line_patterns.py,resolved
mapping/line_pattern_revit_apply.py,mapping.line_pattern_revit_apply,20,from_import,__future__,annotations,,0,,unresolved_external_or_missing
mapping/line_pattern_revit_apply.py,mapping.line_pattern_revit_apply,22,import,os,,,0,,unresolved_external_or_missing
mapping/line_pattern_revit_apply.py,mapping.line_pattern_revit_apply,23,import,sys,,,0,,unresolved_external_or_missing
mapping/line_pattern_revit_apply.py,mapping.line_pattern_revit_apply,24,from_import,dataclasses,dataclass,,0,,unresolved_external_or_missing
mapping/line_pattern_revit_apply.py,mapping.line_pattern_revit_apply,25,from_import,typing,Any,,0,,unresolved_external_or_missing
mapping/line_pattern_revit_apply.py,mapping.line_pattern_revit_apply,25,from_import,typing,Dict,,0,,unresolved_external_or_missing
mapping/line_pattern_revit_apply.py,mapping.line_pattern_revit_apply,25,from_import,typing,List,,0,,unresolved_external_or_missing
mapping/line_pattern_revit_apply.py,mapping.line_pattern_revit_apply,25,from_import,typing,Optional,,0,,unresolved_external_or_missing
mapping/line_pattern_revit_apply.py,mapping.line_pattern_revit_apply,25,from_import,typing,Tuple,,0,,unresolved_external_or_missing
mapping/line_pattern_revit_apply.py,mapping.line_pattern_revit_apply,32,from_import,core.hashing,safe_str,,0,core/hashing.py,resolved
mapping/line_pattern_revit_apply.py,mapping.line_pattern_revit_apply,33,from_import,core.collect,collect_instances,,0,core/collect.py,resolved
mapping/line_pattern_revit_apply.py,mapping.line_pattern_revit_apply,34,from_import,domains.line_patterns,_LP_SEG_TYPE_NAME,,0,domains/line_patterns.py,resolved
mapping/line_pattern_revit_apply.py,mapping.line_pattern_revit_apply,34,from_import,domains.line_patterns,_lp_seg_type_id_and_name,,0,domains/line_patterns.py,resolved
mapping/line_pattern_revit_apply.py,mapping.line_pattern_revit_apply,36,from_import,mapping.line_pattern_reconstruction,ACTION_BLOCKED,,0,mapping/line_pattern_reconstruction.py,resolved
mapping/line_pattern_revit_apply.py,mapping.line_pattern_revit_apply,36,from_import,mapping.line_pattern_reconstruction,ACTION_CREATED,,0,mapping/line_pattern_reconstruction.py,resolved
mapping/line_pattern_revit_apply.py,mapping.line_pattern_revit_apply,36,from_import,mapping.line_pattern_reconstruction,ACTION_EXISTING,,0,mapping/line_pattern_reconstruction.py,resolved
mapping/line_pattern_revit_apply.py,mapping.line_pattern_revit_apply,36,from_import,mapping.line_pattern_reconstruction,MappingOutcome,,0,mapping/line_pattern_reconstruction.py,resolved
mapping/line_pattern_revit_apply.py,mapping.line_pattern_revit_apply,36,from_import,mapping.line_pattern_reconstruction,ReconstructedPattern,,0,mapping/line_pattern_reconstruction.py,resolved
mapping/line_pattern_revit_apply.py,mapping.line_pattern_revit_apply,36,from_import,mapping.line_pattern_reconstruction,STATUS_BLOCKED,,0,mapping/line_pattern_reconstruction.py,resolved
mapping/line_pattern_revit_apply.py,mapping.line_pattern_revit_apply,36,from_import,mapping.line_pattern_reconstruction,STATUS_DEGRADED,,0,mapping/line_pattern_reconstruction.py,resolved
mapping/line_pattern_revit_apply.py,mapping.line_pattern_revit_apply,36,from_import,mapping.line_pattern_reconstruction,STATUS_OK,,0,mapping/line_pattern_reconstruction.py,resolved
mapping/line_pattern_revit_apply.py,mapping.line_pattern_revit_apply,36,from_import,mapping.line_pattern_reconstruction,build_mapping_name_candidates,,0,mapping/line_pattern_reconstruction.py,resolved
mapping/line_pattern_revit_apply.py,mapping.line_pattern_revit_apply,36,from_import,mapping.line_pattern_reconstruction,compute_join_hash_for_segments,,0,mapping/line_pattern_reconstruction.py,resolved
mapping/line_pattern_revit_apply.py,mapping.line_pattern_revit_apply,36,from_import,mapping.line_pattern_reconstruction,dominant_status,,0,mapping/line_pattern_reconstruction.py,resolved
mapping/line_pattern_revit_apply.py,mapping.line_pattern_revit_apply,36,from_import,mapping.line_pattern_reconstruction,get_line_patterns_join_key_policy,,0,mapping/line_pattern_reconstruction.py,resolved
mapping/line_pattern_revit_apply.py,mapping.line_pattern_revit_apply,36,from_import,mapping.line_pattern_reconstruction,resolve_observed_name,,0,mapping/line_pattern_reconstruction.py,resolved
mapping/line_pattern_revit_apply.py,mapping.line_pattern_revit_apply,53,from_import,Autodesk.Revit.DB,LinePattern,,0,,unresolved_external_or_missing
mapping/line_pattern_revit_apply.py,mapping.line_pattern_revit_apply,53,from_import,Autodesk.Revit.DB,LinePatternElement,,0,,unresolved_external_or_missing
mapping/line_pattern_revit_apply.py,mapping.line_pattern_revit_apply,53,from_import,Autodesk.Revit.DB,LinePatternSegment,,0,,unresolved_external_or_missing
mapping/line_pattern_revit_apply.py,mapping.line_pattern_revit_apply,53,from_import,Autodesk.Revit.DB,LinePatternSegmentType,,0,,unresolved_external_or_missing
mapping/line_pattern_revit_apply.py,mapping.line_pattern_revit_apply,53,from_import,Autodesk.Revit.DB,Transaction,,0,,unresolved_external_or_missing
mapping/line_pattern_revit_apply.py,mapping.line_pattern_revit_apply,53,from_import,Autodesk.Revit.DB,TransactionStatus,,0,,unresolved_external_or_missing
mapping/line_pattern_revit_apply.py,mapping.line_pattern_revit_apply,70,import,clr,,,0,,unresolved_external_or_missing
mapping/line_pattern_revit_apply.py,mapping.line_pattern_revit_apply,71,from_import,System.Collections.Generic,List,_NetList,0,,unresolved_external_or_missing
runner/extraction_context.py,runner.extraction_context,2,from_import,__future__,annotations,,0,,unresolved_external_or_missing
runner/extraction_context.py,runner.extraction_context,4,import,os,,,0,,unresolved_external_or_missing
runner/extraction_context.py,runner.extraction_context,5,from_import,pathlib,Path,,0,,unresolved_external_or_missing
runner/extraction_context.py,runner.extraction_context,7,from_import,core.deployment_config,load_deployment_config,,0,core/deployment_config.py,resolved
runner/extraction_context.py,runner.extraction_context,8,from_import,core.join_key_policy,load_join_key_policies,,0,core/join_key_policy.py,resolved
runner/probe_thin_runner.py,runner.probe_thin_runner,74,import,fnmatch,,,0,,unresolved_external_or_missing
runner/probe_thin_runner.py,runner.probe_thin_runner,75,import,json,,,0,,unresolved_external_or_missing
runner/probe_thin_runner.py,runner.probe_thin_runner,76,import,os,,,0,,unresolved_external_or_missing
runner/probe_thin_runner.py,runner.probe_thin_runner,77,import,sys,,,0,,unresolved_external_or_missing
runner/probe_thin_runner.py,runner.probe_thin_runner,78,import,traceback,,,0,,unresolved_external_or_missing
runner/probe_thin_runner.py,runner.probe_thin_runner,79,import,uuid,,,0,,unresolved_external_or_missing
runner/probe_thin_runner.py,runner.probe_thin_runner,80,from_import,datetime,datetime,,0,,unresolved_external_or_missing
runner/probe_thin_runner.py,runner.probe_thin_runner,82,import,clr,,,0,,unresolved_external_or_missing
runner/probe_thin_runner.py,runner.probe_thin_runner,84,from_import,RevitServices.Persistence,DocumentManager,,0,,unresolved_external_or_missing
runner/probe_thin_runner.py,runner.probe_thin_runner,392,import,gc,,,0,,unresolved_external_or_missing
runner/purge_sys_modules_standalone.py,runner.purge_sys_modules_standalone,17,import,sys,,,0,,unresolved_external_or_missing
runner/run_dynamo.py,runner.run_dynamo,13,import,clr,,,0,,unresolved_external_or_missing
runner/run_dynamo.py,runner.run_dynamo,14,import,json,,,0,,unresolved_external_or_missing
runner/run_dynamo.py,runner.run_dynamo,15,import,sys,,,0,,unresolved_external_or_missing
runner/run_dynamo.py,runner.run_dynamo,16,import,os,,,0,,unresolved_external_or_missing
runner/run_dynamo.py,runner.run_dynamo,17,import,time,,,0,,unresolved_external_or_missing
runner/run_dynamo.py,runner.run_dynamo,18,import,hashlib,,,0,,unresolved_external_or_missing
runner/run_dynamo.py,runner.run_dynamo,129,from_import,core,contracts,,0,core/contracts.py,resolved
runner/run_dynamo.py,runner.run_dynamo,130,from_import,core.collect,CollectCtx,,0,core/collect.py,resolved
runner/run_dynamo.py,runner.run_dynamo,130,from_import,core.collect,build_purgeable_id_set,,0,core/collect.py,resolved
runner/run_dynamo.py,runner.run_dynamo,131,from_import,core.context,DocViewContext,,0,core/context.py,resolved
runner/run_dynamo.py,runner.run_dynamo,132,from_import,core.deps,Blocked,,0,core/deps.py,resolved
runner/run_dynamo.py,runner.run_dynamo,132,from_import,core.deps,require_domain,,0,core/deps.py,resolved
runner/run_dynamo.py,runner.run_dynamo,133,from_import,core,naming,fp_naming,0,core/naming.py,resolved
runner/run_dynamo.py,runner.run_dynamo,134,from_import,core.timing_collector,TimingCollector,,0,core/timing_collector.py,resolved
runner/run_dynamo.py,runner.run_dynamo,138,from_import,RevitServices.Persistence,DocumentManager,,0,,unresolved_external_or_missing
runner/run_dynamo.py,runner.run_dynamo,141,from_import,domains,identity,,0,domains/identity.py,resolved
runner/run_dynamo.py,runner.run_dynamo,141,from_import,domains,line_patterns,,0,domains/line_patterns.py,resolved
runner/run_dynamo.py,runner.run_dynamo,141,from_import,domains,line_styles,,0,domains/line_styles.py,resolved
runner/run_dynamo.py,runner.run_dynamo,141,from_import,domains,units,,0,domains/units.py,resolved
runner/run_dynamo.py,runner.run_dynamo,142,from_import,domains,arrowheads,,0,domains/arrowheads.py,resolved
runner/run_dynamo.py,runner.run_dynamo,142,from_import,domains,text_types,,0,domains/text_types.py,resolved
runner/run_dynamo.py,runner.run_dynamo,143,from_import,domains,view_filter_applications_view_templates,,0,domains/view_filter_applications_view_templates.py,resolved
runner/run_dynamo.py,runner.run_dynamo,143,from_import,domains,view_filter_definitions,,0,domains/view_filter_definitions.py,resolved
runner/run_dynamo.py,runner.run_dynamo,144,from_import,domains,phase_filters,,0,domains/phase_filters.py,resolved
runner/run_dynamo.py,runner.run_dynamo,144,from_import,domains,phase_graphics,,0,domains/phase_graphics.py,resolved
runner/run_dynamo.py,runner.run_dynamo,144,from_import,domains,phases,,0,domains/phases.py,resolved
runner/run_dynamo.py,runner.run_dynamo,145,from_import,domains,view_category_overrides_model,,0,domains/view_category_overrides_model.py,resolved
runner/run_dynamo.py,runner.run_dynamo,146,from_import,domains,view_category_overrides_annotation,,0,domains/view_category_overrides_annotation.py,resolved
runner/run_dynamo.py,runner.run_dynamo,148,from_import,domains,object_styles,,0,domains/object_styles.py,resolved
runner/run_dynamo.py,runner.run_dynamo,149,from_import,domains,fill_patterns,,0,domains/fill_patterns.py,resolved
runner/run_dynamo.py,runner.run_dynamo,150,from_import,domains,materials,,0,domains/materials.py,resolved
runner/run_dynamo.py,runner.run_dynamo,151,from_import,domains,ceiling_types,,0,domains/ceiling_types.py,resolved
runner/run_dynamo.py,runner.run_dynamo,151,from_import,domains,floor_types,,0,domains/floor_types.py,resolved
runner/run_dynamo.py,runner.run_dynamo,151,from_import,domains,roof_types,,0,domains/roof_types.py,resolved
runner/run_dynamo.py,runner.run_dynamo,151,from_import,domains,wall_types,,0,domains/wall_types.py,resolved
runner/run_dynamo.py,runner.run_dynamo,152,from_import,domains,dimension_types,,0,domains/dimension_types.py,resolved
runner/run_dynamo.py,runner.run_dynamo,153,from_import,domains,loaded_family_types,,0,domains/loaded_family_types.py,resolved
runner/run_dynamo.py,runner.run_dynamo,154,from_import,domains,view_templates,,0,domains/view_templates.py,resolved
runner/run_dynamo.py,runner.run_dynamo,155,from_import,domains,worksets,,0,domains/worksets.py,resolved
runner/run_dynamo.py,runner.run_dynamo,156,from_import,domains,browser_organization,,0,domains/browser_organization.py,resolved
runner/run_dynamo.py,runner.run_dynamo,157,from_import,core.manifest,build_manifest,,0,core/manifest.py,resolved
runner/run_dynamo.py,runner.run_dynamo,158,from_import,core.features,build_features,,0,core/features.py,resolved
runner/run_dynamo.py,runner.run_dynamo,159,from_import,core.canonical_items,canonicalize_record,,0,core/canonical_items.py,resolved
runner/run_dynamo.py,runner.run_dynamo,160,from_import,runner.extraction_context,build_extraction_context,,0,runner/extraction_context.py,resolved
runner/run_dynamo.py,runner.run_dynamo,160,from_import,runner.extraction_context,operator_deployment_config_path,,0,runner/extraction_context.py,resolved
runner/run_dynamo.py,runner.run_dynamo,282,import,re,,_re,0,,unresolved_external_or_missing
runner/run_dynamo.py,runner.run_dynamo,307,import,traceback,,_traceback,0,,unresolved_external_or_missing
runner/run_dynamo.py,runner.run_dynamo,554,from_import,core,hashing,_hashing_mod,0,core/hashing.py,resolved
runner/run_dynamo.py,runner.run_dynamo,868,from_import,domains.view_templates,_VIEW_INSTANCES_CACHE_KEY,_VT_CACHE_KEY,0,domains/view_templates.py,resolved
runner/run_dynamo.py,runner.run_dynamo,869,from_import,core.collect,collect_instances,_ci,0,core/collect.py,resolved
runner/run_dynamo.py,runner.run_dynamo,870,from_import,Autodesk.Revit.DB,View,_View,0,,unresolved_external_or_missing
runner/run_dynamo.py,runner.run_dynamo,1079,from_import,core,hashing,_hashing_mod,0,core/hashing.py,resolved
runner/run_dynamo.py,runner.run_dynamo,1281,from_import,RevitServices.Persistence,DocumentManager,_DM_override,0,,unresolved_external_or_missing
runner/run_dynamo.py,runner.run_dynamo,1353,import,tempfile,,,0,,unresolved_external_or_missing
runner/run_dynamo.py,runner.run_dynamo,1354,from_import,datetime,datetime,,0,,unresolved_external_or_missing
runner/run_dynamo.py,runner.run_dynamo,1418,import,time,,_time,0,,unresolved_external_or_missing
runner/run_dynamo.py,runner.run_dynamo,1500,from_import,datetime,datetime,,0,,unresolved_external_or_missing
runner/run_dynamo.py,runner.run_dynamo,1569,import,traceback,,_traceback,0,,unresolved_external_or_missing
runner/thin_runner.py,runner.thin_runner,1,import,sys,,,0,,unresolved_external_or_missing
runner/thin_runner.py,runner.thin_runner,2,import,os,,,0,,unresolved_external_or_missing
runner/thin_runner.py,runner.thin_runner,3,import,traceback,,,0,,unresolved_external_or_missing
runner/thin_runner.py,runner.thin_runner,4,import,json,,,0,,unresolved_external_or_missing
runner/thin_runner.py,runner.thin_runner,8,import,importlib,,,0,,unresolved_external_or_missing
runner/thin_runner.py,runner.thin_runner,261,import,clr,,,0,,unresolved_external_or_missing
runner/thin_runner.py,runner.thin_runner,269,from_import,Dynamo.Events,ExecutionEvents,,0,,unresolved_external_or_missing
runner/thin_runner.py,runner.thin_runner,281,import,System,,,0,,unresolved_external_or_missing
scripts/check_audit_references.py,scripts.check_audit_references,4,from_import,__future__,annotations,,0,,unresolved_external_or_missing
scripts/check_audit_references.py,scripts.check_audit_references,6,import,re,,,0,,unresolved_external_or_missing
scripts/check_audit_references.py,scripts.check_audit_references,7,import,subprocess,,,0,,unresolved_external_or_missing
scripts/check_audit_references.py,scripts.check_audit_references,8,from_import,pathlib,Path,,0,,unresolved_external_or_missing
sync_revitlookup_reference.py,sync_revitlookup_reference,20,import,argparse,,,0,,unresolved_external_or_missing
sync_revitlookup_reference.py,sync_revitlookup_reference,21,import,json,,,0,,unresolved_external_or_missing
sync_revitlookup_reference.py,sync_revitlookup_reference,22,import,os,,,0,,unresolved_external_or_missing
sync_revitlookup_reference.py,sync_revitlookup_reference,23,import,sys,,,0,,unresolved_external_or_missing
sync_revitlookup_reference.py,sync_revitlookup_reference,24,import,time,,,0,,unresolved_external_or_missing
sync_revitlookup_reference.py,sync_revitlookup_reference,25,import,urllib.request,,,0,,unresolved_external_or_missing
sync_revitlookup_reference.py,sync_revitlookup_reference,26,import,urllib.error,,,0,,unresolved_external_or_missing
sync_revitlookup_reference.py,sync_revitlookup_reference,27,from_import,pathlib,Path,,0,,unresolved_external_or_missing
sync_revitlookup_reference.py,sync_revitlookup_reference,28,from_import,datetime,datetime,,0,,unresolved_external_or_missing
sync_revitlookup_reference.py,sync_revitlookup_reference,28,from_import,datetime,timezone,,0,,unresolved_external_or_missing
tests/conftest.py,tests.conftest,2,import,os,,,0,,unresolved_external_or_missing
tests/conftest.py,tests.conftest,3,import,sys,,,0,,unresolved_external_or_missing
tests/revit/_json_diff.py,tests.revit._json_diff,12,from_import,__future__,annotations,,0,,unresolved_external_or_missing
tests/revit/_json_diff.py,tests.revit._json_diff,14,import,hashlib,,,0,,unresolved_external_or_missing
tests/revit/_json_diff.py,tests.revit._json_diff,15,import,json,,,0,,unresolved_external_or_missing
tests/revit/_json_diff.py,tests.revit._json_diff,16,from_import,typing,Any,,0,,unresolved_external_or_missing
tests/revit/_json_diff.py,tests.revit._json_diff,16,from_import,typing,Dict,,0,,unresolved_external_or_missing
tests/revit/_json_diff.py,tests.revit._json_diff,16,from_import,typing,List,,0,,unresolved_external_or_missing
tests/revit/_json_diff.py,tests.revit._json_diff,16,from_import,typing,Tuple,,0,,unresolved_external_or_missing
tests/revit/revit_test_runner_pyrevit.py,tests.revit.revit_test_runner_pyrevit,22,from_import,__future__,annotations,,0,,unresolved_external_or_missing
tests/revit/revit_test_runner_pyrevit.py,tests.revit.revit_test_runner_pyrevit,24,import,json,,,0,,unresolved_external_or_missing
tests/revit/revit_test_runner_pyrevit.py,tests.revit.revit_test_runner_pyrevit,25,import,os,,,0,,unresolved_external_or_missing
tests/revit/revit_test_runner_pyrevit.py,tests.revit.revit_test_runner_pyrevit,26,import,sys,,,0,,unresolved_external_or_missing
tests/revit/revit_test_runner_pyrevit.py,tests.revit.revit_test_runner_pyrevit,27,import,traceback,,,0,,unresolved_external_or_missing
tests/revit/revit_test_runner_pyrevit.py,tests.revit.revit_test_runner_pyrevit,28,from_import,datetime,datetime,,0,,unresolved_external_or_missing
tests/revit/revit_test_runner_pyrevit.py,tests.revit.revit_test_runner_pyrevit,36,from_import,tests.revit._json_diff,compare_json,,0,tests/revit/_json_diff.py,resolved
tests/revit/revit_test_runner_pyrevit.py,tests.revit.revit_test_runner_pyrevit,36,from_import,tests.revit._json_diff,pretty_json,,0,tests/revit/_json_diff.py,resolved
tests/revit/revit_test_runner_pyrevit.py,tests.revit.revit_test_runner_pyrevit,37,from_import,core.manifest,build_manifest,,0,core/manifest.py,resolved
tests/revit/revit_test_runner_pyrevit.py,tests.revit.revit_test_runner_pyrevit,81,from_import,runner.run_dynamo,run_fingerprint,,0,runner/run_dynamo.py,resolved
tests/run_join_key_tests.py,tests.run_join_key_tests,8,import,sys,,,0,,unresolved_external_or_missing
tests/run_join_key_tests.py,tests.run_join_key_tests,9,import,hashlib,,,0,,unresolved_external_or_missing
tests/run_join_key_tests.py,tests.run_join_key_tests,10,import,json,,,0,,unresolved_external_or_missing
tests/run_join_key_tests.py,tests.run_join_key_tests,11,import,os,,,0,,unresolved_external_or_missing
tests/test_analyze_promotion_candidates.py,tests.test_analyze_promotion_candidates,12,import,sys,,,0,,unresolved_external_or_missing
tests/test_analyze_promotion_candidates.py,tests.test_analyze_promotion_candidates,13,from_import,pathlib,Path,,0,,unresolved_external_or_missing
tests/test_analyze_promotion_candidates.py,tests.test_analyze_promotion_candidates,15,import,pytest,,,0,,unresolved_external_or_missing
tests/test_analyze_promotion_candidates.py,tests.test_analyze_promotion_candidates,22,import,analyze_promotion_candidates,,apc,0,,unresolved_external_or_missing
tests/test_arrowheads_shape_gating.py,tests.test_arrowheads_shape_gating,4,import,pytest,,,0,,unresolved_external_or_missing
tests/test_arrowheads_shape_gating.py,tests.test_arrowheads_shape_gating,8,from_import,core.hashing,make_hash,,0,core/hashing.py,resolved
tests/test_arrowheads_shape_gating.py,tests.test_arrowheads_shape_gating,9,from_import,core.record_v2,ITEM_Q_MISSING,,0,core/record_v2.py,resolved
tests/test_arrowheads_shape_gating.py,tests.test_arrowheads_shape_gating,9,from_import,core.record_v2,ITEM_Q_OK,,0,core/record_v2.py,resolved
tests/test_arrowheads_shape_gating.py,tests.test_arrowheads_shape_gating,9,from_import,core.record_v2,make_identity_item,,0,core/record_v2.py,resolved
tests/test_arrowheads_shape_gating.py,tests.test_arrowheads_shape_gating,9,from_import,core.record_v2,serialize_identity_items,,0,core/record_v2.py,resolved
tests/test_arrowheads_shape_gating.py,tests.test_arrowheads_shape_gating,10,from_import,core.join_key_builder,build_join_key_from_policy,,0,core/join_key_builder.py,resolved
tests/test_arrowheads_shape_gating.py,tests.test_arrowheads_shape_gating,11,from_import,core.join_key_policy,get_domain_join_key_policy,,0,core/join_key_policy.py,resolved
tests/test_arrowheads_shape_gating.py,tests.test_arrowheads_shape_gating,11,from_import,core.join_key_policy,load_join_key_policies,,0,core/join_key_policy.py,resolved
tests/test_arrowheads_shape_gating.py,tests.test_arrowheads_shape_gating,12,from_import,domains.arrowheads,_build_arrow_identity_items,,0,domains/arrowheads.py,resolved
tests/test_arrowheads_shape_gating.py,tests.test_arrowheads_shape_gating,12,from_import,domains.arrowheads,_build_common_identity_items,,0,domains/arrowheads.py,resolved
tests/test_arrowheads_shape_gating.py,tests.test_arrowheads_shape_gating,12,from_import,domains.arrowheads,_build_tick_identity_items,,0,domains/arrowheads.py,resolved
tests/test_arrowheads_shape_gating.py,tests.test_arrowheads_shape_gating,12,from_import,domains.arrowheads,_get_arrowhead_style,,0,domains/arrowheads.py,resolved
tests/test_build_segment_manifest.py,tests.test_build_segment_manifest,2,from_import,__future__,annotations,,0,,unresolved_external_or_missing
tests/test_build_segment_manifest.py,tests.test_build_segment_manifest,4,import,csv,,,0,,unresolved_external_or_missing
tests/test_build_segment_manifest.py,tests.test_build_segment_manifest,5,import,hashlib,,,0,,unresolved_external_or_missing
tests/test_build_segment_manifest.py,tests.test_build_segment_manifest,6,from_import,pathlib,Path,,0,,unresolved_external_or_missing
tests/test_build_segment_manifest.py,tests.test_build_segment_manifest,8,import,pytest,,,0,,unresolved_external_or_missing
tests/test_build_segment_manifest.py,tests.test_build_segment_manifest,11,import,sys,,,0,,unresolved_external_or_missing
tests/test_build_segment_manifest.py,tests.test_build_segment_manifest,13,from_import,build_segment_manifest,DIMENSION_CONFIG,,0,,unresolved_external_or_missing
tests/test_build_segment_manifest.py,tests.test_build_segment_manifest,13,from_import,build_segment_manifest,MANIFEST_FIELDNAMES,,0,,unresolved_external_or_missing
tests/test_build_segment_manifest.py,tests.test_build_segment_manifest,13,from_import,build_segment_manifest,REGISTRY_FIELDNAMES,,0,,unresolved_external_or_missing
tests/test_build_segment_manifest.py,tests.test_build_segment_manifest,13,from_import,build_segment_manifest,REQUIRED_ROW_FIELDS,,0,,unresolved_external_or_missing
tests/test_build_segment_manifest.py,tests.test_build_segment_manifest,13,from_import,build_segment_manifest,_build_membership_rows,,0,,unresolved_external_or_missing
tests/test_build_segment_manifest.py,tests.test_build_segment_manifest,13,from_import,build_segment_manifest,_build_registry,,0,,unresolved_external_or_missing
tests/test_build_segment_manifest.py,tests.test_build_segment_manifest,13,from_import,build_segment_manifest,_build_segments,,0,,unresolved_external_or_missing
tests/test_build_segment_manifest.py,tests.test_build_segment_manifest,13,from_import,build_segment_manifest,_membership_by_segment,,0,,unresolved_external_or_missing
tests/test_build_segment_manifest.py,tests.test_build_segment_manifest,13,from_import,build_segment_manifest,_normalize_rows,,0,,unresolved_external_or_missing
tests/test_build_segment_manifest.py,tests.test_build_segment_manifest,13,from_import,build_segment_manifest,_population_hash,,0,,unresolved_external_or_missing
tests/test_build_segment_manifest.py,tests.test_build_segment_manifest,13,from_import,build_segment_manifest,_validate_required_metadata,,0,,unresolved_external_or_missing
tests/test_build_segment_manifest.py,tests.test_build_segment_manifest,13,from_import,build_segment_manifest,main,,0,,unresolved_external_or_missing
tests/test_build_segment_manifest.py,tests.test_build_segment_manifest,267,from_import,build_segment_manifest,_sanitize_folder,,0,,unresolved_external_or_missing
tests/test_build_segment_manifest.py,tests.test_build_segment_manifest,285,from_import,build_segment_manifest,_sanitize_folder,,0,,unresolved_external_or_missing
tests/test_build_segment_manifest.py,tests.test_build_segment_manifest,302,from_import,build_segment_manifest,_sanitize_folder,,0,,unresolved_external_or_missing
tests/test_build_segment_manifest.py,tests.test_build_segment_manifest,1792,import,random,,,0,,unresolved_external_or_missing
tests/test_bundle_analysis_name_projection.py,tests.test_bundle_analysis_name_projection,14,from_import,__future__,annotations,,0,,unresolved_external_or_missing
tests/test_bundle_analysis_name_projection.py,tests.test_bundle_analysis_name_projection,16,import,csv,,,0,,unresolved_external_or_missing
tests/test_bundle_analysis_name_projection.py,tests.test_bundle_analysis_name_projection,17,import,filecmp,,,0,,unresolved_external_or_missing
tests/test_bundle_analysis_name_projection.py,tests.test_bundle_analysis_name_projection,18,from_import,pathlib,Path,,0,,unresolved_external_or_missing
tests/test_bundle_analysis_name_projection.py,tests.test_bundle_analysis_name_projection,20,import,pytest,,,0,,unresolved_external_or_missing
tests/test_bundle_analysis_name_projection.py,tests.test_bundle_analysis_name_projection,22,from_import,core.name_key_coverage,COVERAGE_NATIVE,,0,core/name_key_coverage.py,resolved
tests/test_bundle_analysis_name_projection.py,tests.test_bundle_analysis_name_projection,23,from_import,tools.generate_name_key_patterns,emit_name_patterns,,0,tools/generate_name_key_patterns.py,resolved
tests/test_bundle_analysis_name_projection.py,tests.test_bundle_analysis_name_projection,24,from_import,tools.bundle_analysis.name_projection_adapter,DEFAULT_NAME_PROJECTION_ANALYSIS_RUN_ID,,0,tools/bundle_analysis/name_projection_adapter.py,resolved
tests/test_bundle_analysis_name_projection.py,tests.test_bundle_analysis_name_projection,24,from_import,tools.bundle_analysis.name_projection_adapter,NAME_TARGET_COMBINED_FILES,,0,tools/bundle_analysis/name_projection_adapter.py,resolved
tests/test_bundle_analysis_name_projection.py,tests.test_bundle_analysis_name_projection,24,from_import,tools.bundle_analysis.name_projection_adapter,PROVENANCE_NOTE_NAME_TARGET,,0,tools/bundle_analysis/name_projection_adapter.py,resolved
tests/test_bundle_analysis_name_projection.py,tests.test_bundle_analysis_name_projection,24,from_import,tools.bundle_analysis.name_projection_adapter,annotate_name_target_combined_files,,0,tools/bundle_analysis/name_projection_adapter.py,resolved
tests/test_bundle_analysis_name_projection.py,tests.test_bundle_analysis_name_projection,24,from_import,tools.bundle_analysis.name_projection_adapter,emit_name_target_provenance,,0,tools/bundle_analysis/name_projection_adapter.py,resolved
tests/test_bundle_analysis_name_projection.py,tests.test_bundle_analysis_name_projection,24,from_import,tools.bundle_analysis.name_projection_adapter,normalize_export_run_id,,0,tools/bundle_analysis/name_projection_adapter.py,resolved
tests/test_bundle_analysis_name_projection.py,tests.test_bundle_analysis_name_projection,24,from_import,tools.bundle_analysis.name_projection_adapter,stage_name_projection_analysis_dir,,0,tools/bundle_analysis/name_projection_adapter.py,resolved
tests/test_bundle_analysis_name_projection.py,tests.test_bundle_analysis_name_projection,33,from_import,tools.bundle_analysis.run_bundle_analysis,VALID_COMPARISON_TARGETS,,0,tools/bundle_analysis/run_bundle_analysis.py,resolved
tests/test_bundle_analysis_name_projection.py,tests.test_bundle_analysis_name_projection,33,from_import,tools.bundle_analysis.run_bundle_analysis,_validate_name_target_constraints,,0,tools/bundle_analysis/run_bundle_analysis.py,resolved
tests/test_bundle_analysis_name_projection.py,tests.test_bundle_analysis_name_projection,33,from_import,tools.bundle_analysis.run_bundle_analysis,run_bundle_analysis_for_target,,0,tools/bundle_analysis/run_bundle_analysis.py,resolved
tests/test_bundle_analysis_name_projection.py,tests.test_bundle_analysis_name_projection,38,from_import,tools.bundle_analysis.step1_membership_matrix,build_membership_matrix,,0,tools/bundle_analysis/step1_membership_matrix.py,resolved
tests/test_bundle_analysis_name_projection.py,tests.test_bundle_analysis_name_projection,39,from_import,tools.bundle_analysis.step2_find_bundles,find_bundles_for_domain,,0,tools/bundle_analysis/step2_find_bundles.py,resolved
tests/test_bundle_analysis_name_projection.py,tests.test_bundle_analysis_name_projection,40,from_import,tools.bundle_analysis.common,read_csv_rows,,0,tools/bundle_analysis/common.py,resolved
tests/test_bundle_analysis_name_projection.py,tests.test_bundle_analysis_name_projection,40,from_import,tools.bundle_analysis.common,retry_fs_op,,0,tools/bundle_analysis/common.py,resolved
tests/test_bundle_analysis_name_projection.py,tests.test_bundle_analysis_name_projection,115,import,tools.bundle_analysis.run_bundle_analysis,,rba_module,0,tools/bundle_analysis/run_bundle_analysis.py,resolved
tests/test_bundle_analysis_name_projection.py,tests.test_bundle_analysis_name_projection,137,import,tools.bundle_analysis.run_bundle_analysis,,rba_module,0,tools/bundle_analysis/run_bundle_analysis.py,resolved
tests/test_bundle_analysis_name_projection.py,tests.test_bundle_analysis_name_projection,173,import,tools.bundle_analysis.run_bundle_analysis,,rba_module,0,tools/bundle_analysis/run_bundle_analysis.py,resolved
tests/test_bundle_analysis_name_projection.py,tests.test_bundle_analysis_name_projection,228,import,tools.bundle_analysis.run_bundle_analysis,,rba_module,0,tools/bundle_analysis/run_bundle_analysis.py,resolved
tests/test_bundle_analysis_name_projection.py,tests.test_bundle_analysis_name_projection,574,import,tools.bundle_analysis.run_bundle_analysis,,rba_module,0,tools/bundle_analysis/run_bundle_analysis.py,resolved
tests/test_bundle_analysis_name_projection.py,tests.test_bundle_analysis_name_projection,600,import,tools.bundle_analysis.run_bundle_analysis,,rba_module,0,tools/bundle_analysis/run_bundle_analysis.py,resolved
tests/test_bundle_analysis_name_projection.py,tests.test_bundle_analysis_name_projection,714,import,tools.run_segment_orchestrator,,orchestrator_module,0,tools/run_segment_orchestrator.py,resolved
tests/test_bundle_pattern_classification_roles.py,tests.test_bundle_pattern_classification_roles,1,from_import,__future__,annotations,,0,,unresolved_external_or_missing
tests/test_bundle_pattern_classification_roles.py,tests.test_bundle_pattern_classification_roles,3,import,csv,,,0,,unresolved_external_or_missing
tests/test_bundle_pattern_classification_roles.py,tests.test_bundle_pattern_classification_roles,4,from_import,pathlib,Path,,0,,unresolved_external_or_missing
tests/test_bundle_pattern_classification_roles.py,tests.test_bundle_pattern_classification_roles,6,from_import,tools.bundle_analysis.step5_classify_patterns,emit_stub,,0,tools/bundle_analysis/step5_classify_patterns.py,resolved
tests/test_canonical_items_migration.py,tests.test_canonical_items_migration,1,from_import,core.canonical_items,build_flat_items,,0,core/canonical_items.py,resolved
tests/test_canonical_items_migration.py,tests.test_canonical_items_migration,1,from_import,core.canonical_items,compile_role_policy,,0,core/canonical_items.py,resolved
tests/test_canonical_items_migration.py,tests.test_canonical_items_migration,1,from_import,core.canonical_items,merge_legacy_buckets,,0,core/canonical_items.py,resolved
tests/test_canonical_items_migration.py,tests.test_canonical_items_migration,1,from_import,core.canonical_items,resolve_item_roles,,0,core/canonical_items.py,resolved
tests/test_collect.py,tests.test_collect,4,import,pytest,,,0,,unresolved_external_or_missing
tests/test_collect.py,tests.test_collect,5,from_import,core.collect,CollectCtx,,0,core/collect.py,resolved
tests/test_collect.py,tests.test_collect,5,from_import,core.collect,_is_invalid_element_id,,0,core/collect.py,resolved
tests/test_collect.py,tests.test_collect,5,from_import,core.collect,_make_query_key,,0,core/collect.py,resolved
tests/test_collect.py,tests.test_collect,5,from_import,core.collect,_safe_unique_id,,0,core/collect.py,resolved
tests/test_collect.py,tests.test_collect,5,from_import,core.collect,collect_id_ints,,0,core/collect.py,resolved
tests/test_collect.py,tests.test_collect,212,import,importlib,,,0,,unresolved_external_or_missing
tests/test_collect.py,tests.test_collect,231,import,importlib,,,0,,unresolved_external_or_missing
tests/test_collect.py,tests.test_collect,247,import,importlib,,,0,,unresolved_external_or_missing
tests/test_compare_cross_segment_cardinality.py,tests.test_compare_cross_segment_cardinality,13,from_import,__future__,annotations,,0,,unresolved_external_or_missing
tests/test_compare_cross_segment_cardinality.py,tests.test_compare_cross_segment_cardinality,15,import,csv,,,0,,unresolved_external_or_missing
tests/test_compare_cross_segment_cardinality.py,tests.test_compare_cross_segment_cardinality,16,import,sys,,,0,,unresolved_external_or_missing
tests/test_compare_cross_segment_cardinality.py,tests.test_compare_cross_segment_cardinality,17,from_import,pathlib,Path,,0,,unresolved_external_or_missing
tests/test_compare_cross_segment_cardinality.py,tests.test_compare_cross_segment_cardinality,21,import,compare_cross_segment,,ccs,0,,unresolved_external_or_missing
tests/test_compare_cross_segment_cardinality.py,tests.test_compare_cross_segment_cardinality,22,from_import,enterprise_policy,load_enterprise_policy,,0,,unresolved_external_or_missing
tests/test_compare_cross_segment_cardinality.py,tests.test_compare_cross_segment_cardinality,25,from_import,compare_cross_segment,_segment_domain_source_status,,0,,unresolved_external_or_missing
tests/test_compare_cross_segment_cardinality.py,tests.test_compare_cross_segment_cardinality,25,from_import,compare_cross_segment,compare_directed_file,,0,,unresolved_external_or_missing
tests/test_compare_cross_segment_cardinality.py,tests.test_compare_cross_segment_cardinality,25,from_import,compare_cross_segment,compare_symmetric_file,,0,,unresolved_external_or_missing
tests/test_compare_cross_segment_cardinality.py,tests.test_compare_cross_segment_cardinality,25,from_import,compare_cross_segment,run_pair,,0,,unresolved_external_or_missing
tests/test_compare_cross_segment_cardinality.py,tests.test_compare_cross_segment_cardinality,25,from_import,compare_cross_segment,run_pooled_comparison,,0,,unresolved_external_or_missing
tests/test_compare_cross_segment_comparison_registry.py,tests.test_compare_cross_segment_comparison_registry,2,from_import,__future__,annotations,,0,,unresolved_external_or_missing
tests/test_compare_cross_segment_comparison_registry.py,tests.test_compare_cross_segment_comparison_registry,4,from_import,pathlib,Path,,0,,unresolved_external_or_missing
tests/test_compare_cross_segment_comparison_registry.py,tests.test_compare_cross_segment_comparison_registry,5,import,sys,,,0,,unresolved_external_or_missing
tests/test_compare_cross_segment_comparison_registry.py,tests.test_compare_cross_segment_comparison_registry,9,from_import,enterprise_policy,load_enterprise_policy,,0,,unresolved_external_or_missing
tests/test_compare_cross_segment_comparison_registry.py,tests.test_compare_cross_segment_comparison_registry,12,from_import,compare_cross_segment,COMPARISON_REGISTRY_FIELDS,,0,,unresolved_external_or_missing
tests/test_compare_cross_segment_comparison_registry.py,tests.test_compare_cross_segment_comparison_registry,12,from_import,compare_cross_segment,atomic_write_csv,,0,,unresolved_external_or_missing
tests/test_compare_cross_segment_comparison_registry.py,tests.test_compare_cross_segment_comparison_registry,12,from_import,compare_cross_segment,build_comparison_registry_rows,,0,,unresolved_external_or_missing
tests/test_compare_cross_segment_comparison_registry.py,tests.test_compare_cross_segment_comparison_registry,12,from_import,compare_cross_segment,comparison_is_stale,,0,,unresolved_external_or_missing
tests/test_compare_cross_segment_comparison_registry.py,tests.test_compare_cross_segment_comparison_registry,12,from_import,compare_cross_segment,load_comparison_registry,,0,,unresolved_external_or_missing
tests/test_compare_cross_segment_cross_client.py,tests.test_compare_cross_segment_cross_client,14,from_import,__future__,annotations,,0,,unresolved_external_or_missing
tests/test_compare_cross_segment_cross_client.py,tests.test_compare_cross_segment_cross_client,16,from_import,pathlib,Path,,0,,unresolved_external_or_missing
tests/test_compare_cross_segment_cross_client.py,tests.test_compare_cross_segment_cross_client,17,import,sys,,,0,,unresolved_external_or_missing
tests/test_compare_cross_segment_cross_client.py,tests.test_compare_cross_segment_cross_client,21,from_import,enterprise_policy,load_enterprise_policy,,0,,unresolved_external_or_missing
tests/test_compare_cross_segment_cross_client.py,tests.test_compare_cross_segment_cross_client,24,from_import,compare_cross_segment,_build_summary_row,,0,,unresolved_external_or_missing
tests/test_compare_cross_segment_cross_client.py,tests.test_compare_cross_segment_cross_client,24,from_import,compare_cross_segment,_is_client_only_project_segment,,0,,unresolved_external_or_missing
tests/test_compare_cross_segment_cross_client.py,tests.test_compare_cross_segment_cross_client,24,from_import,compare_cross_segment,_redundant_child_segment_id,,0,,unresolved_external_or_missing
tests/test_compare_cross_segment_cross_client.py,tests.test_compare_cross_segment_cross_client,24,from_import,compare_cross_segment,_resolve_runnable_segment,,0,,unresolved_external_or_missing
tests/test_compare_cross_segment_cross_client.py,tests.test_compare_cross_segment_cross_client,24,from_import,compare_cross_segment,_scope_override_key,,0,,unresolved_external_or_missing
tests/test_compare_cross_segment_cross_client.py,tests.test_compare_cross_segment_cross_client,24,from_import,compare_cross_segment,discover_cross_client,,0,,unresolved_external_or_missing
tests/test_compare_cross_segment_cross_client.py,tests.test_compare_cross_segment_cross_client,24,from_import,compare_cross_segment,discover_parent_siblings,,0,,unresolved_external_or_missing
tests/test_compare_cross_segment_cross_client.py,tests.test_compare_cross_segment_cross_client,24,from_import,compare_cross_segment,discover_sibling_segments,,0,,unresolved_external_or_missing
tests/test_compare_cross_segment_cross_client.py,tests.test_compare_cross_segment_cross_client,24,from_import,compare_cross_segment,drop_legacy_siblings_covered_by_peer_comparisons,,0,,unresolved_external_or_missing
tests/test_compare_cross_segment_governance.py,tests.test_compare_cross_segment_governance,2,from_import,__future__,annotations,,0,,unresolved_external_or_missing
tests/test_compare_cross_segment_governance.py,tests.test_compare_cross_segment_governance,4,from_import,pathlib,Path,,0,,unresolved_external_or_missing
tests/test_compare_cross_segment_governance.py,tests.test_compare_cross_segment_governance,5,import,sys,,,0,,unresolved_external_or_missing
tests/test_compare_cross_segment_governance.py,tests.test_compare_cross_segment_governance,9,from_import,enterprise_policy,load_enterprise_policy,,0,,unresolved_external_or_missing
tests/test_compare_cross_segment_governance.py,tests.test_compare_cross_segment_governance,12,from_import,compare_cross_segment,REUSE_BUCKET_THRESHOLDS,,0,,unresolved_external_or_missing
tests/test_compare_cross_segment_governance.py,tests.test_compare_cross_segment_governance,12,from_import,compare_cross_segment,_bc_of,,0,,unresolved_external_or_missing
tests/test_compare_cross_segment_governance.py,tests.test_compare_cross_segment_governance,12,from_import,compare_cross_segment,_classify_governance_state,,0,,unresolved_external_or_missing
tests/test_compare_cross_segment_governance.py,tests.test_compare_cross_segment_governance,12,from_import,compare_cross_segment,_comparison_role_semantics,,0,,unresolved_external_or_missing
tests/test_compare_cross_segment_governance.py,tests.test_compare_cross_segment_governance,12,from_import,compare_cross_segment,_normalize_bc_label,,0,,unresolved_external_or_missing
tests/test_compare_cross_segment_governance.py,tests.test_compare_cross_segment_governance,12,from_import,compare_cross_segment,_recommended_primary_view,,0,,unresolved_external_or_missing
tests/test_compare_cross_segment_governance.py,tests.test_compare_cross_segment_governance,12,from_import,compare_cross_segment,_reuse_bucket_for,,0,,unresolved_external_or_missing
tests/test_compare_cross_segment_governance.py,tests.test_compare_cross_segment_governance,12,from_import,compare_cross_segment,_scope_level,,0,,unresolved_external_or_missing
tests/test_compare_cross_segment_governance.py,tests.test_compare_cross_segment_governance,12,from_import,compare_cross_segment,_usage_interpretable_for_role,,0,,unresolved_external_or_missing
tests/test_compare_cross_segment_governance.py,tests.test_compare_cross_segment_governance,12,from_import,compare_cross_segment,build_pair_domain_work_items,,0,,unresolved_external_or_missing
tests/test_compare_cross_segment_governance.py,tests.test_compare_cross_segment_governance,12,from_import,compare_cross_segment,build_pattern_reuse_distribution_rows,,0,,unresolved_external_or_missing
tests/test_compare_cross_segment_governance.py,tests.test_compare_cross_segment_governance,12,from_import,compare_cross_segment,build_union_inventory_rows,,0,,unresolved_external_or_missing
tests/test_compare_cross_segment_governance.py,tests.test_compare_cross_segment_governance,12,from_import,compare_cross_segment,deduplicate_pairs,,0,,unresolved_external_or_missing
tests/test_compare_cross_segment_governance.py,tests.test_compare_cross_segment_governance,12,from_import,compare_cross_segment,discover_client_cross_bc,,0,,unresolved_external_or_missing
tests/test_compare_cross_segment_governance.py,tests.test_compare_cross_segment_governance,12,from_import,compare_cross_segment,discover_domains_for_segment,,0,,unresolved_external_or_missing
tests/test_compare_cross_segment_governance.py,tests.test_compare_cross_segment_governance,12,from_import,compare_cross_segment,discover_governance_chain,,0,,unresolved_external_or_missing
tests/test_compare_cross_segment_governance.py,tests.test_compare_cross_segment_governance,12,from_import,compare_cross_segment,discover_sibling_segments,,0,,unresolved_external_or_missing
tests/test_compare_cross_segment_governance.py,tests.test_compare_cross_segment_governance,12,from_import,compare_cross_segment,discover_within_project,,0,,unresolved_external_or_missing
tests/test_compare_cross_segment_governance.py,tests.test_compare_cross_segment_governance,12,from_import,compare_cross_segment,drop_legacy_siblings_covered_by_peer_comparisons,,0,,unresolved_external_or_missing
tests/test_compare_cross_segment_governance.py,tests.test_compare_cross_segment_governance,12,from_import,compare_cross_segment,load_file_join_hashes,,0,,unresolved_external_or_missing
tests/test_compare_cross_segment_governance.py,tests.test_compare_cross_segment_governance,12,from_import,compare_cross_segment,main,compare_main,0,,unresolved_external_or_missing
tests/test_compare_cross_segment_governance.py,tests.test_compare_cross_segment_governance,12,from_import,compare_cross_segment,make_comparison_run_id,,0,,unresolved_external_or_missing
tests/test_compare_cross_segment_governance.py,tests.test_compare_cross_segment_governance,12,from_import,compare_cross_segment,run_pooled_comparison,,0,,unresolved_external_or_missing
tests/test_compare_cross_segment_governance.py,tests.test_compare_cross_segment_governance,12,from_import,compare_cross_segment,sort_pair_detail_rows,,0,,unresolved_external_or_missing
tests/test_compare_cross_segment_governance.py,tests.test_compare_cross_segment_governance,12,from_import,compare_cross_segment,sort_summary_rows,,0,,unresolved_external_or_missing
tests/test_compare_cross_segment_governance.py,tests.test_compare_cross_segment_governance,853,import,csv,,,0,,unresolved_external_or_missing
tests/test_compare_cross_segment_governance.py,tests.test_compare_cross_segment_governance,1020,from_import,compare_cross_segment,build_governance_state_outputs,,0,,unresolved_external_or_missing
tests/test_compare_cross_segment_governance.py,tests.test_compare_cross_segment_governance,1148,from_import,compare_cross_segment,build_governance_state_outputs,,0,,unresolved_external_or_missing
tests/test_compare_cross_segment_governance.py,tests.test_compare_cross_segment_governance,1220,import,csv,,,0,,unresolved_external_or_missing
tests/test_compare_cross_segment_governance.py,tests.test_compare_cross_segment_governance,1330,import,csv,,,0,,unresolved_external_or_missing
tests/test_compare_cross_segment_governance.py,tests.test_compare_cross_segment_governance,1435,import,compare_cross_segment,,ccs,0,,unresolved_external_or_missing
tests/test_compare_cross_segment_governance.py,tests.test_compare_cross_segment_governance,1915,from_import,compare_cross_segment,build_explicit_matrix_outputs,,0,,unresolved_external_or_missing
tests/test_compare_cross_segment_governance.py,tests.test_compare_cross_segment_governance,1945,from_import,compare_cross_segment,build_explicit_matrix_outputs,,0,,unresolved_external_or_missing
tests/test_compare_cross_segment_governance.py,tests.test_compare_cross_segment_governance,1967,from_import,compare_cross_segment,build_explicit_matrix_outputs,,0,,unresolved_external_or_missing
tests/test_compare_cross_segment_governance.py,tests.test_compare_cross_segment_governance,1990,from_import,compare_cross_segment,build_explicit_matrix_outputs,,0,,unresolved_external_or_missing
tests/test_compare_cross_segment_governance.py,tests.test_compare_cross_segment_governance,2028,from_import,compare_cross_segment,build_explicit_matrix_outputs,,0,,unresolved_external_or_missing
tests/test_compare_cross_segment_governance.py,tests.test_compare_cross_segment_governance,2048,from_import,compare_cross_segment,build_explicit_matrix_outputs,,0,,unresolved_external_or_missing
tests/test_compare_cross_segment_governance.py,tests.test_compare_cross_segment_governance,2075,from_import,compare_cross_segment,build_explicit_matrix_outputs,,0,,unresolved_external_or_missing
tests/test_compare_cross_segment_governance.py,tests.test_compare_cross_segment_governance,2096,from_import,compare_cross_segment,build_explicit_matrix_outputs,,0,,unresolved_external_or_missing
tests/test_compare_cross_segment_governance.py,tests.test_compare_cross_segment_governance,2113,from_import,compare_cross_segment,build_explicit_matrix_outputs,,0,,unresolved_external_or_missing
tests/test_compare_cross_segment_governance.py,tests.test_compare_cross_segment_governance,2133,from_import,compare_cross_segment,build_explicit_matrix_outputs,,0,,unresolved_external_or_missing
tests/test_compare_cross_segment_governance.py,tests.test_compare_cross_segment_governance,2143,from_import,compare_cross_segment,build_explicit_matrix_outputs,,0,,unresolved_external_or_missing
tests/test_compare_cross_segment_lineage.py,tests.test_compare_cross_segment_lineage,16,from_import,__future__,annotations,,0,,unresolved_external_or_missing
tests/test_compare_cross_segment_lineage.py,tests.test_compare_cross_segment_lineage,18,import,hashlib,,,0,,unresolved_external_or_missing
tests/test_compare_cross_segment_lineage.py,tests.test_compare_cross_segment_lineage,19,from_import,pathlib,Path,,0,,unresolved_external_or_missing
tests/test_compare_cross_segment_lineage.py,tests.test_compare_cross_segment_lineage,20,import,sys,,,0,,unresolved_external_or_missing
tests/test_compare_cross_segment_lineage.py,tests.test_compare_cross_segment_lineage,24,import,csv,,,0,,unresolved_external_or_missing
tests/test_compare_cross_segment_lineage.py,tests.test_compare_cross_segment_lineage,26,from_import,enterprise_policy,load_enterprise_policy,,0,,unresolved_external_or_missing
tests/test_compare_cross_segment_lineage.py,tests.test_compare_cross_segment_lineage,29,from_import,compare_cross_segment,_build_ancestor_map,,0,,unresolved_external_or_missing
tests/test_compare_cross_segment_lineage.py,tests.test_compare_cross_segment_lineage,29,from_import,compare_cross_segment,_compute_containment_thresholds,,0,,unresolved_external_or_missing
tests/test_compare_cross_segment_lineage.py,tests.test_compare_cross_segment_lineage,29,from_import,compare_cross_segment,_is_lineage_related,,0,,unresolved_external_or_missing
tests/test_compare_cross_segment_lineage.py,tests.test_compare_cross_segment_lineage,29,from_import,compare_cross_segment,_is_population_contained,,0,,unresolved_external_or_missing
tests/test_compare_cross_segment_lineage.py,tests.test_compare_cross_segment_lineage,29,from_import,compare_cross_segment,_population_containment_map,,0,,unresolved_external_or_missing
tests/test_compare_cross_segment_lineage.py,tests.test_compare_cross_segment_lineage,29,from_import,compare_cross_segment,detect_stale_ancestor_encoding,,0,,unresolved_external_or_missing
tests/test_compare_cross_segment_lineage.py,tests.test_compare_cross_segment_lineage,29,from_import,compare_cross_segment,discover_sibling_segments,,0,,unresolved_external_or_missing
tests/test_compare_cross_segment_lineage.py,tests.test_compare_cross_segment_lineage,29,from_import,compare_cross_segment,main,compare_main,0,,unresolved_external_or_missing
tests/test_compare_cross_segment_lineage.py,tests.test_compare_cross_segment_lineage,29,from_import,compare_cross_segment,validate_membership_against_manifest,,0,,unresolved_external_or_missing
tests/test_compare_cross_segment_lineage.py,tests.test_compare_cross_segment_lineage,123,import,pytest,,,0,,unresolved_external_or_missing
tests/test_compare_cross_segment_streamed_pairs.py,tests.test_compare_cross_segment_streamed_pairs,7,from_import,__future__,annotations,,0,,unresolved_external_or_missing
tests/test_compare_cross_segment_streamed_pairs.py,tests.test_compare_cross_segment_streamed_pairs,9,import,csv,,,0,,unresolved_external_or_missing
tests/test_compare_cross_segment_streamed_pairs.py,tests.test_compare_cross_segment_streamed_pairs,10,import,sys,,,0,,unresolved_external_or_missing
tests/test_compare_cross_segment_streamed_pairs.py,tests.test_compare_cross_segment_streamed_pairs,11,from_import,pathlib,Path,,0,,unresolved_external_or_missing
tests/test_compare_cross_segment_streamed_pairs.py,tests.test_compare_cross_segment_streamed_pairs,15,from_import,enterprise_policy,load_enterprise_policy,,0,,unresolved_external_or_missing
tests/test_compare_cross_segment_streamed_pairs.py,tests.test_compare_cross_segment_streamed_pairs,18,from_import,compare_cross_segment,PAIRS_FIELDS,,0,,unresolved_external_or_missing
tests/test_compare_cross_segment_streamed_pairs.py,tests.test_compare_cross_segment_streamed_pairs,18,from_import,compare_cross_segment,main,compare_main,0,,unresolved_external_or_missing
tests/test_compare_cross_segment_streamed_pairs.py,tests.test_compare_cross_segment_streamed_pairs,235,import,compare_cross_segment,,mod,0,,unresolved_external_or_missing
tests/test_compare_cross_segment_worker_count.py,tests.test_compare_cross_segment_worker_count,2,from_import,__future__,annotations,,0,,unresolved_external_or_missing
tests/test_compare_cross_segment_worker_count.py,tests.test_compare_cross_segment_worker_count,4,from_import,pathlib,Path,,0,,unresolved_external_or_missing
tests/test_compare_cross_segment_worker_count.py,tests.test_compare_cross_segment_worker_count,6,import,sys,,,0,,unresolved_external_or_missing
tests/test_compare_cross_segment_worker_count.py,tests.test_compare_cross_segment_worker_count,8,from_import,compare_cross_segment,resolve_worker_count,,0,,unresolved_external_or_missing
tests/test_compare_cross_segment_worker_count.py,tests.test_compare_cross_segment_worker_count,12,import,compare_cross_segment,,mod,0,,unresolved_external_or_missing
tests/test_compare_cross_segment_worker_count.py,tests.test_compare_cross_segment_worker_count,18,import,compare_cross_segment,,mod,0,,unresolved_external_or_missing
tests/test_compare_cross_segment_worker_count.py,tests.test_compare_cross_segment_worker_count,24,import,compare_cross_segment,,mod,0,,unresolved_external_or_missing
tests/test_compare_cross_segment_worker_count.py,tests.test_compare_cross_segment_worker_count,42,import,compare_cross_segment,,mod,0,,unresolved_external_or_missing
tests/test_compare_cross_segment_worker_count.py,tests.test_compare_cross_segment_worker_count,49,import,compare_cross_segment,,mod,0,,unresolved_external_or_missing
tests/test_compare_governance_populations.py,tests.test_compare_governance_populations,1,from_import,__future__,annotations,,0,,unresolved_external_or_missing
tests/test_compare_governance_populations.py,tests.test_compare_governance_populations,3,import,sys,,,0,,unresolved_external_or_missing
tests/test_compare_governance_populations.py,tests.test_compare_governance_populations,4,from_import,pathlib,Path,,0,,unresolved_external_or_missing
tests/test_compare_governance_populations.py,tests.test_compare_governance_populations,12,from_import,tools.governance_manifest,build_governance_populations,,0,tools/governance_manifest.py,resolved
tests/test_compare_governance_populations.py,tests.test_compare_governance_populations,13,from_import,tools.enterprise_policy,load_enterprise_policy,,0,tools/enterprise_policy.py,resolved
tests/test_compare_governance_populations.py,tests.test_compare_governance_populations,16,from_import,tools.compare_governance_populations,discover_directed_tc_to_project_pairs,,0,tools/compare_governance_populations.py,resolved
tests/test_compare_governance_populations.py,tests.test_compare_governance_populations,16,from_import,tools.compare_governance_populations,discover_generic_pairs,,0,tools/compare_governance_populations.py,resolved
tests/test_compare_governance_populations.py,tests.test_compare_governance_populations,16,from_import,tools.compare_governance_populations,discover_same_role_peer_pairs,,0,tools/compare_governance_populations.py,resolved
tests/test_compare_governance_populations.py,tests.test_compare_governance_populations,16,from_import,tools.compare_governance_populations,run_comparisons,,0,tools/compare_governance_populations.py,resolved
tests/test_compound_types_wall.py,tests.test_compound_types_wall,3,import,importlib,,,0,,unresolved_external_or_missing
tests/test_compound_types_wall.py,tests.test_compound_types_wall,5,from_import,domains,compound_layers,,0,domains/compound_layers.py,resolved
tests/test_contracts_bounded_errors.py,tests.test_contracts_bounded_errors,3,from_import,core.contracts,add_bounded_error,,0,core/contracts.py,resolved
tests/test_contracts_bounded_errors.py,tests.test_contracts_bounded_errors,3,from_import,core.contracts,new_run_diag,,0,core/contracts.py,resolved
tests/test_contracts_run_status.py,tests.test_contracts_run_status,3,import,pytest,,,0,,unresolved_external_or_missing
tests/test_contracts_run_status.py,tests.test_contracts_run_status,5,from_import,core.contracts,DOMAIN_STATUS_BLOCKED,,0,core/contracts.py,resolved
tests/test_contracts_run_status.py,tests.test_contracts_run_status,5,from_import,core.contracts,DOMAIN_STATUS_DEGRADED,,0,core/contracts.py,resolved
tests/test_contracts_run_status.py,tests.test_contracts_run_status,5,from_import,core.contracts,DOMAIN_STATUS_FAILED,,0,core/contracts.py,resolved
tests/test_contracts_run_status.py,tests.test_contracts_run_status,5,from_import,core.contracts,DOMAIN_STATUS_OK,,0,core/contracts.py,resolved
tests/test_contracts_run_status.py,tests.test_contracts_run_status,5,from_import,core.contracts,DOMAIN_STATUS_UNSUPPORTED,,0,core/contracts.py,resolved
tests/test_contracts_run_status.py,tests.test_contracts_run_status,5,from_import,core.contracts,RUN_STATUS_DEGRADED,,0,core/contracts.py,resolved
tests/test_contracts_run_status.py,tests.test_contracts_run_status,5,from_import,core.contracts,RUN_STATUS_FAILED,,0,core/contracts.py,resolved
tests/test_contracts_run_status.py,tests.test_contracts_run_status,5,from_import,core.contracts,RUN_STATUS_OK,,0,core/contracts.py,resolved
tests/test_contracts_run_status.py,tests.test_contracts_run_status,5,from_import,core.contracts,SCHEMA_VERSION,,0,core/contracts.py,resolved
tests/test_contracts_run_status.py,tests.test_contracts_run_status,5,from_import,core.contracts,compute_run_status,,0,core/contracts.py,resolved
tests/test_contracts_run_status.py,tests.test_contracts_run_status,5,from_import,core.contracts,new_domain_envelope,,0,core/contracts.py,resolved
tests/test_contracts_run_status.py,tests.test_contracts_run_status,5,from_import,core.contracts,new_run_diag,,0,core/contracts.py,resolved
tests/test_contracts_run_status.py,tests.test_contracts_run_status,5,from_import,core.contracts,new_run_envelope,,0,core/contracts.py,resolved
tests/test_deployment_config.py,tests.test_deployment_config,1,import,json,,,0,,unresolved_external_or_missing
tests/test_deployment_config.py,tests.test_deployment_config,3,import,pytest,,,0,,unresolved_external_or_missing
tests/test_deployment_config.py,tests.test_deployment_config,5,from_import,core.deployment_config,load_deployment_config,,0,core/deployment_config.py,resolved
tests/test_deps_require_domain.py,tests.test_deps_require_domain,3,import,pytest,,,0,,unresolved_external_or_missing
tests/test_deps_require_domain.py,tests.test_deps_require_domain,5,from_import,core,contracts,,0,core/contracts.py,resolved
tests/test_deps_require_domain.py,tests.test_deps_require_domain,6,from_import,core.deps,Blocked,,0,core/deps.py,resolved
tests/test_deps_require_domain.py,tests.test_deps_require_domain,6,from_import,core.deps,require_domain,,0,core/deps.py,resolved
tests/test_dimension_types_placeholder_fields.py,tests.test_dimension_types_placeholder_fields,1,import,domains.dimension_types,,m,0,domains/dimension_types.py,resolved
tests/test_dimension_types_shape_gating.py,tests.test_dimension_types_shape_gating,16,import,pytest,,,0,,unresolved_external_or_missing
tests/test_dimension_types_shape_gating.py,tests.test_dimension_types_shape_gating,20,from_import,core.hashing,make_hash,,0,core/hashing.py,resolved
tests/test_dimension_types_shape_gating.py,tests.test_dimension_types_shape_gating,21,from_import,core.record_v2,ITEM_Q_MISSING,,0,core/record_v2.py,resolved
tests/test_dimension_types_shape_gating.py,tests.test_dimension_types_shape_gating,21,from_import,core.record_v2,ITEM_Q_OK,,0,core/record_v2.py,resolved
tests/test_dimension_types_shape_gating.py,tests.test_dimension_types_shape_gating,21,from_import,core.record_v2,ITEM_Q_UNREADABLE,,0,core/record_v2.py,resolved
tests/test_dimension_types_shape_gating.py,tests.test_dimension_types_shape_gating,21,from_import,core.record_v2,make_identity_item,,0,core/record_v2.py,resolved
tests/test_dimension_types_shape_gating.py,tests.test_dimension_types_shape_gating,21,from_import,core.record_v2,serialize_identity_items,,0,core/record_v2.py,resolved
tests/test_dimension_types_shape_gating.py,tests.test_dimension_types_shape_gating,28,from_import,core.join_key_policy,get_domain_join_key_policy,,0,core/join_key_policy.py,resolved
tests/test_dimension_types_shape_gating.py,tests.test_dimension_types_shape_gating,28,from_import,core.join_key_policy,load_join_key_policies,,0,core/join_key_policy.py,resolved
tests/test_dimension_types_shape_gating.py,tests.test_dimension_types_shape_gating,29,from_import,core.join_key_builder,build_join_key_from_policy,,0,core/join_key_builder.py,resolved
tests/test_dimension_types_shape_gating.py,tests.test_dimension_types_shape_gating,32,from_import,core.dimension_type_helpers,FAMILY_ANGULAR,,0,core/dimension_type_helpers.py,resolved
tests/test_dimension_types_shape_gating.py,tests.test_dimension_types_shape_gating,32,from_import,core.dimension_type_helpers,FAMILY_LINEAR,,0,core/dimension_type_helpers.py,resolved
tests/test_dimension_types_shape_gating.py,tests.test_dimension_types_shape_gating,32,from_import,core.dimension_type_helpers,FAMILY_RADIAL,,0,core/dimension_type_helpers.py,resolved
tests/test_dimension_types_shape_gating.py,tests.test_dimension_types_shape_gating,32,from_import,core.dimension_type_helpers,FAMILY_SPOT,,0,core/dimension_type_helpers.py,resolved
tests/test_dimension_types_shape_gating.py,tests.test_dimension_types_shape_gating,32,from_import,core.dimension_type_helpers,FAMILY_UNKNOWN,,0,core/dimension_type_helpers.py,resolved
tests/test_dimension_types_shape_gating.py,tests.test_dimension_types_shape_gating,32,from_import,core.dimension_type_helpers,SHAPE_ANGULAR,,0,core/dimension_type_helpers.py,resolved
tests/test_dimension_types_shape_gating.py,tests.test_dimension_types_shape_gating,32,from_import,core.dimension_type_helpers,SHAPE_ARC_LENGTH,,0,core/dimension_type_helpers.py,resolved
tests/test_dimension_types_shape_gating.py,tests.test_dimension_types_shape_gating,32,from_import,core.dimension_type_helpers,SHAPE_DIAMETER,,0,core/dimension_type_helpers.py,resolved
tests/test_dimension_types_shape_gating.py,tests.test_dimension_types_shape_gating,32,from_import,core.dimension_type_helpers,SHAPE_DIAMETER_LINKED,,0,core/dimension_type_helpers.py,resolved
tests/test_dimension_types_shape_gating.py,tests.test_dimension_types_shape_gating,32,from_import,core.dimension_type_helpers,SHAPE_INT_TO_NAME,,0,core/dimension_type_helpers.py,resolved
tests/test_dimension_types_shape_gating.py,tests.test_dimension_types_shape_gating,32,from_import,core.dimension_type_helpers,SHAPE_LINEAR,,0,core/dimension_type_helpers.py,resolved
tests/test_dimension_types_shape_gating.py,tests.test_dimension_types_shape_gating,32,from_import,core.dimension_type_helpers,SHAPE_LINEAR_FIXED,,0,core/dimension_type_helpers.py,resolved
tests/test_dimension_types_shape_gating.py,tests.test_dimension_types_shape_gating,32,from_import,core.dimension_type_helpers,SHAPE_RADIAL,,0,core/dimension_type_helpers.py,resolved
tests/test_dimension_types_shape_gating.py,tests.test_dimension_types_shape_gating,32,from_import,core.dimension_type_helpers,SHAPE_SPOT_COORDINATE,,0,core/dimension_type_helpers.py,resolved
tests/test_dimension_types_shape_gating.py,tests.test_dimension_types_shape_gating,32,from_import,core.dimension_type_helpers,SHAPE_SPOT_ELEVATION,,0,core/dimension_type_helpers.py,resolved
tests/test_dimension_types_shape_gating.py,tests.test_dimension_types_shape_gating,32,from_import,core.dimension_type_helpers,SHAPE_SPOT_ELEVATION_FIXED,,0,core/dimension_type_helpers.py,resolved
tests/test_dimension_types_shape_gating.py,tests.test_dimension_types_shape_gating,32,from_import,core.dimension_type_helpers,SHAPE_SPOT_SLOPE,,0,core/dimension_type_helpers.py,resolved
tests/test_dimension_types_shape_gating.py,tests.test_dimension_types_shape_gating,32,from_import,core.dimension_type_helpers,SHAPE_TO_FAMILY,,0,core/dimension_type_helpers.py,resolved
tests/test_dimension_types_shape_gating.py,tests.test_dimension_types_shape_gating,32,from_import,core.dimension_type_helpers,SHAPE_UNKNOWN,,0,core/dimension_type_helpers.py,resolved
tests/test_discover_hash_policy.py,tests.test_discover_hash_policy,1,from_import,__future__,annotations,,0,,unresolved_external_or_missing
tests/test_discover_hash_policy.py,tests.test_discover_hash_policy,2,import,csv,,,0,,unresolved_external_or_missing
tests/test_discover_hash_policy.py,tests.test_discover_hash_policy,2,import,subprocess,,,0,,unresolved_external_or_missing
tests/test_discover_hash_policy.py,tests.test_discover_hash_policy,2,import,sys,,,0,,unresolved_external_or_missing
tests/test_discover_hash_policy.py,tests.test_discover_hash_policy,3,from_import,pathlib,Path,,0,,unresolved_external_or_missing
tests/test_discover_join_policy_verification.py,tests.test_discover_join_policy_verification,1,from_import,__future__,annotations,,0,,unresolved_external_or_missing
tests/test_discover_join_policy_verification.py,tests.test_discover_join_policy_verification,2,import,csv,,,0,,unresolved_external_or_missing
tests/test_discover_join_policy_verification.py,tests.test_discover_join_policy_verification,2,import,json,,,0,,unresolved_external_or_missing
tests/test_discover_join_policy_verification.py,tests.test_discover_join_policy_verification,2,import,subprocess,,,0,,unresolved_external_or_missing
tests/test_discover_join_policy_verification.py,tests.test_discover_join_policy_verification,2,import,sys,,,0,,unresolved_external_or_missing
tests/test_discover_join_policy_verification.py,tests.test_discover_join_policy_verification,3,from_import,pathlib,Path,,0,,unresolved_external_or_missing
tests/test_discover_join_policy_verification.py,tests.test_discover_join_policy_verification,5,import,pytest,,,0,,unresolved_external_or_missing
tests/test_discover_join_policy_verification.py,tests.test_discover_join_policy_verification,8,from_import,tools.discover_join_policy,_diagnostics_domain_suffix,,0,tools/discover_join_policy.py,resolved
tests/test_discover_join_policy_verification.py,tests.test_discover_join_policy_verification,8,from_import,tools.discover_join_policy,_full_population_verify,,0,tools/discover_join_policy.py,resolved
tests/test_discover_join_policy_verification.py,tests.test_discover_join_policy_verification,8,from_import,tools.discover_join_policy,_rank_all,,0,tools/discover_join_policy.py,resolved
tests/test_discover_join_policy_verification.py,tests.test_discover_join_policy_verification,8,from_import,tools.discover_join_policy,_stratified_sample,,0,tools/discover_join_policy.py,resolved
tests/test_discover_join_policy_verification.py,tests.test_discover_join_policy_verification,9,from_import,tools.join_key_discovery.eval,build_identity_index,,0,tools/join_key_discovery/eval.py,resolved
tests/test_discover_join_policy_verification.py,tests.test_discover_join_policy_verification,9,from_import,tools.join_key_discovery.eval,score_candidate,,0,tools/join_key_discovery/eval.py,resolved
tests/test_discover_join_policy_verification.py,tests.test_discover_join_policy_verification,10,from_import,tools.join_key_discovery.greedy,discover_greedy,,0,tools/join_key_discovery/greedy.py,resolved
tests/test_discover_vfd_edges.py,tests.test_discover_vfd_edges,1,import,csv,,,0,,unresolved_external_or_missing
tests/test_discover_vfd_edges.py,tests.test_discover_vfd_edges,2,import,json,,,0,,unresolved_external_or_missing
tests/test_discover_vfd_edges.py,tests.test_discover_vfd_edges,3,import,subprocess,,,0,,unresolved_external_or_missing
tests/test_discover_vfd_edges.py,tests.test_discover_vfd_edges,4,import,sys,,,0,,unresolved_external_or_missing
tests/test_discover_vfd_edges.py,tests.test_discover_vfd_edges,5,from_import,pathlib,Path,,0,,unresolved_external_or_missing
tests/test_discover_vfd_edges.py,tests.test_discover_vfd_edges,173,import,importlib.util,,,0,,unresolved_external_or_missing
tests/test_discover_vfd_edges.py,tests.test_discover_vfd_edges,578,import,importlib.util,,,0,,unresolved_external_or_missing
tests/test_dynamo_bootstrap.py,tests.test_dynamo_bootstrap,12,import,os,,,0,,unresolved_external_or_missing
tests/test_dynamo_bootstrap.py,tests.test_dynamo_bootstrap,13,import,sys,,,0,,unresolved_external_or_missing
tests/test_dynamo_bootstrap.py,tests.test_dynamo_bootstrap,14,from_import,pathlib,Path,,0,,unresolved_external_or_missing
tests/test_dynamo_bootstrap.py,tests.test_dynamo_bootstrap,20,import,pytest,,,0,,unresolved_external_or_missing
tests/test_dynamo_bootstrap.py,tests.test_dynamo_bootstrap,22,from_import,mapping,_dynamo_bootstrap,boot,0,mapping/_dynamo_bootstrap.py,resolved
tests/test_enterprise_policy.py,tests.test_enterprise_policy,1,import,json,,,0,,unresolved_external_or_missing
tests/test_enterprise_policy.py,tests.test_enterprise_policy,2,import,pytest,,,0,,unresolved_external_or_missing
tests/test_enterprise_policy.py,tests.test_enterprise_policy,3,from_import,tools.enterprise_policy,DEFAULT_ENTERPRISE_LABEL,,0,tools/enterprise_policy.py,resolved
tests/test_enterprise_policy.py,tests.test_enterprise_policy,3,from_import,tools.enterprise_policy,load_enterprise_policy,,0,tools/enterprise_policy.py,resolved
tests/test_enterprise_policy.py,tests.test_enterprise_policy,3,from_import,tools.enterprise_policy,write_enterprise_policy_provenance,,0,tools/enterprise_policy.py,resolved
tests/test_enterprise_policy.py,tests.test_enterprise_policy,37,import,pickle,,,0,,unresolved_external_or_missing
tests/test_export_bundle_pattern_detail_quality_resolution.py,tests.test_export_bundle_pattern_detail_quality_resolution,18,import,csv,,,0,,unresolved_external_or_missing
tests/test_export_bundle_pattern_detail_quality_resolution.py,tests.test_export_bundle_pattern_detail_quality_resolution,19,import,sys,,,0,,unresolved_external_or_missing
tests/test_export_bundle_pattern_detail_quality_resolution.py,tests.test_export_bundle_pattern_detail_quality_resolution,20,from_import,pathlib,Path,,0,,unresolved_external_or_missing
tests/test_export_bundle_pattern_detail_quality_resolution.py,tests.test_export_bundle_pattern_detail_quality_resolution,24,from_import,export_bundle_pattern_detail,_iter_identity_csv,,0,,unresolved_external_or_missing
tests/test_export_layer_stacks.py,tests.test_export_layer_stacks,4,from_import,__future__,annotations,,0,,unresolved_external_or_missing
tests/test_export_layer_stacks.py,tests.test_export_layer_stacks,6,import,csv,,,0,,unresolved_external_or_missing
tests/test_export_layer_stacks.py,tests.test_export_layer_stacks,7,import,json,,,0,,unresolved_external_or_missing
tests/test_export_layer_stacks.py,tests.test_export_layer_stacks,8,import,sys,,,0,,unresolved_external_or_missing
tests/test_export_layer_stacks.py,tests.test_export_layer_stacks,9,from_import,pathlib,Path,,0,,unresolved_external_or_missing
tests/test_export_layer_stacks.py,tests.test_export_layer_stacks,10,from_import,typing,Any,,0,,unresolved_external_or_missing
tests/test_export_layer_stacks.py,tests.test_export_layer_stacks,10,from_import,typing,Dict,,0,,unresolved_external_or_missing
tests/test_export_layer_stacks.py,tests.test_export_layer_stacks,10,from_import,typing,List,,0,,unresolved_external_or_missing
tests/test_export_layer_stacks.py,tests.test_export_layer_stacks,16,from_import,tools.export_to_flat_tables,main,export_main,0,tools/export_to_flat_tables.py,resolved
tests/test_export_layer_stacks.py,tests.test_export_layer_stacks,84,import,sys,,_sys,0,,unresolved_external_or_missing
tests/test_export_layer_stacks.py,tests.test_export_layer_stacks,305,import,pytest,,,0,,unresolved_external_or_missing
tests/test_extractor_unit_system.py,tests.test_extractor_unit_system,1,from_import,tools.extractor,_derive_unit_system,,0,tools/extractor.py,resolved
tests/test_fill_patterns_canonical_selectors.py,tests.test_fill_patterns_canonical_selectors,3,from_import,core.hashing,make_hash,,0,core/hashing.py,resolved
tests/test_fill_patterns_canonical_selectors.py,tests.test_fill_patterns_canonical_selectors,4,from_import,core.join_key_builder,build_join_key_from_policy,,0,core/join_key_builder.py,resolved
tests/test_fill_patterns_canonical_selectors.py,tests.test_fill_patterns_canonical_selectors,5,from_import,core.join_key_policy,get_domain_join_key_policy,,0,core/join_key_policy.py,resolved
tests/test_fill_patterns_canonical_selectors.py,tests.test_fill_patterns_canonical_selectors,5,from_import,core.join_key_policy,load_join_key_policies,,0,core/join_key_policy.py,resolved
tests/test_fill_patterns_canonical_selectors.py,tests.test_fill_patterns_canonical_selectors,6,from_import,core.record_v2,ITEM_Q_OK,,0,core/record_v2.py,resolved
tests/test_fill_patterns_canonical_selectors.py,tests.test_fill_patterns_canonical_selectors,6,from_import,core.record_v2,make_identity_item,,0,core/record_v2.py,resolved
tests/test_fill_patterns_canonical_selectors.py,tests.test_fill_patterns_canonical_selectors,6,from_import,core.record_v2,serialize_identity_items,,0,core/record_v2.py,resolved
tests/test_fill_patterns_canonical_selectors.py,tests.test_fill_patterns_canonical_selectors,75,from_import,domains.fill_patterns,_export_fill_pattern_ctx,,0,domains/fill_patterns.py,resolved
tests/test_fill_patterns_is_import_coercion.py,tests.test_fill_patterns_is_import_coercion,13,import,importlib,,,0,,unresolved_external_or_missing
tests/test_fingerprint_export_discovery.py,tests.test_fingerprint_export_discovery,1,from_import,__future__,annotations,,0,,unresolved_external_or_missing
tests/test_fingerprint_export_discovery.py,tests.test_fingerprint_export_discovery,3,import,json,,,0,,unresolved_external_or_missing
tests/test_fingerprint_export_discovery.py,tests.test_fingerprint_export_discovery,4,import,sys,,,0,,unresolved_external_or_missing
tests/test_fingerprint_export_discovery.py,tests.test_fingerprint_export_discovery,5,from_import,pathlib,Path,,0,,unresolved_external_or_missing
tests/test_fingerprint_export_discovery.py,tests.test_fingerprint_export_discovery,13,from_import,tools.patterns_analysis._archive.io,load_exports,,0,tools/patterns_analysis/_archive/io.py,resolved
tests/test_fingerprint_export_discovery.py,tests.test_fingerprint_export_discovery,14,from_import,tools.run_extract_all,_detect_surfaces,,0,tools/run_extract_all.py,resolved
tests/test_fingerprint_export_discovery.py,tests.test_fingerprint_export_discovery,14,from_import,tools.run_extract_all,_discover_domains_from_exports,,0,tools/run_extract_all.py,resolved
tests/test_fingerprint_export_discovery.py,tests.test_fingerprint_export_discovery,14,from_import,tools.run_extract_all,_infer_domains,,0,tools/run_extract_all.py,resolved
tests/test_fingerprint_export_discovery.py,tests.test_fingerprint_export_discovery,14,from_import,tools.run_extract_all,_pick_sample_file,,0,tools/run_extract_all.py,resolved
tests/test_fingerprint_export_discovery.py,tests.test_fingerprint_export_discovery,20,from_import,tools.extractor,_iter_export_files,,0,tools/extractor.py,resolved
tests/test_generate_governance_narrative_bc_client_sections.py,tests.test_generate_governance_narrative_bc_client_sections,4,from_import,__future__,annotations,,0,,unresolved_external_or_missing
tests/test_generate_governance_narrative_bc_client_sections.py,tests.test_generate_governance_narrative_bc_client_sections,6,from_import,pathlib,Path,,0,,unresolved_external_or_missing
tests/test_generate_governance_narrative_bc_client_sections.py,tests.test_generate_governance_narrative_bc_client_sections,7,import,sys,,,0,,unresolved_external_or_missing
tests/test_generate_governance_narrative_bc_client_sections.py,tests.test_generate_governance_narrative_bc_client_sections,11,from_import,generate_governance_narrative,render_bc_composition_section,,0,,unresolved_external_or_missing
tests/test_generate_governance_narrative_bc_client_sections.py,tests.test_generate_governance_narrative_bc_client_sections,11,from_import,generate_governance_narrative,render_client_bc_distribution_section,,0,,unresolved_external_or_missing
tests/test_generate_governance_narrative_brief.py,tests.test_generate_governance_narrative_brief,7,from_import,__future__,annotations,,0,,unresolved_external_or_missing
tests/test_generate_governance_narrative_brief.py,tests.test_generate_governance_narrative_brief,9,import,csv,,,0,,unresolved_external_or_missing
tests/test_generate_governance_narrative_brief.py,tests.test_generate_governance_narrative_brief,10,import,json,,,0,,unresolved_external_or_missing
tests/test_generate_governance_narrative_brief.py,tests.test_generate_governance_narrative_brief,11,from_import,pathlib,Path,,0,,unresolved_external_or_missing
tests/test_generate_governance_narrative_brief.py,tests.test_generate_governance_narrative_brief,12,import,sys,,,0,,unresolved_external_or_missing
tests/test_generate_governance_narrative_brief.py,tests.test_generate_governance_narrative_brief,16,from_import,compare_cross_segment,POOLED_FIELDS,,0,,unresolved_external_or_missing
tests/test_generate_governance_narrative_brief.py,tests.test_generate_governance_narrative_brief,16,from_import,compare_cross_segment,SUMMARY_FIELDS,,0,,unresolved_external_or_missing
tests/test_generate_governance_narrative_brief.py,tests.test_generate_governance_narrative_brief,17,from_import,generate_governance_narrative,INTERPRETATION_GUIDE_PATH,,0,,unresolved_external_or_missing
tests/test_generate_governance_narrative_brief.py,tests.test_generate_governance_narrative_brief,17,from_import,generate_governance_narrative,INTERPRETATION_GUIDE_VERSION,,0,,unresolved_external_or_missing
tests/test_generate_governance_narrative_brief.py,tests.test_generate_governance_narrative_brief,17,from_import,generate_governance_narrative,QUESTION_ROUTES_PATH,,0,,unresolved_external_or_missing
tests/test_generate_governance_narrative_brief.py,tests.test_generate_governance_narrative_brief,17,from_import,generate_governance_narrative,QUESTION_ROUTES_VERSION,,0,,unresolved_external_or_missing
tests/test_generate_governance_narrative_brief.py,tests.test_generate_governance_narrative_brief,17,from_import,generate_governance_narrative,main,,0,,unresolved_external_or_missing
tests/test_generate_governance_narrative_brief.py,tests.test_generate_governance_narrative_brief,17,from_import,generate_governance_narrative,render_evidence_authority_header,,0,,unresolved_external_or_missing
tests/test_generate_governance_narrative_brief.py,tests.test_generate_governance_narrative_brief,17,from_import,generate_governance_narrative,render_file_inventory_brief_section,,0,,unresolved_external_or_missing
tests/test_generate_governance_narrative_brief.py,tests.test_generate_governance_narrative_brief,17,from_import,generate_governance_narrative,render_governance_brief,,0,,unresolved_external_or_missing
tests/test_generate_governance_narrative_classification.py,tests.test_generate_governance_narrative_classification,6,from_import,__future__,annotations,,0,,unresolved_external_or_missing
tests/test_generate_governance_narrative_classification.py,tests.test_generate_governance_narrative_classification,8,from_import,pathlib,Path,,0,,unresolved_external_or_missing
tests/test_generate_governance_narrative_classification.py,tests.test_generate_governance_narrative_classification,9,import,sys,,,0,,unresolved_external_or_missing
tests/test_generate_governance_narrative_classification.py,tests.test_generate_governance_narrative_classification,13,from_import,compare_cross_segment,POOLED_FIELDS,,0,,unresolved_external_or_missing
tests/test_generate_governance_narrative_classification.py,tests.test_generate_governance_narrative_classification,13,from_import,compare_cross_segment,SUMMARY_FIELDS,,0,,unresolved_external_or_missing
tests/test_generate_governance_narrative_classification.py,tests.test_generate_governance_narrative_classification,14,from_import,generate_governance_narrative,EXCLUDED_FROM_SCORING,,0,,unresolved_external_or_missing
tests/test_generate_governance_narrative_classification.py,tests.test_generate_governance_narrative_classification,14,from_import,generate_governance_narrative,_DEFAULT_CLIENT_SECTOR_PATH,,0,,unresolved_external_or_missing
tests/test_generate_governance_narrative_classification.py,tests.test_generate_governance_narrative_classification,14,from_import,generate_governance_narrative,_client_onboarding_profile,,0,,unresolved_external_or_missing
tests/test_generate_governance_narrative_classification.py,tests.test_generate_governance_narrative_classification,14,from_import,generate_governance_narrative,_disc_label,,0,,unresolved_external_or_missing
tests/test_generate_governance_narrative_classification.py,tests.test_generate_governance_narrative_classification,14,from_import,generate_governance_narrative,build_cascade,,0,,unresolved_external_or_missing
tests/test_generate_governance_narrative_classification.py,tests.test_generate_governance_narrative_classification,14,from_import,generate_governance_narrative,build_client_summary,,0,,unresolved_external_or_missing
tests/test_generate_governance_narrative_classification.py,tests.test_generate_governance_narrative_classification,14,from_import,generate_governance_narrative,load_client_sectors,,0,,unresolved_external_or_missing
tests/test_generate_governance_narrative_classification.py,tests.test_generate_governance_narrative_classification,14,from_import,generate_governance_narrative,normalise_summary_schema,,0,,unresolved_external_or_missing
tests/test_generate_governance_narrative_classification.py,tests.test_generate_governance_narrative_classification,14,from_import,generate_governance_narrative,read_csv,,0,,unresolved_external_or_missing
tests/test_generate_governance_narrative_classification.py,tests.test_generate_governance_narrative_classification,14,from_import,generate_governance_narrative,render_client_section,,0,,unresolved_external_or_missing
tests/test_generate_governance_narrative_classification.py,tests.test_generate_governance_narrative_classification,14,from_import,generate_governance_narrative,render_discipline_section,,0,,unresolved_external_or_missing
tests/test_generate_governance_narrative_comparison_registry.py,tests.test_generate_governance_narrative_comparison_registry,7,from_import,__future__,annotations,,0,,unresolved_external_or_missing
tests/test_generate_governance_narrative_comparison_registry.py,tests.test_generate_governance_narrative_comparison_registry,9,import,csv,,,0,,unresolved_external_or_missing
tests/test_generate_governance_narrative_comparison_registry.py,tests.test_generate_governance_narrative_comparison_registry,10,import,json,,,0,,unresolved_external_or_missing
tests/test_generate_governance_narrative_comparison_registry.py,tests.test_generate_governance_narrative_comparison_registry,11,from_import,pathlib,Path,,0,,unresolved_external_or_missing
tests/test_generate_governance_narrative_comparison_registry.py,tests.test_generate_governance_narrative_comparison_registry,12,import,sys,,,0,,unresolved_external_or_missing
tests/test_generate_governance_narrative_comparison_registry.py,tests.test_generate_governance_narrative_comparison_registry,16,from_import,compare_cross_segment,COMPARISON_REGISTRY_FIELDS,,0,,unresolved_external_or_missing
tests/test_generate_governance_narrative_comparison_registry.py,tests.test_generate_governance_narrative_comparison_registry,16,from_import,compare_cross_segment,GOVERNANCE_STATE_SUMMARY_FIELDS,,0,,unresolved_external_or_missing
tests/test_generate_governance_narrative_comparison_registry.py,tests.test_generate_governance_narrative_comparison_registry,16,from_import,compare_cross_segment,POOLED_FIELDS,,0,,unresolved_external_or_missing
tests/test_generate_governance_narrative_comparison_registry.py,tests.test_generate_governance_narrative_comparison_registry,16,from_import,compare_cross_segment,SUMMARY_FIELDS,,0,,unresolved_external_or_missing
tests/test_generate_governance_narrative_comparison_registry.py,tests.test_generate_governance_narrative_comparison_registry,19,import,generate_governance_narrative,,g,0,,unresolved_external_or_missing
tests/test_generate_governance_narrative_comparison_registry.py,tests.test_generate_governance_narrative_comparison_registry,195,from_import,compare_cross_segment,GOVERNANCE_STATE_FIELDS,,0,,unresolved_external_or_missing
tests/test_generate_governance_narrative_comparison_registry.py,tests.test_generate_governance_narrative_comparison_registry,217,from_import,compare_cross_segment,GOVERNANCE_STATE_FIELDS,,0,,unresolved_external_or_missing
tests/test_generate_governance_narrative_evidence_package.py,tests.test_generate_governance_narrative_evidence_package,10,from_import,__future__,annotations,,0,,unresolved_external_or_missing
tests/test_generate_governance_narrative_evidence_package.py,tests.test_generate_governance_narrative_evidence_package,12,import,csv,,,0,,unresolved_external_or_missing
tests/test_generate_governance_narrative_evidence_package.py,tests.test_generate_governance_narrative_evidence_package,13,import,json,,,0,,unresolved_external_or_missing
tests/test_generate_governance_narrative_evidence_package.py,tests.test_generate_governance_narrative_evidence_package,14,from_import,pathlib,Path,,0,,unresolved_external_or_missing
tests/test_generate_governance_narrative_evidence_package.py,tests.test_generate_governance_narrative_evidence_package,15,import,sys,,,0,,unresolved_external_or_missing
tests/test_generate_governance_narrative_evidence_package.py,tests.test_generate_governance_narrative_evidence_package,19,from_import,compare_cross_segment,COMPARISON_REGISTRY_FIELDS,,0,,unresolved_external_or_missing
tests/test_generate_governance_narrative_evidence_package.py,tests.test_generate_governance_narrative_evidence_package,19,from_import,compare_cross_segment,DELTA_FIELDS,,0,,unresolved_external_or_missing
tests/test_generate_governance_narrative_evidence_package.py,tests.test_generate_governance_narrative_evidence_package,19,from_import,compare_cross_segment,GOVERNANCE_STATE_SUMMARY_FIELDS,,0,,unresolved_external_or_missing
tests/test_generate_governance_narrative_evidence_package.py,tests.test_generate_governance_narrative_evidence_package,19,from_import,compare_cross_segment,MATRIX_MANIFEST_FIELDS,,0,,unresolved_external_or_missing
tests/test_generate_governance_narrative_evidence_package.py,tests.test_generate_governance_narrative_evidence_package,19,from_import,compare_cross_segment,MATRIX_OUTPUT_FIELDS,,0,,unresolved_external_or_missing
tests/test_generate_governance_narrative_evidence_package.py,tests.test_generate_governance_narrative_evidence_package,19,from_import,compare_cross_segment,POOLED_FIELDS,,0,,unresolved_external_or_missing
tests/test_generate_governance_narrative_evidence_package.py,tests.test_generate_governance_narrative_evidence_package,19,from_import,compare_cross_segment,REUSE_SUMMARY_FIELDS,,0,,unresolved_external_or_missing
tests/test_generate_governance_narrative_evidence_package.py,tests.test_generate_governance_narrative_evidence_package,19,from_import,compare_cross_segment,SUMMARY_FIELDS,,0,,unresolved_external_or_missing
tests/test_generate_governance_narrative_evidence_package.py,tests.test_generate_governance_narrative_evidence_package,19,from_import,compare_cross_segment,UNION_INVENTORY_FIELDS,,0,,unresolved_external_or_missing
tests/test_generate_governance_narrative_evidence_package.py,tests.test_generate_governance_narrative_evidence_package,24,from_import,governance_evidence_package,GENERATOR_IDENTITY,,0,,unresolved_external_or_missing
tests/test_generate_governance_narrative_evidence_package.py,tests.test_generate_governance_narrative_evidence_package,25,from_import,generate_governance_narrative,CASCADE_GROUP1_TYPES,,0,,unresolved_external_or_missing
tests/test_generate_governance_narrative_evidence_package.py,tests.test_generate_governance_narrative_evidence_package,25,from_import,generate_governance_narrative,CASCADE_GROUP2_TYPES,,0,,unresolved_external_or_missing
tests/test_generate_governance_narrative_evidence_package.py,tests.test_generate_governance_narrative_evidence_package,25,from_import,generate_governance_narrative,CASCADE_GROUP3B_TYPES,,0,,unresolved_external_or_missing
tests/test_generate_governance_narrative_evidence_package.py,tests.test_generate_governance_narrative_evidence_package,25,from_import,generate_governance_narrative,CASCADE_GROUP3_TYPES,,0,,unresolved_external_or_missing
tests/test_generate_governance_narrative_evidence_package.py,tests.test_generate_governance_narrative_evidence_package,25,from_import,generate_governance_narrative,CASCADE_GROUP4_EXCLUDED_TYPES,,0,,unresolved_external_or_missing
tests/test_generate_governance_narrative_evidence_package.py,tests.test_generate_governance_narrative_evidence_package,25,from_import,generate_governance_narrative,EVIDENCE_MAP_SCHEMA_VERSION,,0,,unresolved_external_or_missing
tests/test_generate_governance_narrative_evidence_package.py,tests.test_generate_governance_narrative_evidence_package,25,from_import,generate_governance_narrative,_DIRECTED_GOVERNANCE_TYPES,,0,,unresolved_external_or_missing
tests/test_generate_governance_narrative_evidence_package.py,tests.test_generate_governance_narrative_evidence_package,25,from_import,generate_governance_narrative,_comparison_type_coverage,,0,,unresolved_external_or_missing
tests/test_generate_governance_narrative_evidence_package.py,tests.test_generate_governance_narrative_evidence_package,25,from_import,generate_governance_narrative,main,,0,,unresolved_external_or_missing
tests/test_generate_governance_narrative_evidence_package.py,tests.test_generate_governance_narrative_evidence_package,25,from_import,generate_governance_narrative,render_evidence_authority_header,,0,,unresolved_external_or_missing
tests/test_generate_governance_narrative_evidence_package.py,tests.test_generate_governance_narrative_evidence_package,25,from_import,generate_governance_narrative,render_limitations,,0,,unresolved_external_or_missing
tests/test_generate_governance_narrative_findings.py,tests.test_generate_governance_narrative_findings,12,from_import,__future__,annotations,,0,,unresolved_external_or_missing
tests/test_generate_governance_narrative_findings.py,tests.test_generate_governance_narrative_findings,14,from_import,pathlib,Path,,0,,unresolved_external_or_missing
tests/test_generate_governance_narrative_findings.py,tests.test_generate_governance_narrative_findings,15,import,sys,,,0,,unresolved_external_or_missing
tests/test_generate_governance_narrative_findings.py,tests.test_generate_governance_narrative_findings,19,from_import,governance_evidence_package,AUTHORITY_CONTROLLED_INTERPRETATION,,0,,unresolved_external_or_missing
tests/test_generate_governance_narrative_findings.py,tests.test_generate_governance_narrative_findings,19,from_import,governance_evidence_package,AUTHORITY_CONVENIENCE_SUMMARY,,0,,unresolved_external_or_missing
tests/test_generate_governance_narrative_findings.py,tests.test_generate_governance_narrative_findings,19,from_import,governance_evidence_package,FINDING_FIDELITY_EXACT,,0,,unresolved_external_or_missing
tests/test_generate_governance_narrative_findings.py,tests.test_generate_governance_narrative_findings,19,from_import,governance_evidence_package,FINDING_ORIGIN_DETERMINISTIC_COMPUTATION,,0,,unresolved_external_or_missing
tests/test_generate_governance_narrative_findings.py,tests.test_generate_governance_narrative_findings,19,from_import,governance_evidence_package,FINDING_STATUS_QUESTION_NOT_CLAIM,,0,,unresolved_external_or_missing
tests/test_generate_governance_narrative_findings.py,tests.test_generate_governance_narrative_findings,19,from_import,governance_evidence_package,FINDING_STATUS_SUPPORTED,,0,,unresolved_external_or_missing
tests/test_generate_governance_narrative_findings.py,tests.test_generate_governance_narrative_findings,19,from_import,governance_evidence_package,FINDING_TYPES,,0,,unresolved_external_or_missing
tests/test_generate_governance_narrative_findings.py,tests.test_generate_governance_narrative_findings,19,from_import,governance_evidence_package,build_findings_document,,0,,unresolved_external_or_missing
tests/test_generate_governance_narrative_findings.py,tests.test_generate_governance_narrative_findings,29,from_import,generate_governance_narrative,PASSIVE_INHERITANCE_RISK_DOMAINS,,0,,unresolved_external_or_missing
tests/test_generate_governance_narrative_findings.py,tests.test_generate_governance_narrative_findings,29,from_import,generate_governance_narrative,TIER_ACTIVE_LOCAL,,0,,unresolved_external_or_missing
tests/test_generate_governance_narrative_findings.py,tests.test_generate_governance_narrative_findings,29,from_import,generate_governance_narrative,TIER_BASELINE_CONTAINER_GAP,,0,,unresolved_external_or_missing
tests/test_generate_governance_narrative_findings.py,tests.test_generate_governance_narrative_findings,29,from_import,generate_governance_narrative,TIER_BASELINE_LOCAL_REVIEW,,0,,unresolved_external_or_missing
tests/test_generate_governance_narrative_findings.py,tests.test_generate_governance_narrative_findings,29,from_import,generate_governance_narrative,TIER_HIGH_FRAGMENTATION,,0,,unresolved_external_or_missing
tests/test_generate_governance_narrative_findings.py,tests.test_generate_governance_narrative_findings,29,from_import,generate_governance_narrative,TIER_STRONG_BASELINE,,0,,unresolved_external_or_missing
tests/test_generate_governance_narrative_findings.py,tests.test_generate_governance_narrative_findings,29,from_import,generate_governance_narrative,_TIER_DRIVER_SUPPORT_FIELDS,,0,,unresolved_external_or_missing
tests/test_generate_governance_narrative_findings.py,tests.test_generate_governance_narrative_findings,29,from_import,generate_governance_narrative,build_structured_findings,,0,,unresolved_external_or_missing
tests/test_generate_governance_narrative_findings.py,tests.test_generate_governance_narrative_findings,29,from_import,generate_governance_narrative,render_findings_and_recommendations,,0,,unresolved_external_or_missing
tests/test_generate_governance_narrative_findings.py,tests.test_generate_governance_narrative_findings,470,import,pytest,,,0,,unresolved_external_or_missing
tests/test_generate_governance_narrative_group1_bc_pooled.py,tests.test_generate_governance_narrative_group1_bc_pooled,18,from_import,__future__,annotations,,0,,unresolved_external_or_missing
tests/test_generate_governance_narrative_group1_bc_pooled.py,tests.test_generate_governance_narrative_group1_bc_pooled,20,from_import,pathlib,Path,,0,,unresolved_external_or_missing
tests/test_generate_governance_narrative_group1_bc_pooled.py,tests.test_generate_governance_narrative_group1_bc_pooled,21,import,sys,,,0,,unresolved_external_or_missing
tests/test_generate_governance_narrative_group1_bc_pooled.py,tests.test_generate_governance_narrative_group1_bc_pooled,25,from_import,compare_cross_segment,SUMMARY_FIELDS,,0,,unresolved_external_or_missing
tests/test_generate_governance_narrative_group1_bc_pooled.py,tests.test_generate_governance_narrative_group1_bc_pooled,26,from_import,generate_governance_narrative,TIER_INSUFFICIENT,,0,,unresolved_external_or_missing
tests/test_generate_governance_narrative_group1_bc_pooled.py,tests.test_generate_governance_narrative_group1_bc_pooled,26,from_import,generate_governance_narrative,TIER_INSUFFICIENT_ENTERPRISE_BC_EVIDENCE,,0,,unresolved_external_or_missing
tests/test_generate_governance_narrative_group1_bc_pooled.py,tests.test_generate_governance_narrative_group1_bc_pooled,26,from_import,generate_governance_narrative,TIER_ORDER,,0,,unresolved_external_or_missing
tests/test_generate_governance_narrative_group1_bc_pooled.py,tests.test_generate_governance_narrative_group1_bc_pooled,26,from_import,generate_governance_narrative,_group1_scope_pair,,0,,unresolved_external_or_missing
tests/test_generate_governance_narrative_group1_bc_pooled.py,tests.test_generate_governance_narrative_group1_bc_pooled,26,from_import,generate_governance_narrative,_has_group1_bc_pooled_evidence,,0,,unresolved_external_or_missing
tests/test_generate_governance_narrative_group1_bc_pooled.py,tests.test_generate_governance_narrative_group1_bc_pooled,26,from_import,generate_governance_narrative,_has_renderable_cascade_signal,,0,,unresolved_external_or_missing
tests/test_generate_governance_narrative_group1_bc_pooled.py,tests.test_generate_governance_narrative_group1_bc_pooled,26,from_import,generate_governance_narrative,assign_tier,,0,,unresolved_external_or_missing
tests/test_generate_governance_narrative_group1_bc_pooled.py,tests.test_generate_governance_narrative_group1_bc_pooled,26,from_import,generate_governance_narrative,build_cascade,,0,,unresolved_external_or_missing
tests/test_generate_governance_narrative_group1_bc_pooled.py,tests.test_generate_governance_narrative_group1_bc_pooled,26,from_import,generate_governance_narrative,detect_anomalies,,0,,unresolved_external_or_missing
tests/test_generate_governance_narrative_group1_bc_pooled.py,tests.test_generate_governance_narrative_group1_bc_pooled,26,from_import,generate_governance_narrative,normalise_summary_schema,,0,,unresolved_external_or_missing
tests/test_generate_governance_narrative_group1_bc_pooled.py,tests.test_generate_governance_narrative_group1_bc_pooled,26,from_import,generate_governance_narrative,render_group1_scope_section,,0,,unresolved_external_or_missing
tests/test_generate_governance_narrative_policy.py,tests.test_generate_governance_narrative_policy,16,from_import,__future__,annotations,,0,,unresolved_external_or_missing
tests/test_generate_governance_narrative_policy.py,tests.test_generate_governance_narrative_policy,18,import,csv,,,0,,unresolved_external_or_missing
tests/test_generate_governance_narrative_policy.py,tests.test_generate_governance_narrative_policy,19,import,json,,,0,,unresolved_external_or_missing
tests/test_generate_governance_narrative_policy.py,tests.test_generate_governance_narrative_policy,20,from_import,pathlib,Path,,0,,unresolved_external_or_missing
tests/test_generate_governance_narrative_policy.py,tests.test_generate_governance_narrative_policy,21,import,sys,,,0,,unresolved_external_or_missing
tests/test_generate_governance_narrative_policy.py,tests.test_generate_governance_narrative_policy,23,import,pytest,,,0,,unresolved_external_or_missing
tests/test_generate_governance_narrative_policy.py,tests.test_generate_governance_narrative_policy,27,from_import,compare_cross_segment,POOLED_FIELDS,,0,,unresolved_external_or_missing
tests/test_generate_governance_narrative_policy.py,tests.test_generate_governance_narrative_policy,27,from_import,compare_cross_segment,SUMMARY_FIELDS,,0,,unresolved_external_or_missing
tests/test_generate_governance_narrative_policy.py,tests.test_generate_governance_narrative_policy,28,from_import,governance_policy,DEFAULT_POLICY_DIR,,0,,unresolved_external_or_missing
tests/test_generate_governance_narrative_policy.py,tests.test_generate_governance_narrative_policy,28,from_import,governance_policy,load_governance_policy,,0,,unresolved_external_or_missing
tests/test_generate_governance_narrative_policy.py,tests.test_generate_governance_narrative_policy,29,import,generate_governance_narrative,,g,0,,unresolved_external_or_missing
tests/test_generate_governance_narrative_scope_breakdown.py,tests.test_generate_governance_narrative_scope_breakdown,12,from_import,__future__,annotations,,0,,unresolved_external_or_missing
tests/test_generate_governance_narrative_scope_breakdown.py,tests.test_generate_governance_narrative_scope_breakdown,14,from_import,pathlib,Path,,0,,unresolved_external_or_missing
tests/test_generate_governance_narrative_scope_breakdown.py,tests.test_generate_governance_narrative_scope_breakdown,15,import,sys,,,0,,unresolved_external_or_missing
tests/test_generate_governance_narrative_scope_breakdown.py,tests.test_generate_governance_narrative_scope_breakdown,19,from_import,compare_cross_segment,SUMMARY_FIELDS,,0,,unresolved_external_or_missing
tests/test_generate_governance_narrative_scope_breakdown.py,tests.test_generate_governance_narrative_scope_breakdown,20,from_import,generate_governance_narrative,_target_scope_label,,0,,unresolved_external_or_missing
tests/test_generate_governance_narrative_scope_breakdown.py,tests.test_generate_governance_narrative_scope_breakdown,20,from_import,generate_governance_narrative,build_cascade,,0,,unresolved_external_or_missing
tests/test_generate_governance_narrative_scope_breakdown.py,tests.test_generate_governance_narrative_scope_breakdown,20,from_import,generate_governance_narrative,detect_anomalies,,0,,unresolved_external_or_missing
tests/test_generate_governance_narrative_scope_breakdown.py,tests.test_generate_governance_narrative_scope_breakdown,20,from_import,generate_governance_narrative,normalise_summary_schema,,0,,unresolved_external_or_missing
tests/test_generate_governance_narrative_scope_breakdown.py,tests.test_generate_governance_narrative_scope_breakdown,20,from_import,generate_governance_narrative,render_generic_baseline_scope_section,,0,,unresolved_external_or_missing
tests/test_generate_governance_narrative_state_types.py,tests.test_generate_governance_narrative_state_types,6,from_import,__future__,annotations,,0,,unresolved_external_or_missing
tests/test_generate_governance_narrative_state_types.py,tests.test_generate_governance_narrative_state_types,8,from_import,pathlib,Path,,0,,unresolved_external_or_missing
tests/test_generate_governance_narrative_state_types.py,tests.test_generate_governance_narrative_state_types,9,import,sys,,,0,,unresolved_external_or_missing
tests/test_generate_governance_narrative_state_types.py,tests.test_generate_governance_narrative_state_types,13,from_import,compare_cross_segment,GOVERNANCE_STATE_DIRECTED_TYPES,,0,,unresolved_external_or_missing
tests/test_generate_governance_narrative_state_types.py,tests.test_generate_governance_narrative_state_types,14,from_import,generate_governance_narrative,_DIRECTED_GOVERNANCE_TYPES,,0,,unresolved_external_or_missing
tests/test_generate_governance_narrative_state_types.py,tests.test_generate_governance_narrative_state_types,14,from_import,generate_governance_narrative,_GOVERNANCE_STATE_RENDERED_TYPES,,0,,unresolved_external_or_missing
tests/test_generate_governance_narrative_state_types.py,tests.test_generate_governance_narrative_state_types,14,from_import,generate_governance_narrative,build_governance_state_summary,,0,,unresolved_external_or_missing
tests/test_generate_governance_narrative_static_docs_copy.py,tests.test_generate_governance_narrative_static_docs_copy,6,from_import,__future__,annotations,,0,,unresolved_external_or_missing
tests/test_generate_governance_narrative_static_docs_copy.py,tests.test_generate_governance_narrative_static_docs_copy,8,import,csv,,,0,,unresolved_external_or_missing
tests/test_generate_governance_narrative_static_docs_copy.py,tests.test_generate_governance_narrative_static_docs_copy,9,import,sys,,,0,,unresolved_external_or_missing
tests/test_generate_governance_narrative_static_docs_copy.py,tests.test_generate_governance_narrative_static_docs_copy,10,from_import,pathlib,Path,,0,,unresolved_external_or_missing
tests/test_generate_governance_narrative_static_docs_copy.py,tests.test_generate_governance_narrative_static_docs_copy,14,from_import,compare_cross_segment,POOLED_FIELDS,,0,,unresolved_external_or_missing
tests/test_generate_governance_narrative_static_docs_copy.py,tests.test_generate_governance_narrative_static_docs_copy,14,from_import,compare_cross_segment,SUMMARY_FIELDS,,0,,unresolved_external_or_missing
tests/test_generate_governance_narrative_static_docs_copy.py,tests.test_generate_governance_narrative_static_docs_copy,15,import,generate_governance_narrative,,g,0,,unresolved_external_or_missing
tests/test_generate_governance_narrative_static_docs_copy.py,tests.test_generate_governance_narrative_static_docs_copy,163,import,json,,,0,,unresolved_external_or_missing
tests/test_generate_governance_narrative_static_docs_copy.py,tests.test_generate_governance_narrative_static_docs_copy,228,import,json,,,0,,unresolved_external_or_missing
tests/test_generate_governance_narrative_union_breadth.py,tests.test_generate_governance_narrative_union_breadth,6,from_import,__future__,annotations,,0,,unresolved_external_or_missing
tests/test_generate_governance_narrative_union_breadth.py,tests.test_generate_governance_narrative_union_breadth,8,from_import,pathlib,Path,,0,,unresolved_external_or_missing
tests/test_generate_governance_narrative_union_breadth.py,tests.test_generate_governance_narrative_union_breadth,9,import,sys,,,0,,unresolved_external_or_missing
tests/test_generate_governance_narrative_union_breadth.py,tests.test_generate_governance_narrative_union_breadth,11,import,pytest,,,0,,unresolved_external_or_missing
tests/test_generate_governance_narrative_union_breadth.py,tests.test_generate_governance_narrative_union_breadth,15,from_import,compare_cross_segment,UNION_INVENTORY_FIELDS,,0,,unresolved_external_or_missing
tests/test_generate_governance_narrative_union_breadth.py,tests.test_generate_governance_narrative_union_breadth,16,from_import,governance_policy,load_governance_policy,,0,,unresolved_external_or_missing
tests/test_generate_governance_narrative_union_breadth.py,tests.test_generate_governance_narrative_union_breadth,17,import,generate_governance_narrative,,g,0,,unresolved_external_or_missing
tests/test_generate_governance_narrative_union_breadth.py,tests.test_generate_governance_narrative_union_breadth,253,import,json,,,0,,unresolved_external_or_missing
tests/test_generate_governance_narrative_union_breadth.py,tests.test_generate_governance_narrative_union_breadth,336,import,json,,,0,,unresolved_external_or_missing
tests/test_generate_governance_narrative_unscoped_segment.py,tests.test_generate_governance_narrative_unscoped_segment,14,from_import,__future__,annotations,,0,,unresolved_external_or_missing
tests/test_generate_governance_narrative_unscoped_segment.py,tests.test_generate_governance_narrative_unscoped_segment,16,from_import,pathlib,Path,,0,,unresolved_external_or_missing
tests/test_generate_governance_narrative_unscoped_segment.py,tests.test_generate_governance_narrative_unscoped_segment,17,import,sys,,,0,,unresolved_external_or_missing
tests/test_generate_governance_narrative_unscoped_segment.py,tests.test_generate_governance_narrative_unscoped_segment,21,from_import,generate_governance_narrative,_is_unscoped_segment,,0,,unresolved_external_or_missing
tests/test_generate_governance_narrative_wp_reliability_resolved.py,tests.test_generate_governance_narrative_wp_reliability_resolved,21,from_import,__future__,annotations,,0,,unresolved_external_or_missing
tests/test_generate_governance_narrative_wp_reliability_resolved.py,tests.test_generate_governance_narrative_wp_reliability_resolved,23,from_import,pathlib,Path,,0,,unresolved_external_or_missing
tests/test_generate_governance_narrative_wp_reliability_resolved.py,tests.test_generate_governance_narrative_wp_reliability_resolved,24,import,sys,,,0,,unresolved_external_or_missing
tests/test_generate_governance_narrative_wp_reliability_resolved.py,tests.test_generate_governance_narrative_wp_reliability_resolved,28,from_import,compare_cross_segment,SUMMARY_FIELDS,,0,,unresolved_external_or_missing
tests/test_generate_governance_narrative_wp_reliability_resolved.py,tests.test_generate_governance_narrative_wp_reliability_resolved,29,from_import,generate_governance_narrative,RELIABILITY_UNKNOWN,,0,,unresolved_external_or_missing
tests/test_generate_governance_narrative_wp_reliability_resolved.py,tests.test_generate_governance_narrative_wp_reliability_resolved,29,from_import,generate_governance_narrative,build_cascade,,0,,unresolved_external_or_missing
tests/test_generate_governance_narrative_wp_reliability_resolved.py,tests.test_generate_governance_narrative_wp_reliability_resolved,29,from_import,generate_governance_narrative,normalise_summary_schema,,0,,unresolved_external_or_missing
tests/test_generate_governance_narrative_wp_reliability_resolved.py,tests.test_generate_governance_narrative_wp_reliability_resolved,29,from_import,generate_governance_narrative,score_reliability,,0,,unresolved_external_or_missing
tests/test_generate_name_key_patterns.py,tests.test_generate_name_key_patterns,10,from_import,__future__,annotations,,0,,unresolved_external_or_missing
tests/test_generate_name_key_patterns.py,tests.test_generate_name_key_patterns,12,import,csv,,,0,,unresolved_external_or_missing
tests/test_generate_name_key_patterns.py,tests.test_generate_name_key_patterns,13,import,filecmp,,,0,,unresolved_external_or_missing
tests/test_generate_name_key_patterns.py,tests.test_generate_name_key_patterns,14,from_import,pathlib,Path,,0,,unresolved_external_or_missing
tests/test_generate_name_key_patterns.py,tests.test_generate_name_key_patterns,16,from_import,tools.generate_name_key_patterns,build_domain_coverage,,0,tools/generate_name_key_patterns.py,resolved
tests/test_generate_name_key_patterns.py,tests.test_generate_name_key_patterns,16,from_import,tools.generate_name_key_patterns,build_name_membership,,0,tools/generate_name_key_patterns.py,resolved
tests/test_generate_name_key_patterns.py,tests.test_generate_name_key_patterns,16,from_import,tools.generate_name_key_patterns,build_name_patterns,,0,tools/generate_name_key_patterns.py,resolved
tests/test_generate_name_key_patterns.py,tests.test_generate_name_key_patterns,16,from_import,tools.generate_name_key_patterns,emit_config_patterns,,0,tools/generate_name_key_patterns.py,resolved
tests/test_generate_name_key_patterns.py,tests.test_generate_name_key_patterns,16,from_import,tools.generate_name_key_patterns,emit_name_patterns,,0,tools/generate_name_key_patterns.py,resolved
tests/test_generate_name_key_patterns.py,tests.test_generate_name_key_patterns,23,from_import,tools.pattern_id_utils,stable_pattern_id,,0,tools/pattern_id_utils.py,resolved
tests/test_generate_name_key_patterns.py,tests.test_generate_name_key_patterns,24,from_import,core.name_key_coverage,COVERAGE_EXCLUDED,,0,core/name_key_coverage.py,resolved
tests/test_generate_name_key_patterns.py,tests.test_generate_name_key_patterns,24,from_import,core.name_key_coverage,COVERAGE_NATIVE,,0,core/name_key_coverage.py,resolved
tests/test_generate_name_key_patterns.py,tests.test_generate_name_key_patterns,24,from_import,core.name_key_coverage,COVERAGE_PHASES_REDUNDANT,,0,core/name_key_coverage.py,resolved
tests/test_generate_name_key_patterns.py,tests.test_generate_name_key_patterns,24,from_import,core.name_key_coverage,COVERAGE_WIDENED,,0,core/name_key_coverage.py,resolved
tests/test_generate_name_key_patterns.py,tests.test_generate_name_key_patterns,24,from_import,core.name_key_coverage,ELIGIBLE_DOMAINS,,0,core/name_key_coverage.py,resolved
tests/test_generate_name_key_patterns.py,tests.test_generate_name_key_patterns,24,from_import,core.name_key_coverage,EXCLUDED_DOMAINS,,0,core/name_key_coverage.py,resolved
tests/test_generate_name_key_patterns.py,tests.test_generate_name_key_patterns,212,from_import,tools.generate_name_key_patterns,_assert_no_pattern_id_collision,,0,tools/generate_name_key_patterns.py,resolved
tests/test_governance_evidence_package.py,tests.test_governance_evidence_package,7,from_import,__future__,annotations,,0,,unresolved_external_or_missing
tests/test_governance_evidence_package.py,tests.test_governance_evidence_package,9,import,json,,,0,,unresolved_external_or_missing
tests/test_governance_evidence_package.py,tests.test_governance_evidence_package,10,from_import,pathlib,Path,,0,,unresolved_external_or_missing
tests/test_governance_evidence_package.py,tests.test_governance_evidence_package,11,import,sys,,,0,,unresolved_external_or_missing
tests/test_governance_evidence_package.py,tests.test_governance_evidence_package,15,from_import,governance_evidence_package,AUTHORITY_LEVELS,,0,,unresolved_external_or_missing
tests/test_governance_evidence_package.py,tests.test_governance_evidence_package,15,from_import,governance_evidence_package,EVIDENCE_MAP_SCHEMA_VERSION,,0,,unresolved_external_or_missing
tests/test_governance_evidence_package.py,tests.test_governance_evidence_package,15,from_import,governance_evidence_package,FILE_INVENTORY_SCHEMA_VERSION,,0,,unresolved_external_or_missing
tests/test_governance_evidence_package.py,tests.test_governance_evidence_package,15,from_import,governance_evidence_package,GENERATOR_IDENTITY,,0,,unresolved_external_or_missing
tests/test_governance_evidence_package.py,tests.test_governance_evidence_package,15,from_import,governance_evidence_package,GENERATOR_ROLE,,0,,unresolved_external_or_missing
tests/test_governance_evidence_package.py,tests.test_governance_evidence_package,15,from_import,governance_evidence_package,PACKAGE_SCHEMA_VERSION,,0,,unresolved_external_or_missing
tests/test_governance_evidence_package.py,tests.test_governance_evidence_package,15,from_import,governance_evidence_package,PACKAGE_TYPE,,0,,unresolved_external_or_missing
tests/test_governance_evidence_package.py,tests.test_governance_evidence_package,15,from_import,governance_evidence_package,build_evidence_map,,0,,unresolved_external_or_missing
tests/test_governance_evidence_package.py,tests.test_governance_evidence_package,15,from_import,governance_evidence_package,build_file_inventory_document,,0,,unresolved_external_or_missing
tests/test_governance_evidence_package.py,tests.test_governance_evidence_package,15,from_import,governance_evidence_package,build_package_health,,0,,unresolved_external_or_missing
tests/test_governance_evidence_package.py,tests.test_governance_evidence_package,15,from_import,governance_evidence_package,build_package_manifest,,0,,unresolved_external_or_missing
tests/test_governance_evidence_package.py,tests.test_governance_evidence_package,15,from_import,governance_evidence_package,comparison_type_coverage,,0,,unresolved_external_or_missing
tests/test_governance_evidence_package.py,tests.test_governance_evidence_package,15,from_import,governance_evidence_package,inventory_export_directory_files,,0,,unresolved_external_or_missing
tests/test_governance_evidence_package.py,tests.test_governance_evidence_package,15,from_import,governance_evidence_package,write_json,,0,,unresolved_external_or_missing
tests/test_governance_field_completeness_gate.py,tests.test_governance_field_completeness_gate,1,from_import,__future__,annotations,,0,,unresolved_external_or_missing
tests/test_governance_field_completeness_gate.py,tests.test_governance_field_completeness_gate,3,import,sys,,,0,,unresolved_external_or_missing
tests/test_governance_field_completeness_gate.py,tests.test_governance_field_completeness_gate,4,from_import,pathlib,Path,,0,,unresolved_external_or_missing
tests/test_governance_field_completeness_gate.py,tests.test_governance_field_completeness_gate,6,import,pytest,,,0,,unresolved_external_or_missing
tests/test_governance_field_completeness_gate.py,tests.test_governance_field_completeness_gate,14,from_import,tools.run_extract_all,_check_governance_field_completeness,,0,tools/run_extract_all.py,resolved
tests/test_governance_manifest.py,tests.test_governance_manifest,1,from_import,__future__,annotations,,0,,unresolved_external_or_missing
tests/test_governance_manifest.py,tests.test_governance_manifest,3,import,sys,,,0,,unresolved_external_or_missing
tests/test_governance_manifest.py,tests.test_governance_manifest,4,from_import,pathlib,Path,,0,,unresolved_external_or_missing
tests/test_governance_manifest.py,tests.test_governance_manifest,6,import,pytest,,,0,,unresolved_external_or_missing
tests/test_governance_manifest.py,tests.test_governance_manifest,14,from_import,tools.enterprise_policy,load_enterprise_policy,,0,tools/enterprise_policy.py,resolved
tests/test_governance_manifest.py,tests.test_governance_manifest,18,from_import,tools.governance_manifest,build_governance_populations,,0,tools/governance_manifest.py,resolved
tests/test_governance_manifest.py,tests.test_governance_manifest,18,from_import,tools.governance_manifest,compute_scope_key,,0,tools/governance_manifest.py,resolved
tests/test_governance_manifest.py,tests.test_governance_manifest,18,from_import,tools.governance_manifest,normalize_business_center_label,,0,tools/governance_manifest.py,resolved
tests/test_governance_manifest.py,tests.test_governance_manifest,309,from_import,tools.compare_cross_segment,_scope_level,,0,tools/compare_cross_segment.py,resolved
tests/test_governance_manifest.py,tests.test_governance_manifest,310,from_import,tools.enterprise_policy,load_enterprise_policy,,0,tools/enterprise_policy.py,resolved
tests/test_governance_policy.py,tests.test_governance_policy,9,from_import,__future__,annotations,,0,,unresolved_external_or_missing
tests/test_governance_policy.py,tests.test_governance_policy,11,import,json,,,0,,unresolved_external_or_missing
tests/test_governance_policy.py,tests.test_governance_policy,12,from_import,pathlib,Path,,0,,unresolved_external_or_missing
tests/test_governance_policy.py,tests.test_governance_policy,13,import,sys,,,0,,unresolved_external_or_missing
tests/test_governance_policy.py,tests.test_governance_policy,15,import,pytest,,,0,,unresolved_external_or_missing
tests/test_governance_policy.py,tests.test_governance_policy,19,from_import,governance_policy,ANOMALY_THRESHOLDS_FILENAME,,0,,unresolved_external_or_missing
tests/test_governance_policy.py,tests.test_governance_policy,19,from_import,governance_policy,CLIENT_ONBOARDING_FILENAME,,0,,unresolved_external_or_missing
tests/test_governance_policy.py,tests.test_governance_policy,19,from_import,governance_policy,DEFAULT_POLICY_DIR,,0,,unresolved_external_or_missing
tests/test_governance_policy.py,tests.test_governance_policy,19,from_import,governance_policy,DOMAIN_POLICY_FILENAME,,0,,unresolved_external_or_missing
tests/test_governance_policy.py,tests.test_governance_policy,19,from_import,governance_policy,FINDING_RULES_FILENAME,,0,,unresolved_external_or_missing
tests/test_governance_policy.py,tests.test_governance_policy,19,from_import,governance_policy,THRESHOLDS_FILENAME,,0,,unresolved_external_or_missing
tests/test_governance_policy.py,tests.test_governance_policy,19,from_import,governance_policy,load_governance_policy,,0,,unresolved_external_or_missing
tests/test_governance_relationships.py,tests.test_governance_relationships,1,from_import,__future__,annotations,,0,,unresolved_external_or_missing
tests/test_governance_relationships.py,tests.test_governance_relationships,3,import,sys,,,0,,unresolved_external_or_missing
tests/test_governance_relationships.py,tests.test_governance_relationships,4,from_import,pathlib,Path,,0,,unresolved_external_or_missing
tests/test_governance_relationships.py,tests.test_governance_relationships,12,from_import,tools.governance_relationships,build_bc_client_matrix_rows,,0,tools/governance_relationships.py,resolved
tests/test_governance_relationships.py,tests.test_governance_relationships,12,from_import,tools.governance_relationships,build_client_bc_matrix_rows,,0,tools/governance_relationships.py,resolved
tests/test_governance_relationships.py,tests.test_governance_relationships,12,from_import,tools.governance_relationships,build_relationships_rows,,0,tools/governance_relationships.py,resolved
tests/test_graphic_overrides.py,tests.test_graphic_overrides,9,import,pytest,,,0,,unresolved_external_or_missing
tests/test_graphic_overrides.py,tests.test_graphic_overrides,10,from_import,core.graphic_overrides,_is_invalid_element_id,,0,core/graphic_overrides.py,resolved
tests/test_graphic_overrides.py,tests.test_graphic_overrides,10,from_import,core.graphic_overrides,_read_attr,,0,core/graphic_overrides.py,resolved
tests/test_graphic_overrides.py,tests.test_graphic_overrides,10,from_import,core.graphic_overrides,_read_first_attr,,0,core/graphic_overrides.py,resolved
tests/test_graphic_overrides.py,tests.test_graphic_overrides,10,from_import,core.graphic_overrides,_rgb_from_color,,0,core/graphic_overrides.py,resolved
tests/test_graphic_overrides.py,tests.test_graphic_overrides,10,from_import,core.graphic_overrides,extract_cut_graphics,,0,core/graphic_overrides.py,resolved
tests/test_graphic_overrides.py,tests.test_graphic_overrides,10,from_import,core.graphic_overrides,extract_halftone,,0,core/graphic_overrides.py,resolved
tests/test_graphic_overrides.py,tests.test_graphic_overrides,10,from_import,core.graphic_overrides,extract_projection_graphics,,0,core/graphic_overrides.py,resolved
tests/test_graphic_overrides.py,tests.test_graphic_overrides,10,from_import,core.graphic_overrides,extract_transparency,,0,core/graphic_overrides.py,resolved
tests/test_graphic_overrides.py,tests.test_graphic_overrides,20,from_import,core.record_v2,ITEM_Q_MISSING,,0,core/record_v2.py,resolved
tests/test_graphic_overrides.py,tests.test_graphic_overrides,20,from_import,core.record_v2,ITEM_Q_OK,,0,core/record_v2.py,resolved
tests/test_graphic_overrides.py,tests.test_graphic_overrides,20,from_import,core.record_v2,ITEM_Q_UNREADABLE,,0,core/record_v2.py,resolved
tests/test_graphic_overrides.py,tests.test_graphic_overrides,20,from_import,core.record_v2,ITEM_Q_UNSUPPORTED,,0,core/record_v2.py,resolved
tests/test_hashing_incremental.py,tests.test_hashing_incremental,2,import,hashlib,,,0,,unresolved_external_or_missing
tests/test_hashing_incremental.py,tests.test_hashing_incremental,4,import,pytest,,,0,,unresolved_external_or_missing
tests/test_hashing_incremental.py,tests.test_hashing_incremental,6,from_import,core.hashing,make_hash,,0,core/hashing.py,resolved
tests/test_hashing_incremental.py,tests.test_hashing_incremental,6,from_import,core.hashing,safe_str,,0,core/hashing.py,resolved
tests/test_identity_canonical_selectors.py,tests.test_identity_canonical_selectors,3,from_import,core.hashing,make_hash,,0,core/hashing.py,resolved
tests/test_identity_canonical_selectors.py,tests.test_identity_canonical_selectors,4,from_import,core.join_key_builder,build_join_key_from_policy,,0,core/join_key_builder.py,resolved
tests/test_identity_canonical_selectors.py,tests.test_identity_canonical_selectors,5,from_import,core.join_key_policy,get_domain_join_key_policy,,0,core/join_key_policy.py,resolved
tests/test_identity_canonical_selectors.py,tests.test_identity_canonical_selectors,5,from_import,core.join_key_policy,load_join_key_policies,,0,core/join_key_policy.py,resolved
tests/test_identity_canonical_selectors.py,tests.test_identity_canonical_selectors,6,from_import,core.record_v2,ITEM_Q_OK,,0,core/record_v2.py,resolved
tests/test_identity_canonical_selectors.py,tests.test_identity_canonical_selectors,6,from_import,core.record_v2,make_identity_item,,0,core/record_v2.py,resolved
tests/test_identity_canonical_selectors.py,tests.test_identity_canonical_selectors,6,from_import,core.record_v2,serialize_identity_items,,0,core/record_v2.py,resolved
tests/test_identity_project_info.py,tests.test_identity_project_info,4,import,json,,,0,,unresolved_external_or_missing
tests/test_identity_project_info.py,tests.test_identity_project_info,6,import,pytest,,,0,,unresolved_external_or_missing
tests/test_identity_project_info.py,tests.test_identity_project_info,8,import,domains.identity,,identity_module,0,domains/identity.py,resolved
tests/test_identity_project_info.py,tests.test_identity_project_info,9,from_import,core.join_key_policy,load_join_key_policies,,0,core/join_key_policy.py,resolved
tests/test_identity_project_info.py,tests.test_identity_project_info,10,from_import,core.record_v2,ITEM_Q_MISSING,,0,core/record_v2.py,resolved
tests/test_identity_project_info.py,tests.test_identity_project_info,10,from_import,core.record_v2,ITEM_Q_OK,,0,core/record_v2.py,resolved
tests/test_identity_project_info.py,tests.test_identity_project_info,10,from_import,core.record_v2,ITEM_Q_UNREADABLE,,0,core/record_v2.py,resolved
tests/test_identity_project_info.py,tests.test_identity_project_info,10,from_import,core.record_v2,ITEM_Q_UNSUPPORTED_NOT_APPLICABLE,,0,core/record_v2.py,resolved
tests/test_identity_project_info.py,tests.test_identity_project_info,11,from_import,tests.synthetic_governance_fixtures,BUSINESS_CENTER_01,,0,tests/synthetic_governance_fixtures.py,resolved
tests/test_identity_project_info.py,tests.test_identity_project_info,11,from_import,tests.synthetic_governance_fixtures,ENTERPRISE,,0,tests/synthetic_governance_fixtures.py,resolved
tests/test_identity_project_info.py,tests.test_identity_project_info,11,from_import,tests.synthetic_governance_fixtures,PROJECT_ALPHA,,0,tests/synthetic_governance_fixtures.py,resolved
tests/test_identity_project_info.py,tests.test_identity_project_info,221,import,pytest,,,0,,unresolved_external_or_missing
tests/test_join_key_builder_shape_gating_dedupe.py,tests.test_join_key_builder_shape_gating_dedupe,4,import,pytest,,,0,,unresolved_external_or_missing
tests/test_join_key_builder_shape_gating_dedupe.py,tests.test_join_key_builder_shape_gating_dedupe,8,from_import,core.record_v2,ITEM_Q_OK,,0,core/record_v2.py,resolved
tests/test_join_key_builder_shape_gating_dedupe.py,tests.test_join_key_builder_shape_gating_dedupe,8,from_import,core.record_v2,make_identity_item,,0,core/record_v2.py,resolved
tests/test_join_key_builder_shape_gating_dedupe.py,tests.test_join_key_builder_shape_gating_dedupe,9,from_import,core.join_key_builder,build_join_key_from_policy,,0,core/join_key_builder.py,resolved
tests/test_join_key_discovery_shape_matching.py,tests.test_join_key_discovery_shape_matching,3,from_import,tools.join_key_discovery.eval,build_candidate_join_key_with_details,,0,tools/join_key_discovery/eval.py,resolved
tests/test_join_key_discovery_shape_matching.py,tests.test_join_key_discovery_shape_matching,72,from_import,tools.join_key_discovery.eval,build_identity_index,,0,tools/join_key_discovery/eval.py,resolved
tests/test_join_key_migration.py,tests.test_join_key_migration,11,import,pytest,,,0,,unresolved_external_or_missing
tests/test_join_key_migration.py,tests.test_join_key_migration,12,import,hashlib,,,0,,unresolved_external_or_missing
tests/test_join_key_migration.py,tests.test_join_key_migration,13,import,sys,,,0,,unresolved_external_or_missing
tests/test_join_key_migration.py,tests.test_join_key_migration,14,import,os,,,0,,unresolved_external_or_missing
tests/test_join_key_migration.py,tests.test_join_key_migration,22,from_import,core.record_v2,ITEM_Q_MISSING,,0,core/record_v2.py,resolved
tests/test_join_key_migration.py,tests.test_join_key_migration,22,from_import,core.record_v2,ITEM_Q_OK,,0,core/record_v2.py,resolved
tests/test_join_key_migration.py,tests.test_join_key_migration,22,from_import,core.record_v2,make_identity_item,,0,core/record_v2.py,resolved
tests/test_join_key_migration.py,tests.test_join_key_migration,34,from_import,domains.view_category_overrides,_compute_override_properties_hash,,0,domains/view_category_overrides.py,resolved
tests/test_join_key_migration.py,tests.test_join_key_migration,57,from_import,domains.view_category_overrides,_compute_override_properties_hash,,0,domains/view_category_overrides.py,resolved
tests/test_join_key_migration.py,tests.test_join_key_migration,78,from_import,domains.view_category_overrides,_compute_override_properties_hash,,0,domains/view_category_overrides.py,resolved
tests/test_join_key_migration.py,tests.test_join_key_migration,91,from_import,domains.view_category_overrides,_compute_override_properties_hash,,0,domains/view_category_overrides.py,resolved
tests/test_join_key_migration.py,tests.test_join_key_migration,112,from_import,domains.view_category_overrides,_phase2_partition_items,,0,domains/view_category_overrides.py,resolved
tests/test_join_key_migration.py,tests.test_join_key_migration,132,from_import,domains.view_category_overrides,_phase2_partition_items,,0,domains/view_category_overrides.py,resolved
tests/test_join_key_migration.py,tests.test_join_key_migration,200,import,json,,,0,,unresolved_external_or_missing
tests/test_join_key_migration.py,tests.test_join_key_migration,216,import,json,,,0,,unresolved_external_or_missing
tests/test_join_key_policy_validation.py,tests.test_join_key_policy_validation,4,import,pytest,,,0,,unresolved_external_or_missing
tests/test_join_key_policy_validation.py,tests.test_join_key_policy_validation,8,from_import,core.join_key_policy,validate_domain_join_key_policy,,0,core/join_key_policy.py,resolved
tests/test_label_synthesis_domain_prompt_loader.py,tests.test_label_synthesis_domain_prompt_loader,1,from_import,tools.label_synthesis.synthesize_fragmented_labels,_load_domain_prompt_module,,0,tools/label_synthesis/synthesize_fragmented_labels.py,resolved
tests/test_line_pattern_mapping_reconstruction.py,tests.test_line_pattern_mapping_reconstruction,10,import,csv,,,0,,unresolved_external_or_missing
tests/test_line_pattern_mapping_reconstruction.py,tests.test_line_pattern_mapping_reconstruction,11,import,sys,,,0,,unresolved_external_or_missing
tests/test_line_pattern_mapping_reconstruction.py,tests.test_line_pattern_mapping_reconstruction,12,from_import,pathlib,Path,,0,,unresolved_external_or_missing
tests/test_line_pattern_mapping_reconstruction.py,tests.test_line_pattern_mapping_reconstruction,17,from_import,core.record_v2,STATUS_BLOCKED,,0,core/record_v2.py,resolved
tests/test_line_pattern_mapping_reconstruction.py,tests.test_line_pattern_mapping_reconstruction,17,from_import,core.record_v2,STATUS_DEGRADED,,0,core/record_v2.py,resolved
tests/test_line_pattern_mapping_reconstruction.py,tests.test_line_pattern_mapping_reconstruction,17,from_import,core.record_v2,STATUS_OK,,0,core/record_v2.py,resolved
tests/test_line_pattern_mapping_reconstruction.py,tests.test_line_pattern_mapping_reconstruction,19,from_import,mapping.line_pattern_reconstruction,MappingOutcome,,0,mapping/line_pattern_reconstruction.py,resolved
tests/test_line_pattern_mapping_reconstruction.py,tests.test_line_pattern_mapping_reconstruction,19,from_import,mapping.line_pattern_reconstruction,ReconstructedPattern,,0,mapping/line_pattern_reconstruction.py,resolved
tests/test_line_pattern_mapping_reconstruction.py,tests.test_line_pattern_mapping_reconstruction,19,from_import,mapping.line_pattern_reconstruction,build_mapping_name_candidates,,0,mapping/line_pattern_reconstruction.py,resolved
tests/test_line_pattern_mapping_reconstruction.py,tests.test_line_pattern_mapping_reconstruction,19,from_import,mapping.line_pattern_reconstruction,build_report_rows,,0,mapping/line_pattern_reconstruction.py,resolved
tests/test_line_pattern_mapping_reconstruction.py,tests.test_line_pattern_mapping_reconstruction,19,from_import,mapping.line_pattern_reconstruction,compute_join_hash_for_segments,,0,mapping/line_pattern_reconstruction.py,resolved
tests/test_line_pattern_mapping_reconstruction.py,tests.test_line_pattern_mapping_reconstruction,19,from_import,mapping.line_pattern_reconstruction,compute_run_status,,0,mapping/line_pattern_reconstruction.py,resolved
tests/test_line_pattern_mapping_reconstruction.py,tests.test_line_pattern_mapping_reconstruction,19,from_import,mapping.line_pattern_reconstruction,compute_segments_def_hash,,0,mapping/line_pattern_reconstruction.py,resolved
tests/test_line_pattern_mapping_reconstruction.py,tests.test_line_pattern_mapping_reconstruction,19,from_import,mapping.line_pattern_reconstruction,compute_segments_norm_hash,,0,mapping/line_pattern_reconstruction.py,resolved
tests/test_line_pattern_mapping_reconstruction.py,tests.test_line_pattern_mapping_reconstruction,19,from_import,mapping.line_pattern_reconstruction,dominant_status,,0,mapping/line_pattern_reconstruction.py,resolved
tests/test_line_pattern_mapping_reconstruction.py,tests.test_line_pattern_mapping_reconstruction,19,from_import,mapping.line_pattern_reconstruction,group_requested_join_hashes,,0,mapping/line_pattern_reconstruction.py,resolved
tests/test_line_pattern_mapping_reconstruction.py,tests.test_line_pattern_mapping_reconstruction,19,from_import,mapping.line_pattern_reconstruction,reconstruct_pattern,,0,mapping/line_pattern_reconstruction.py,resolved
tests/test_line_pattern_mapping_reconstruction.py,tests.test_line_pattern_mapping_reconstruction,19,from_import,mapping.line_pattern_reconstruction,resolve_observed_name,,0,mapping/line_pattern_reconstruction.py,resolved
tests/test_line_pattern_mapping_reconstruction.py,tests.test_line_pattern_mapping_reconstruction,19,from_import,mapping.line_pattern_reconstruction,sanitize_revit_name,,0,mapping/line_pattern_reconstruction.py,resolved
tests/test_line_pattern_mapping_reconstruction.py,tests.test_line_pattern_mapping_reconstruction,19,from_import,mapping.line_pattern_reconstruction,select_observed_name,,0,mapping/line_pattern_reconstruction.py,resolved
tests/test_line_pattern_mapping_reconstruction.py,tests.test_line_pattern_mapping_reconstruction,19,from_import,mapping.line_pattern_reconstruction,short_join_hash,,0,mapping/line_pattern_reconstruction.py,resolved
tests/test_line_pattern_mapping_reconstruction.py,tests.test_line_pattern_mapping_reconstruction,223,import,run_extract_all,,,0,,unresolved_external_or_missing
tests/test_line_patterns_canonical_selectors.py,tests.test_line_patterns_canonical_selectors,3,import,hashlib,,,0,,unresolved_external_or_missing
tests/test_line_patterns_canonical_selectors.py,tests.test_line_patterns_canonical_selectors,5,from_import,core.hashing,make_hash,,0,core/hashing.py,resolved
tests/test_line_patterns_canonical_selectors.py,tests.test_line_patterns_canonical_selectors,6,from_import,core.join_key_builder,build_join_key_from_policy,,0,core/join_key_builder.py,resolved
tests/test_line_patterns_canonical_selectors.py,tests.test_line_patterns_canonical_selectors,7,from_import,core.join_key_policy,get_domain_join_key_policy,,0,core/join_key_policy.py,resolved
tests/test_line_patterns_canonical_selectors.py,tests.test_line_patterns_canonical_selectors,7,from_import,core.join_key_policy,load_join_key_policies,,0,core/join_key_policy.py,resolved
tests/test_line_patterns_canonical_selectors.py,tests.test_line_patterns_canonical_selectors,8,from_import,core.record_v2,make_identity_item,,0,core/record_v2.py,resolved
tests/test_line_patterns_canonical_selectors.py,tests.test_line_patterns_canonical_selectors,8,from_import,core.record_v2,serialize_identity_items,,0,core/record_v2.py,resolved
tests/test_line_patterns_canonical_selectors.py,tests.test_line_patterns_canonical_selectors,9,from_import,domains.line_patterns,_line_pattern_segments_def_hash,,0,domains/line_patterns.py,resolved
tests/test_line_styles_canonical_selectors.py,tests.test_line_styles_canonical_selectors,3,from_import,core.hashing,make_hash,,0,core/hashing.py,resolved
tests/test_line_styles_canonical_selectors.py,tests.test_line_styles_canonical_selectors,4,from_import,core.join_key_builder,build_join_key_from_policy,,0,core/join_key_builder.py,resolved
tests/test_line_styles_canonical_selectors.py,tests.test_line_styles_canonical_selectors,5,from_import,core.join_key_policy,get_domain_join_key_policy,,0,core/join_key_policy.py,resolved
tests/test_line_styles_canonical_selectors.py,tests.test_line_styles_canonical_selectors,5,from_import,core.join_key_policy,load_join_key_policies,,0,core/join_key_policy.py,resolved
tests/test_line_styles_canonical_selectors.py,tests.test_line_styles_canonical_selectors,6,from_import,core.record_v2,ITEM_Q_OK,,0,core/record_v2.py,resolved
tests/test_line_styles_canonical_selectors.py,tests.test_line_styles_canonical_selectors,6,from_import,core.record_v2,make_identity_item,,0,core/record_v2.py,resolved
tests/test_line_styles_canonical_selectors.py,tests.test_line_styles_canonical_selectors,6,from_import,core.record_v2,serialize_identity_items,,0,core/record_v2.py,resolved
tests/test_line_styles_canonical_selectors.py,tests.test_line_styles_canonical_selectors,7,from_import,domains.line_styles,LINE_STYLE_SEMANTIC_KEYS,,0,domains/line_styles.py,resolved
tests/test_materials.py,tests.test_materials,3,import,importlib,,,0,,unresolved_external_or_missing
tests/test_materials.py,tests.test_materials,5,from_import,core.hashing,make_hash,,0,core/hashing.py,resolved
tests/test_materials.py,tests.test_materials,6,from_import,core.record_v2,serialize_identity_items,,0,core/record_v2.py,resolved
tests/test_na_token.py,tests.test_na_token,1,import,sys,,,0,,unresolved_external_or_missing
tests/test_na_token.py,tests.test_na_token,2,from_import,pathlib,Path,,0,,unresolved_external_or_missing
tests/test_na_token.py,tests.test_na_token,6,from_import,na_token,is_blank_or_na,,0,,unresolved_external_or_missing
tests/test_na_token.py,tests.test_na_token,6,from_import,na_token,is_na_token,,0,,unresolved_external_or_missing
tests/test_name_key_inline_analysis_agreement.py,tests.test_name_key_inline_analysis_agreement,33,from_import,__future__,annotations,,0,,unresolved_external_or_missing
tests/test_name_key_inline_analysis_agreement.py,tests.test_name_key_inline_analysis_agreement,35,from_import,typing,Any,,0,,unresolved_external_or_missing
tests/test_name_key_inline_analysis_agreement.py,tests.test_name_key_inline_analysis_agreement,35,from_import,typing,Dict,,0,,unresolved_external_or_missing
tests/test_name_key_inline_analysis_agreement.py,tests.test_name_key_inline_analysis_agreement,35,from_import,typing,List,,0,,unresolved_external_or_missing
tests/test_name_key_inline_analysis_agreement.py,tests.test_name_key_inline_analysis_agreement,35,from_import,typing,Tuple,,0,,unresolved_external_or_missing
tests/test_name_key_inline_analysis_agreement.py,tests.test_name_key_inline_analysis_agreement,37,import,pytest,,,0,,unresolved_external_or_missing
tests/test_name_key_inline_analysis_agreement.py,tests.test_name_key_inline_analysis_agreement,39,from_import,core.join_key_builder,build_join_key_from_policy,,0,core/join_key_builder.py,resolved
tests/test_name_key_inline_analysis_agreement.py,tests.test_name_key_inline_analysis_agreement,40,from_import,core.join_key_policy,get_domain_join_key_policy,,0,core/join_key_policy.py,resolved
tests/test_name_key_inline_analysis_agreement.py,tests.test_name_key_inline_analysis_agreement,40,from_import,core.join_key_policy,load_join_key_policies,,0,core/join_key_policy.py,resolved
tests/test_name_key_inline_analysis_agreement.py,tests.test_name_key_inline_analysis_agreement,41,from_import,core.name_key_builder,build_name_key_for_record,,0,core/name_key_builder.py,resolved
tests/test_name_key_inline_analysis_agreement.py,tests.test_name_key_inline_analysis_agreement,42,from_import,core.name_key_coverage,ELIGIBLE_DOMAINS,,0,core/name_key_coverage.py,resolved
tests/test_name_key_inline_analysis_agreement.py,tests.test_name_key_inline_analysis_agreement,43,from_import,core.record_v2,canonicalize_str,,0,core/record_v2.py,resolved
tests/test_name_key_inline_analysis_agreement.py,tests.test_name_key_inline_analysis_agreement,43,from_import,core.record_v2,make_identity_item,,0,core/record_v2.py,resolved
tests/test_name_key_policy.py,tests.test_name_key_policy,8,import,json,,,0,,unresolved_external_or_missing
tests/test_name_key_policy.py,tests.test_name_key_policy,9,from_import,pathlib,Path,,0,,unresolved_external_or_missing
tests/test_name_key_policy.py,tests.test_name_key_policy,11,import,pytest,,,0,,unresolved_external_or_missing
tests/test_name_key_policy.py,tests.test_name_key_policy,13,from_import,core.join_key_policy,get_domain_join_key_policy,,0,core/join_key_policy.py,resolved
tests/test_name_key_policy.py,tests.test_name_key_policy,13,from_import,core.join_key_policy,load_join_key_policies,,0,core/join_key_policy.py,resolved
tests/test_name_key_policy.py,tests.test_name_key_policy,14,from_import,core.join_key_builder,build_join_key_from_policy,,0,core/join_key_builder.py,resolved
tests/test_name_key_policy.py,tests.test_name_key_policy,14,from_import,core.join_key_builder,compute_projection_status,,0,core/join_key_builder.py,resolved
tests/test_name_key_policy.py,tests.test_name_key_policy,15,from_import,core.name_key_builder,_has_detail_data,,0,core/name_key_builder.py,resolved
tests/test_name_key_policy.py,tests.test_name_key_policy,15,from_import,core.name_key_builder,build_name_key_for_record,,0,core/name_key_builder.py,resolved
tests/test_name_key_policy.py,tests.test_name_key_policy,15,from_import,core.name_key_builder,flat_items_for_record,,0,core/name_key_builder.py,resolved
tests/test_name_key_policy.py,tests.test_name_key_policy,135,import,re,,,0,,unresolved_external_or_missing
tests/test_name_key_policy.py,tests.test_name_key_policy,144,import,importlib,,,0,,unresolved_external_or_missing
tests/test_name_key_policy.py,tests.test_name_key_policy,223,from_import,core.record_v2,canonicalize_str,,0,core/record_v2.py,resolved
tests/test_name_key_policy.py,tests.test_name_key_policy,224,from_import,core.join_key_builder,build_join_key_from_policy,,0,core/join_key_builder.py,resolved
tests/test_name_key_policy.py,tests.test_name_key_policy,225,from_import,core.join_key_policy,get_domain_join_key_policy,,0,core/join_key_policy.py,resolved
tests/test_no_direct_filtered_element_collector_in_domains.py,tests.test_no_direct_filtered_element_collector_in_domains,2,import,glob,,,0,,unresolved_external_or_missing
tests/test_no_direct_filtered_element_collector_in_domains.py,tests.test_no_direct_filtered_element_collector_in_domains,3,import,os,,,0,,unresolved_external_or_missing
tests/test_object_styles_canonical_selectors.py,tests.test_object_styles_canonical_selectors,3,import,json,,,0,,unresolved_external_or_missing
tests/test_object_styles_canonical_selectors.py,tests.test_object_styles_canonical_selectors,5,from_import,core.hashing,make_hash,,0,core/hashing.py,resolved
tests/test_object_styles_canonical_selectors.py,tests.test_object_styles_canonical_selectors,6,from_import,core.join_key_builder,build_join_key_from_policy,,0,core/join_key_builder.py,resolved
tests/test_object_styles_canonical_selectors.py,tests.test_object_styles_canonical_selectors,7,from_import,core.join_key_policy,get_domain_join_key_policy,,0,core/join_key_policy.py,resolved
tests/test_object_styles_canonical_selectors.py,tests.test_object_styles_canonical_selectors,7,from_import,core.join_key_policy,load_join_key_policies,,0,core/join_key_policy.py,resolved
tests/test_object_styles_canonical_selectors.py,tests.test_object_styles_canonical_selectors,8,from_import,core.record_v2,ITEM_Q_MISSING,,0,core/record_v2.py,resolved
tests/test_object_styles_canonical_selectors.py,tests.test_object_styles_canonical_selectors,8,from_import,core.record_v2,ITEM_Q_OK,,0,core/record_v2.py,resolved
tests/test_object_styles_canonical_selectors.py,tests.test_object_styles_canonical_selectors,8,from_import,core.record_v2,build_record_v2,,0,core/record_v2.py,resolved
tests/test_object_styles_canonical_selectors.py,tests.test_object_styles_canonical_selectors,8,from_import,core.record_v2,make_identity_item,,0,core/record_v2.py,resolved
tests/test_object_styles_canonical_selectors.py,tests.test_object_styles_canonical_selectors,8,from_import,core.record_v2,serialize_identity_items,,0,core/record_v2.py,resolved
tests/test_object_styles_canonical_selectors.py,tests.test_object_styles_canonical_selectors,9,from_import,validators.record_v2,validate_record_v2,,0,validators/record_v2.py,resolved
tests/test_pareto_shape_gating.py,tests.test_pareto_shape_gating,3,import,csv,,,0,,unresolved_external_or_missing
tests/test_pareto_shape_gating.py,tests.test_pareto_shape_gating,4,from_import,pathlib,Path,,0,,unresolved_external_or_missing
tests/test_pareto_shape_gating.py,tests.test_pareto_shape_gating,7,import,pytest,,,0,,unresolved_external_or_missing
tests/test_pareto_shape_gating.py,tests.test_pareto_shape_gating,13,from_import,tools,pareto_joinkey_search,,0,tools/pareto_joinkey_search.py,resolved
tests/test_phase_filters_canonical_selectors.py,tests.test_phase_filters_canonical_selectors,3,from_import,core.hashing,make_hash,,0,core/hashing.py,resolved
tests/test_phase_filters_canonical_selectors.py,tests.test_phase_filters_canonical_selectors,4,from_import,core.join_key_builder,build_join_key_from_policy,,0,core/join_key_builder.py,resolved
tests/test_phase_filters_canonical_selectors.py,tests.test_phase_filters_canonical_selectors,5,from_import,core.join_key_policy,get_domain_join_key_policy,,0,core/join_key_policy.py,resolved
tests/test_phase_filters_canonical_selectors.py,tests.test_phase_filters_canonical_selectors,5,from_import,core.join_key_policy,load_join_key_policies,,0,core/join_key_policy.py,resolved
tests/test_phase_filters_canonical_selectors.py,tests.test_phase_filters_canonical_selectors,6,from_import,core.record_v2,serialize_identity_items,,0,core/record_v2.py,resolved
tests/test_phases_canonical_selectors.py,tests.test_phases_canonical_selectors,3,from_import,core.hashing,make_hash,,0,core/hashing.py,resolved
tests/test_phases_canonical_selectors.py,tests.test_phases_canonical_selectors,4,from_import,core.join_key_builder,build_join_key_from_policy,,0,core/join_key_builder.py,resolved
tests/test_phases_canonical_selectors.py,tests.test_phases_canonical_selectors,5,from_import,core.join_key_policy,get_domain_join_key_policy,,0,core/join_key_policy.py,resolved
tests/test_phases_canonical_selectors.py,tests.test_phases_canonical_selectors,5,from_import,core.join_key_policy,load_join_key_policies,,0,core/join_key_policy.py,resolved
tests/test_phases_canonical_selectors.py,tests.test_phases_canonical_selectors,6,from_import,core.record_v2,ITEM_Q_OK,,0,core/record_v2.py,resolved
tests/test_phases_canonical_selectors.py,tests.test_phases_canonical_selectors,6,from_import,core.record_v2,make_identity_item,,0,core/record_v2.py,resolved
tests/test_phases_canonical_selectors.py,tests.test_phases_canonical_selectors,6,from_import,core.record_v2,serialize_identity_items,,0,core/record_v2.py,resolved
tests/test_phases_canonical_selectors.py,tests.test_phases_canonical_selectors,7,from_import,domains.phases,_phase2_build_phase2_payload,,0,domains/phases.py,resolved
tests/test_placeholder_exclusions.py,tests.test_placeholder_exclusions,1,from_import,pathlib,Path,,0,,unresolved_external_or_missing
tests/test_placeholder_exclusions.py,tests.test_placeholder_exclusions,2,import,csv,,,0,,unresolved_external_or_missing
tests/test_placeholder_exclusions.py,tests.test_placeholder_exclusions,2,import,subprocess,,,0,,unresolved_external_or_missing
tests/test_placeholder_exclusions.py,tests.test_placeholder_exclusions,2,import,sys,,,0,,unresolved_external_or_missing
tests/test_probe_inventory_builder.py,tests.test_probe_inventory_builder,1,import,csv,,,0,,unresolved_external_or_missing
tests/test_probe_inventory_builder.py,tests.test_probe_inventory_builder,2,import,json,,,0,,unresolved_external_or_missing
tests/test_probe_inventory_builder.py,tests.test_probe_inventory_builder,3,import,subprocess,,,0,,unresolved_external_or_missing
tests/test_probe_inventory_builder.py,tests.test_probe_inventory_builder,4,import,sys,,,0,,unresolved_external_or_missing
tests/test_probe_inventory_builder.py,tests.test_probe_inventory_builder,5,from_import,pathlib,Path,,0,,unresolved_external_or_missing
tests/test_record_contract_v2.py,tests.test_record_contract_v2,2,import,json,,,0,,unresolved_external_or_missing
tests/test_record_contract_v2.py,tests.test_record_contract_v2,3,import,os,,,0,,unresolved_external_or_missing
tests/test_record_contract_v2.py,tests.test_record_contract_v2,5,import,pytest,,,0,,unresolved_external_or_missing
tests/test_record_contract_v2.py,tests.test_record_contract_v2,7,from_import,validators.record_v2,validate_record_v2,,0,validators/record_v2.py,resolved
tests/test_record_id_determinism.py,tests.test_record_id_determinism,2,from_import,core.record_v2,STATUS_BLOCKED,,0,core/record_v2.py,resolved
tests/test_record_id_determinism.py,tests.test_record_id_determinism,2,from_import,core.record_v2,STATUS_OK,,0,core/record_v2.py,resolved
tests/test_record_id_determinism.py,tests.test_record_id_determinism,2,from_import,core.record_v2,finalize_record_ids_for_domain,,0,core/record_v2.py,resolved
tests/test_record_id_determinism.py,tests.test_record_id_determinism,2,from_import,core.record_v2,make_record_id_structural,,0,core/record_v2.py,resolved
tests/test_record_id_determinism.py,tests.test_record_id_determinism,8,from_import,validators.record_v2,validate_records_v2,,0,validators/record_v2.py,resolved
tests/test_record_v2_utils.py,tests.test_record_v2_utils,3,import,pytest,,,0,,unresolved_external_or_missing
tests/test_record_v2_utils.py,tests.test_record_v2_utils,5,from_import,core,record_v2,,0,core/record_v2.py,resolved
tests/test_reference_bundle.py,tests.test_reference_bundle,1,from_import,pathlib,Path,,0,,unresolved_external_or_missing
tests/test_reference_bundle.py,tests.test_reference_bundle,3,from_import,tools.bundle_analysis.reference_bundle,load_and_validate,,0,tools/bundle_analysis/reference_bundle.py,resolved
tests/test_reformat_to_flat_items_identity_lineage.py,tests.test_reformat_to_flat_items_identity_lineage,1,from_import,tools.migration.reformat_to_flat_items,transform_record,,0,tools/migration/reformat_to_flat_items.py,resolved
tests/test_repository_data_remediation.py,tests.test_repository_data_remediation,3,import,json,,,0,,unresolved_external_or_missing
tests/test_repository_data_remediation.py,tests.test_repository_data_remediation,4,from_import,pathlib,Path,,0,,unresolved_external_or_missing
tests/test_revitlookup_audit_regressions.py,tests.test_revitlookup_audit_regressions,3,import,sys,,,0,,unresolved_external_or_missing
tests/test_revitlookup_audit_regressions.py,tests.test_revitlookup_audit_regressions,4,import,types,,,0,,unresolved_external_or_missing
tests/test_revitlookup_audit_regressions.py,tests.test_revitlookup_audit_regressions,5,from_import,pathlib,Path,,0,,unresolved_external_or_missing
tests/test_revitlookup_audit_regressions.py,tests.test_revitlookup_audit_regressions,7,from_import,core.record_v2,ITEM_Q_OK,,0,core/record_v2.py,resolved
tests/test_revitlookup_audit_regressions.py,tests.test_revitlookup_audit_regressions,7,from_import,core.record_v2,make_identity_item,,0,core/record_v2.py,resolved
tests/test_revitlookup_audit_regressions.py,tests.test_revitlookup_audit_regressions,40,from_import,domains,view_category_overrides_model,vco_model,0,domains/view_category_overrides_model.py,resolved
tests/test_revitlookup_audit_regressions.py,tests.test_revitlookup_audit_regressions,41,from_import,domains,view_category_overrides_annotation,vco_annotation,0,domains/view_category_overrides_annotation.py,resolved
tests/test_revitlookup_audit_regressions.py,tests.test_revitlookup_audit_regressions,59,from_import,domains,object_styles,,0,domains/object_styles.py,resolved
tests/test_run_segment_orchestrator_name_projection.py,tests.test_run_segment_orchestrator_name_projection,13,from_import,__future__,annotations,,0,,unresolved_external_or_missing
tests/test_run_segment_orchestrator_name_projection.py,tests.test_run_segment_orchestrator_name_projection,15,import,csv,,,0,,unresolved_external_or_missing
tests/test_run_segment_orchestrator_name_projection.py,tests.test_run_segment_orchestrator_name_projection,16,import,subprocess,,,0,,unresolved_external_or_missing
tests/test_run_segment_orchestrator_name_projection.py,tests.test_run_segment_orchestrator_name_projection,17,import,sys,,,0,,unresolved_external_or_missing
tests/test_run_segment_orchestrator_name_projection.py,tests.test_run_segment_orchestrator_name_projection,18,from_import,pathlib,Path,,0,,unresolved_external_or_missing
tests/test_run_segment_orchestrator_name_projection.py,tests.test_run_segment_orchestrator_name_projection,20,import,pytest,,,0,,unresolved_external_or_missing
tests/test_run_segment_orchestrator_name_projection.py,tests.test_run_segment_orchestrator_name_projection,23,from_import,run_segment_orchestrator,_active_domains_from_name_patterns,,0,,unresolved_external_or_missing
tests/test_run_segment_orchestrator_name_projection.py,tests.test_run_segment_orchestrator_name_projection,23,from_import,run_segment_orchestrator,_clear_stale_name_all_before_run,,0,,unresolved_external_or_missing
tests/test_run_segment_orchestrator_name_projection.py,tests.test_run_segment_orchestrator_name_projection,23,from_import,run_segment_orchestrator,_filter_name_key_csv_to_segment,,0,,unresolved_external_or_missing
tests/test_run_segment_orchestrator_name_projection.py,tests.test_run_segment_orchestrator_name_projection,23,from_import,run_segment_orchestrator,_run_one_segment,,0,,unresolved_external_or_missing
tests/test_run_segment_orchestrator_name_projection.py,tests.test_run_segment_orchestrator_name_projection,23,from_import,run_segment_orchestrator,_segment_has_name_leg_output,,0,,unresolved_external_or_missing
tests/test_run_segment_orchestrator_name_projection.py,tests.test_run_segment_orchestrator_name_projection,23,from_import,run_segment_orchestrator,merge_bi_outputs,,0,,unresolved_external_or_missing
tests/test_run_segment_orchestrator_name_projection.py,tests.test_run_segment_orchestrator_name_projection,456,from_import,tools.generate_name_key_patterns,emit_name_patterns,,0,tools/generate_name_key_patterns.py,resolved
tests/test_run_segment_orchestrator_name_projection.py,tests.test_run_segment_orchestrator_name_projection,465,from_import,tools.generate_name_key_patterns,emit_name_patterns,,0,tools/generate_name_key_patterns.py,resolved
tests/test_run_segment_orchestrator_name_projection.py,tests.test_run_segment_orchestrator_name_projection,517,import,shutil,,,0,,unresolved_external_or_missing
tests/test_run_segment_orchestrator_name_projection.py,tests.test_run_segment_orchestrator_name_projection,610,import,threading,,,0,,unresolved_external_or_missing
tests/test_run_segment_orchestrator_name_projection.py,tests.test_run_segment_orchestrator_name_projection,611,import,run_segment_orchestrator,,orchestrator_module,0,,unresolved_external_or_missing
tests/test_run_segment_orchestrator_name_projection.py,tests.test_run_segment_orchestrator_name_projection,695,import,threading,,,0,,unresolved_external_or_missing
tests/test_run_segment_orchestrator_name_projection.py,tests.test_run_segment_orchestrator_name_projection,696,import,run_segment_orchestrator,,orchestrator_module,0,,unresolved_external_or_missing
tests/test_run_segment_orchestrator_worker_split.py,tests.test_run_segment_orchestrator_worker_split,2,from_import,__future__,annotations,,0,,unresolved_external_or_missing
tests/test_run_segment_orchestrator_worker_split.py,tests.test_run_segment_orchestrator_worker_split,4,from_import,pathlib,Path,,0,,unresolved_external_or_missing
tests/test_run_segment_orchestrator_worker_split.py,tests.test_run_segment_orchestrator_worker_split,6,import,sys,,,0,,unresolved_external_or_missing
tests/test_run_segment_orchestrator_worker_split.py,tests.test_run_segment_orchestrator_worker_split,8,from_import,run_segment_orchestrator,compute_worker_split,,0,,unresolved_external_or_missing
tests/test_run_segment_orchestrator_worker_split.py,tests.test_run_segment_orchestrator_worker_split,49,import,run_segment_orchestrator,,mod,0,,unresolved_external_or_missing
tests/test_run_segment_orchestrator_worker_split.py,tests.test_run_segment_orchestrator_worker_split,57,import,run_segment_orchestrator,,mod,0,,unresolved_external_or_missing
tests/test_runner_canonicalization.py,tests.test_runner_canonicalization,1,from_import,core.canonical_items,canonicalize_record,,0,core/canonical_items.py,resolved
tests/test_runner_extraction_context.py,tests.test_runner_extraction_context,1,import,json,,,0,,unresolved_external_or_missing
tests/test_runner_extraction_context.py,tests.test_runner_extraction_context,2,from_import,pathlib,Path,,0,,unresolved_external_or_missing
tests/test_runner_extraction_context.py,tests.test_runner_extraction_context,4,import,domains.identity,,identity,0,domains/identity.py,resolved
tests/test_runner_extraction_context.py,tests.test_runner_extraction_context,5,from_import,runner.extraction_context,build_extraction_context,,0,runner/extraction_context.py,resolved
tests/test_runner_extraction_context.py,tests.test_runner_extraction_context,5,from_import,runner.extraction_context,operator_deployment_config_path,,0,runner/extraction_context.py,resolved
tests/test_runner_extraction_context.py,tests.test_runner_extraction_context,6,from_import,tests.test_identity_project_info,FakeBuiltInParameter,,0,tests/test_identity_project_info.py,resolved
tests/test_runner_extraction_context.py,tests.test_runner_extraction_context,6,from_import,tests.test_identity_project_info,FakeDoc,,0,tests/test_identity_project_info.py,resolved
tests/test_runner_extraction_context.py,tests.test_runner_extraction_context,6,from_import,tests.test_identity_project_info,FakeGuid,,0,tests/test_identity_project_info.py,resolved
tests/test_runner_extraction_context.py,tests.test_runner_extraction_context,6,from_import,tests.test_identity_project_info,FakeProjectInformation,,0,tests/test_identity_project_info.py,resolved
tests/test_runner_extraction_context.py,tests.test_runner_extraction_context,6,from_import,tests.test_identity_project_info,_ALL_BUILTIN_VALUES,,0,tests/test_identity_project_info.py,resolved
tests/test_sentinel_policy.py,tests.test_sentinel_policy,2,import,glob,,,0,,unresolved_external_or_missing
tests/test_sentinel_policy.py,tests.test_sentinel_policy,3,import,os,,,0,,unresolved_external_or_missing
tests/test_sentinel_policy.py,tests.test_sentinel_policy,4,import,re,,,0,,unresolved_external_or_missing
tests/test_sig_hash_policy_builder.py,tests.test_sig_hash_policy_builder,1,import,os,,,0,,unresolved_external_or_missing
tests/test_sig_hash_policy_builder.py,tests.test_sig_hash_policy_builder,3,from_import,core.record_v2,ITEM_Q_MISSING,,0,core/record_v2.py,resolved
tests/test_sig_hash_policy_builder.py,tests.test_sig_hash_policy_builder,3,from_import,core.record_v2,ITEM_Q_OK,,0,core/record_v2.py,resolved
tests/test_sig_hash_policy_builder.py,tests.test_sig_hash_policy_builder,3,from_import,core.record_v2,make_identity_item,,0,core/record_v2.py,resolved
tests/test_sig_hash_policy_builder.py,tests.test_sig_hash_policy_builder,3,from_import,core.record_v2,serialize_identity_items,,0,core/record_v2.py,resolved
tests/test_sig_hash_policy_builder.py,tests.test_sig_hash_policy_builder,4,from_import,core.hashing,make_hash,,0,core/hashing.py,resolved
tests/test_sig_hash_policy_builder.py,tests.test_sig_hash_policy_builder,5,from_import,core.sig_hash_builder,apply_sig_hash_policy_to_record,,0,core/sig_hash_builder.py,resolved
tests/test_sig_hash_policy_builder.py,tests.test_sig_hash_policy_builder,5,from_import,core.sig_hash_builder,build_sig_hash_from_policy,,0,core/sig_hash_builder.py,resolved
tests/test_sig_hash_policy_builder.py,tests.test_sig_hash_policy_builder,6,from_import,core.sig_hash_policy,get_domain_sig_hash_policy,,0,core/sig_hash_policy.py,resolved
tests/test_sig_hash_policy_builder.py,tests.test_sig_hash_policy_builder,6,from_import,core.sig_hash_policy,load_sig_hash_policies,,0,core/sig_hash_policy.py,resolved
tests/test_split_export.py,tests.test_split_export,4,import,sys,,,0,,unresolved_external_or_missing
tests/test_split_export.py,tests.test_split_export,5,from_import,pathlib,Path,,0,,unresolved_external_or_missing
tests/test_split_export.py,tests.test_split_export,11,from_import,core.features,build_features,,0,core/features.py,resolved
tests/test_split_export.py,tests.test_split_export,12,from_import,core.manifest,build_manifest,,0,core/manifest.py,resolved
tests/test_split_named_clusters_and_thresholds.py,tests.test_split_named_clusters_and_thresholds,1,from_import,__future__,annotations,,0,,unresolved_external_or_missing
tests/test_split_named_clusters_and_thresholds.py,tests.test_split_named_clusters_and_thresholds,3,import,csv,,,0,,unresolved_external_or_missing
tests/test_split_named_clusters_and_thresholds.py,tests.test_split_named_clusters_and_thresholds,4,from_import,pathlib,Path,,0,,unresolved_external_or_missing
tests/test_split_named_clusters_and_thresholds.py,tests.test_split_named_clusters_and_thresholds,6,import,pytest,,,0,,unresolved_external_or_missing
tests/test_split_named_clusters_and_thresholds.py,tests.test_split_named_clusters_and_thresholds,10,from_import,tools.compute_governance_thresholds,compute_alignment_rates,,0,tools/compute_governance_thresholds.py,resolved
tests/test_split_named_clusters_and_thresholds.py,tests.test_split_named_clusters_and_thresholds,10,from_import,tools.compute_governance_thresholds,compute_thresholds,,0,tools/compute_governance_thresholds.py,resolved
tests/test_split_named_clusters_and_thresholds.py,tests.test_split_named_clusters_and_thresholds,10,from_import,tools.compute_governance_thresholds,jenks_natural_breaks,,0,tools/compute_governance_thresholds.py,resolved
tests/test_split_named_clusters_and_thresholds.py,tests.test_split_named_clusters_and_thresholds,11,from_import,tools.patterns_analysis._archive.split_detection_file_level,compute_named_cluster_flags,,0,tools/patterns_analysis/_archive/split_detection_file_level.py,resolved
tests/test_split_named_clusters_and_thresholds.py,tests.test_split_named_clusters_and_thresholds,12,from_import,tools.run_split_detection_all,_inject_split_contract_headers,,0,tools/run_split_detection_all.py,resolved
tests/test_suggest_discovery_params.py,tests.test_suggest_discovery_params,1,from_import,__future__,annotations,,0,,unresolved_external_or_missing
tests/test_suggest_discovery_params.py,tests.test_suggest_discovery_params,2,import,csv,,,0,,unresolved_external_or_missing
tests/test_suggest_discovery_params.py,tests.test_suggest_discovery_params,2,import,subprocess,,,0,,unresolved_external_or_missing
tests/test_suggest_discovery_params.py,tests.test_suggest_discovery_params,2,import,sys,,,0,,unresolved_external_or_missing
tests/test_suggest_discovery_params.py,tests.test_suggest_discovery_params,3,from_import,pathlib,Path,,0,,unresolved_external_or_missing
tests/test_suggest_discovery_params.py,tests.test_suggest_discovery_params,5,import,pytest,,,0,,unresolved_external_or_missing
tests/test_suggest_discovery_params.py,tests.test_suggest_discovery_params,8,from_import,tools.suggest_discovery_params,_cumulative_subset_count,,0,tools/suggest_discovery_params.py,resolved
tests/test_suggest_discovery_params.py,tests.test_suggest_discovery_params,8,from_import,tools.suggest_discovery_params,_emit_command,,0,tools/suggest_discovery_params.py,resolved
tests/test_suggest_discovery_params.py,tests.test_suggest_discovery_params,8,from_import,tools.suggest_discovery_params,_load_policy_fields,,0,tools/suggest_discovery_params.py,resolved
tests/test_suggest_discovery_params.py,tests.test_suggest_discovery_params,8,from_import,tools.suggest_discovery_params,compute_domain_stats,,0,tools/suggest_discovery_params.py,resolved
tests/test_suggest_discovery_params.py,tests.test_suggest_discovery_params,8,from_import,tools.suggest_discovery_params,solve_candidate_fields_and_k,,0,tools/suggest_discovery_params.py,resolved
tests/test_suggest_discovery_params.py,tests.test_suggest_discovery_params,8,from_import,tools.suggest_discovery_params,suggest_params_for_domain,,0,tools/suggest_discovery_params.py,resolved
tests/test_suggest_discovery_params.py,tests.test_suggest_discovery_params,8,from_import,tools.suggest_discovery_params,suggest_sample_size,,0,tools/suggest_discovery_params.py,resolved
tests/test_text_types_canonical_selectors.py,tests.test_text_types_canonical_selectors,3,from_import,core.hashing,make_hash,,0,core/hashing.py,resolved
tests/test_text_types_canonical_selectors.py,tests.test_text_types_canonical_selectors,4,from_import,core.join_key_builder,build_join_key_from_policy,,0,core/join_key_builder.py,resolved
tests/test_text_types_canonical_selectors.py,tests.test_text_types_canonical_selectors,5,from_import,core.join_key_policy,get_domain_join_key_policy,,0,core/join_key_policy.py,resolved
tests/test_text_types_canonical_selectors.py,tests.test_text_types_canonical_selectors,5,from_import,core.join_key_policy,load_join_key_policies,,0,core/join_key_policy.py,resolved
tests/test_text_types_canonical_selectors.py,tests.test_text_types_canonical_selectors,6,from_import,core.record_v2,ITEM_Q_OK,,0,core/record_v2.py,resolved
tests/test_text_types_canonical_selectors.py,tests.test_text_types_canonical_selectors,6,from_import,core.record_v2,make_identity_item,,0,core/record_v2.py,resolved
tests/test_text_types_canonical_selectors.py,tests.test_text_types_canonical_selectors,6,from_import,core.record_v2,serialize_identity_items,,0,core/record_v2.py,resolved
tests/test_text_types_canonical_selectors.py,tests.test_text_types_canonical_selectors,7,from_import,domains.text_types,TEXT_TYPE_SEMANTIC_KEYS,,0,domains/text_types.py,resolved
tests/test_text_types_conversion_convergence.py,tests.test_text_types_conversion_convergence,1,import,json,,,0,,unresolved_external_or_missing
tests/test_text_types_conversion_convergence.py,tests.test_text_types_conversion_convergence,2,from_import,domains,text_types,,0,domains/text_types.py,resolved
tests/test_text_types_conversion_convergence.py,tests.test_text_types_conversion_convergence,3,from_import,tools.migration.reformat_to_flat_items,transform_record,,0,tools/migration/reformat_to_flat_items.py,resolved
tests/test_text_types_flat_items_export.py,tests.test_text_types_flat_items_export,1,from_import,domains,text_types,,0,domains/text_types.py,resolved
tests/test_text_types_flat_items_export.py,tests.test_text_types_flat_items_export,2,import,json,,,0,,unresolved_external_or_missing
tests/test_timing_collector.py,tests.test_timing_collector,15,import,threading,,,0,,unresolved_external_or_missing
tests/test_timing_collector.py,tests.test_timing_collector,16,import,time,,,0,,unresolved_external_or_missing
tests/test_timing_collector.py,tests.test_timing_collector,17,import,pytest,,,0,,unresolved_external_or_missing
tests/test_timing_collector.py,tests.test_timing_collector,19,from_import,core.timing_collector,TimingCollector,,0,core/timing_collector.py,resolved
tests/test_timing_collector.py,tests.test_timing_collector,286,from_import,core.hashing,make_hash,,0,core/hashing.py,resolved
tests/test_timing_collector.py,tests.test_timing_collector,287,from_import,core,hashing,hashing_mod,0,core/hashing.py,resolved
tests/test_timing_collector.py,tests.test_timing_collector,310,from_import,core,hashing,hashing_mod,0,core/hashing.py,resolved
tests/test_units_canonical_selectors.py,tests.test_units_canonical_selectors,3,import,enum,,,0,,unresolved_external_or_missing
tests/test_units_canonical_selectors.py,tests.test_units_canonical_selectors,4,import,json,,,0,,unresolved_external_or_missing
tests/test_units_canonical_selectors.py,tests.test_units_canonical_selectors,6,from_import,core.hashing,make_hash,,0,core/hashing.py,resolved
tests/test_units_canonical_selectors.py,tests.test_units_canonical_selectors,7,from_import,core.join_key_builder,build_join_key_from_policy,,0,core/join_key_builder.py,resolved
tests/test_units_canonical_selectors.py,tests.test_units_canonical_selectors,8,from_import,core.join_key_policy,get_domain_join_key_policy,,0,core/join_key_policy.py,resolved
tests/test_units_canonical_selectors.py,tests.test_units_canonical_selectors,8,from_import,core.join_key_policy,load_join_key_policies,,0,core/join_key_policy.py,resolved
tests/test_units_canonical_selectors.py,tests.test_units_canonical_selectors,9,from_import,core.record_v2,ITEM_Q_OK,,0,core/record_v2.py,resolved
tests/test_units_canonical_selectors.py,tests.test_units_canonical_selectors,9,from_import,core.record_v2,make_identity_item,,0,core/record_v2.py,resolved
tests/test_units_canonical_selectors.py,tests.test_units_canonical_selectors,9,from_import,core.record_v2,serialize_identity_items,,0,core/record_v2.py,resolved
tests/test_units_canonical_selectors.py,tests.test_units_canonical_selectors,10,from_import,domains.units,UNITS_DOC_SEMANTIC_KEYS,,0,domains/units.py,resolved
tests/test_units_canonical_selectors.py,tests.test_units_canonical_selectors,10,from_import,domains.units,UNITS_SEMANTIC_KEYS,,0,domains/units.py,resolved
tests/test_units_canonical_selectors.py,tests.test_units_canonical_selectors,10,from_import,domains.units,extract_units_doc,,0,domains/units.py,resolved
tests/test_units_canonical_selectors.py,tests.test_units_canonical_selectors,11,from_import,validators.record_v2,validate_record_v2,,0,validators/record_v2.py,resolved
tests/test_v21_join_policy_compat.py,tests.test_v21_join_policy_compat,1,import,csv,,,0,,unresolved_external_or_missing
tests/test_v21_join_policy_compat.py,tests.test_v21_join_policy_compat,2,import,json,,,0,,unresolved_external_or_missing
tests/test_v21_join_policy_compat.py,tests.test_v21_join_policy_compat,3,import,subprocess,,,0,,unresolved_external_or_missing
tests/test_v21_join_policy_compat.py,tests.test_v21_join_policy_compat,4,import,sys,,,0,,unresolved_external_or_missing
tests/test_v21_join_policy_compat.py,tests.test_v21_join_policy_compat,5,from_import,pathlib,Path,,0,,unresolved_external_or_missing
tests/test_v21_join_policy_compat.py,tests.test_v21_join_policy_compat,7,from_import,tools.join_key_discovery.eval,build_candidate_join_key_with_details,,0,tools/join_key_discovery/eval.py,resolved
tests/test_v21_join_policy_compat.py,tests.test_v21_join_policy_compat,7,from_import,tools.join_key_discovery.eval,normalize_policy_block,,0,tools/join_key_discovery/eval.py,resolved
tests/test_view_category_overrides_canonical_selectors.py,tests.test_view_category_overrides_canonical_selectors,3,from_import,core.hashing,make_hash,,0,core/hashing.py,resolved
tests/test_view_category_overrides_canonical_selectors.py,tests.test_view_category_overrides_canonical_selectors,4,from_import,core.join_key_builder,build_join_key_from_policy,,0,core/join_key_builder.py,resolved
tests/test_view_category_overrides_canonical_selectors.py,tests.test_view_category_overrides_canonical_selectors,5,from_import,core.join_key_policy,get_domain_join_key_policy,,0,core/join_key_policy.py,resolved
tests/test_view_category_overrides_canonical_selectors.py,tests.test_view_category_overrides_canonical_selectors,5,from_import,core.join_key_policy,load_join_key_policies,,0,core/join_key_policy.py,resolved
tests/test_view_category_overrides_canonical_selectors.py,tests.test_view_category_overrides_canonical_selectors,6,from_import,core.record_v2,ITEM_Q_OK,,0,core/record_v2.py,resolved
tests/test_view_category_overrides_canonical_selectors.py,tests.test_view_category_overrides_canonical_selectors,6,from_import,core.record_v2,make_identity_item,,0,core/record_v2.py,resolved
tests/test_view_category_overrides_canonical_selectors.py,tests.test_view_category_overrides_canonical_selectors,6,from_import,core.record_v2,serialize_identity_items,,0,core/record_v2.py,resolved
tests/test_view_filter_applications_view_templates_canonical_selectors.py,tests.test_view_filter_applications_view_templates_canonical_selectors,3,import,sys,,,0,,unresolved_external_or_missing
tests/test_view_filter_applications_view_templates_canonical_selectors.py,tests.test_view_filter_applications_view_templates_canonical_selectors,4,import,types,,,0,,unresolved_external_or_missing
tests/test_view_filter_applications_view_templates_canonical_selectors.py,tests.test_view_filter_applications_view_templates_canonical_selectors,6,from_import,core.hashing,make_hash,,0,core/hashing.py,resolved
tests/test_view_filter_applications_view_templates_canonical_selectors.py,tests.test_view_filter_applications_view_templates_canonical_selectors,7,from_import,core.join_key_builder,build_join_key_from_policy,,0,core/join_key_builder.py,resolved
tests/test_view_filter_applications_view_templates_canonical_selectors.py,tests.test_view_filter_applications_view_templates_canonical_selectors,8,from_import,core.join_key_policy,get_domain_join_key_policy,,0,core/join_key_policy.py,resolved
tests/test_view_filter_applications_view_templates_canonical_selectors.py,tests.test_view_filter_applications_view_templates_canonical_selectors,8,from_import,core.join_key_policy,load_join_key_policies,,0,core/join_key_policy.py,resolved
tests/test_view_filter_applications_view_templates_canonical_selectors.py,tests.test_view_filter_applications_view_templates_canonical_selectors,9,from_import,core.record_v2,ITEM_Q_OK,,0,core/record_v2.py,resolved
tests/test_view_filter_applications_view_templates_canonical_selectors.py,tests.test_view_filter_applications_view_templates_canonical_selectors,9,from_import,core.record_v2,make_identity_item,,0,core/record_v2.py,resolved
tests/test_view_filter_applications_view_templates_canonical_selectors.py,tests.test_view_filter_applications_view_templates_canonical_selectors,9,from_import,core.record_v2,serialize_identity_items,,0,core/record_v2.py,resolved
tests/test_view_filter_applications_view_templates_canonical_selectors.py,tests.test_view_filter_applications_view_templates_canonical_selectors,25,from_import,domains.view_filter_applications_view_templates,_semantic_keys_from_identity_items,,0,domains/view_filter_applications_view_templates.py,resolved
tests/test_view_filter_definitions_canonical_selectors.py,tests.test_view_filter_definitions_canonical_selectors,3,import,importlib,,,0,,unresolved_external_or_missing
tests/test_view_filter_definitions_canonical_selectors.py,tests.test_view_filter_definitions_canonical_selectors,4,import,sys,,,0,,unresolved_external_or_missing
tests/test_view_filter_definitions_canonical_selectors.py,tests.test_view_filter_definitions_canonical_selectors,5,import,types,,,0,,unresolved_external_or_missing
tests/test_view_filter_definitions_canonical_selectors.py,tests.test_view_filter_definitions_canonical_selectors,7,from_import,core.hashing,make_hash,,0,core/hashing.py,resolved
tests/test_view_filter_definitions_canonical_selectors.py,tests.test_view_filter_definitions_canonical_selectors,8,from_import,core.join_key_builder,build_join_key_from_policy,,0,core/join_key_builder.py,resolved
tests/test_view_filter_definitions_canonical_selectors.py,tests.test_view_filter_definitions_canonical_selectors,9,from_import,core.join_key_policy,get_domain_join_key_policy,,0,core/join_key_policy.py,resolved
tests/test_view_filter_definitions_canonical_selectors.py,tests.test_view_filter_definitions_canonical_selectors,9,from_import,core.join_key_policy,load_join_key_policies,,0,core/join_key_policy.py,resolved
tests/test_view_filter_definitions_canonical_selectors.py,tests.test_view_filter_definitions_canonical_selectors,10,from_import,core.record_v2,serialize_identity_items,,0,core/record_v2.py,resolved
tests/test_view_filter_definitions_empty_domain.py,tests.test_view_filter_definitions_empty_domain,1,import,importlib,,,0,,unresolved_external_or_missing
tests/test_view_filter_definitions_empty_domain.py,tests.test_view_filter_definitions_empty_domain,2,import,sys,,,0,,unresolved_external_or_missing
tests/test_view_filter_definitions_empty_domain.py,tests.test_view_filter_definitions_empty_domain,3,import,types,,,0,,unresolved_external_or_missing
tests/test_view_filter_definitions_empty_domain.py,tests.test_view_filter_definitions_empty_domain,5,from_import,core.hashing,make_hash,,0,core/hashing.py,resolved
tests/test_view_instances_cache_key_consistency.py,tests.test_view_instances_cache_key_consistency,1,from_import,pathlib,Path,,0,,unresolved_external_or_missing
tests/test_view_instances_cache_key_consistency.py,tests.test_view_instances_cache_key_consistency,3,from_import,domains,view_templates,,0,domains/view_templates.py,resolved
tests/test_view_templates_canonical_selectors.py,tests.test_view_templates_canonical_selectors,3,from_import,core.join_key_builder,build_join_key_from_policy,,0,core/join_key_builder.py,resolved
tests/test_view_templates_canonical_selectors.py,tests.test_view_templates_canonical_selectors,4,from_import,core.join_key_policy,get_domain_join_key_policy,,0,core/join_key_policy.py,resolved
tests/test_view_templates_canonical_selectors.py,tests.test_view_templates_canonical_selectors,4,from_import,core.join_key_policy,load_join_key_policies,,0,core/join_key_policy.py,resolved
tests/test_view_templates_canonical_selectors.py,tests.test_view_templates_canonical_selectors,5,from_import,core.record_v2,ITEM_Q_MISSING,,0,core/record_v2.py,resolved
tests/test_view_templates_canonical_selectors.py,tests.test_view_templates_canonical_selectors,5,from_import,core.record_v2,ITEM_Q_OK,,0,core/record_v2.py,resolved
tests/test_view_templates_canonical_selectors.py,tests.test_view_templates_canonical_selectors,5,from_import,core.record_v2,make_identity_item,,0,core/record_v2.py,resolved
tools/_archive/join_key_derivation_phase05.py,tools._archive.join_key_derivation_phase05,22,from_import,__future__,annotations,,0,,unresolved_external_or_missing
tools/_archive/join_key_derivation_phase05.py,tools._archive.join_key_derivation_phase05,24,import,argparse,,,0,,unresolved_external_or_missing
tools/_archive/join_key_derivation_phase05.py,tools._archive.join_key_derivation_phase05,25,import,csv,,,0,,unresolved_external_or_missing
tools/_archive/join_key_derivation_phase05.py,tools._archive.join_key_derivation_phase05,26,import,glob,,,0,,unresolved_external_or_missing
tools/_archive/join_key_derivation_phase05.py,tools._archive.join_key_derivation_phase05,27,import,hashlib,,,0,,unresolved_external_or_missing
tools/_archive/join_key_derivation_phase05.py,tools._archive.join_key_derivation_phase05,28,import,json,,,0,,unresolved_external_or_missing
tools/_archive/join_key_derivation_phase05.py,tools._archive.join_key_derivation_phase05,29,import,os,,,0,,unresolved_external_or_missing
tools/_archive/join_key_derivation_phase05.py,tools._archive.join_key_derivation_phase05,30,from_import,dataclasses,dataclass,,0,,unresolved_external_or_missing
tools/_archive/join_key_derivation_phase05.py,tools._archive.join_key_derivation_phase05,31,from_import,datetime,datetime,,0,,unresolved_external_or_missing
tools/_archive/join_key_derivation_phase05.py,tools._archive.join_key_derivation_phase05,32,from_import,typing,Any,,0,,unresolved_external_or_missing
tools/_archive/join_key_derivation_phase05.py,tools._archive.join_key_derivation_phase05,32,from_import,typing,Dict,,0,,unresolved_external_or_missing
tools/_archive/join_key_derivation_phase05.py,tools._archive.join_key_derivation_phase05,32,from_import,typing,Iterable,,0,,unresolved_external_or_missing
tools/_archive/join_key_derivation_phase05.py,tools._archive.join_key_derivation_phase05,32,from_import,typing,List,,0,,unresolved_external_or_missing
tools/_archive/join_key_derivation_phase05.py,tools._archive.join_key_derivation_phase05,32,from_import,typing,Optional,,0,,unresolved_external_or_missing
tools/_archive/join_key_derivation_phase05.py,tools._archive.join_key_derivation_phase05,32,from_import,typing,Sequence,,0,,unresolved_external_or_missing
tools/_archive/join_key_derivation_phase05.py,tools._archive.join_key_derivation_phase05,32,from_import,typing,Tuple,,0,,unresolved_external_or_missing
tools/_archive/join_key_derivation_phase05.py,tools._archive.join_key_derivation_phase05,536,from_import,datetime,datetime,,0,,unresolved_external_or_missing
tools/_archive/join_key_derivation_phase05.py,tools._archive.join_key_derivation_phase05,536,from_import,datetime,timezone,,0,,unresolved_external_or_missing
tools/acc_scan_dc.py,tools.acc_scan_dc,43,import,os,,,0,,unresolved_external_or_missing
tools/acc_scan_dc.py,tools.acc_scan_dc,44,import,csv,,,0,,unresolved_external_or_missing
tools/acc_scan_dc.py,tools.acc_scan_dc,45,import,re,,,0,,unresolved_external_or_missing
tools/acc_scan_dc.py,tools.acc_scan_dc,46,import,argparse,,,0,,unresolved_external_or_missing
tools/acc_scan_dc.py,tools.acc_scan_dc,47,from_import,datetime,datetime,,0,,unresolved_external_or_missing
tools/acc_sync_dc.py,tools.acc_sync_dc,26,import,os,,,0,,unresolved_external_or_missing
tools/acc_sync_dc.py,tools.acc_sync_dc,27,import,sys,,,0,,unresolved_external_or_missing
tools/acc_sync_dc.py,tools.acc_sync_dc,28,import,csv,,,0,,unresolved_external_or_missing
tools/acc_sync_dc.py,tools.acc_sync_dc,29,import,ctypes,,,0,,unresolved_external_or_missing
tools/acc_sync_dc.py,tools.acc_sync_dc,30,import,argparse,,,0,,unresolved_external_or_missing
tools/acc_sync_dc.py,tools.acc_sync_dc,31,import,time,,,0,,unresolved_external_or_missing
tools/acc_sync_dc.py,tools.acc_sync_dc,32,from_import,datetime,datetime,,0,,unresolved_external_or_missing
tools/acc_sync_dc.py,tools.acc_sync_dc,115,import,threading,,,0,,unresolved_external_or_missing
tools/analyze_promotion_candidates.py,tools.analyze_promotion_candidates,102,from_import,__future__,annotations,,0,,unresolved_external_or_missing
tools/analyze_promotion_candidates.py,tools.analyze_promotion_candidates,104,import,argparse,,,0,,unresolved_external_or_missing
tools/analyze_promotion_candidates.py,tools.analyze_promotion_candidates,105,from_import,pathlib,Path,,0,,unresolved_external_or_missing
tools/analyze_promotion_candidates.py,tools.analyze_promotion_candidates,107,import,numpy,,np,0,,unresolved_external_or_missing
tools/analyze_promotion_candidates.py,tools.analyze_promotion_candidates,108,import,pandas,,pd,0,,unresolved_external_or_missing
tools/analyze_promotion_candidates.py,tools.analyze_promotion_candidates,110,from_import,enterprise_policy,EnterprisePolicy,,0,,unresolved_external_or_missing
tools/analyze_promotion_candidates.py,tools.analyze_promotion_candidates,110,from_import,enterprise_policy,load_enterprise_policy,,0,,unresolved_external_or_missing
tools/analyze_promotion_candidates.py,tools.analyze_promotion_candidates,110,from_import,enterprise_policy,write_enterprise_policy_provenance,,0,,unresolved_external_or_missing
tools/apply_join_policy.py,tools.apply_join_policy,2,from_import,__future__,annotations,,0,,unresolved_external_or_missing
tools/apply_join_policy.py,tools.apply_join_policy,4,import,argparse,,,0,,unresolved_external_or_missing
tools/apply_join_policy.py,tools.apply_join_policy,5,import,csv,,,0,,unresolved_external_or_missing
tools/apply_join_policy.py,tools.apply_join_policy,6,import,json,,,0,,unresolved_external_or_missing
tools/apply_join_policy.py,tools.apply_join_policy,7,import,sys,,,0,,unresolved_external_or_missing
tools/apply_join_policy.py,tools.apply_join_policy,8,from_import,pathlib,Path,,0,,unresolved_external_or_missing
tools/apply_join_policy.py,tools.apply_join_policy,9,from_import,typing,Dict,,0,,unresolved_external_or_missing
tools/apply_join_policy.py,tools.apply_join_policy,9,from_import,typing,List,,0,,unresolved_external_or_missing
tools/apply_join_policy.py,tools.apply_join_policy,12,from_import,tools.join_key_derivation,md5_utf8_join_pipe,,0,tools/join_key_derivation.py,resolved
tools/apply_join_policy.py,tools.apply_join_policy,12,from_import,tools.join_key_derivation,serialize_identity_items,,0,tools/join_key_derivation.py,resolved
tools/apply_join_policy.py,tools.apply_join_policy,13,from_import,tools.join_key_discovery.eval,build_candidate_join_key_with_details,,0,tools/join_key_discovery/eval.py,resolved
tools/apply_join_policy.py,tools.apply_join_policy,13,from_import,tools.join_key_discovery.eval,build_identity_index,,0,tools/join_key_discovery/eval.py,resolved
tools/apply_join_policy.py,tools.apply_join_policy,13,from_import,tools.join_key_discovery.eval,normalize_policy_block,,0,tools/join_key_discovery/eval.py,resolved
tools/apply_join_policy.py,tools.apply_join_policy,15,from_import,join_key_derivation,md5_utf8_join_pipe,,0,,unresolved_external_or_missing
tools/apply_join_policy.py,tools.apply_join_policy,15,from_import,join_key_derivation,serialize_identity_items,,0,,unresolved_external_or_missing
tools/apply_join_policy.py,tools.apply_join_policy,16,from_import,join_key_discovery.eval,build_candidate_join_key_with_details,,0,,unresolved_external_or_missing
tools/apply_join_policy.py,tools.apply_join_policy,16,from_import,join_key_discovery.eval,build_identity_index,,0,,unresolved_external_or_missing
tools/apply_join_policy.py,tools.apply_join_policy,16,from_import,join_key_discovery.eval,normalize_policy_block,,0,,unresolved_external_or_missing
tools/apply_name_key_policy.py,tools.apply_name_key_policy,19,from_import,__future__,annotations,,0,,unresolved_external_or_missing
tools/apply_name_key_policy.py,tools.apply_name_key_policy,21,import,argparse,,,0,,unresolved_external_or_missing
tools/apply_name_key_policy.py,tools.apply_name_key_policy,22,import,csv,,,0,,unresolved_external_or_missing
tools/apply_name_key_policy.py,tools.apply_name_key_policy,23,import,json,,,0,,unresolved_external_or_missing
tools/apply_name_key_policy.py,tools.apply_name_key_policy,24,from_import,pathlib,Path,,0,,unresolved_external_or_missing
tools/apply_name_key_policy.py,tools.apply_name_key_policy,25,from_import,typing,Any,,0,,unresolved_external_or_missing
tools/apply_name_key_policy.py,tools.apply_name_key_policy,25,from_import,typing,Dict,,0,,unresolved_external_or_missing
tools/apply_name_key_policy.py,tools.apply_name_key_policy,25,from_import,typing,List,,0,,unresolved_external_or_missing
tools/apply_name_key_policy.py,tools.apply_name_key_policy,28,from_import,core.name_key_builder,build_name_key_for_record,,0,core/name_key_builder.py,resolved
tools/apply_name_key_policy.py,tools.apply_name_key_policy,29,from_import,core.join_key_policy,load_join_key_policies,,0,core/join_key_policy.py,resolved
tools/apply_name_key_policy.py,tools.apply_name_key_policy,31,import,os,,,0,,unresolved_external_or_missing
tools/apply_name_key_policy.py,tools.apply_name_key_policy,32,import,sys,,,0,,unresolved_external_or_missing
tools/apply_name_key_policy.py,tools.apply_name_key_policy,35,from_import,core.name_key_builder,build_name_key_for_record,,0,core/name_key_builder.py,resolved
tools/apply_name_key_policy.py,tools.apply_name_key_policy,36,from_import,core.join_key_policy,load_join_key_policies,,0,core/join_key_policy.py,resolved
tools/archetype/_common.py,tools.archetype._common,9,from_import,__future__,annotations,,0,,unresolved_external_or_missing
tools/archetype/_common.py,tools.archetype._common,11,import,csv,,,0,,unresolved_external_or_missing
tools/archetype/_common.py,tools.archetype._common,12,import,json,,,0,,unresolved_external_or_missing
tools/archetype/_common.py,tools.archetype._common,13,import,sys,,,0,,unresolved_external_or_missing
tools/archetype/_common.py,tools.archetype._common,14,from_import,collections,defaultdict,,0,,unresolved_external_or_missing
tools/archetype/_common.py,tools.archetype._common,15,from_import,pathlib,Path,,0,,unresolved_external_or_missing
tools/archetype/_common.py,tools.archetype._common,16,from_import,tempfile,NamedTemporaryFile,,0,,unresolved_external_or_missing
tools/archetype/_common.py,tools.archetype._common,17,from_import,typing,Any,,0,,unresolved_external_or_missing
tools/archetype/_common.py,tools.archetype._common,17,from_import,typing,Dict,,0,,unresolved_external_or_missing
tools/archetype/_common.py,tools.archetype._common,17,from_import,typing,Iterable,,0,,unresolved_external_or_missing
tools/archetype/_common.py,tools.archetype._common,17,from_import,typing,List,,0,,unresolved_external_or_missing
tools/archetype/_common.py,tools.archetype._common,17,from_import,typing,Optional,,0,,unresolved_external_or_missing
tools/archetype/_common.py,tools.archetype._common,17,from_import,typing,Sequence,,0,,unresolved_external_or_missing
tools/archetype/_common.py,tools.archetype._common,17,from_import,typing,Tuple,,0,,unresolved_external_or_missing
tools/archetype/assign_archetype_classifications.py,tools.archetype.assign_archetype_classifications,68,from_import,__future__,annotations,,0,,unresolved_external_or_missing
tools/archetype/assign_archetype_classifications.py,tools.archetype.assign_archetype_classifications,70,import,argparse,,,0,,unresolved_external_or_missing
tools/archetype/assign_archetype_classifications.py,tools.archetype.assign_archetype_classifications,71,import,sys,,,0,,unresolved_external_or_missing
tools/archetype/assign_archetype_classifications.py,tools.archetype.assign_archetype_classifications,72,from_import,collections,defaultdict,,0,,unresolved_external_or_missing
tools/archetype/assign_archetype_classifications.py,tools.archetype.assign_archetype_classifications,73,from_import,pathlib,Path,,0,,unresolved_external_or_missing
tools/archetype/assign_archetype_classifications.py,tools.archetype.assign_archetype_classifications,74,from_import,typing,Any,,0,,unresolved_external_or_missing
tools/archetype/assign_archetype_classifications.py,tools.archetype.assign_archetype_classifications,74,from_import,typing,Dict,,0,,unresolved_external_or_missing
tools/archetype/assign_archetype_classifications.py,tools.archetype.assign_archetype_classifications,74,from_import,typing,List,,0,,unresolved_external_or_missing
tools/archetype/assign_archetype_classifications.py,tools.archetype.assign_archetype_classifications,74,from_import,typing,Optional,,0,,unresolved_external_or_missing
tools/archetype/assign_archetype_classifications.py,tools.archetype.assign_archetype_classifications,74,from_import,typing,Set,,0,,unresolved_external_or_missing
tools/archetype/assign_archetype_classifications.py,tools.archetype.assign_archetype_classifications,74,from_import,typing,Tuple,,0,,unresolved_external_or_missing
tools/archetype/assign_archetype_classifications.py,tools.archetype.assign_archetype_classifications,76,from_import,_common,atomic_write_csv,,0,,unresolved_external_or_missing
tools/archetype/assign_archetype_classifications.py,tools.archetype.assign_archetype_classifications,76,from_import,_common,atomic_write_json,,0,,unresolved_external_or_missing
tools/archetype/assign_archetype_classifications.py,tools.archetype.assign_archetype_classifications,76,from_import,_common,build_edge_aliases,,0,,unresolved_external_or_missing
tools/archetype/assign_archetype_classifications.py,tools.archetype.assign_archetype_classifications,76,from_import,_common,log,,0,,unresolved_external_or_missing
tools/archetype/assign_archetype_classifications.py,tools.archetype.assign_archetype_classifications,76,from_import,_common,read_csv_rows,,0,,unresolved_external_or_missing
tools/archetype/assign_archetype_classifications.py,tools.archetype.assign_archetype_classifications,76,from_import,_common,read_json,,0,,unresolved_external_or_missing
tools/archetype/build_cross_domain_items.py,tools.archetype.build_cross_domain_items,43,from_import,__future__,annotations,,0,,unresolved_external_or_missing
tools/archetype/build_cross_domain_items.py,tools.archetype.build_cross_domain_items,45,import,argparse,,,0,,unresolved_external_or_missing
tools/archetype/build_cross_domain_items.py,tools.archetype.build_cross_domain_items,46,import,json,,,0,,unresolved_external_or_missing
tools/archetype/build_cross_domain_items.py,tools.archetype.build_cross_domain_items,47,from_import,collections,defaultdict,,0,,unresolved_external_or_missing
tools/archetype/build_cross_domain_items.py,tools.archetype.build_cross_domain_items,48,from_import,pathlib,Path,,0,,unresolved_external_or_missing
tools/archetype/build_cross_domain_items.py,tools.archetype.build_cross_domain_items,49,from_import,typing,Any,,0,,unresolved_external_or_missing
tools/archetype/build_cross_domain_items.py,tools.archetype.build_cross_domain_items,49,from_import,typing,Dict,,0,,unresolved_external_or_missing
tools/archetype/build_cross_domain_items.py,tools.archetype.build_cross_domain_items,49,from_import,typing,List,,0,,unresolved_external_or_missing
tools/archetype/build_cross_domain_items.py,tools.archetype.build_cross_domain_items,49,from_import,typing,Set,,0,,unresolved_external_or_missing
tools/archetype/build_cross_domain_items.py,tools.archetype.build_cross_domain_items,49,from_import,typing,Tuple,,0,,unresolved_external_or_missing
tools/archetype/build_cross_domain_items.py,tools.archetype.build_cross_domain_items,51,from_import,_common,atomic_write_csv,,0,,unresolved_external_or_missing
tools/archetype/build_cross_domain_items.py,tools.archetype.build_cross_domain_items,51,from_import,_common,field_matches,,0,,unresolved_external_or_missing
tools/archetype/build_cross_domain_items.py,tools.archetype.build_cross_domain_items,51,from_import,_common,is_valid_item,,0,,unresolved_external_or_missing
tools/archetype/build_cross_domain_items.py,tools.archetype.build_cross_domain_items,51,from_import,_common,log,,0,,unresolved_external_or_missing
tools/archetype/build_cross_domain_items.py,tools.archetype.build_cross_domain_items,51,from_import,_common,read_csv_rows,,0,,unresolved_external_or_missing
tools/archetype/build_cross_domain_items.py,tools.archetype.build_cross_domain_items,51,from_import,_common,read_json,,0,,unresolved_external_or_missing
tools/archetype/cluster_archetype_signals.py,tools.archetype.cluster_archetype_signals,116,from_import,__future__,annotations,,0,,unresolved_external_or_missing
tools/archetype/cluster_archetype_signals.py,tools.archetype.cluster_archetype_signals,118,import,argparse,,,0,,unresolved_external_or_missing
tools/archetype/cluster_archetype_signals.py,tools.archetype.cluster_archetype_signals,119,import,re,,,0,,unresolved_external_or_missing
tools/archetype/cluster_archetype_signals.py,tools.archetype.cluster_archetype_signals,120,import,sys,,,0,,unresolved_external_or_missing
tools/archetype/cluster_archetype_signals.py,tools.archetype.cluster_archetype_signals,121,from_import,collections,defaultdict,,0,,unresolved_external_or_missing
tools/archetype/cluster_archetype_signals.py,tools.archetype.cluster_archetype_signals,122,from_import,datetime,datetime,,0,,unresolved_external_or_missing
tools/archetype/cluster_archetype_signals.py,tools.archetype.cluster_archetype_signals,122,from_import,datetime,timezone,,0,,unresolved_external_or_missing
tools/archetype/cluster_archetype_signals.py,tools.archetype.cluster_archetype_signals,123,from_import,pathlib,Path,,0,,unresolved_external_or_missing
tools/archetype/cluster_archetype_signals.py,tools.archetype.cluster_archetype_signals,124,from_import,typing,Any,,0,,unresolved_external_or_missing
tools/archetype/cluster_archetype_signals.py,tools.archetype.cluster_archetype_signals,124,from_import,typing,Dict,,0,,unresolved_external_or_missing
tools/archetype/cluster_archetype_signals.py,tools.archetype.cluster_archetype_signals,124,from_import,typing,List,,0,,unresolved_external_or_missing
tools/archetype/cluster_archetype_signals.py,tools.archetype.cluster_archetype_signals,124,from_import,typing,Optional,,0,,unresolved_external_or_missing
tools/archetype/cluster_archetype_signals.py,tools.archetype.cluster_archetype_signals,124,from_import,typing,Set,,0,,unresolved_external_or_missing
tools/archetype/cluster_archetype_signals.py,tools.archetype.cluster_archetype_signals,124,from_import,typing,Tuple,,0,,unresolved_external_or_missing
tools/archetype/cluster_archetype_signals.py,tools.archetype.cluster_archetype_signals,128,from_import,_common,SCHEMA_VERSION,,0,,unresolved_external_or_missing
tools/archetype/cluster_archetype_signals.py,tools.archetype.cluster_archetype_signals,128,from_import,_common,atomic_write_csv,,0,,unresolved_external_or_missing
tools/archetype/cluster_archetype_signals.py,tools.archetype.cluster_archetype_signals,128,from_import,_common,atomic_write_json,,0,,unresolved_external_or_missing
tools/archetype/cluster_archetype_signals.py,tools.archetype.cluster_archetype_signals,128,from_import,_common,log,,0,,unresolved_external_or_missing
tools/archetype/cluster_archetype_signals.py,tools.archetype.cluster_archetype_signals,128,from_import,_common,read_csv_rows,,0,,unresolved_external_or_missing
tools/archetype/cluster_archetype_signals.py,tools.archetype.cluster_archetype_signals,135,from_import,jenks_utils,jenks_breaks,,0,,unresolved_external_or_missing
tools/archetype/compute_cross_domain_cooccurrence.py,tools.archetype.compute_cross_domain_cooccurrence,64,from_import,__future__,annotations,,0,,unresolved_external_or_missing
tools/archetype/compute_cross_domain_cooccurrence.py,tools.archetype.compute_cross_domain_cooccurrence,66,import,argparse,,,0,,unresolved_external_or_missing
tools/archetype/compute_cross_domain_cooccurrence.py,tools.archetype.compute_cross_domain_cooccurrence,67,import,hashlib,,,0,,unresolved_external_or_missing
tools/archetype/compute_cross_domain_cooccurrence.py,tools.archetype.compute_cross_domain_cooccurrence,68,from_import,collections,defaultdict,,0,,unresolved_external_or_missing
tools/archetype/compute_cross_domain_cooccurrence.py,tools.archetype.compute_cross_domain_cooccurrence,69,from_import,itertools,combinations,,0,,unresolved_external_or_missing
tools/archetype/compute_cross_domain_cooccurrence.py,tools.archetype.compute_cross_domain_cooccurrence,70,from_import,pathlib,Path,,0,,unresolved_external_or_missing
tools/archetype/compute_cross_domain_cooccurrence.py,tools.archetype.compute_cross_domain_cooccurrence,71,from_import,typing,Any,,0,,unresolved_external_or_missing
tools/archetype/compute_cross_domain_cooccurrence.py,tools.archetype.compute_cross_domain_cooccurrence,71,from_import,typing,Dict,,0,,unresolved_external_or_missing
tools/archetype/compute_cross_domain_cooccurrence.py,tools.archetype.compute_cross_domain_cooccurrence,71,from_import,typing,List,,0,,unresolved_external_or_missing
tools/archetype/compute_cross_domain_cooccurrence.py,tools.archetype.compute_cross_domain_cooccurrence,71,from_import,typing,Optional,,0,,unresolved_external_or_missing
tools/archetype/compute_cross_domain_cooccurrence.py,tools.archetype.compute_cross_domain_cooccurrence,71,from_import,typing,Set,,0,,unresolved_external_or_missing
tools/archetype/compute_cross_domain_cooccurrence.py,tools.archetype.compute_cross_domain_cooccurrence,71,from_import,typing,Tuple,,0,,unresolved_external_or_missing
tools/archetype/compute_cross_domain_cooccurrence.py,tools.archetype.compute_cross_domain_cooccurrence,73,from_import,_common,atomic_write_csv,,0,,unresolved_external_or_missing
tools/archetype/compute_cross_domain_cooccurrence.py,tools.archetype.compute_cross_domain_cooccurrence,73,from_import,_common,build_edge_aliases,,0,,unresolved_external_or_missing
tools/archetype/compute_cross_domain_cooccurrence.py,tools.archetype.compute_cross_domain_cooccurrence,73,from_import,_common,log,,0,,unresolved_external_or_missing
tools/archetype/compute_cross_domain_cooccurrence.py,tools.archetype.compute_cross_domain_cooccurrence,73,from_import,_common,read_csv_rows,,0,,unresolved_external_or_missing
tools/archetype/compute_cross_domain_cooccurrence.py,tools.archetype.compute_cross_domain_cooccurrence,73,from_import,_common,read_json,,0,,unresolved_external_or_missing
tools/archetype/discover_vfd_edges.py,tools.archetype.discover_vfd_edges,30,from_import,__future__,annotations,,0,,unresolved_external_or_missing
tools/archetype/discover_vfd_edges.py,tools.archetype.discover_vfd_edges,32,import,argparse,,,0,,unresolved_external_or_missing
tools/archetype/discover_vfd_edges.py,tools.archetype.discover_vfd_edges,33,import,csv,,,0,,unresolved_external_or_missing
tools/archetype/discover_vfd_edges.py,tools.archetype.discover_vfd_edges,34,import,json,,,0,,unresolved_external_or_missing
tools/archetype/discover_vfd_edges.py,tools.archetype.discover_vfd_edges,35,import,re,,,0,,unresolved_external_or_missing
tools/archetype/discover_vfd_edges.py,tools.archetype.discover_vfd_edges,36,import,sys,,,0,,unresolved_external_or_missing
tools/archetype/discover_vfd_edges.py,tools.archetype.discover_vfd_edges,37,from_import,collections,defaultdict,,0,,unresolved_external_or_missing
tools/archetype/discover_vfd_edges.py,tools.archetype.discover_vfd_edges,38,from_import,dataclasses,dataclass,,0,,unresolved_external_or_missing
tools/archetype/discover_vfd_edges.py,tools.archetype.discover_vfd_edges,39,from_import,pathlib,Path,,0,,unresolved_external_or_missing
tools/archetype/discover_vfd_edges.py,tools.archetype.discover_vfd_edges,40,from_import,tempfile,NamedTemporaryFile,,0,,unresolved_external_or_missing
tools/archetype/discover_vfd_edges.py,tools.archetype.discover_vfd_edges,41,from_import,typing,Any,,0,,unresolved_external_or_missing
tools/archetype/discover_vfd_edges.py,tools.archetype.discover_vfd_edges,41,from_import,typing,Dict,,0,,unresolved_external_or_missing
tools/archetype/discover_vfd_edges.py,tools.archetype.discover_vfd_edges,41,from_import,typing,Iterable,,0,,unresolved_external_or_missing
tools/archetype/discover_vfd_edges.py,tools.archetype.discover_vfd_edges,41,from_import,typing,Iterator,,0,,unresolved_external_or_missing
tools/archetype/discover_vfd_edges.py,tools.archetype.discover_vfd_edges,41,from_import,typing,List,,0,,unresolved_external_or_missing
tools/archetype/discover_vfd_edges.py,tools.archetype.discover_vfd_edges,41,from_import,typing,Optional,,0,,unresolved_external_or_missing
tools/archetype/discover_vfd_edges.py,tools.archetype.discover_vfd_edges,41,from_import,typing,Sequence,,0,,unresolved_external_or_missing
tools/archetype/discover_vfd_edges.py,tools.archetype.discover_vfd_edges,41,from_import,typing,Set,,0,,unresolved_external_or_missing
tools/archetype/discover_vfd_edges.py,tools.archetype.discover_vfd_edges,41,from_import,typing,Tuple,,0,,unresolved_external_or_missing
tools/archetype/generate_archetype_candidates.py,tools.archetype.generate_archetype_candidates,78,from_import,__future__,annotations,,0,,unresolved_external_or_missing
tools/archetype/generate_archetype_candidates.py,tools.archetype.generate_archetype_candidates,80,import,argparse,,,0,,unresolved_external_or_missing
tools/archetype/generate_archetype_candidates.py,tools.archetype.generate_archetype_candidates,81,import,sys,,,0,,unresolved_external_or_missing
tools/archetype/generate_archetype_candidates.py,tools.archetype.generate_archetype_candidates,82,from_import,collections,defaultdict,,0,,unresolved_external_or_missing
tools/archetype/generate_archetype_candidates.py,tools.archetype.generate_archetype_candidates,83,from_import,datetime,datetime,,0,,unresolved_external_or_missing
tools/archetype/generate_archetype_candidates.py,tools.archetype.generate_archetype_candidates,83,from_import,datetime,timezone,,0,,unresolved_external_or_missing
tools/archetype/generate_archetype_candidates.py,tools.archetype.generate_archetype_candidates,84,from_import,pathlib,Path,,0,,unresolved_external_or_missing
tools/archetype/generate_archetype_candidates.py,tools.archetype.generate_archetype_candidates,85,from_import,typing,Any,,0,,unresolved_external_or_missing
tools/archetype/generate_archetype_candidates.py,tools.archetype.generate_archetype_candidates,85,from_import,typing,Dict,,0,,unresolved_external_or_missing
tools/archetype/generate_archetype_candidates.py,tools.archetype.generate_archetype_candidates,85,from_import,typing,List,,0,,unresolved_external_or_missing
tools/archetype/generate_archetype_candidates.py,tools.archetype.generate_archetype_candidates,85,from_import,typing,Set,,0,,unresolved_external_or_missing
tools/archetype/generate_archetype_candidates.py,tools.archetype.generate_archetype_candidates,85,from_import,typing,Tuple,,0,,unresolved_external_or_missing
tools/archetype/generate_archetype_candidates.py,tools.archetype.generate_archetype_candidates,87,from_import,_common,SCHEMA_VERSION,,0,,unresolved_external_or_missing
tools/archetype/generate_archetype_candidates.py,tools.archetype.generate_archetype_candidates,87,from_import,_common,atomic_write_json,,0,,unresolved_external_or_missing
tools/archetype/generate_archetype_candidates.py,tools.archetype.generate_archetype_candidates,87,from_import,_common,build_edge_aliases,,0,,unresolved_external_or_missing
tools/archetype/generate_archetype_candidates.py,tools.archetype.generate_archetype_candidates,87,from_import,_common,log,,0,,unresolved_external_or_missing
tools/archetype/generate_archetype_candidates.py,tools.archetype.generate_archetype_candidates,87,from_import,_common,read_csv_rows,,0,,unresolved_external_or_missing
tools/archetype/generate_archetype_candidates.py,tools.archetype.generate_archetype_candidates,87,from_import,_common,read_json,,0,,unresolved_external_or_missing
tools/archetype/generate_archetype_candidates.py,tools.archetype.generate_archetype_candidates,87,from_import,_common,slugify,,0,,unresolved_external_or_missing
tools/archetype/generate_reference_graph.py,tools.archetype.generate_reference_graph,47,from_import,__future__,annotations,,0,,unresolved_external_or_missing
tools/archetype/generate_reference_graph.py,tools.archetype.generate_reference_graph,49,import,argparse,,,0,,unresolved_external_or_missing
tools/archetype/generate_reference_graph.py,tools.archetype.generate_reference_graph,50,import,hashlib,,,0,,unresolved_external_or_missing
tools/archetype/generate_reference_graph.py,tools.archetype.generate_reference_graph,51,import,json,,,0,,unresolved_external_or_missing
tools/archetype/generate_reference_graph.py,tools.archetype.generate_reference_graph,52,from_import,datetime,datetime,,0,,unresolved_external_or_missing
tools/archetype/generate_reference_graph.py,tools.archetype.generate_reference_graph,52,from_import,datetime,timezone,,0,,unresolved_external_or_missing
tools/archetype/generate_reference_graph.py,tools.archetype.generate_reference_graph,53,from_import,pathlib,Path,,0,,unresolved_external_or_missing
tools/archetype/generate_reference_graph.py,tools.archetype.generate_reference_graph,54,from_import,typing,Any,,0,,unresolved_external_or_missing
tools/archetype/generate_reference_graph.py,tools.archetype.generate_reference_graph,54,from_import,typing,Dict,,0,,unresolved_external_or_missing
tools/archetype/generate_reference_graph.py,tools.archetype.generate_reference_graph,54,from_import,typing,List,,0,,unresolved_external_or_missing
tools/archetype/generate_reference_graph.py,tools.archetype.generate_reference_graph,54,from_import,typing,Optional,,0,,unresolved_external_or_missing
tools/archetype/generate_reference_graph.py,tools.archetype.generate_reference_graph,54,from_import,typing,Set,,0,,unresolved_external_or_missing
tools/archetype/generate_reference_graph.py,tools.archetype.generate_reference_graph,56,from_import,_common,SCHEMA_VERSION,,0,,unresolved_external_or_missing
tools/archetype/generate_reference_graph.py,tools.archetype.generate_reference_graph,56,from_import,_common,atomic_write_json,,0,,unresolved_external_or_missing
tools/archetype/generate_reference_graph.py,tools.archetype.generate_reference_graph,56,from_import,_common,field_matches,,0,,unresolved_external_or_missing
tools/archetype/generate_reference_graph.py,tools.archetype.generate_reference_graph,56,from_import,_common,is_valid_item,,0,,unresolved_external_or_missing
tools/archetype/generate_reference_graph.py,tools.archetype.generate_reference_graph,56,from_import,_common,log,,0,,unresolved_external_or_missing
tools/archetype/generate_reference_graph.py,tools.archetype.generate_reference_graph,56,from_import,_common,read_csv_rows,,0,,unresolved_external_or_missing
tools/archetype/generate_reference_graph.py,tools.archetype.generate_reference_graph,56,from_import,_common,read_json,,0,,unresolved_external_or_missing
tools/archetype/prepare_archetype_review.py,tools.archetype.prepare_archetype_review,85,from_import,__future__,annotations,,0,,unresolved_external_or_missing
tools/archetype/prepare_archetype_review.py,tools.archetype.prepare_archetype_review,87,import,argparse,,,0,,unresolved_external_or_missing
tools/archetype/prepare_archetype_review.py,tools.archetype.prepare_archetype_review,88,import,csv,,,0,,unresolved_external_or_missing
tools/archetype/prepare_archetype_review.py,tools.archetype.prepare_archetype_review,89,import,json,,,0,,unresolved_external_or_missing
tools/archetype/prepare_archetype_review.py,tools.archetype.prepare_archetype_review,90,import,sys,,,0,,unresolved_external_or_missing
tools/archetype/prepare_archetype_review.py,tools.archetype.prepare_archetype_review,91,from_import,collections,defaultdict,,0,,unresolved_external_or_missing
tools/archetype/prepare_archetype_review.py,tools.archetype.prepare_archetype_review,92,from_import,pathlib,Path,,0,,unresolved_external_or_missing
tools/archetype/prepare_archetype_review.py,tools.archetype.prepare_archetype_review,93,from_import,typing,Any,,0,,unresolved_external_or_missing
tools/archetype/prepare_archetype_review.py,tools.archetype.prepare_archetype_review,93,from_import,typing,Dict,,0,,unresolved_external_or_missing
tools/archetype/prepare_archetype_review.py,tools.archetype.prepare_archetype_review,93,from_import,typing,List,,0,,unresolved_external_or_missing
tools/archetype/prepare_archetype_review.py,tools.archetype.prepare_archetype_review,93,from_import,typing,Optional,,0,,unresolved_external_or_missing
tools/archetype/prepare_archetype_review.py,tools.archetype.prepare_archetype_review,93,from_import,typing,Set,,0,,unresolved_external_or_missing
tools/archetype/prepare_archetype_review.py,tools.archetype.prepare_archetype_review,93,from_import,typing,Tuple,,0,,unresolved_external_or_missing
tools/archetype/prepare_archetype_review.py,tools.archetype.prepare_archetype_review,97,from_import,_common,atomic_write_csv,,0,,unresolved_external_or_missing
tools/archetype/prepare_archetype_review.py,tools.archetype.prepare_archetype_review,97,from_import,_common,field_matches,,0,,unresolved_external_or_missing
tools/archetype/prepare_archetype_review.py,tools.archetype.prepare_archetype_review,97,from_import,_common,is_valid_item,,0,,unresolved_external_or_missing
tools/archetype/prepare_archetype_review.py,tools.archetype.prepare_archetype_review,97,from_import,_common,log,,0,,unresolved_external_or_missing
tools/archetype/prepare_archetype_review.py,tools.archetype.prepare_archetype_review,97,from_import,_common,read_csv_rows,,0,,unresolved_external_or_missing
tools/archetype/prepare_archetype_review.py,tools.archetype.prepare_archetype_review,97,from_import,_common,read_json,,0,,unresolved_external_or_missing
tools/archetype/review/select_archetype_review_files.py,tools.archetype.review.select_archetype_review_files,52,from_import,__future__,annotations,,0,,unresolved_external_or_missing
tools/archetype/review/select_archetype_review_files.py,tools.archetype.review.select_archetype_review_files,54,import,argparse,,,0,,unresolved_external_or_missing
tools/archetype/review/select_archetype_review_files.py,tools.archetype.review.select_archetype_review_files,55,import,csv,,,0,,unresolved_external_or_missing
tools/archetype/review/select_archetype_review_files.py,tools.archetype.review.select_archetype_review_files,56,import,json,,,0,,unresolved_external_or_missing
tools/archetype/review/select_archetype_review_files.py,tools.archetype.review.select_archetype_review_files,57,import,sys,,,0,,unresolved_external_or_missing
tools/archetype/review/select_archetype_review_files.py,tools.archetype.review.select_archetype_review_files,58,from_import,collections,defaultdict,,0,,unresolved_external_or_missing
tools/archetype/review/select_archetype_review_files.py,tools.archetype.review.select_archetype_review_files,59,from_import,pathlib,Path,,0,,unresolved_external_or_missing
tools/archetype/review/select_archetype_review_files.py,tools.archetype.review.select_archetype_review_files,60,from_import,typing,Dict,,0,,unresolved_external_or_missing
tools/archetype/review/select_archetype_review_files.py,tools.archetype.review.select_archetype_review_files,60,from_import,typing,List,,0,,unresolved_external_or_missing
tools/archetype/review/select_archetype_review_files.py,tools.archetype.review.select_archetype_review_files,60,from_import,typing,Optional,,0,,unresolved_external_or_missing
tools/archetype/review/select_archetype_review_files.py,tools.archetype.review.select_archetype_review_files,60,from_import,typing,Set,,0,,unresolved_external_or_missing
tools/archetype/review/select_archetype_review_files.py,tools.archetype.review.select_archetype_review_files,60,from_import,typing,Tuple,,0,,unresolved_external_or_missing
tools/archetype/validate_archetype_signals.py,tools.archetype.validate_archetype_signals,97,from_import,__future__,annotations,,0,,unresolved_external_or_missing
tools/archetype/validate_archetype_signals.py,tools.archetype.validate_archetype_signals,99,import,argparse,,,0,,unresolved_external_or_missing
tools/archetype/validate_archetype_signals.py,tools.archetype.validate_archetype_signals,100,from_import,collections,Counter,,0,,unresolved_external_or_missing
tools/archetype/validate_archetype_signals.py,tools.archetype.validate_archetype_signals,100,from_import,collections,defaultdict,,0,,unresolved_external_or_missing
tools/archetype/validate_archetype_signals.py,tools.archetype.validate_archetype_signals,101,from_import,pathlib,Path,,0,,unresolved_external_or_missing
tools/archetype/validate_archetype_signals.py,tools.archetype.validate_archetype_signals,102,from_import,typing,Any,,0,,unresolved_external_or_missing
tools/archetype/validate_archetype_signals.py,tools.archetype.validate_archetype_signals,102,from_import,typing,Dict,,0,,unresolved_external_or_missing
tools/archetype/validate_archetype_signals.py,tools.archetype.validate_archetype_signals,102,from_import,typing,List,,0,,unresolved_external_or_missing
tools/archetype/validate_archetype_signals.py,tools.archetype.validate_archetype_signals,102,from_import,typing,Set,,0,,unresolved_external_or_missing
tools/archetype/validate_archetype_signals.py,tools.archetype.validate_archetype_signals,102,from_import,typing,Tuple,,0,,unresolved_external_or_missing
tools/archetype/validate_archetype_signals.py,tools.archetype.validate_archetype_signals,104,from_import,_common,atomic_write_csv,,0,,unresolved_external_or_missing
tools/archetype/validate_archetype_signals.py,tools.archetype.validate_archetype_signals,104,from_import,_common,build_edge_aliases,,0,,unresolved_external_or_missing
tools/archetype/validate_archetype_signals.py,tools.archetype.validate_archetype_signals,104,from_import,_common,log,,0,,unresolved_external_or_missing
tools/archetype/validate_archetype_signals.py,tools.archetype.validate_archetype_signals,104,from_import,_common,read_csv_rows,,0,,unresolved_external_or_missing
tools/archetype/validate_archetype_signals.py,tools.archetype.validate_archetype_signals,104,from_import,_common,read_json,,0,,unresolved_external_or_missing
tools/build_results_registry.py,tools.build_results_registry,9,from_import,__future__,annotations,,0,,unresolved_external_or_missing
tools/build_results_registry.py,tools.build_results_registry,11,import,argparse,,,0,,unresolved_external_or_missing
tools/build_results_registry.py,tools.build_results_registry,12,import,csv,,,0,,unresolved_external_or_missing
tools/build_results_registry.py,tools.build_results_registry,13,import,sys,,,0,,unresolved_external_or_missing
tools/build_results_registry.py,tools.build_results_registry,14,from_import,pathlib,Path,,0,,unresolved_external_or_missing
tools/build_results_registry.py,tools.build_results_registry,15,from_import,tempfile,NamedTemporaryFile,,0,,unresolved_external_or_missing
tools/build_results_registry.py,tools.build_results_registry,16,from_import,typing,Dict,,0,,unresolved_external_or_missing
tools/build_results_registry.py,tools.build_results_registry,16,from_import,typing,Iterable,,0,,unresolved_external_or_missing
tools/build_results_registry.py,tools.build_results_registry,16,from_import,typing,List,,0,,unresolved_external_or_missing
tools/build_results_registry.py,tools.build_results_registry,16,from_import,typing,Sequence,,0,,unresolved_external_or_missing
tools/build_segment_manifest.py,tools.build_segment_manifest,1,from_import,__future__,annotations,,0,,unresolved_external_or_missing
tools/build_segment_manifest.py,tools.build_segment_manifest,2,from_import,itertools,combinations,,0,,unresolved_external_or_missing
tools/build_segment_manifest.py,tools.build_segment_manifest,3,import,argparse,,,0,,unresolved_external_or_missing
tools/build_segment_manifest.py,tools.build_segment_manifest,3,import,csv,,,0,,unresolved_external_or_missing
tools/build_segment_manifest.py,tools.build_segment_manifest,3,import,hashlib,,,0,,unresolved_external_or_missing
tools/build_segment_manifest.py,tools.build_segment_manifest,3,import,re,,,0,,unresolved_external_or_missing
tools/build_segment_manifest.py,tools.build_segment_manifest,3,import,sys,,,0,,unresolved_external_or_missing
tools/build_segment_manifest.py,tools.build_segment_manifest,4,from_import,collections,defaultdict,,0,,unresolved_external_or_missing
tools/build_segment_manifest.py,tools.build_segment_manifest,5,from_import,pathlib,Path,,0,,unresolved_external_or_missing
tools/build_segment_manifest.py,tools.build_segment_manifest,6,from_import,tempfile,NamedTemporaryFile,,0,,unresolved_external_or_missing
tools/build_segment_manifest.py,tools.build_segment_manifest,7,from_import,typing,Dict,,0,,unresolved_external_or_missing
tools/build_segment_manifest.py,tools.build_segment_manifest,7,from_import,typing,Iterable,,0,,unresolved_external_or_missing
tools/build_segment_manifest.py,tools.build_segment_manifest,7,from_import,typing,List,,0,,unresolved_external_or_missing
tools/build_segment_manifest.py,tools.build_segment_manifest,7,from_import,typing,Sequence,,0,,unresolved_external_or_missing
tools/build_segment_manifest.py,tools.build_segment_manifest,13,from_import,na_token,is_na_token,,0,,unresolved_external_or_missing
tools/bundle_analysis/common.py,tools.bundle_analysis.common,1,from_import,__future__,annotations,,0,,unresolved_external_or_missing
tools/bundle_analysis/common.py,tools.bundle_analysis.common,3,import,base64,,,0,,unresolved_external_or_missing
tools/bundle_analysis/common.py,tools.bundle_analysis.common,4,import,csv,,,0,,unresolved_external_or_missing
tools/bundle_analysis/common.py,tools.bundle_analysis.common,5,import,hashlib,,,0,,unresolved_external_or_missing
tools/bundle_analysis/common.py,tools.bundle_analysis.common,6,import,math,,,0,,unresolved_external_or_missing
tools/bundle_analysis/common.py,tools.bundle_analysis.common,7,import,time,,,0,,unresolved_external_or_missing
tools/bundle_analysis/common.py,tools.bundle_analysis.common,8,from_import,pathlib,Path,,0,,unresolved_external_or_missing
tools/bundle_analysis/common.py,tools.bundle_analysis.common,9,from_import,tempfile,NamedTemporaryFile,,0,,unresolved_external_or_missing
tools/bundle_analysis/common.py,tools.bundle_analysis.common,10,from_import,typing,Dict,,0,,unresolved_external_or_missing
tools/bundle_analysis/common.py,tools.bundle_analysis.common,10,from_import,typing,Iterable,,0,,unresolved_external_or_missing
tools/bundle_analysis/common.py,tools.bundle_analysis.common,10,from_import,typing,List,,0,,unresolved_external_or_missing
tools/bundle_analysis/common.py,tools.bundle_analysis.common,10,from_import,typing,Optional,,0,,unresolved_external_or_missing
tools/bundle_analysis/common.py,tools.bundle_analysis.common,10,from_import,typing,Sequence,,0,,unresolved_external_or_missing
tools/bundle_analysis/name_projection_adapter.py,tools.bundle_analysis.name_projection_adapter,1,from_import,__future__,annotations,,0,,unresolved_external_or_missing
tools/bundle_analysis/name_projection_adapter.py,tools.bundle_analysis.name_projection_adapter,20,from_import,pathlib,Path,,0,,unresolved_external_or_missing
tools/bundle_analysis/name_projection_adapter.py,tools.bundle_analysis.name_projection_adapter,21,from_import,typing,Dict,,0,,unresolved_external_or_missing
tools/bundle_analysis/name_projection_adapter.py,tools.bundle_analysis.name_projection_adapter,21,from_import,typing,List,,0,,unresolved_external_or_missing
tools/bundle_analysis/name_projection_adapter.py,tools.bundle_analysis.name_projection_adapter,21,from_import,typing,Optional,,0,,unresolved_external_or_missing
tools/bundle_analysis/name_projection_adapter.py,tools.bundle_analysis.name_projection_adapter,21,from_import,typing,Set,,0,,unresolved_external_or_missing
tools/bundle_analysis/name_projection_adapter.py,tools.bundle_analysis.name_projection_adapter,24,import,sys,,,0,,unresolved_external_or_missing
tools/bundle_analysis/name_projection_adapter.py,tools.bundle_analysis.name_projection_adapter,29,from_import,common,atomic_write_csv,,0,,unresolved_external_or_missing
tools/bundle_analysis/name_projection_adapter.py,tools.bundle_analysis.name_projection_adapter,29,from_import,common,read_csv_rows,,0,,unresolved_external_or_missing
tools/bundle_analysis/name_projection_adapter.py,tools.bundle_analysis.name_projection_adapter,31,from_import,common,atomic_write_csv,,1,tools/bundle_analysis/common.py,resolved
tools/bundle_analysis/name_projection_adapter.py,tools.bundle_analysis.name_projection_adapter,31,from_import,common,read_csv_rows,,1,tools/bundle_analysis/common.py,resolved
tools/bundle_analysis/name_projection_adapter.py,tools.bundle_analysis.name_projection_adapter,335,import,csv,,_csv,0,,unresolved_external_or_missing
tools/bundle_analysis/name_projection_adapter.py,tools.bundle_analysis.name_projection_adapter,336,import,sys,,_sys,0,,unresolved_external_or_missing
tools/bundle_analysis/name_projection_adapter.py,tools.bundle_analysis.name_projection_adapter,341,from_import,core.name_key_coverage,coverage_class,_coverage_class,0,core/name_key_coverage.py,resolved
tools/bundle_analysis/placeholder_exclusions.py,tools.bundle_analysis.placeholder_exclusions,1,from_import,__future__,annotations,,0,,unresolved_external_or_missing
tools/bundle_analysis/placeholder_exclusions.py,tools.bundle_analysis.placeholder_exclusions,2,import,argparse,,,0,,unresolved_external_or_missing
tools/bundle_analysis/placeholder_exclusions.py,tools.bundle_analysis.placeholder_exclusions,2,import,json,,,0,,unresolved_external_or_missing
tools/bundle_analysis/placeholder_exclusions.py,tools.bundle_analysis.placeholder_exclusions,2,import,re,,,0,,unresolved_external_or_missing
tools/bundle_analysis/placeholder_exclusions.py,tools.bundle_analysis.placeholder_exclusions,3,from_import,collections,defaultdict,,0,,unresolved_external_or_missing
tools/bundle_analysis/placeholder_exclusions.py,tools.bundle_analysis.placeholder_exclusions,4,from_import,pathlib,Path,,0,,unresolved_external_or_missing
tools/bundle_analysis/placeholder_exclusions.py,tools.bundle_analysis.placeholder_exclusions,6,import,sys,,,0,,unresolved_external_or_missing
tools/bundle_analysis/placeholder_exclusions.py,tools.bundle_analysis.placeholder_exclusions,10,from_import,common,atomic_write_csv,,0,,unresolved_external_or_missing
tools/bundle_analysis/placeholder_exclusions.py,tools.bundle_analysis.placeholder_exclusions,10,from_import,common,read_csv_rows,,0,,unresolved_external_or_missing
tools/bundle_analysis/placeholder_exclusions.py,tools.bundle_analysis.placeholder_exclusions,12,from_import,common,atomic_write_csv,,1,tools/bundle_analysis/common.py,resolved
tools/bundle_analysis/placeholder_exclusions.py,tools.bundle_analysis.placeholder_exclusions,12,from_import,common,read_csv_rows,,1,tools/bundle_analysis/common.py,resolved
tools/bundle_analysis/placeholder_exclusions.py,tools.bundle_analysis.placeholder_exclusions,87,from_import,placeholder_exclusions_legacy,compute_placeholder_exclusions,_legacy_compute,0,,unresolved_external_or_missing
tools/bundle_analysis/placeholder_exclusions.py,tools.bundle_analysis.placeholder_exclusions,89,from_import,placeholder_exclusions_legacy,compute_placeholder_exclusions,_legacy_compute,1,tools/bundle_analysis/placeholder_exclusions_legacy.py,resolved
tools/bundle_analysis/placeholder_exclusions_legacy.py,tools.bundle_analysis.placeholder_exclusions_legacy,1,from_import,__future__,annotations,,0,,unresolved_external_or_missing
tools/bundle_analysis/placeholder_exclusions_legacy.py,tools.bundle_analysis.placeholder_exclusions_legacy,3,import,argparse,,,0,,unresolved_external_or_missing
tools/bundle_analysis/placeholder_exclusions_legacy.py,tools.bundle_analysis.placeholder_exclusions_legacy,4,from_import,collections,defaultdict,,0,,unresolved_external_or_missing
tools/bundle_analysis/placeholder_exclusions_legacy.py,tools.bundle_analysis.placeholder_exclusions_legacy,5,from_import,pathlib,Path,,0,,unresolved_external_or_missing
tools/bundle_analysis/placeholder_exclusions_legacy.py,tools.bundle_analysis.placeholder_exclusions_legacy,6,from_import,typing,Dict,,0,,unresolved_external_or_missing
tools/bundle_analysis/placeholder_exclusions_legacy.py,tools.bundle_analysis.placeholder_exclusions_legacy,6,from_import,typing,List,,0,,unresolved_external_or_missing
tools/bundle_analysis/placeholder_exclusions_legacy.py,tools.bundle_analysis.placeholder_exclusions_legacy,6,from_import,typing,Optional,,0,,unresolved_external_or_missing
tools/bundle_analysis/placeholder_exclusions_legacy.py,tools.bundle_analysis.placeholder_exclusions_legacy,6,from_import,typing,Set,,0,,unresolved_external_or_missing
tools/bundle_analysis/placeholder_exclusions_legacy.py,tools.bundle_analysis.placeholder_exclusions_legacy,6,from_import,typing,Tuple,,0,,unresolved_external_or_missing
tools/bundle_analysis/placeholder_exclusions_legacy.py,tools.bundle_analysis.placeholder_exclusions_legacy,9,import,sys,,,0,,unresolved_external_or_missing
tools/bundle_analysis/placeholder_exclusions_legacy.py,tools.bundle_analysis.placeholder_exclusions_legacy,14,from_import,common,atomic_write_csv,,0,,unresolved_external_or_missing
tools/bundle_analysis/placeholder_exclusions_legacy.py,tools.bundle_analysis.placeholder_exclusions_legacy,14,from_import,common,read_csv_rows,,0,,unresolved_external_or_missing
tools/bundle_analysis/placeholder_exclusions_legacy.py,tools.bundle_analysis.placeholder_exclusions_legacy,16,from_import,common,atomic_write_csv,,1,tools/bundle_analysis/common.py,resolved
tools/bundle_analysis/placeholder_exclusions_legacy.py,tools.bundle_analysis.placeholder_exclusions_legacy,16,from_import,common,read_csv_rows,,1,tools/bundle_analysis/common.py,resolved
tools/bundle_analysis/reference_bundle.py,tools.bundle_analysis.reference_bundle,1,from_import,__future__,annotations,,0,,unresolved_external_or_missing
tools/bundle_analysis/reference_bundle.py,tools.bundle_analysis.reference_bundle,3,import,json,,,0,,unresolved_external_or_missing
tools/bundle_analysis/reference_bundle.py,tools.bundle_analysis.reference_bundle,4,from_import,datetime,date,,0,,unresolved_external_or_missing
tools/bundle_analysis/reference_bundle.py,tools.bundle_analysis.reference_bundle,5,from_import,pathlib,Path,,0,,unresolved_external_or_missing
tools/bundle_analysis/reference_bundle.py,tools.bundle_analysis.reference_bundle,6,from_import,tempfile,NamedTemporaryFile,,0,,unresolved_external_or_missing
tools/bundle_analysis/reference_bundle.py,tools.bundle_analysis.reference_bundle,7,from_import,typing,Dict,,0,,unresolved_external_or_missing
tools/bundle_analysis/reference_bundle.py,tools.bundle_analysis.reference_bundle,7,from_import,typing,List,,0,,unresolved_external_or_missing
tools/bundle_analysis/run_bundle_analysis.py,tools.bundle_analysis.run_bundle_analysis,1,from_import,__future__,annotations,,0,,unresolved_external_or_missing
tools/bundle_analysis/run_bundle_analysis.py,tools.bundle_analysis.run_bundle_analysis,3,import,argparse,,,0,,unresolved_external_or_missing
tools/bundle_analysis/run_bundle_analysis.py,tools.bundle_analysis.run_bundle_analysis,4,from_import,concurrent.futures,ProcessPoolExecutor,,0,,unresolved_external_or_missing
tools/bundle_analysis/run_bundle_analysis.py,tools.bundle_analysis.run_bundle_analysis,4,from_import,concurrent.futures,ThreadPoolExecutor,,0,,unresolved_external_or_missing
tools/bundle_analysis/run_bundle_analysis.py,tools.bundle_analysis.run_bundle_analysis,4,from_import,concurrent.futures,as_completed,,0,,unresolved_external_or_missing
tools/bundle_analysis/run_bundle_analysis.py,tools.bundle_analysis.run_bundle_analysis,5,import,csv,,,0,,unresolved_external_or_missing
tools/bundle_analysis/run_bundle_analysis.py,tools.bundle_analysis.run_bundle_analysis,6,import,shutil,,,0,,unresolved_external_or_missing
tools/bundle_analysis/run_bundle_analysis.py,tools.bundle_analysis.run_bundle_analysis,7,import,subprocess,,,0,,unresolved_external_or_missing
tools/bundle_analysis/run_bundle_analysis.py,tools.bundle_analysis.run_bundle_analysis,8,import,sys,,,0,,unresolved_external_or_missing
tools/bundle_analysis/run_bundle_analysis.py,tools.bundle_analysis.run_bundle_analysis,9,import,time,,,0,,unresolved_external_or_missing
tools/bundle_analysis/run_bundle_analysis.py,tools.bundle_analysis.run_bundle_analysis,10,from_import,pathlib,Path,,0,,unresolved_external_or_missing
tools/bundle_analysis/run_bundle_analysis.py,tools.bundle_analysis.run_bundle_analysis,11,from_import,typing,Dict,,0,,unresolved_external_or_missing
tools/bundle_analysis/run_bundle_analysis.py,tools.bundle_analysis.run_bundle_analysis,11,from_import,typing,List,,0,,unresolved_external_or_missing
tools/bundle_analysis/run_bundle_analysis.py,tools.bundle_analysis.run_bundle_analysis,11,from_import,typing,Optional,,0,,unresolved_external_or_missing
tools/bundle_analysis/run_bundle_analysis.py,tools.bundle_analysis.run_bundle_analysis,11,from_import,typing,Set,,0,,unresolved_external_or_missing
tools/bundle_analysis/run_bundle_analysis.py,tools.bundle_analysis.run_bundle_analysis,11,from_import,typing,Tuple,,0,,unresolved_external_or_missing
tools/bundle_analysis/run_bundle_analysis.py,tools.bundle_analysis.run_bundle_analysis,17,from_import,common,SCHEMA_VERSION,,0,,unresolved_external_or_missing
tools/bundle_analysis/run_bundle_analysis.py,tools.bundle_analysis.run_bundle_analysis,17,from_import,common,atomic_write_csv,,0,,unresolved_external_or_missing
tools/bundle_analysis/run_bundle_analysis.py,tools.bundle_analysis.run_bundle_analysis,17,from_import,common,read_csv_rows,,0,,unresolved_external_or_missing
tools/bundle_analysis/run_bundle_analysis.py,tools.bundle_analysis.run_bundle_analysis,17,from_import,common,resolve_analysis_run_id,,0,,unresolved_external_or_missing
tools/bundle_analysis/run_bundle_analysis.py,tools.bundle_analysis.run_bundle_analysis,17,from_import,common,retry_fs_op,,0,,unresolved_external_or_missing
tools/bundle_analysis/run_bundle_analysis.py,tools.bundle_analysis.run_bundle_analysis,18,from_import,step0_discover_populations,discover_populations,,0,,unresolved_external_or_missing
tools/bundle_analysis/run_bundle_analysis.py,tools.bundle_analysis.run_bundle_analysis,19,from_import,step1_membership_matrix,build_membership_matrix,,0,,unresolved_external_or_missing
tools/bundle_analysis/run_bundle_analysis.py,tools.bundle_analysis.run_bundle_analysis,20,from_import,step2_find_bundles,find_bundles_for_domain,,0,,unresolved_external_or_missing
tools/bundle_analysis/run_bundle_analysis.py,tools.bundle_analysis.run_bundle_analysis,21,from_import,step2b_bundle_share_profile,build_bundle_share_profile,,0,,unresolved_external_or_missing
tools/bundle_analysis/run_bundle_analysis.py,tools.bundle_analysis.run_bundle_analysis,22,from_import,step3_build_dag,build_dag_for_domain,,0,,unresolved_external_or_missing
tools/bundle_analysis/run_bundle_analysis.py,tools.bundle_analysis.run_bundle_analysis,23,from_import,step4_difference_sets,emit_stub,emit_step4,0,,unresolved_external_or_missing
tools/bundle_analysis/run_bundle_analysis.py,tools.bundle_analysis.run_bundle_analysis,24,from_import,step5_classify_patterns,emit_stub,emit_step5,0,,unresolved_external_or_missing
tools/bundle_analysis/run_bundle_analysis.py,tools.bundle_analysis.run_bundle_analysis,25,from_import,step6_classify_files,emit_stub,emit_step6,0,,unresolved_external_or_missing
tools/bundle_analysis/run_bundle_analysis.py,tools.bundle_analysis.run_bundle_analysis,26,from_import,step7_overlap_report,emit_stub,emit_step7,0,,unresolved_external_or_missing
tools/bundle_analysis/run_bundle_analysis.py,tools.bundle_analysis.run_bundle_analysis,27,from_import,reference_bundle,load_and_validate,,0,,unresolved_external_or_missing
tools/bundle_analysis/run_bundle_analysis.py,tools.bundle_analysis.run_bundle_analysis,28,from_import,step_compare,run_compare_for_domain,,0,,unresolved_external_or_missing
tools/bundle_analysis/run_bundle_analysis.py,tools.bundle_analysis.run_bundle_analysis,29,from_import,placeholder_exclusions,compute_placeholder_exclusions,,0,,unresolved_external_or_missing
tools/bundle_analysis/run_bundle_analysis.py,tools.bundle_analysis.run_bundle_analysis,30,from_import,jenks_utils,jenks_breaks,,0,,unresolved_external_or_missing
tools/bundle_analysis/run_bundle_analysis.py,tools.bundle_analysis.run_bundle_analysis,31,from_import,name_projection_adapter,DEFAULT_NAME_PROJECTION_ANALYSIS_RUN_ID,,0,,unresolved_external_or_missing
tools/bundle_analysis/run_bundle_analysis.py,tools.bundle_analysis.run_bundle_analysis,31,from_import,name_projection_adapter,emit_name_target_provenance,,0,,unresolved_external_or_missing
tools/bundle_analysis/run_bundle_analysis.py,tools.bundle_analysis.run_bundle_analysis,31,from_import,name_projection_adapter,stage_name_projection_analysis_dir,,0,,unresolved_external_or_missing
tools/bundle_analysis/run_bundle_analysis.py,tools.bundle_analysis.run_bundle_analysis,37,from_import,common,SCHEMA_VERSION,,1,tools/bundle_analysis/common.py,resolved
tools/bundle_analysis/run_bundle_analysis.py,tools.bundle_analysis.run_bundle_analysis,37,from_import,common,atomic_write_csv,,1,tools/bundle_analysis/common.py,resolved
tools/bundle_analysis/run_bundle_analysis.py,tools.bundle_analysis.run_bundle_analysis,37,from_import,common,read_csv_rows,,1,tools/bundle_analysis/common.py,resolved
tools/bundle_analysis/run_bundle_analysis.py,tools.bundle_analysis.run_bundle_analysis,37,from_import,common,resolve_analysis_run_id,,1,tools/bundle_analysis/common.py,resolved
tools/bundle_analysis/run_bundle_analysis.py,tools.bundle_analysis.run_bundle_analysis,37,from_import,common,retry_fs_op,,1,tools/bundle_analysis/common.py,resolved
tools/bundle_analysis/run_bundle_analysis.py,tools.bundle_analysis.run_bundle_analysis,38,from_import,step0_discover_populations,discover_populations,,1,tools/bundle_analysis/step0_discover_populations.py,resolved
tools/bundle_analysis/run_bundle_analysis.py,tools.bundle_analysis.run_bundle_analysis,39,from_import,step1_membership_matrix,build_membership_matrix,,1,tools/bundle_analysis/step1_membership_matrix.py,resolved
tools/bundle_analysis/run_bundle_analysis.py,tools.bundle_analysis.run_bundle_analysis,40,from_import,step2_find_bundles,find_bundles_for_domain,,1,tools/bundle_analysis/step2_find_bundles.py,resolved
tools/bundle_analysis/run_bundle_analysis.py,tools.bundle_analysis.run_bundle_analysis,41,from_import,step2b_bundle_share_profile,build_bundle_share_profile,,1,tools/bundle_analysis/step2b_bundle_share_profile.py,resolved
tools/bundle_analysis/run_bundle_analysis.py,tools.bundle_analysis.run_bundle_analysis,42,from_import,step3_build_dag,build_dag_for_domain,,1,tools/bundle_analysis/step3_build_dag.py,resolved
tools/bundle_analysis/run_bundle_analysis.py,tools.bundle_analysis.run_bundle_analysis,43,from_import,step4_difference_sets,emit_stub,emit_step4,1,tools/bundle_analysis/step4_difference_sets.py,resolved
tools/bundle_analysis/run_bundle_analysis.py,tools.bundle_analysis.run_bundle_analysis,44,from_import,step5_classify_patterns,emit_stub,emit_step5,1,tools/bundle_analysis/step5_classify_patterns.py,resolved
tools/bundle_analysis/run_bundle_analysis.py,tools.bundle_analysis.run_bundle_analysis,45,from_import,step6_classify_files,emit_stub,emit_step6,1,tools/bundle_analysis/step6_classify_files.py,resolved
tools/bundle_analysis/run_bundle_analysis.py,tools.bundle_analysis.run_bundle_analysis,46,from_import,step7_overlap_report,emit_stub,emit_step7,1,tools/bundle_analysis/step7_overlap_report.py,resolved
tools/bundle_analysis/run_bundle_analysis.py,tools.bundle_analysis.run_bundle_analysis,47,from_import,reference_bundle,load_and_validate,,1,tools/bundle_analysis/reference_bundle.py,resolved
tools/bundle_analysis/run_bundle_analysis.py,tools.bundle_analysis.run_bundle_analysis,48,from_import,step_compare,run_compare_for_domain,,1,tools/bundle_analysis/step_compare.py,resolved
tools/bundle_analysis/run_bundle_analysis.py,tools.bundle_analysis.run_bundle_analysis,49,from_import,placeholder_exclusions,compute_placeholder_exclusions,,1,tools/bundle_analysis/placeholder_exclusions.py,resolved
tools/bundle_analysis/run_bundle_analysis.py,tools.bundle_analysis.run_bundle_analysis,50,from_import,jenks_utils,jenks_breaks,,2,tools/jenks_utils.py,resolved
tools/bundle_analysis/run_bundle_analysis.py,tools.bundle_analysis.run_bundle_analysis,51,from_import,name_projection_adapter,DEFAULT_NAME_PROJECTION_ANALYSIS_RUN_ID,,1,tools/bundle_analysis/name_projection_adapter.py,resolved
tools/bundle_analysis/run_bundle_analysis.py,tools.bundle_analysis.run_bundle_analysis,51,from_import,name_projection_adapter,emit_name_target_provenance,,1,tools/bundle_analysis/name_projection_adapter.py,resolved
tools/bundle_analysis/run_bundle_analysis.py,tools.bundle_analysis.run_bundle_analysis,51,from_import,name_projection_adapter,stage_name_projection_analysis_dir,,1,tools/bundle_analysis/name_projection_adapter.py,resolved
tools/bundle_analysis/step0_discover_populations.py,tools.bundle_analysis.step0_discover_populations,1,from_import,__future__,annotations,,0,,unresolved_external_or_missing
tools/bundle_analysis/step0_discover_populations.py,tools.bundle_analysis.step0_discover_populations,3,import,argparse,,,0,,unresolved_external_or_missing
tools/bundle_analysis/step0_discover_populations.py,tools.bundle_analysis.step0_discover_populations,4,import,math,,,0,,unresolved_external_or_missing
tools/bundle_analysis/step0_discover_populations.py,tools.bundle_analysis.step0_discover_populations,5,import,sys,,,0,,unresolved_external_or_missing
tools/bundle_analysis/step0_discover_populations.py,tools.bundle_analysis.step0_discover_populations,6,from_import,pathlib,Path,,0,,unresolved_external_or_missing
tools/bundle_analysis/step0_discover_populations.py,tools.bundle_analysis.step0_discover_populations,7,from_import,typing,Dict,,0,,unresolved_external_or_missing
tools/bundle_analysis/step0_discover_populations.py,tools.bundle_analysis.step0_discover_populations,7,from_import,typing,List,,0,,unresolved_external_or_missing
tools/bundle_analysis/step0_discover_populations.py,tools.bundle_analysis.step0_discover_populations,7,from_import,typing,Optional,,0,,unresolved_external_or_missing
tools/bundle_analysis/step0_discover_populations.py,tools.bundle_analysis.step0_discover_populations,7,from_import,typing,Set,,0,,unresolved_external_or_missing
tools/bundle_analysis/step0_discover_populations.py,tools.bundle_analysis.step0_discover_populations,13,from_import,common,ROW_KEY_DOMAINS,,0,,unresolved_external_or_missing
tools/bundle_analysis/step0_discover_populations.py,tools.bundle_analysis.step0_discover_populations,13,from_import,common,SCHEMA_VERSION,,0,,unresolved_external_or_missing
tools/bundle_analysis/step0_discover_populations.py,tools.bundle_analysis.step0_discover_populations,13,from_import,common,atomic_write_csv,,0,,unresolved_external_or_missing
tools/bundle_analysis/step0_discover_populations.py,tools.bundle_analysis.step0_discover_populations,13,from_import,common,derive_scope_key,,0,,unresolved_external_or_missing
tools/bundle_analysis/step0_discover_populations.py,tools.bundle_analysis.step0_discover_populations,13,from_import,common,make_bundle_id,,0,,unresolved_external_or_missing
tools/bundle_analysis/step0_discover_populations.py,tools.bundle_analysis.step0_discover_populations,13,from_import,common,read_csv_rows,,0,,unresolved_external_or_missing
tools/bundle_analysis/step0_discover_populations.py,tools.bundle_analysis.step0_discover_populations,13,from_import,common,resolve_analysis_run_id,,0,,unresolved_external_or_missing
tools/bundle_analysis/step0_discover_populations.py,tools.bundle_analysis.step0_discover_populations,22,from_import,step2_find_bundles,compute_auto_threshold,,0,,unresolved_external_or_missing
tools/bundle_analysis/step0_discover_populations.py,tools.bundle_analysis.step0_discover_populations,23,from_import,utils,find_root_bundles,,0,,unresolved_external_or_missing
tools/bundle_analysis/step0_discover_populations.py,tools.bundle_analysis.step0_discover_populations,25,from_import,common,ROW_KEY_DOMAINS,,1,tools/bundle_analysis/common.py,resolved
tools/bundle_analysis/step0_discover_populations.py,tools.bundle_analysis.step0_discover_populations,25,from_import,common,SCHEMA_VERSION,,1,tools/bundle_analysis/common.py,resolved
tools/bundle_analysis/step0_discover_populations.py,tools.bundle_analysis.step0_discover_populations,25,from_import,common,atomic_write_csv,,1,tools/bundle_analysis/common.py,resolved
tools/bundle_analysis/step0_discover_populations.py,tools.bundle_analysis.step0_discover_populations,25,from_import,common,derive_scope_key,,1,tools/bundle_analysis/common.py,resolved
tools/bundle_analysis/step0_discover_populations.py,tools.bundle_analysis.step0_discover_populations,25,from_import,common,make_bundle_id,,1,tools/bundle_analysis/common.py,resolved
tools/bundle_analysis/step0_discover_populations.py,tools.bundle_analysis.step0_discover_populations,25,from_import,common,read_csv_rows,,1,tools/bundle_analysis/common.py,resolved
tools/bundle_analysis/step0_discover_populations.py,tools.bundle_analysis.step0_discover_populations,25,from_import,common,resolve_analysis_run_id,,1,tools/bundle_analysis/common.py,resolved
tools/bundle_analysis/step0_discover_populations.py,tools.bundle_analysis.step0_discover_populations,34,from_import,step2_find_bundles,compute_auto_threshold,,1,tools/bundle_analysis/step2_find_bundles.py,resolved
tools/bundle_analysis/step0_discover_populations.py,tools.bundle_analysis.step0_discover_populations,35,from_import,utils,find_root_bundles,,1,tools/bundle_analysis/utils.py,resolved
tools/bundle_analysis/step1_membership_matrix.py,tools.bundle_analysis.step1_membership_matrix,1,from_import,__future__,annotations,,0,,unresolved_external_or_missing
tools/bundle_analysis/step1_membership_matrix.py,tools.bundle_analysis.step1_membership_matrix,3,import,argparse,,,0,,unresolved_external_or_missing
tools/bundle_analysis/step1_membership_matrix.py,tools.bundle_analysis.step1_membership_matrix,4,import,sys,,,0,,unresolved_external_or_missing
tools/bundle_analysis/step1_membership_matrix.py,tools.bundle_analysis.step1_membership_matrix,5,from_import,collections,defaultdict,,0,,unresolved_external_or_missing
tools/bundle_analysis/step1_membership_matrix.py,tools.bundle_analysis.step1_membership_matrix,6,from_import,pathlib,Path,,0,,unresolved_external_or_missing
tools/bundle_analysis/step1_membership_matrix.py,tools.bundle_analysis.step1_membership_matrix,7,from_import,typing,Dict,,0,,unresolved_external_or_missing
tools/bundle_analysis/step1_membership_matrix.py,tools.bundle_analysis.step1_membership_matrix,7,from_import,typing,List,,0,,unresolved_external_or_missing
tools/bundle_analysis/step1_membership_matrix.py,tools.bundle_analysis.step1_membership_matrix,7,from_import,typing,Optional,,0,,unresolved_external_or_missing
tools/bundle_analysis/step1_membership_matrix.py,tools.bundle_analysis.step1_membership_matrix,7,from_import,typing,Set,,0,,unresolved_external_or_missing
tools/bundle_analysis/step1_membership_matrix.py,tools.bundle_analysis.step1_membership_matrix,7,from_import,typing,Tuple,,0,,unresolved_external_or_missing
tools/bundle_analysis/step1_membership_matrix.py,tools.bundle_analysis.step1_membership_matrix,13,from_import,common,SCHEMA_VERSION,,0,,unresolved_external_or_missing
tools/bundle_analysis/step1_membership_matrix.py,tools.bundle_analysis.step1_membership_matrix,13,from_import,common,atomic_write_csv,,0,,unresolved_external_or_missing
tools/bundle_analysis/step1_membership_matrix.py,tools.bundle_analysis.step1_membership_matrix,13,from_import,common,derive_scope_key,,0,,unresolved_external_or_missing
tools/bundle_analysis/step1_membership_matrix.py,tools.bundle_analysis.step1_membership_matrix,13,from_import,common,read_csv_rows,,0,,unresolved_external_or_missing
tools/bundle_analysis/step1_membership_matrix.py,tools.bundle_analysis.step1_membership_matrix,13,from_import,common,resolve_analysis_run_id,,0,,unresolved_external_or_missing
tools/bundle_analysis/step1_membership_matrix.py,tools.bundle_analysis.step1_membership_matrix,15,from_import,common,SCHEMA_VERSION,,1,tools/bundle_analysis/common.py,resolved
tools/bundle_analysis/step1_membership_matrix.py,tools.bundle_analysis.step1_membership_matrix,15,from_import,common,atomic_write_csv,,1,tools/bundle_analysis/common.py,resolved
tools/bundle_analysis/step1_membership_matrix.py,tools.bundle_analysis.step1_membership_matrix,15,from_import,common,derive_scope_key,,1,tools/bundle_analysis/common.py,resolved
tools/bundle_analysis/step1_membership_matrix.py,tools.bundle_analysis.step1_membership_matrix,15,from_import,common,read_csv_rows,,1,tools/bundle_analysis/common.py,resolved
tools/bundle_analysis/step1_membership_matrix.py,tools.bundle_analysis.step1_membership_matrix,15,from_import,common,resolve_analysis_run_id,,1,tools/bundle_analysis/common.py,resolved
tools/bundle_analysis/step2_find_bundles.py,tools.bundle_analysis.step2_find_bundles,1,from_import,__future__,annotations,,0,,unresolved_external_or_missing
tools/bundle_analysis/step2_find_bundles.py,tools.bundle_analysis.step2_find_bundles,3,import,argparse,,,0,,unresolved_external_or_missing
tools/bundle_analysis/step2_find_bundles.py,tools.bundle_analysis.step2_find_bundles,4,import,json,,,0,,unresolved_external_or_missing
tools/bundle_analysis/step2_find_bundles.py,tools.bundle_analysis.step2_find_bundles,5,import,math,,,0,,unresolved_external_or_missing
tools/bundle_analysis/step2_find_bundles.py,tools.bundle_analysis.step2_find_bundles,6,import,sys,,,0,,unresolved_external_or_missing
tools/bundle_analysis/step2_find_bundles.py,tools.bundle_analysis.step2_find_bundles,7,import,time,,,0,,unresolved_external_or_missing
tools/bundle_analysis/step2_find_bundles.py,tools.bundle_analysis.step2_find_bundles,8,from_import,collections,defaultdict,,0,,unresolved_external_or_missing
tools/bundle_analysis/step2_find_bundles.py,tools.bundle_analysis.step2_find_bundles,9,from_import,pathlib,Path,,0,,unresolved_external_or_missing
tools/bundle_analysis/step2_find_bundles.py,tools.bundle_analysis.step2_find_bundles,10,from_import,typing,Any,,0,,unresolved_external_or_missing
tools/bundle_analysis/step2_find_bundles.py,tools.bundle_analysis.step2_find_bundles,10,from_import,typing,Dict,,0,,unresolved_external_or_missing
tools/bundle_analysis/step2_find_bundles.py,tools.bundle_analysis.step2_find_bundles,10,from_import,typing,List,,0,,unresolved_external_or_missing
tools/bundle_analysis/step2_find_bundles.py,tools.bundle_analysis.step2_find_bundles,10,from_import,typing,Optional,,0,,unresolved_external_or_missing
tools/bundle_analysis/step2_find_bundles.py,tools.bundle_analysis.step2_find_bundles,19,from_import,common,SCHEMA_VERSION,,0,,unresolved_external_or_missing
tools/bundle_analysis/step2_find_bundles.py,tools.bundle_analysis.step2_find_bundles,19,from_import,common,atomic_write_csv,,0,,unresolved_external_or_missing
tools/bundle_analysis/step2_find_bundles.py,tools.bundle_analysis.step2_find_bundles,19,from_import,common,compute_effective_support,,0,,unresolved_external_or_missing
tools/bundle_analysis/step2_find_bundles.py,tools.bundle_analysis.step2_find_bundles,19,from_import,common,make_bundle_id,,0,,unresolved_external_or_missing
tools/bundle_analysis/step2_find_bundles.py,tools.bundle_analysis.step2_find_bundles,19,from_import,common,read_csv_rows,,0,,unresolved_external_or_missing
tools/bundle_analysis/step2_find_bundles.py,tools.bundle_analysis.step2_find_bundles,20,from_import,jenks_utils,jenks_breaks,,0,,unresolved_external_or_missing
tools/bundle_analysis/step2_find_bundles.py,tools.bundle_analysis.step2_find_bundles,21,from_import,utils,find_closed_itemsets,,0,,unresolved_external_or_missing
tools/bundle_analysis/step2_find_bundles.py,tools.bundle_analysis.step2_find_bundles,23,from_import,common,SCHEMA_VERSION,,1,tools/bundle_analysis/common.py,resolved
tools/bundle_analysis/step2_find_bundles.py,tools.bundle_analysis.step2_find_bundles,23,from_import,common,atomic_write_csv,,1,tools/bundle_analysis/common.py,resolved
tools/bundle_analysis/step2_find_bundles.py,tools.bundle_analysis.step2_find_bundles,23,from_import,common,compute_effective_support,,1,tools/bundle_analysis/common.py,resolved
tools/bundle_analysis/step2_find_bundles.py,tools.bundle_analysis.step2_find_bundles,23,from_import,common,make_bundle_id,,1,tools/bundle_analysis/common.py,resolved
tools/bundle_analysis/step2_find_bundles.py,tools.bundle_analysis.step2_find_bundles,23,from_import,common,read_csv_rows,,1,tools/bundle_analysis/common.py,resolved
tools/bundle_analysis/step2_find_bundles.py,tools.bundle_analysis.step2_find_bundles,24,from_import,jenks_utils,jenks_breaks,,2,tools/jenks_utils.py,resolved
tools/bundle_analysis/step2_find_bundles.py,tools.bundle_analysis.step2_find_bundles,25,from_import,utils,find_closed_itemsets,,1,tools/bundle_analysis/utils.py,resolved
tools/bundle_analysis/step2b_bundle_share_profile.py,tools.bundle_analysis.step2b_bundle_share_profile,1,from_import,__future__,annotations,,0,,unresolved_external_or_missing
tools/bundle_analysis/step2b_bundle_share_profile.py,tools.bundle_analysis.step2b_bundle_share_profile,3,import,argparse,,,0,,unresolved_external_or_missing
tools/bundle_analysis/step2b_bundle_share_profile.py,tools.bundle_analysis.step2b_bundle_share_profile,4,import,statistics,,,0,,unresolved_external_or_missing
tools/bundle_analysis/step2b_bundle_share_profile.py,tools.bundle_analysis.step2b_bundle_share_profile,5,import,sys,,,0,,unresolved_external_or_missing
tools/bundle_analysis/step2b_bundle_share_profile.py,tools.bundle_analysis.step2b_bundle_share_profile,6,from_import,collections,defaultdict,,0,,unresolved_external_or_missing
tools/bundle_analysis/step2b_bundle_share_profile.py,tools.bundle_analysis.step2b_bundle_share_profile,7,from_import,pathlib,Path,,0,,unresolved_external_or_missing
tools/bundle_analysis/step2b_bundle_share_profile.py,tools.bundle_analysis.step2b_bundle_share_profile,8,from_import,typing,Dict,,0,,unresolved_external_or_missing
tools/bundle_analysis/step2b_bundle_share_profile.py,tools.bundle_analysis.step2b_bundle_share_profile,8,from_import,typing,List,,0,,unresolved_external_or_missing
tools/bundle_analysis/step2b_bundle_share_profile.py,tools.bundle_analysis.step2b_bundle_share_profile,8,from_import,typing,Optional,,0,,unresolved_external_or_missing
tools/bundle_analysis/step2b_bundle_share_profile.py,tools.bundle_analysis.step2b_bundle_share_profile,8,from_import,typing,Set,,0,,unresolved_external_or_missing
tools/bundle_analysis/step2b_bundle_share_profile.py,tools.bundle_analysis.step2b_bundle_share_profile,8,from_import,typing,Tuple,,0,,unresolved_external_or_missing
tools/bundle_analysis/step2b_bundle_share_profile.py,tools.bundle_analysis.step2b_bundle_share_profile,14,from_import,common,SCHEMA_VERSION,,0,,unresolved_external_or_missing
tools/bundle_analysis/step2b_bundle_share_profile.py,tools.bundle_analysis.step2b_bundle_share_profile,14,from_import,common,atomic_write_csv,,0,,unresolved_external_or_missing
tools/bundle_analysis/step2b_bundle_share_profile.py,tools.bundle_analysis.step2b_bundle_share_profile,14,from_import,common,read_csv_rows,,0,,unresolved_external_or_missing
tools/bundle_analysis/step2b_bundle_share_profile.py,tools.bundle_analysis.step2b_bundle_share_profile,14,from_import,common,resolve_analysis_run_id,,0,,unresolved_external_or_missing
tools/bundle_analysis/step2b_bundle_share_profile.py,tools.bundle_analysis.step2b_bundle_share_profile,16,from_import,common,SCHEMA_VERSION,,1,tools/bundle_analysis/common.py,resolved
tools/bundle_analysis/step2b_bundle_share_profile.py,tools.bundle_analysis.step2b_bundle_share_profile,16,from_import,common,atomic_write_csv,,1,tools/bundle_analysis/common.py,resolved
tools/bundle_analysis/step2b_bundle_share_profile.py,tools.bundle_analysis.step2b_bundle_share_profile,16,from_import,common,read_csv_rows,,1,tools/bundle_analysis/common.py,resolved
tools/bundle_analysis/step2b_bundle_share_profile.py,tools.bundle_analysis.step2b_bundle_share_profile,16,from_import,common,resolve_analysis_run_id,,1,tools/bundle_analysis/common.py,resolved
tools/bundle_analysis/step3_build_dag.py,tools.bundle_analysis.step3_build_dag,1,from_import,__future__,annotations,,0,,unresolved_external_or_missing
tools/bundle_analysis/step3_build_dag.py,tools.bundle_analysis.step3_build_dag,3,import,argparse,,,0,,unresolved_external_or_missing
tools/bundle_analysis/step3_build_dag.py,tools.bundle_analysis.step3_build_dag,4,import,sys,,,0,,unresolved_external_or_missing
tools/bundle_analysis/step3_build_dag.py,tools.bundle_analysis.step3_build_dag,5,from_import,collections,defaultdict,,0,,unresolved_external_or_missing
tools/bundle_analysis/step3_build_dag.py,tools.bundle_analysis.step3_build_dag,5,from_import,collections,deque,,0,,unresolved_external_or_missing
tools/bundle_analysis/step3_build_dag.py,tools.bundle_analysis.step3_build_dag,6,from_import,pathlib,Path,,0,,unresolved_external_or_missing
tools/bundle_analysis/step3_build_dag.py,tools.bundle_analysis.step3_build_dag,7,from_import,typing,Dict,,0,,unresolved_external_or_missing
tools/bundle_analysis/step3_build_dag.py,tools.bundle_analysis.step3_build_dag,7,from_import,typing,List,,0,,unresolved_external_or_missing
tools/bundle_analysis/step3_build_dag.py,tools.bundle_analysis.step3_build_dag,7,from_import,typing,Optional,,0,,unresolved_external_or_missing
tools/bundle_analysis/step3_build_dag.py,tools.bundle_analysis.step3_build_dag,7,from_import,typing,Set,,0,,unresolved_external_or_missing
tools/bundle_analysis/step3_build_dag.py,tools.bundle_analysis.step3_build_dag,7,from_import,typing,Tuple,,0,,unresolved_external_or_missing
tools/bundle_analysis/step3_build_dag.py,tools.bundle_analysis.step3_build_dag,13,from_import,common,SCHEMA_VERSION,,0,,unresolved_external_or_missing
tools/bundle_analysis/step3_build_dag.py,tools.bundle_analysis.step3_build_dag,13,from_import,common,atomic_write_csv,,0,,unresolved_external_or_missing
tools/bundle_analysis/step3_build_dag.py,tools.bundle_analysis.step3_build_dag,13,from_import,common,read_csv_rows,,0,,unresolved_external_or_missing
tools/bundle_analysis/step3_build_dag.py,tools.bundle_analysis.step3_build_dag,15,from_import,common,SCHEMA_VERSION,,1,tools/bundle_analysis/common.py,resolved
tools/bundle_analysis/step3_build_dag.py,tools.bundle_analysis.step3_build_dag,15,from_import,common,atomic_write_csv,,1,tools/bundle_analysis/common.py,resolved
tools/bundle_analysis/step3_build_dag.py,tools.bundle_analysis.step3_build_dag,15,from_import,common,read_csv_rows,,1,tools/bundle_analysis/common.py,resolved
tools/bundle_analysis/step4_difference_sets.py,tools.bundle_analysis.step4_difference_sets,1,from_import,__future__,annotations,,0,,unresolved_external_or_missing
tools/bundle_analysis/step4_difference_sets.py,tools.bundle_analysis.step4_difference_sets,3,import,argparse,,,0,,unresolved_external_or_missing
tools/bundle_analysis/step4_difference_sets.py,tools.bundle_analysis.step4_difference_sets,4,import,sys,,,0,,unresolved_external_or_missing
tools/bundle_analysis/step4_difference_sets.py,tools.bundle_analysis.step4_difference_sets,5,from_import,pathlib,Path,,0,,unresolved_external_or_missing
tools/bundle_analysis/step4_difference_sets.py,tools.bundle_analysis.step4_difference_sets,6,from_import,typing,Dict,,0,,unresolved_external_or_missing
tools/bundle_analysis/step4_difference_sets.py,tools.bundle_analysis.step4_difference_sets,6,from_import,typing,List,,0,,unresolved_external_or_missing
tools/bundle_analysis/step4_difference_sets.py,tools.bundle_analysis.step4_difference_sets,6,from_import,typing,Optional,,0,,unresolved_external_or_missing
tools/bundle_analysis/step4_difference_sets.py,tools.bundle_analysis.step4_difference_sets,12,from_import,common,SCHEMA_VERSION,,0,,unresolved_external_or_missing
tools/bundle_analysis/step4_difference_sets.py,tools.bundle_analysis.step4_difference_sets,12,from_import,common,atomic_write_csv,,0,,unresolved_external_or_missing
tools/bundle_analysis/step4_difference_sets.py,tools.bundle_analysis.step4_difference_sets,12,from_import,common,read_csv_rows,,0,,unresolved_external_or_missing
tools/bundle_analysis/step4_difference_sets.py,tools.bundle_analysis.step4_difference_sets,14,from_import,common,SCHEMA_VERSION,,1,tools/bundle_analysis/common.py,resolved
tools/bundle_analysis/step4_difference_sets.py,tools.bundle_analysis.step4_difference_sets,14,from_import,common,atomic_write_csv,,1,tools/bundle_analysis/common.py,resolved
tools/bundle_analysis/step4_difference_sets.py,tools.bundle_analysis.step4_difference_sets,14,from_import,common,read_csv_rows,,1,tools/bundle_analysis/common.py,resolved
tools/bundle_analysis/step5_classify_patterns.py,tools.bundle_analysis.step5_classify_patterns,1,from_import,__future__,annotations,,0,,unresolved_external_or_missing
tools/bundle_analysis/step5_classify_patterns.py,tools.bundle_analysis.step5_classify_patterns,3,import,argparse,,,0,,unresolved_external_or_missing
tools/bundle_analysis/step5_classify_patterns.py,tools.bundle_analysis.step5_classify_patterns,4,import,sys,,,0,,unresolved_external_or_missing
tools/bundle_analysis/step5_classify_patterns.py,tools.bundle_analysis.step5_classify_patterns,5,from_import,pathlib,Path,,0,,unresolved_external_or_missing
tools/bundle_analysis/step5_classify_patterns.py,tools.bundle_analysis.step5_classify_patterns,6,from_import,typing,Dict,,0,,unresolved_external_or_missing
tools/bundle_analysis/step5_classify_patterns.py,tools.bundle_analysis.step5_classify_patterns,6,from_import,typing,List,,0,,unresolved_external_or_missing
tools/bundle_analysis/step5_classify_patterns.py,tools.bundle_analysis.step5_classify_patterns,6,from_import,typing,Optional,,0,,unresolved_external_or_missing
tools/bundle_analysis/step5_classify_patterns.py,tools.bundle_analysis.step5_classify_patterns,12,from_import,common,atomic_write_csv,,0,,unresolved_external_or_missing
tools/bundle_analysis/step5_classify_patterns.py,tools.bundle_analysis.step5_classify_patterns,14,from_import,common,atomic_write_csv,,1,tools/bundle_analysis/common.py,resolved
tools/bundle_analysis/step5_classify_patterns.py,tools.bundle_analysis.step5_classify_patterns,18,import,csv,,,0,,unresolved_external_or_missing
tools/bundle_analysis/step5_classify_patterns.py,tools.bundle_analysis.step5_classify_patterns,19,from_import,collections,defaultdict,,0,,unresolved_external_or_missing
tools/bundle_analysis/step5_classify_patterns.py,tools.bundle_analysis.step5_classify_patterns,19,from_import,collections,deque,,0,,unresolved_external_or_missing
tools/bundle_analysis/step6_classify_files.py,tools.bundle_analysis.step6_classify_files,1,from_import,__future__,annotations,,0,,unresolved_external_or_missing
tools/bundle_analysis/step6_classify_files.py,tools.bundle_analysis.step6_classify_files,3,import,argparse,,,0,,unresolved_external_or_missing
tools/bundle_analysis/step6_classify_files.py,tools.bundle_analysis.step6_classify_files,4,import,sys,,,0,,unresolved_external_or_missing
tools/bundle_analysis/step6_classify_files.py,tools.bundle_analysis.step6_classify_files,5,from_import,pathlib,Path,,0,,unresolved_external_or_missing
tools/bundle_analysis/step6_classify_files.py,tools.bundle_analysis.step6_classify_files,6,from_import,typing,Dict,,0,,unresolved_external_or_missing
tools/bundle_analysis/step6_classify_files.py,tools.bundle_analysis.step6_classify_files,6,from_import,typing,List,,0,,unresolved_external_or_missing
tools/bundle_analysis/step6_classify_files.py,tools.bundle_analysis.step6_classify_files,6,from_import,typing,Optional,,0,,unresolved_external_or_missing
tools/bundle_analysis/step6_classify_files.py,tools.bundle_analysis.step6_classify_files,12,from_import,common,atomic_write_csv,,0,,unresolved_external_or_missing
tools/bundle_analysis/step6_classify_files.py,tools.bundle_analysis.step6_classify_files,14,from_import,common,atomic_write_csv,,1,tools/bundle_analysis/common.py,resolved
tools/bundle_analysis/step6_classify_files.py,tools.bundle_analysis.step6_classify_files,18,import,csv,,,0,,unresolved_external_or_missing
tools/bundle_analysis/step6_classify_files.py,tools.bundle_analysis.step6_classify_files,19,from_import,collections,defaultdict,,0,,unresolved_external_or_missing
tools/bundle_analysis/step6_classify_files.py,tools.bundle_analysis.step6_classify_files,21,from_import,common,SCHEMA_VERSION,,0,,unresolved_external_or_missing
tools/bundle_analysis/step6_classify_files.py,tools.bundle_analysis.step6_classify_files,23,from_import,common,SCHEMA_VERSION,,1,tools/bundle_analysis/common.py,resolved
tools/bundle_analysis/step7_overlap_report.py,tools.bundle_analysis.step7_overlap_report,1,from_import,__future__,annotations,,0,,unresolved_external_or_missing
tools/bundle_analysis/step7_overlap_report.py,tools.bundle_analysis.step7_overlap_report,3,import,argparse,,,0,,unresolved_external_or_missing
tools/bundle_analysis/step7_overlap_report.py,tools.bundle_analysis.step7_overlap_report,4,import,sys,,,0,,unresolved_external_or_missing
tools/bundle_analysis/step7_overlap_report.py,tools.bundle_analysis.step7_overlap_report,5,from_import,pathlib,Path,,0,,unresolved_external_or_missing
tools/bundle_analysis/step7_overlap_report.py,tools.bundle_analysis.step7_overlap_report,6,from_import,typing,Dict,,0,,unresolved_external_or_missing
tools/bundle_analysis/step7_overlap_report.py,tools.bundle_analysis.step7_overlap_report,6,from_import,typing,List,,0,,unresolved_external_or_missing
tools/bundle_analysis/step7_overlap_report.py,tools.bundle_analysis.step7_overlap_report,6,from_import,typing,Optional,,0,,unresolved_external_or_missing
tools/bundle_analysis/step7_overlap_report.py,tools.bundle_analysis.step7_overlap_report,12,from_import,common,atomic_write_csv,,0,,unresolved_external_or_missing
tools/bundle_analysis/step7_overlap_report.py,tools.bundle_analysis.step7_overlap_report,14,from_import,common,atomic_write_csv,,1,tools/bundle_analysis/common.py,resolved
tools/bundle_analysis/step_compare.py,tools.bundle_analysis.step_compare,1,from_import,__future__,annotations,,0,,unresolved_external_or_missing
tools/bundle_analysis/step_compare.py,tools.bundle_analysis.step_compare,3,import,threading,,,0,,unresolved_external_or_missing
tools/bundle_analysis/step_compare.py,tools.bundle_analysis.step_compare,4,from_import,collections,Counter,,0,,unresolved_external_or_missing
tools/bundle_analysis/step_compare.py,tools.bundle_analysis.step_compare,5,from_import,pathlib,Path,,0,,unresolved_external_or_missing
tools/bundle_analysis/step_compare.py,tools.bundle_analysis.step_compare,6,from_import,typing,Dict,,0,,unresolved_external_or_missing
tools/bundle_analysis/step_compare.py,tools.bundle_analysis.step_compare,6,from_import,typing,List,,0,,unresolved_external_or_missing
tools/bundle_analysis/step_compare.py,tools.bundle_analysis.step_compare,6,from_import,typing,Optional,,0,,unresolved_external_or_missing
tools/bundle_analysis/step_compare.py,tools.bundle_analysis.step_compare,6,from_import,typing,Set,,0,,unresolved_external_or_missing
tools/bundle_analysis/step_compare.py,tools.bundle_analysis.step_compare,9,from_import,common,atomic_write_csv,,0,,unresolved_external_or_missing
tools/bundle_analysis/step_compare.py,tools.bundle_analysis.step_compare,9,from_import,common,read_csv_rows,,0,,unresolved_external_or_missing
tools/bundle_analysis/step_compare.py,tools.bundle_analysis.step_compare,9,from_import,common,resolve_analysis_run_id,,0,,unresolved_external_or_missing
tools/bundle_analysis/step_compare.py,tools.bundle_analysis.step_compare,11,from_import,common,atomic_write_csv,,1,tools/bundle_analysis/common.py,resolved
tools/bundle_analysis/step_compare.py,tools.bundle_analysis.step_compare,11,from_import,common,read_csv_rows,,1,tools/bundle_analysis/common.py,resolved
tools/bundle_analysis/step_compare.py,tools.bundle_analysis.step_compare,11,from_import,common,resolve_analysis_run_id,,1,tools/bundle_analysis/common.py,resolved
tools/bundle_analysis/utils.py,tools.bundle_analysis.utils,1,from_import,__future__,annotations,,0,,unresolved_external_or_missing
tools/bundle_analysis/utils.py,tools.bundle_analysis.utils,3,import,time,,,0,,unresolved_external_or_missing
tools/bundle_analysis/utils.py,tools.bundle_analysis.utils,4,from_import,itertools,combinations,,0,,unresolved_external_or_missing
tools/bundle_analysis/utils.py,tools.bundle_analysis.utils,5,from_import,typing,Dict,,0,,unresolved_external_or_missing
tools/bundle_analysis/utils.py,tools.bundle_analysis.utils,5,from_import,typing,FrozenSet,,0,,unresolved_external_or_missing
tools/bundle_analysis/utils.py,tools.bundle_analysis.utils,5,from_import,typing,List,,0,,unresolved_external_or_missing
tools/bundle_analysis/utils.py,tools.bundle_analysis.utils,5,from_import,typing,Set,,0,,unresolved_external_or_missing
tools/bundle_analysis/utils.py,tools.bundle_analysis.utils,5,from_import,typing,Tuple,,0,,unresolved_external_or_missing
tools/compare_cross_segment.py,tools.compare_cross_segment,143,from_import,__future__,annotations,,0,,unresolved_external_or_missing
tools/compare_cross_segment.py,tools.compare_cross_segment,145,import,argparse,,,0,,unresolved_external_or_missing
tools/compare_cross_segment.py,tools.compare_cross_segment,146,import,csv,,,0,,unresolved_external_or_missing
tools/compare_cross_segment.py,tools.compare_cross_segment,147,import,hashlib,,,0,,unresolved_external_or_missing
tools/compare_cross_segment.py,tools.compare_cross_segment,148,import,os,,,0,,unresolved_external_or_missing
tools/compare_cross_segment.py,tools.compare_cross_segment,149,import,sys,,,0,,unresolved_external_or_missing
tools/compare_cross_segment.py,tools.compare_cross_segment,150,import,time,,,0,,unresolved_external_or_missing
tools/compare_cross_segment.py,tools.compare_cross_segment,151,from_import,concurrent.futures,ProcessPoolExecutor,,0,,unresolved_external_or_missing
tools/compare_cross_segment.py,tools.compare_cross_segment,151,from_import,concurrent.futures,as_completed,,0,,unresolved_external_or_missing
tools/compare_cross_segment.py,tools.compare_cross_segment,152,from_import,collections,defaultdict,,0,,unresolved_external_or_missing
tools/compare_cross_segment.py,tools.compare_cross_segment,153,from_import,datetime,datetime,,0,,unresolved_external_or_missing
tools/compare_cross_segment.py,tools.compare_cross_segment,153,from_import,datetime,timezone,,0,,unresolved_external_or_missing
tools/compare_cross_segment.py,tools.compare_cross_segment,154,from_import,itertools,combinations,,0,,unresolved_external_or_missing
tools/compare_cross_segment.py,tools.compare_cross_segment,155,from_import,pathlib,Path,,0,,unresolved_external_or_missing
tools/compare_cross_segment.py,tools.compare_cross_segment,156,from_import,tempfile,NamedTemporaryFile,,0,,unresolved_external_or_missing
tools/compare_cross_segment.py,tools.compare_cross_segment,157,from_import,typing,Dict,,0,,unresolved_external_or_missing
tools/compare_cross_segment.py,tools.compare_cross_segment,157,from_import,typing,Iterable,,0,,unresolved_external_or_missing
tools/compare_cross_segment.py,tools.compare_cross_segment,157,from_import,typing,List,,0,,unresolved_external_or_missing
tools/compare_cross_segment.py,tools.compare_cross_segment,157,from_import,typing,Optional,,0,,unresolved_external_or_missing
tools/compare_cross_segment.py,tools.compare_cross_segment,157,from_import,typing,Sequence,,0,,unresolved_external_or_missing
tools/compare_cross_segment.py,tools.compare_cross_segment,157,from_import,typing,Set,,0,,unresolved_external_or_missing
tools/compare_cross_segment.py,tools.compare_cross_segment,157,from_import,typing,Tuple,,0,,unresolved_external_or_missing
tools/compare_cross_segment.py,tools.compare_cross_segment,163,from_import,na_token,ENTERPRISE_BC_BOOKKEEPING_TOKENS,_ENTERPRISE_BC_BOOKKEEPING_TOKENS,0,,unresolved_external_or_missing
tools/compare_cross_segment.py,tools.compare_cross_segment,163,from_import,na_token,is_blank_or_na,,0,,unresolved_external_or_missing
tools/compare_cross_segment.py,tools.compare_cross_segment,164,from_import,jenks_utils,jenks_breaks,,0,,unresolved_external_or_missing
tools/compare_cross_segment.py,tools.compare_cross_segment,165,from_import,enterprise_policy,EnterprisePolicy,,0,,unresolved_external_or_missing
tools/compare_cross_segment.py,tools.compare_cross_segment,165,from_import,enterprise_policy,load_enterprise_policy,,0,,unresolved_external_or_missing
tools/compare_cross_segment.py,tools.compare_cross_segment,165,from_import,enterprise_policy,write_enterprise_policy_provenance,,0,,unresolved_external_or_missing
tools/compare_cross_segment.py,tools.compare_cross_segment,3389,from_import,collections,Counter,_Counter,0,,unresolved_external_or_missing
tools/compare_governance_populations.py,tools.compare_governance_populations,43,from_import,__future__,annotations,,0,,unresolved_external_or_missing
tools/compare_governance_populations.py,tools.compare_governance_populations,45,import,argparse,,,0,,unresolved_external_or_missing
tools/compare_governance_populations.py,tools.compare_governance_populations,46,import,sys,,,0,,unresolved_external_or_missing
tools/compare_governance_populations.py,tools.compare_governance_populations,47,from_import,collections,defaultdict,,0,,unresolved_external_or_missing
tools/compare_governance_populations.py,tools.compare_governance_populations,48,from_import,datetime,datetime,,0,,unresolved_external_or_missing
tools/compare_governance_populations.py,tools.compare_governance_populations,48,from_import,datetime,timezone,,0,,unresolved_external_or_missing
tools/compare_governance_populations.py,tools.compare_governance_populations,49,from_import,pathlib,Path,,0,,unresolved_external_or_missing
tools/compare_governance_populations.py,tools.compare_governance_populations,50,from_import,typing,Dict,,0,,unresolved_external_or_missing
tools/compare_governance_populations.py,tools.compare_governance_populations,50,from_import,typing,List,,0,,unresolved_external_or_missing
tools/compare_governance_populations.py,tools.compare_governance_populations,50,from_import,typing,Set,,0,,unresolved_external_or_missing
tools/compare_governance_populations.py,tools.compare_governance_populations,50,from_import,typing,Tuple,,0,,unresolved_external_or_missing
tools/compare_governance_populations.py,tools.compare_governance_populations,56,from_import,bundle_analysis.common,atomic_write_csv,,0,,unresolved_external_or_missing
tools/compare_governance_populations.py,tools.compare_governance_populations,56,from_import,bundle_analysis.common,read_csv_rows,,0,,unresolved_external_or_missing
tools/compare_governance_populations.py,tools.compare_governance_populations,57,from_import,compare_cross_segment,compare_directed_file,,0,,unresolved_external_or_missing
tools/compare_governance_populations.py,tools.compare_governance_populations,57,from_import,compare_cross_segment,compare_symmetric_file,,0,,unresolved_external_or_missing
tools/compare_governance_populations.py,tools.compare_governance_populations,57,from_import,compare_cross_segment,make_comparison_run_id,,0,,unresolved_external_or_missing
tools/compare_templates_stand-alone/compare_view_templates_stand-alone.py,tools.compare_templates_stand-alone.compare_view_templates_stand-alone,23,import,argparse,,,0,,unresolved_external_or_missing
tools/compare_templates_stand-alone/compare_view_templates_stand-alone.py,tools.compare_templates_stand-alone.compare_view_templates_stand-alone,24,import,json,,,0,,unresolved_external_or_missing
tools/compare_templates_stand-alone/compare_view_templates_stand-alone.py,tools.compare_templates_stand-alone.compare_view_templates_stand-alone,25,import,sys,,,0,,unresolved_external_or_missing
tools/compare_templates_stand-alone/compare_view_templates_stand-alone.py,tools.compare_templates_stand-alone.compare_view_templates_stand-alone,26,from_import,collections,defaultdict,,0,,unresolved_external_or_missing
tools/compare_templates_stand-alone/compare_view_templates_stand-alone.py,tools.compare_templates_stand-alone.compare_view_templates_stand-alone,27,from_import,pathlib,Path,,0,,unresolved_external_or_missing
tools/compute_governance_thresholds.py,tools.compute_governance_thresholds,14,from_import,__future__,annotations,,0,,unresolved_external_or_missing
tools/compute_governance_thresholds.py,tools.compute_governance_thresholds,16,import,argparse,,,0,,unresolved_external_or_missing
tools/compute_governance_thresholds.py,tools.compute_governance_thresholds,17,import,csv,,,0,,unresolved_external_or_missing
tools/compute_governance_thresholds.py,tools.compute_governance_thresholds,18,from_import,pathlib,Path,,0,,unresolved_external_or_missing
tools/compute_governance_thresholds.py,tools.compute_governance_thresholds,19,from_import,typing,Dict,,0,,unresolved_external_or_missing
tools/compute_governance_thresholds.py,tools.compute_governance_thresholds,19,from_import,typing,List,,0,,unresolved_external_or_missing
tools/compute_latent_purgeable.py,tools.compute_latent_purgeable,23,from_import,__future__,annotations,,0,,unresolved_external_or_missing
tools/compute_latent_purgeable.py,tools.compute_latent_purgeable,25,import,argparse,,,0,,unresolved_external_or_missing
tools/compute_latent_purgeable.py,tools.compute_latent_purgeable,26,import,csv,,,0,,unresolved_external_or_missing
tools/compute_latent_purgeable.py,tools.compute_latent_purgeable,27,import,sys,,,0,,unresolved_external_or_missing
tools/compute_latent_purgeable.py,tools.compute_latent_purgeable,28,from_import,collections,defaultdict,,0,,unresolved_external_or_missing
tools/compute_latent_purgeable.py,tools.compute_latent_purgeable,29,from_import,pathlib,Path,,0,,unresolved_external_or_missing
tools/compute_latent_purgeable.py,tools.compute_latent_purgeable,30,from_import,typing,Callable,,0,,unresolved_external_or_missing
tools/compute_latent_purgeable.py,tools.compute_latent_purgeable,30,from_import,typing,Dict,,0,,unresolved_external_or_missing
tools/compute_latent_purgeable.py,tools.compute_latent_purgeable,30,from_import,typing,List,,0,,unresolved_external_or_missing
tools/compute_latent_purgeable.py,tools.compute_latent_purgeable,30,from_import,typing,Optional,,0,,unresolved_external_or_missing
tools/compute_latent_purgeable.py,tools.compute_latent_purgeable,30,from_import,typing,Set,,0,,unresolved_external_or_missing
tools/compute_latent_purgeable.py,tools.compute_latent_purgeable,30,from_import,typing,Tuple,,0,,unresolved_external_or_missing
tools/discover_hash_policy.py,tools.discover_hash_policy,2,from_import,__future__,annotations,,0,,unresolved_external_or_missing
tools/discover_hash_policy.py,tools.discover_hash_policy,3,import,argparse,,,0,,unresolved_external_or_missing
tools/discover_hash_policy.py,tools.discover_hash_policy,3,import,csv,,,0,,unresolved_external_or_missing
tools/discover_hash_policy.py,tools.discover_hash_policy,3,import,json,,,0,,unresolved_external_or_missing
tools/discover_hash_policy.py,tools.discover_hash_policy,4,from_import,pathlib,Path,,0,,unresolved_external_or_missing
tools/discover_hash_policy.py,tools.discover_hash_policy,5,from_import,typing,Dict,,0,,unresolved_external_or_missing
tools/discover_hash_policy.py,tools.discover_hash_policy,5,from_import,typing,List,,0,,unresolved_external_or_missing
tools/discover_hash_policy.py,tools.discover_hash_policy,7,from_import,tools.discover_join_policy,_pareto_search_adapter,,0,tools/discover_join_policy.py,resolved
tools/discover_hash_policy.py,tools.discover_hash_policy,7,from_import,tools.discover_join_policy,_pick_candidate_fields,,0,tools/discover_join_policy.py,resolved
tools/discover_hash_policy.py,tools.discover_hash_policy,7,from_import,tools.discover_join_policy,_read_csv,,0,tools/discover_join_policy.py,resolved
tools/discover_hash_policy.py,tools.discover_hash_policy,7,from_import,tools.discover_join_policy,_sample_domain_records,,0,tools/discover_join_policy.py,resolved
tools/discover_hash_policy.py,tools.discover_hash_policy,7,from_import,tools.discover_join_policy,_stratified_sample,,0,tools/discover_join_policy.py,resolved
tools/discover_hash_policy.py,tools.discover_hash_policy,7,from_import,tools.discover_join_policy,_without_excluded,,0,tools/discover_join_policy.py,resolved
tools/discover_hash_policy.py,tools.discover_hash_policy,7,from_import,tools.discover_join_policy,_write_csv,,0,tools/discover_join_policy.py,resolved
tools/discover_hash_policy.py,tools.discover_hash_policy,8,from_import,tools.join_key_discovery.eval,build_identity_index,,0,tools/join_key_discovery/eval.py,resolved
tools/discover_hash_policy.py,tools.discover_hash_policy,8,from_import,tools.join_key_discovery.eval,normalize_policy_block,,0,tools/join_key_discovery/eval.py,resolved
tools/discover_hash_policy.py,tools.discover_hash_policy,8,from_import,tools.join_key_discovery.eval,score_candidate,,0,tools/join_key_discovery/eval.py,resolved
tools/discover_hash_policy.py,tools.discover_hash_policy,9,from_import,tools.join_key_discovery.greedy,discover_greedy,,0,tools/join_key_discovery/greedy.py,resolved
tools/discover_hash_policy.py,tools.discover_hash_policy,11,from_import,discover_join_policy,_pareto_search_adapter,,0,,unresolved_external_or_missing
tools/discover_hash_policy.py,tools.discover_hash_policy,11,from_import,discover_join_policy,_pick_candidate_fields,,0,,unresolved_external_or_missing
tools/discover_hash_policy.py,tools.discover_hash_policy,11,from_import,discover_join_policy,_read_csv,,0,,unresolved_external_or_missing
tools/discover_hash_policy.py,tools.discover_hash_policy,11,from_import,discover_join_policy,_sample_domain_records,,0,,unresolved_external_or_missing
tools/discover_hash_policy.py,tools.discover_hash_policy,11,from_import,discover_join_policy,_stratified_sample,,0,,unresolved_external_or_missing
tools/discover_hash_policy.py,tools.discover_hash_policy,11,from_import,discover_join_policy,_without_excluded,,0,,unresolved_external_or_missing
tools/discover_hash_policy.py,tools.discover_hash_policy,11,from_import,discover_join_policy,_write_csv,,0,,unresolved_external_or_missing
tools/discover_hash_policy.py,tools.discover_hash_policy,12,from_import,join_key_discovery.eval,build_identity_index,,0,,unresolved_external_or_missing
tools/discover_hash_policy.py,tools.discover_hash_policy,12,from_import,join_key_discovery.eval,normalize_policy_block,,0,,unresolved_external_or_missing
tools/discover_hash_policy.py,tools.discover_hash_policy,12,from_import,join_key_discovery.eval,score_candidate,,0,,unresolved_external_or_missing
tools/discover_hash_policy.py,tools.discover_hash_policy,13,from_import,join_key_discovery.greedy,discover_greedy,,0,,unresolved_external_or_missing
tools/discover_join_policy.py,tools.discover_join_policy,2,from_import,__future__,annotations,,0,,unresolved_external_or_missing
tools/discover_join_policy.py,tools.discover_join_policy,4,import,argparse,,,0,,unresolved_external_or_missing
tools/discover_join_policy.py,tools.discover_join_policy,5,import,csv,,,0,,unresolved_external_or_missing
tools/discover_join_policy.py,tools.discover_join_policy,6,import,hashlib,,,0,,unresolved_external_or_missing
tools/discover_join_policy.py,tools.discover_join_policy,7,import,json,,,0,,unresolved_external_or_missing
tools/discover_join_policy.py,tools.discover_join_policy,8,import,math,,,0,,unresolved_external_or_missing
tools/discover_join_policy.py,tools.discover_join_policy,9,import,sys,,,0,,unresolved_external_or_missing
tools/discover_join_policy.py,tools.discover_join_policy,10,from_import,pathlib,Path,,0,,unresolved_external_or_missing
tools/discover_join_policy.py,tools.discover_join_policy,11,from_import,typing,Dict,,0,,unresolved_external_or_missing
tools/discover_join_policy.py,tools.discover_join_policy,11,from_import,typing,List,,0,,unresolved_external_or_missing
tools/discover_join_policy.py,tools.discover_join_policy,11,from_import,typing,Sequence,,0,,unresolved_external_or_missing
tools/discover_join_policy.py,tools.discover_join_policy,14,from_import,tools.join_key_discovery.eval,build_identity_index,,0,tools/join_key_discovery/eval.py,resolved
tools/discover_join_policy.py,tools.discover_join_policy,14,from_import,tools.join_key_discovery.eval,normalize_policy_block,,0,tools/join_key_discovery/eval.py,resolved
tools/discover_join_policy.py,tools.discover_join_policy,14,from_import,tools.join_key_discovery.eval,score_candidate,,0,tools/join_key_discovery/eval.py,resolved
tools/discover_join_policy.py,tools.discover_join_policy,15,from_import,tools.join_key_discovery.greedy,discover_greedy,,0,tools/join_key_discovery/greedy.py,resolved
tools/discover_join_policy.py,tools.discover_join_policy,17,from_import,join_key_discovery.eval,build_identity_index,,0,,unresolved_external_or_missing
tools/discover_join_policy.py,tools.discover_join_policy,17,from_import,join_key_discovery.eval,normalize_policy_block,,0,,unresolved_external_or_missing
tools/discover_join_policy.py,tools.discover_join_policy,17,from_import,join_key_discovery.eval,score_candidate,,0,,unresolved_external_or_missing
tools/discover_join_policy.py,tools.discover_join_policy,18,from_import,join_key_discovery.greedy,discover_greedy,,0,,unresolved_external_or_missing
tools/discover_join_policy.py,tools.discover_join_policy,29,from_import,tools.pareto_joinkey_search,pareto_search,,0,tools/pareto_joinkey_search.py,resolved
tools/discover_join_policy.py,tools.discover_join_policy,31,from_import,pareto_joinkey_search,pareto_search,,0,,unresolved_external_or_missing
tools/domain_authority.py,tools.domain_authority,2,from_import,__future__,annotations,,0,,unresolved_external_or_missing
tools/domain_authority.py,tools.domain_authority,4,import,argparse,,,0,,unresolved_external_or_missing
tools/domain_authority.py,tools.domain_authority,5,import,csv,,,0,,unresolved_external_or_missing
tools/domain_authority.py,tools.domain_authority,6,import,json,,,0,,unresolved_external_or_missing
tools/domain_authority.py,tools.domain_authority,7,import,math,,,0,,unresolved_external_or_missing
tools/domain_authority.py,tools.domain_authority,8,import,os,,,0,,unresolved_external_or_missing
tools/domain_authority.py,tools.domain_authority,9,import,sys,,,0,,unresolved_external_or_missing
tools/domain_authority.py,tools.domain_authority,10,from_import,dataclasses,dataclass,,0,,unresolved_external_or_missing
tools/domain_authority.py,tools.domain_authority,11,from_import,collections,Counter,,0,,unresolved_external_or_missing
tools/domain_authority.py,tools.domain_authority,12,import,statistics,,,0,,unresolved_external_or_missing
tools/domain_authority.py,tools.domain_authority,13,from_import,pathlib,Path,,0,,unresolved_external_or_missing
tools/domain_authority.py,tools.domain_authority,14,from_import,typing,Any,,0,,unresolved_external_or_missing
tools/domain_authority.py,tools.domain_authority,14,from_import,typing,Dict,,0,,unresolved_external_or_missing
tools/domain_authority.py,tools.domain_authority,14,from_import,typing,Iterable,,0,,unresolved_external_or_missing
tools/domain_authority.py,tools.domain_authority,14,from_import,typing,List,,0,,unresolved_external_or_missing
tools/domain_authority.py,tools.domain_authority,14,from_import,typing,Optional,,0,,unresolved_external_or_missing
tools/domain_authority.py,tools.domain_authority,14,from_import,typing,Tuple,,0,,unresolved_external_or_missing
tools/domain_authority.py,tools.domain_authority,178,import,hashlib,,,0,,unresolved_external_or_missing
tools/emit_element_dominance.py,tools.emit_element_dominance,2,from_import,__future__,annotations,,0,,unresolved_external_or_missing
tools/emit_element_dominance.py,tools.emit_element_dominance,4,import,argparse,,,0,,unresolved_external_or_missing
tools/emit_element_dominance.py,tools.emit_element_dominance,5,import,csv,,,0,,unresolved_external_or_missing
tools/emit_element_dominance.py,tools.emit_element_dominance,6,import,sys,,,0,,unresolved_external_or_missing
tools/emit_element_dominance.py,tools.emit_element_dominance,7,from_import,collections,defaultdict,,0,,unresolved_external_or_missing
tools/emit_element_dominance.py,tools.emit_element_dominance,8,from_import,pathlib,Path,,0,,unresolved_external_or_missing
tools/emit_element_dominance.py,tools.emit_element_dominance,9,from_import,tempfile,NamedTemporaryFile,,0,,unresolved_external_or_missing
tools/emit_element_dominance.py,tools.emit_element_dominance,10,from_import,typing,Dict,,0,,unresolved_external_or_missing
tools/emit_element_dominance.py,tools.emit_element_dominance,10,from_import,typing,List,,0,,unresolved_external_or_missing
tools/emit_element_dominance.py,tools.emit_element_dominance,10,from_import,typing,Optional,,0,,unresolved_external_or_missing
tools/emit_element_dominance.py,tools.emit_element_dominance,10,from_import,typing,Tuple,,0,,unresolved_external_or_missing
tools/emit_element_dominance.py,tools.emit_element_dominance,16,from_import,jenks_utils,jenks_breaks,,0,,unresolved_external_or_missing
tools/enterprise_policy.py,tools.enterprise_policy,2,from_import,__future__,annotations,,0,,unresolved_external_or_missing
tools/enterprise_policy.py,tools.enterprise_policy,4,from_import,dataclasses,dataclass,,0,,unresolved_external_or_missing
tools/enterprise_policy.py,tools.enterprise_policy,5,import,json,,,0,,unresolved_external_or_missing
tools/enterprise_policy.py,tools.enterprise_policy,6,import,hashlib,,,0,,unresolved_external_or_missing
tools/enterprise_policy.py,tools.enterprise_policy,7,import,os,,,0,,unresolved_external_or_missing
tools/enterprise_policy.py,tools.enterprise_policy,8,from_import,pathlib,Path,,0,,unresolved_external_or_missing
tools/enterprise_policy.py,tools.enterprise_policy,9,from_import,typing,Any,,0,,unresolved_external_or_missing
tools/enterprise_policy.py,tools.enterprise_policy,9,from_import,typing,Dict,,0,,unresolved_external_or_missing
tools/enterprise_policy.py,tools.enterprise_policy,9,from_import,typing,Optional,,0,,unresolved_external_or_missing
tools/enterprise_policy.py,tools.enterprise_policy,9,from_import,typing,Union,,0,,unresolved_external_or_missing
tools/export_bundle_pattern_detail.py,tools.export_bundle_pattern_detail,20,from_import,__future__,annotations,,0,,unresolved_external_or_missing
tools/export_bundle_pattern_detail.py,tools.export_bundle_pattern_detail,22,import,argparse,,,0,,unresolved_external_or_missing
tools/export_bundle_pattern_detail.py,tools.export_bundle_pattern_detail,23,import,csv,,,0,,unresolved_external_or_missing
tools/export_bundle_pattern_detail.py,tools.export_bundle_pattern_detail,24,import,sys,,,0,,unresolved_external_or_missing
tools/export_bundle_pattern_detail.py,tools.export_bundle_pattern_detail,25,from_import,pathlib,Path,,0,,unresolved_external_or_missing
tools/export_bundle_pattern_detail.py,tools.export_bundle_pattern_detail,26,from_import,tempfile,NamedTemporaryFile,,0,,unresolved_external_or_missing
tools/export_bundle_pattern_detail.py,tools.export_bundle_pattern_detail,27,from_import,typing,Any,,0,,unresolved_external_or_missing
tools/export_bundle_pattern_detail.py,tools.export_bundle_pattern_detail,27,from_import,typing,Dict,,0,,unresolved_external_or_missing
tools/export_bundle_pattern_detail.py,tools.export_bundle_pattern_detail,27,from_import,typing,Iterable,,0,,unresolved_external_or_missing
tools/export_bundle_pattern_detail.py,tools.export_bundle_pattern_detail,27,from_import,typing,Iterator,,0,,unresolved_external_or_missing
tools/export_bundle_pattern_detail.py,tools.export_bundle_pattern_detail,27,from_import,typing,List,,0,,unresolved_external_or_missing
tools/export_bundle_pattern_detail.py,tools.export_bundle_pattern_detail,27,from_import,typing,Optional,,0,,unresolved_external_or_missing
tools/export_bundle_pattern_detail.py,tools.export_bundle_pattern_detail,27,from_import,typing,Sequence,,0,,unresolved_external_or_missing
tools/export_bundle_pattern_detail.py,tools.export_bundle_pattern_detail,27,from_import,typing,Set,,0,,unresolved_external_or_missing
tools/export_bundle_pattern_detail.py,tools.export_bundle_pattern_detail,27,from_import,typing,Tuple,,0,,unresolved_external_or_missing
tools/export_bundle_pattern_detail.py,tools.export_bundle_pattern_detail,29,from_import,jenks_utils,jenks_breaks,,0,,unresolved_external_or_missing
tools/export_to_flat_tables.py,tools.export_to_flat_tables,1,import,argparse,,,0,,unresolved_external_or_missing
tools/export_to_flat_tables.py,tools.export_to_flat_tables,2,import,csv,,,0,,unresolved_external_or_missing
tools/export_to_flat_tables.py,tools.export_to_flat_tables,3,import,json,,,0,,unresolved_external_or_missing
tools/export_to_flat_tables.py,tools.export_to_flat_tables,4,import,os,,,0,,unresolved_external_or_missing
tools/export_to_flat_tables.py,tools.export_to_flat_tables,5,from_import,pathlib,Path,,0,,unresolved_external_or_missing
tools/export_to_flat_tables.py,tools.export_to_flat_tables,6,from_import,typing,Any,,0,,unresolved_external_or_missing
tools/export_to_flat_tables.py,tools.export_to_flat_tables,6,from_import,typing,Dict,,0,,unresolved_external_or_missing
tools/export_to_flat_tables.py,tools.export_to_flat_tables,6,from_import,typing,Iterable,,0,,unresolved_external_or_missing
tools/export_to_flat_tables.py,tools.export_to_flat_tables,6,from_import,typing,List,,0,,unresolved_external_or_missing
tools/export_to_flat_tables.py,tools.export_to_flat_tables,6,from_import,typing,Optional,,0,,unresolved_external_or_missing
tools/export_to_flat_tables.py,tools.export_to_flat_tables,6,from_import,typing,Tuple,,0,,unresolved_external_or_missing
tools/export_to_flat_tables.py,tools.export_to_flat_tables,7,import,hashlib,,,0,,unresolved_external_or_missing
tools/export_to_flat_tables.py,tools.export_to_flat_tables,8,import,re,,,0,,unresolved_external_or_missing
tools/extract_segment_subtree.py,tools.extract_segment_subtree,26,from_import,__future__,annotations,,0,,unresolved_external_or_missing
tools/extract_segment_subtree.py,tools.extract_segment_subtree,28,import,argparse,,,0,,unresolved_external_or_missing
tools/extract_segment_subtree.py,tools.extract_segment_subtree,29,import,csv,,,0,,unresolved_external_or_missing
tools/extract_segment_subtree.py,tools.extract_segment_subtree,30,import,math,,,0,,unresolved_external_or_missing
tools/extract_segment_subtree.py,tools.extract_segment_subtree,31,import,re,,,0,,unresolved_external_or_missing
tools/extract_segment_subtree.py,tools.extract_segment_subtree,32,import,sys,,,0,,unresolved_external_or_missing
tools/extract_segment_subtree.py,tools.extract_segment_subtree,33,from_import,collections,defaultdict,,0,,unresolved_external_or_missing
tools/extract_segment_subtree.py,tools.extract_segment_subtree,34,from_import,dataclasses,dataclass,,0,,unresolved_external_or_missing
tools/extract_segment_subtree.py,tools.extract_segment_subtree,35,from_import,pathlib,Path,,0,,unresolved_external_or_missing
tools/extract_segment_subtree.py,tools.extract_segment_subtree,36,from_import,tempfile,NamedTemporaryFile,,0,,unresolved_external_or_missing
tools/extract_segment_subtree.py,tools.extract_segment_subtree,37,from_import,typing,Dict,,0,,unresolved_external_or_missing
tools/extract_segment_subtree.py,tools.extract_segment_subtree,37,from_import,typing,Iterable,,0,,unresolved_external_or_missing
tools/extract_segment_subtree.py,tools.extract_segment_subtree,37,from_import,typing,List,,0,,unresolved_external_or_missing
tools/extract_segment_subtree.py,tools.extract_segment_subtree,37,from_import,typing,Optional,,0,,unresolved_external_or_missing
tools/extract_segment_subtree.py,tools.extract_segment_subtree,37,from_import,typing,Sequence,,0,,unresolved_external_or_missing
tools/extract_segment_subtree.py,tools.extract_segment_subtree,37,from_import,typing,Set,,0,,unresolved_external_or_missing
tools/extract_segment_subtree.py,tools.extract_segment_subtree,37,from_import,typing,Tuple,,0,,unresolved_external_or_missing
tools/extractor.py,tools.extractor,2,from_import,__future__,annotations,,0,,unresolved_external_or_missing
tools/extractor.py,tools.extractor,4,import,base64,,,0,,unresolved_external_or_missing
tools/extractor.py,tools.extractor,5,import,csv,,,0,,unresolved_external_or_missing
tools/extractor.py,tools.extractor,6,import,hashlib,,,0,,unresolved_external_or_missing
tools/extractor.py,tools.extractor,7,import,json,,,0,,unresolved_external_or_missing
tools/extractor.py,tools.extractor,8,import,os,,,0,,unresolved_external_or_missing
tools/extractor.py,tools.extractor,9,import,re,,,0,,unresolved_external_or_missing
tools/extractor.py,tools.extractor,10,import,subprocess,,,0,,unresolved_external_or_missing
tools/extractor.py,tools.extractor,11,import,sys,,,0,,unresolved_external_or_missing
tools/extractor.py,tools.extractor,12,import,time,,,0,,unresolved_external_or_missing
tools/extractor.py,tools.extractor,13,from_import,collections,defaultdict,,0,,unresolved_external_or_missing
tools/extractor.py,tools.extractor,14,from_import,datetime,datetime,,0,,unresolved_external_or_missing
tools/extractor.py,tools.extractor,14,from_import,datetime,timezone,,0,,unresolved_external_or_missing
tools/extractor.py,tools.extractor,15,from_import,pathlib,Path,,0,,unresolved_external_or_missing
tools/extractor.py,tools.extractor,16,from_import,concurrent.futures,ProcessPoolExecutor,,0,,unresolved_external_or_missing
tools/extractor.py,tools.extractor,16,from_import,concurrent.futures,as_completed,,0,,unresolved_external_or_missing
tools/extractor.py,tools.extractor,17,from_import,typing,Any,,0,,unresolved_external_or_missing
tools/extractor.py,tools.extractor,17,from_import,typing,Dict,,0,,unresolved_external_or_missing
tools/extractor.py,tools.extractor,17,from_import,typing,Iterable,,0,,unresolved_external_or_missing
tools/extractor.py,tools.extractor,17,from_import,typing,List,,0,,unresolved_external_or_missing
tools/extractor.py,tools.extractor,17,from_import,typing,Optional,,0,,unresolved_external_or_missing
tools/extractor.py,tools.extractor,17,from_import,typing,Set,,0,,unresolved_external_or_missing
tools/extractor.py,tools.extractor,17,from_import,typing,Tuple,,0,,unresolved_external_or_missing
tools/extractor.py,tools.extractor,23,from_import,label_synthesis.label_resolver,find_near_duplicate_merges,,0,,unresolved_external_or_missing
tools/extractor.py,tools.extractor,23,from_import,label_synthesis.label_resolver,load_annotations,,0,,unresolved_external_or_missing
tools/extractor.py,tools.extractor,23,from_import,label_synthesis.label_resolver,load_label_population,,0,,unresolved_external_or_missing
tools/extractor.py,tools.extractor,23,from_import,label_synthesis.label_resolver,load_llm_cache,,0,,unresolved_external_or_missing
tools/extractor.py,tools.extractor,23,from_import,label_synthesis.label_resolver,resolve_pattern_label,,0,,unresolved_external_or_missing
tools/extractor.py,tools.extractor,628,import,time,,,0,,unresolved_external_or_missing
tools/generate_governance_narrative.py,tools.generate_governance_narrative,74,from_import,__future__,annotations,,0,,unresolved_external_or_missing
tools/generate_governance_narrative.py,tools.generate_governance_narrative,76,import,argparse,,,0,,unresolved_external_or_missing
tools/generate_governance_narrative.py,tools.generate_governance_narrative,77,import,csv,,,0,,unresolved_external_or_missing
tools/generate_governance_narrative.py,tools.generate_governance_narrative,78,import,shutil,,,0,,unresolved_external_or_missing
tools/generate_governance_narrative.py,tools.generate_governance_narrative,79,import,statistics,,,0,,unresolved_external_or_missing
tools/generate_governance_narrative.py,tools.generate_governance_narrative,80,import,sys,,,0,,unresolved_external_or_missing
tools/generate_governance_narrative.py,tools.generate_governance_narrative,81,from_import,collections,defaultdict,,0,,unresolved_external_or_missing
tools/generate_governance_narrative.py,tools.generate_governance_narrative,82,from_import,datetime,date,,0,,unresolved_external_or_missing
tools/generate_governance_narrative.py,tools.generate_governance_narrative,83,from_import,pathlib,Path,,0,,unresolved_external_or_missing
tools/generate_governance_narrative.py,tools.generate_governance_narrative,84,from_import,typing,Optional,,0,,unresolved_external_or_missing
tools/generate_governance_narrative.py,tools.generate_governance_narrative,90,from_import,compare_cross_segment,GOVERNANCE_STATE_DIRECTED_TYPES,,0,,unresolved_external_or_missing
tools/generate_governance_narrative.py,tools.generate_governance_narrative,90,from_import,compare_cross_segment,_resolve_runnable_segment,,0,,unresolved_external_or_missing
tools/generate_governance_narrative.py,tools.generate_governance_narrative,96,from_import,governance_evidence_package,AUTHORITY_AUTHORITATIVE_DETERMINISTIC_EVIDENCE,,0,,unresolved_external_or_missing
tools/generate_governance_narrative.py,tools.generate_governance_narrative,96,from_import,governance_evidence_package,AUTHORITY_CONTROLLED_INTERPRETATION,,0,,unresolved_external_or_missing
tools/generate_governance_narrative.py,tools.generate_governance_narrative,96,from_import,governance_evidence_package,AUTHORITY_CONVENIENCE_SUMMARY,,0,,unresolved_external_or_missing
tools/generate_governance_narrative.py,tools.generate_governance_narrative,96,from_import,governance_evidence_package,EVIDENCE_MAP_SCHEMA_VERSION,,0,,unresolved_external_or_missing
tools/generate_governance_narrative.py,tools.generate_governance_narrative,96,from_import,governance_evidence_package,FILE_INVENTORY_SCHEMA_VERSION,,0,,unresolved_external_or_missing
tools/generate_governance_narrative.py,tools.generate_governance_narrative,96,from_import,governance_evidence_package,FINDINGS_SCHEMA_VERSION,,0,,unresolved_external_or_missing
tools/generate_governance_narrative.py,tools.generate_governance_narrative,96,from_import,governance_evidence_package,FINDING_FIDELITY_EXACT,,0,,unresolved_external_or_missing
tools/generate_governance_narrative.py,tools.generate_governance_narrative,96,from_import,governance_evidence_package,FINDING_ORIGIN_DETERMINISTIC_COMPUTATION,,0,,unresolved_external_or_missing
tools/generate_governance_narrative.py,tools.generate_governance_narrative,96,from_import,governance_evidence_package,FINDING_STATUS_QUESTION_NOT_CLAIM,,0,,unresolved_external_or_missing
tools/generate_governance_narrative.py,tools.generate_governance_narrative,96,from_import,governance_evidence_package,FINDING_STATUS_SUPPORTED,,0,,unresolved_external_or_missing
tools/generate_governance_narrative.py,tools.generate_governance_narrative,96,from_import,governance_evidence_package,GENERATOR_IDENTITY,,0,,unresolved_external_or_missing
tools/generate_governance_narrative.py,tools.generate_governance_narrative,96,from_import,governance_evidence_package,GENERATOR_ROLE,,0,,unresolved_external_or_missing
tools/generate_governance_narrative.py,tools.generate_governance_narrative,96,from_import,governance_evidence_package,PACKAGE_SCHEMA_VERSION,,0,,unresolved_external_or_missing
tools/generate_governance_narrative.py,tools.generate_governance_narrative,96,from_import,governance_evidence_package,build_evidence_map,,0,,unresolved_external_or_missing
tools/generate_governance_narrative.py,tools.generate_governance_narrative,96,from_import,governance_evidence_package,build_file_inventory_document,,0,,unresolved_external_or_missing
tools/generate_governance_narrative.py,tools.generate_governance_narrative,96,from_import,governance_evidence_package,build_findings_document,,0,,unresolved_external_or_missing
tools/generate_governance_narrative.py,tools.generate_governance_narrative,96,from_import,governance_evidence_package,build_package_health,,0,,unresolved_external_or_missing
tools/generate_governance_narrative.py,tools.generate_governance_narrative,96,from_import,governance_evidence_package,build_package_manifest,,0,,unresolved_external_or_missing
tools/generate_governance_narrative.py,tools.generate_governance_narrative,96,from_import,governance_evidence_package,comparison_type_coverage,_comparison_type_coverage,0,,unresolved_external_or_missing
tools/generate_governance_narrative.py,tools.generate_governance_narrative,96,from_import,governance_evidence_package,inventory_export_directory_files,,0,,unresolved_external_or_missing
tools/generate_governance_narrative.py,tools.generate_governance_narrative,96,from_import,governance_evidence_package,write_json,,0,,unresolved_external_or_missing
tools/generate_governance_narrative.py,tools.generate_governance_narrative,126,from_import,enterprise_policy,load_enterprise_policy,,0,,unresolved_external_or_missing
tools/generate_governance_narrative.py,tools.generate_governance_narrative,126,from_import,enterprise_policy,write_enterprise_policy_provenance,,0,,unresolved_external_or_missing
tools/generate_governance_narrative.py,tools.generate_governance_narrative,127,from_import,governance_policy,DEFAULT_POLICY_DIR,_DEFAULT_POLICY_DIR,0,,unresolved_external_or_missing
tools/generate_governance_narrative.py,tools.generate_governance_narrative,127,from_import,governance_policy,load_governance_policy,,0,,unresolved_external_or_missing
tools/generate_name_key_patterns.py,tools.generate_name_key_patterns,59,from_import,__future__,annotations,,0,,unresolved_external_or_missing
tools/generate_name_key_patterns.py,tools.generate_name_key_patterns,61,import,argparse,,,0,,unresolved_external_or_missing
tools/generate_name_key_patterns.py,tools.generate_name_key_patterns,62,import,csv,,,0,,unresolved_external_or_missing
tools/generate_name_key_patterns.py,tools.generate_name_key_patterns,63,import,shutil,,,0,,unresolved_external_or_missing
tools/generate_name_key_patterns.py,tools.generate_name_key_patterns,64,import,sys,,,0,,unresolved_external_or_missing
tools/generate_name_key_patterns.py,tools.generate_name_key_patterns,65,from_import,pathlib,Path,,0,,unresolved_external_or_missing
tools/generate_name_key_patterns.py,tools.generate_name_key_patterns,66,from_import,typing,Any,,0,,unresolved_external_or_missing
tools/generate_name_key_patterns.py,tools.generate_name_key_patterns,66,from_import,typing,Dict,,0,,unresolved_external_or_missing
tools/generate_name_key_patterns.py,tools.generate_name_key_patterns,66,from_import,typing,Iterable,,0,,unresolved_external_or_missing
tools/generate_name_key_patterns.py,tools.generate_name_key_patterns,66,from_import,typing,List,,0,,unresolved_external_or_missing
tools/generate_name_key_patterns.py,tools.generate_name_key_patterns,72,from_import,pattern_id_utils,build_clusters,,0,,unresolved_external_or_missing
tools/generate_name_key_patterns.py,tools.generate_name_key_patterns,72,from_import,pattern_id_utils,pattern_label,,0,,unresolved_external_or_missing
tools/generate_name_key_patterns.py,tools.generate_name_key_patterns,72,from_import,pattern_id_utils,rank_clusters,,0,,unresolved_external_or_missing
tools/generate_name_key_patterns.py,tools.generate_name_key_patterns,77,from_import,core.name_key_coverage,COVERAGE_EXCLUDED,,0,core/name_key_coverage.py,resolved
tools/generate_name_key_patterns.py,tools.generate_name_key_patterns,77,from_import,core.name_key_coverage,COVERAGE_NATIVE,,0,core/name_key_coverage.py,resolved
tools/generate_name_key_patterns.py,tools.generate_name_key_patterns,77,from_import,core.name_key_coverage,COVERAGE_PHASES_REDUNDANT,,0,core/name_key_coverage.py,resolved
tools/generate_name_key_patterns.py,tools.generate_name_key_patterns,77,from_import,core.name_key_coverage,COVERAGE_WIDENED,,0,core/name_key_coverage.py,resolved
tools/generate_name_key_patterns.py,tools.generate_name_key_patterns,77,from_import,core.name_key_coverage,ELIGIBLE_DOMAINS,,0,core/name_key_coverage.py,resolved
tools/generate_name_key_patterns.py,tools.generate_name_key_patterns,77,from_import,core.name_key_coverage,EXCLUDED_DOMAINS,,0,core/name_key_coverage.py,resolved
tools/generate_name_key_patterns.py,tools.generate_name_key_patterns,77,from_import,core.name_key_coverage,coverage_class,,0,core/name_key_coverage.py,resolved
tools/generate_name_key_patterns.py,tools.generate_name_key_patterns,77,from_import,core.name_key_coverage,exclusion_reason,,0,core/name_key_coverage.py,resolved
tools/generate_sig_hash_policy.py,tools.generate_sig_hash_policy,2,from_import,__future__,annotations,,0,,unresolved_external_or_missing
tools/generate_sig_hash_policy.py,tools.generate_sig_hash_policy,4,import,argparse,,,0,,unresolved_external_or_missing
tools/generate_sig_hash_policy.py,tools.generate_sig_hash_policy,5,import,json,,,0,,unresolved_external_or_missing
tools/generate_sig_hash_policy.py,tools.generate_sig_hash_policy,6,from_import,pathlib,Path,,0,,unresolved_external_or_missing
tools/generate_sig_hash_policy.py,tools.generate_sig_hash_policy,7,from_import,typing,Any,,0,,unresolved_external_or_missing
tools/generate_sig_hash_policy.py,tools.generate_sig_hash_policy,7,from_import,typing,Dict,,0,,unresolved_external_or_missing
tools/governance/standards_governance_report.py,tools.governance.standards_governance_report,14,from_import,__future__,annotations,,0,,unresolved_external_or_missing
tools/governance/standards_governance_report.py,tools.governance.standards_governance_report,16,import,json,,,0,,unresolved_external_or_missing
tools/governance/standards_governance_report.py,tools.governance.standards_governance_report,17,import,sys,,,0,,unresolved_external_or_missing
tools/governance/standards_governance_report.py,tools.governance.standards_governance_report,18,from_import,collections,Counter,,0,,unresolved_external_or_missing
tools/governance/standards_governance_report.py,tools.governance.standards_governance_report,18,from_import,collections,defaultdict,,0,,unresolved_external_or_missing
tools/governance/standards_governance_report.py,tools.governance.standards_governance_report,19,from_import,dataclasses,dataclass,,0,,unresolved_external_or_missing
tools/governance/standards_governance_report.py,tools.governance.standards_governance_report,20,from_import,datetime,datetime,,0,,unresolved_external_or_missing
tools/governance/standards_governance_report.py,tools.governance.standards_governance_report,21,from_import,pathlib,Path,,0,,unresolved_external_or_missing
tools/governance/standards_governance_report.py,tools.governance.standards_governance_report,22,from_import,typing,Any,,0,,unresolved_external_or_missing
tools/governance/standards_governance_report.py,tools.governance.standards_governance_report,22,from_import,typing,Dict,,0,,unresolved_external_or_missing
tools/governance/standards_governance_report.py,tools.governance.standards_governance_report,22,from_import,typing,Iterable,,0,,unresolved_external_or_missing
tools/governance/standards_governance_report.py,tools.governance.standards_governance_report,22,from_import,typing,List,,0,,unresolved_external_or_missing
tools/governance/standards_governance_report.py,tools.governance.standards_governance_report,22,from_import,typing,Optional,,0,,unresolved_external_or_missing
tools/governance_evidence_package.py,tools.governance_evidence_package,28,from_import,__future__,annotations,,0,,unresolved_external_or_missing
tools/governance_evidence_package.py,tools.governance_evidence_package,30,import,csv,,,0,,unresolved_external_or_missing
tools/governance_evidence_package.py,tools.governance_evidence_package,31,import,json,,,0,,unresolved_external_or_missing
tools/governance_evidence_package.py,tools.governance_evidence_package,32,from_import,datetime,datetime,,0,,unresolved_external_or_missing
tools/governance_evidence_package.py,tools.governance_evidence_package,32,from_import,datetime,timezone,,0,,unresolved_external_or_missing
tools/governance_evidence_package.py,tools.governance_evidence_package,33,from_import,pathlib,Path,,0,,unresolved_external_or_missing
tools/governance_evidence_package.py,tools.governance_evidence_package,34,from_import,typing,Optional,,0,,unresolved_external_or_missing
tools/governance_manifest.py,tools.governance_manifest,31,from_import,__future__,annotations,,0,,unresolved_external_or_missing
tools/governance_manifest.py,tools.governance_manifest,33,import,argparse,,,0,,unresolved_external_or_missing
tools/governance_manifest.py,tools.governance_manifest,34,import,hashlib,,,0,,unresolved_external_or_missing
tools/governance_manifest.py,tools.governance_manifest,35,import,sys,,,0,,unresolved_external_or_missing
tools/governance_manifest.py,tools.governance_manifest,36,from_import,collections,defaultdict,,0,,unresolved_external_or_missing
tools/governance_manifest.py,tools.governance_manifest,37,from_import,pathlib,Path,,0,,unresolved_external_or_missing
tools/governance_manifest.py,tools.governance_manifest,38,from_import,typing,Dict,,0,,unresolved_external_or_missing
tools/governance_manifest.py,tools.governance_manifest,38,from_import,typing,List,,0,,unresolved_external_or_missing
tools/governance_manifest.py,tools.governance_manifest,38,from_import,typing,Tuple,,0,,unresolved_external_or_missing
tools/governance_manifest.py,tools.governance_manifest,44,from_import,na_token,ENTERPRISE_BC_BOOKKEEPING_TOKENS,,0,,unresolved_external_or_missing
tools/governance_manifest.py,tools.governance_manifest,45,from_import,enterprise_policy,EnterprisePolicy,,0,,unresolved_external_or_missing
tools/governance_manifest.py,tools.governance_manifest,45,from_import,enterprise_policy,load_enterprise_policy,,0,,unresolved_external_or_missing
tools/governance_manifest.py,tools.governance_manifest,45,from_import,enterprise_policy,write_enterprise_policy_provenance,,0,,unresolved_external_or_missing
tools/governance_manifest.py,tools.governance_manifest,46,from_import,run_extract_all,_check_governance_field_completeness,,0,,unresolved_external_or_missing
tools/governance_manifest.py,tools.governance_manifest,47,from_import,bundle_analysis.common,atomic_write_csv,,0,,unresolved_external_or_missing
tools/governance_manifest.py,tools.governance_manifest,47,from_import,bundle_analysis.common,read_csv_rows,,0,,unresolved_external_or_missing
tools/governance_policy.py,tools.governance_policy,23,from_import,__future__,annotations,,0,,unresolved_external_or_missing
tools/governance_policy.py,tools.governance_policy,25,import,json,,,0,,unresolved_external_or_missing
tools/governance_policy.py,tools.governance_policy,26,from_import,pathlib,Path,,0,,unresolved_external_or_missing
tools/governance_policy.py,tools.governance_policy,27,from_import,typing,Optional,,0,,unresolved_external_or_missing
tools/governance_relationships.py,tools.governance_relationships,61,from_import,__future__,annotations,,0,,unresolved_external_or_missing
tools/governance_relationships.py,tools.governance_relationships,63,import,argparse,,,0,,unresolved_external_or_missing
tools/governance_relationships.py,tools.governance_relationships,64,import,hashlib,,,0,,unresolved_external_or_missing
tools/governance_relationships.py,tools.governance_relationships,65,import,sys,,,0,,unresolved_external_or_missing
tools/governance_relationships.py,tools.governance_relationships,66,from_import,collections,defaultdict,,0,,unresolved_external_or_missing
tools/governance_relationships.py,tools.governance_relationships,67,from_import,pathlib,Path,,0,,unresolved_external_or_missing
tools/governance_relationships.py,tools.governance_relationships,68,from_import,typing,Dict,,0,,unresolved_external_or_missing
tools/governance_relationships.py,tools.governance_relationships,68,from_import,typing,List,,0,,unresolved_external_or_missing
tools/governance_relationships.py,tools.governance_relationships,68,from_import,typing,Tuple,,0,,unresolved_external_or_missing
tools/governance_relationships.py,tools.governance_relationships,74,from_import,na_token,is_blank_or_na,,0,,unresolved_external_or_missing
tools/governance_relationships.py,tools.governance_relationships,75,from_import,bundle_analysis.common,atomic_write_csv,,0,,unresolved_external_or_missing
tools/governance_relationships.py,tools.governance_relationships,75,from_import,bundle_analysis.common,read_csv_rows,,0,,unresolved_external_or_missing
tools/governance_relationships.py,tools.governance_relationships,76,from_import,enterprise_policy,load_enterprise_policy,,0,,unresolved_external_or_missing
tools/governance_relationships.py,tools.governance_relationships,76,from_import,enterprise_policy,write_enterprise_policy_provenance,,0,,unresolved_external_or_missing
tools/governance_relationships.py,tools.governance_relationships,77,from_import,governance_manifest,_governance_role_key,,0,,unresolved_external_or_missing
tools/governance_relationships.py,tools.governance_relationships,77,from_import,governance_manifest,_normalize_manual_metadata,,0,,unresolved_external_or_missing
tools/governance_relationships.py,tools.governance_relationships,77,from_import,governance_manifest,normalize_business_center_label,,0,,unresolved_external_or_missing
tools/inspect_lft_similarity.py,tools.inspect_lft_similarity,36,import,argparse,,,0,,unresolved_external_or_missing
tools/inspect_lft_similarity.py,tools.inspect_lft_similarity,37,import,csv,,,0,,unresolved_external_or_missing
tools/inspect_lft_similarity.py,tools.inspect_lft_similarity,38,import,os,,,0,,unresolved_external_or_missing
tools/inspect_lft_similarity.py,tools.inspect_lft_similarity,39,import,sys,,,0,,unresolved_external_or_missing
tools/inspect_lft_similarity.py,tools.inspect_lft_similarity,40,import,re,,,0,,unresolved_external_or_missing
tools/inspect_lft_similarity.py,tools.inspect_lft_similarity,41,from_import,collections,Counter,,0,,unresolved_external_or_missing
tools/inspect_lft_similarity.py,tools.inspect_lft_similarity,41,from_import,collections,defaultdict,,0,,unresolved_external_or_missing
tools/inspect_lft_similarity.py,tools.inspect_lft_similarity,569,import,re,,_re,0,,unresolved_external_or_missing
tools/inspect_lft_similarity.py,tools.inspect_lft_similarity,859,import,os,,_os,0,,unresolved_external_or_missing
tools/jenks_utils.py,tools.jenks_utils,1,from_import,__future__,annotations,,0,,unresolved_external_or_missing
tools/jenks_utils.py,tools.jenks_utils,3,from_import,typing,List,,0,,unresolved_external_or_missing
tools/join_key_derivation.py,tools.join_key_derivation,1,from_import,pathlib,Path,,0,,unresolved_external_or_missing
tools/join_key_derivation.py,tools.join_key_derivation,2,import,sys,,,0,,unresolved_external_or_missing
tools/join_key_derivation.py,tools.join_key_derivation,8,from_import,_archive.join_key_derivation_phase05,*,,0,,unresolved_external_or_missing
tools/join_key_discovery/eval.py,tools.join_key_discovery.eval,1,from_import,__future__,annotations,,0,,unresolved_external_or_missing
tools/join_key_discovery/eval.py,tools.join_key_discovery.eval,3,from_import,collections,defaultdict,,0,,unresolved_external_or_missing
tools/join_key_discovery/eval.py,tools.join_key_discovery.eval,4,from_import,typing,Any,,0,,unresolved_external_or_missing
tools/join_key_discovery/eval.py,tools.join_key_discovery.eval,4,from_import,typing,Dict,,0,,unresolved_external_or_missing
tools/join_key_discovery/eval.py,tools.join_key_discovery.eval,4,from_import,typing,Iterable,,0,,unresolved_external_or_missing
tools/join_key_discovery/eval.py,tools.join_key_discovery.eval,4,from_import,typing,List,,0,,unresolved_external_or_missing
tools/join_key_discovery/eval.py,tools.join_key_discovery.eval,4,from_import,typing,Sequence,,0,,unresolved_external_or_missing
tools/join_key_discovery/eval.py,tools.join_key_discovery.eval,4,from_import,typing,Tuple,,0,,unresolved_external_or_missing
tools/join_key_discovery/greedy.py,tools.join_key_discovery.greedy,1,from_import,__future__,annotations,,0,,unresolved_external_or_missing
tools/join_key_discovery/greedy.py,tools.join_key_discovery.greedy,3,from_import,typing,Any,,0,,unresolved_external_or_missing
tools/join_key_discovery/greedy.py,tools.join_key_discovery.greedy,3,from_import,typing,Dict,,0,,unresolved_external_or_missing
tools/join_key_discovery/greedy.py,tools.join_key_discovery.greedy,3,from_import,typing,List,,0,,unresolved_external_or_missing
tools/join_key_discovery/greedy.py,tools.join_key_discovery.greedy,3,from_import,typing,Sequence,,0,,unresolved_external_or_missing
tools/join_key_discovery/greedy.py,tools.join_key_discovery.greedy,5,from_import,eval,score_candidate,,1,tools/join_key_discovery/eval.py,resolved
tools/join_key_discovery/materials_joinkey_discover.py,tools.join_key_discovery.materials_joinkey_discover,25,from_import,__future__,annotations,,0,,unresolved_external_or_missing
tools/join_key_discovery/materials_joinkey_discover.py,tools.join_key_discovery.materials_joinkey_discover,27,import,argparse,,,0,,unresolved_external_or_missing
tools/join_key_discovery/materials_joinkey_discover.py,tools.join_key_discovery.materials_joinkey_discover,28,import,csv,,,0,,unresolved_external_or_missing
tools/join_key_discovery/materials_joinkey_discover.py,tools.join_key_discovery.materials_joinkey_discover,29,import,hashlib,,,0,,unresolved_external_or_missing
tools/join_key_discovery/materials_joinkey_discover.py,tools.join_key_discovery.materials_joinkey_discover,30,from_import,collections,defaultdict,,0,,unresolved_external_or_missing
tools/join_key_discovery/materials_joinkey_discover.py,tools.join_key_discovery.materials_joinkey_discover,31,from_import,pathlib,Path,,0,,unresolved_external_or_missing
tools/join_key_discovery/materials_joinkey_discover.py,tools.join_key_discovery.materials_joinkey_discover,32,from_import,typing,Dict,,0,,unresolved_external_or_missing
tools/join_key_discovery/materials_joinkey_discover.py,tools.join_key_discovery.materials_joinkey_discover,32,from_import,typing,List,,0,,unresolved_external_or_missing
tools/join_key_discovery/materials_joinkey_discover.py,tools.join_key_discovery.materials_joinkey_discover,32,from_import,typing,Optional,,0,,unresolved_external_or_missing
tools/join_key_discovery/materials_joinkey_discover.py,tools.join_key_discovery.materials_joinkey_discover,32,from_import,typing,Set,,0,,unresolved_external_or_missing
tools/join_key_discovery/materials_joinkey_discover.py,tools.join_key_discovery.materials_joinkey_discover,32,from_import,typing,Tuple,,0,,unresolved_external_or_missing
tools/label_synthesis/build_identity_items_lookup.py,tools.label_synthesis.build_identity_items_lookup,45,from_import,__future__,annotations,,0,,unresolved_external_or_missing
tools/label_synthesis/build_identity_items_lookup.py,tools.label_synthesis.build_identity_items_lookup,47,import,argparse,,,0,,unresolved_external_or_missing
tools/label_synthesis/build_identity_items_lookup.py,tools.label_synthesis.build_identity_items_lookup,48,import,csv,,,0,,unresolved_external_or_missing
tools/label_synthesis/build_identity_items_lookup.py,tools.label_synthesis.build_identity_items_lookup,49,import,sys,,,0,,unresolved_external_or_missing
tools/label_synthesis/build_identity_items_lookup.py,tools.label_synthesis.build_identity_items_lookup,50,from_import,collections,defaultdict,,0,,unresolved_external_or_missing
tools/label_synthesis/build_identity_items_lookup.py,tools.label_synthesis.build_identity_items_lookup,51,from_import,pathlib,Path,,0,,unresolved_external_or_missing
tools/label_synthesis/build_identity_items_lookup.py,tools.label_synthesis.build_identity_items_lookup,52,from_import,typing,Dict,,0,,unresolved_external_or_missing
tools/label_synthesis/build_identity_items_lookup.py,tools.label_synthesis.build_identity_items_lookup,52,from_import,typing,List,,0,,unresolved_external_or_missing
tools/label_synthesis/build_identity_items_lookup.py,tools.label_synthesis.build_identity_items_lookup,52,from_import,typing,Optional,,0,,unresolved_external_or_missing
tools/label_synthesis/build_identity_items_lookup.py,tools.label_synthesis.build_identity_items_lookup,52,from_import,typing,Tuple,,0,,unresolved_external_or_missing
tools/label_synthesis/build_label_population.py,tools.label_synthesis.build_label_population,27,from_import,__future__,annotations,,0,,unresolved_external_or_missing
tools/label_synthesis/build_label_population.py,tools.label_synthesis.build_label_population,29,import,argparse,,,0,,unresolved_external_or_missing
tools/label_synthesis/build_label_population.py,tools.label_synthesis.build_label_population,30,import,csv,,,0,,unresolved_external_or_missing
tools/label_synthesis/build_label_population.py,tools.label_synthesis.build_label_population,31,import,sys,,,0,,unresolved_external_or_missing
tools/label_synthesis/build_label_population.py,tools.label_synthesis.build_label_population,32,from_import,collections,defaultdict,,0,,unresolved_external_or_missing
tools/label_synthesis/build_label_population.py,tools.label_synthesis.build_label_population,33,from_import,pathlib,Path,,0,,unresolved_external_or_missing
tools/label_synthesis/build_label_population.py,tools.label_synthesis.build_label_population,34,from_import,typing,Dict,,0,,unresolved_external_or_missing
tools/label_synthesis/build_label_population.py,tools.label_synthesis.build_label_population,34,from_import,typing,Set,,0,,unresolved_external_or_missing
tools/label_synthesis/build_label_population.py,tools.label_synthesis.build_label_population,34,from_import,typing,Tuple,,0,,unresolved_external_or_missing
tools/label_synthesis/build_semantic_groups.py,tools.label_synthesis.build_semantic_groups,12,from_import,__future__,annotations,,0,,unresolved_external_or_missing
tools/label_synthesis/build_semantic_groups.py,tools.label_synthesis.build_semantic_groups,14,import,argparse,,,0,,unresolved_external_or_missing
tools/label_synthesis/build_semantic_groups.py,tools.label_synthesis.build_semantic_groups,15,import,csv,,,0,,unresolved_external_or_missing
tools/label_synthesis/build_semantic_groups.py,tools.label_synthesis.build_semantic_groups,16,import,json,,,0,,unresolved_external_or_missing
tools/label_synthesis/build_semantic_groups.py,tools.label_synthesis.build_semantic_groups,17,import,re,,,0,,unresolved_external_or_missing
tools/label_synthesis/build_semantic_groups.py,tools.label_synthesis.build_semantic_groups,18,from_import,collections,defaultdict,,0,,unresolved_external_or_missing
tools/label_synthesis/build_semantic_groups.py,tools.label_synthesis.build_semantic_groups,19,from_import,datetime,datetime,,0,,unresolved_external_or_missing
tools/label_synthesis/build_semantic_groups.py,tools.label_synthesis.build_semantic_groups,19,from_import,datetime,timezone,,0,,unresolved_external_or_missing
tools/label_synthesis/build_semantic_groups.py,tools.label_synthesis.build_semantic_groups,20,from_import,pathlib,Path,,0,,unresolved_external_or_missing
tools/label_synthesis/build_semantic_groups.py,tools.label_synthesis.build_semantic_groups,21,from_import,typing,Any,,0,,unresolved_external_or_missing
tools/label_synthesis/build_semantic_groups.py,tools.label_synthesis.build_semantic_groups,21,from_import,typing,Dict,,0,,unresolved_external_or_missing
tools/label_synthesis/build_semantic_groups.py,tools.label_synthesis.build_semantic_groups,21,from_import,typing,List,,0,,unresolved_external_or_missing
tools/label_synthesis/build_semantic_groups.py,tools.label_synthesis.build_semantic_groups,21,from_import,typing,Optional,,0,,unresolved_external_or_missing
tools/label_synthesis/domain_prompts/arrowheads.py,tools.label_synthesis.domain_prompts.arrowheads,9,from_import,__future__,annotations,,0,,unresolved_external_or_missing
tools/label_synthesis/domain_prompts/arrowheads.py,tools.label_synthesis.domain_prompts.arrowheads,11,from_import,typing,Any,,0,,unresolved_external_or_missing
tools/label_synthesis/domain_prompts/arrowheads.py,tools.label_synthesis.domain_prompts.arrowheads,11,from_import,typing,Dict,,0,,unresolved_external_or_missing
tools/label_synthesis/domain_prompts/arrowheads.py,tools.label_synthesis.domain_prompts.arrowheads,11,from_import,typing,List,,0,,unresolved_external_or_missing
tools/label_synthesis/domain_prompts/arrowheads.py,tools.label_synthesis.domain_prompts.arrowheads,11,from_import,typing,Optional,,0,,unresolved_external_or_missing
tools/label_synthesis/domain_prompts/dimension_types.py,tools.label_synthesis.domain_prompts.dimension_types,21,from_import,__future__,annotations,,0,,unresolved_external_or_missing
tools/label_synthesis/domain_prompts/dimension_types.py,tools.label_synthesis.domain_prompts.dimension_types,23,from_import,typing,Any,,0,,unresolved_external_or_missing
tools/label_synthesis/domain_prompts/dimension_types.py,tools.label_synthesis.domain_prompts.dimension_types,23,from_import,typing,Dict,,0,,unresolved_external_or_missing
tools/label_synthesis/domain_prompts/dimension_types.py,tools.label_synthesis.domain_prompts.dimension_types,23,from_import,typing,List,,0,,unresolved_external_or_missing
tools/label_synthesis/domain_prompts/dimension_types.py,tools.label_synthesis.domain_prompts.dimension_types,23,from_import,typing,Optional,,0,,unresolved_external_or_missing
tools/label_synthesis/domain_prompts/fill_patterns.py,tools.label_synthesis.domain_prompts.fill_patterns,9,from_import,__future__,annotations,,0,,unresolved_external_or_missing
tools/label_synthesis/domain_prompts/fill_patterns.py,tools.label_synthesis.domain_prompts.fill_patterns,11,import,re,,,0,,unresolved_external_or_missing
tools/label_synthesis/domain_prompts/fill_patterns.py,tools.label_synthesis.domain_prompts.fill_patterns,12,from_import,typing,Any,,0,,unresolved_external_or_missing
tools/label_synthesis/domain_prompts/fill_patterns.py,tools.label_synthesis.domain_prompts.fill_patterns,12,from_import,typing,Dict,,0,,unresolved_external_or_missing
tools/label_synthesis/domain_prompts/fill_patterns.py,tools.label_synthesis.domain_prompts.fill_patterns,12,from_import,typing,List,,0,,unresolved_external_or_missing
tools/label_synthesis/domain_prompts/fill_patterns.py,tools.label_synthesis.domain_prompts.fill_patterns,12,from_import,typing,Optional,,0,,unresolved_external_or_missing
tools/label_synthesis/domain_prompts/line_patterns.py,tools.label_synthesis.domain_prompts.line_patterns,9,from_import,__future__,annotations,,0,,unresolved_external_or_missing
tools/label_synthesis/domain_prompts/line_patterns.py,tools.label_synthesis.domain_prompts.line_patterns,11,import,re,,,0,,unresolved_external_or_missing
tools/label_synthesis/domain_prompts/line_patterns.py,tools.label_synthesis.domain_prompts.line_patterns,12,from_import,typing,Any,,0,,unresolved_external_or_missing
tools/label_synthesis/domain_prompts/line_patterns.py,tools.label_synthesis.domain_prompts.line_patterns,12,from_import,typing,Dict,,0,,unresolved_external_or_missing
tools/label_synthesis/domain_prompts/line_patterns.py,tools.label_synthesis.domain_prompts.line_patterns,12,from_import,typing,List,,0,,unresolved_external_or_missing
tools/label_synthesis/domain_prompts/line_patterns.py,tools.label_synthesis.domain_prompts.line_patterns,12,from_import,typing,Optional,,0,,unresolved_external_or_missing
tools/label_synthesis/domain_prompts/line_styles.py,tools.label_synthesis.domain_prompts.line_styles,9,from_import,__future__,annotations,,0,,unresolved_external_or_missing
tools/label_synthesis/domain_prompts/line_styles.py,tools.label_synthesis.domain_prompts.line_styles,11,from_import,typing,Any,,0,,unresolved_external_or_missing
tools/label_synthesis/domain_prompts/line_styles.py,tools.label_synthesis.domain_prompts.line_styles,11,from_import,typing,Dict,,0,,unresolved_external_or_missing
tools/label_synthesis/domain_prompts/line_styles.py,tools.label_synthesis.domain_prompts.line_styles,11,from_import,typing,List,,0,,unresolved_external_or_missing
tools/label_synthesis/domain_prompts/line_styles.py,tools.label_synthesis.domain_prompts.line_styles,11,from_import,typing,Optional,,0,,unresolved_external_or_missing
tools/label_synthesis/domain_prompts/text_types.py,tools.label_synthesis.domain_prompts.text_types,9,from_import,__future__,annotations,,0,,unresolved_external_or_missing
tools/label_synthesis/domain_prompts/text_types.py,tools.label_synthesis.domain_prompts.text_types,11,from_import,typing,Any,,0,,unresolved_external_or_missing
tools/label_synthesis/domain_prompts/text_types.py,tools.label_synthesis.domain_prompts.text_types,11,from_import,typing,Dict,,0,,unresolved_external_or_missing
tools/label_synthesis/domain_prompts/text_types.py,tools.label_synthesis.domain_prompts.text_types,11,from_import,typing,List,,0,,unresolved_external_or_missing
tools/label_synthesis/domain_prompts/text_types.py,tools.label_synthesis.domain_prompts.text_types,11,from_import,typing,Optional,,0,,unresolved_external_or_missing
tools/label_synthesis/domain_prompts/view_filter_definitions.py,tools.label_synthesis.domain_prompts.view_filter_definitions,20,from_import,__future__,annotations,,0,,unresolved_external_or_missing
tools/label_synthesis/domain_prompts/view_filter_definitions.py,tools.label_synthesis.domain_prompts.view_filter_definitions,22,import,re,,,0,,unresolved_external_or_missing
tools/label_synthesis/domain_prompts/view_filter_definitions.py,tools.label_synthesis.domain_prompts.view_filter_definitions,23,from_import,typing,Any,,0,,unresolved_external_or_missing
tools/label_synthesis/domain_prompts/view_filter_definitions.py,tools.label_synthesis.domain_prompts.view_filter_definitions,23,from_import,typing,Dict,,0,,unresolved_external_or_missing
tools/label_synthesis/domain_prompts/view_filter_definitions.py,tools.label_synthesis.domain_prompts.view_filter_definitions,23,from_import,typing,List,,0,,unresolved_external_or_missing
tools/label_synthesis/domain_prompts/view_filter_definitions.py,tools.label_synthesis.domain_prompts.view_filter_definitions,23,from_import,typing,Optional,,0,,unresolved_external_or_missing
tools/label_synthesis/label_resolver.py,tools.label_synthesis.label_resolver,36,from_import,__future__,annotations,,0,,unresolved_external_or_missing
tools/label_synthesis/label_resolver.py,tools.label_synthesis.label_resolver,38,import,json,,,0,,unresolved_external_or_missing
tools/label_synthesis/label_resolver.py,tools.label_synthesis.label_resolver,39,import,math,,,0,,unresolved_external_or_missing
tools/label_synthesis/label_resolver.py,tools.label_synthesis.label_resolver,40,import,os,,,0,,unresolved_external_or_missing
tools/label_synthesis/label_resolver.py,tools.label_synthesis.label_resolver,41,from_import,typing,Any,,0,,unresolved_external_or_missing
tools/label_synthesis/label_resolver.py,tools.label_synthesis.label_resolver,41,from_import,typing,Dict,,0,,unresolved_external_or_missing
tools/label_synthesis/label_resolver.py,tools.label_synthesis.label_resolver,41,from_import,typing,List,,0,,unresolved_external_or_missing
tools/label_synthesis/label_resolver.py,tools.label_synthesis.label_resolver,41,from_import,typing,Optional,,0,,unresolved_external_or_missing
tools/label_synthesis/label_resolver.py,tools.label_synthesis.label_resolver,41,from_import,typing,Tuple,,0,,unresolved_external_or_missing
tools/label_synthesis/label_resolver.py,tools.label_synthesis.label_resolver,266,import,importlib,,,0,,unresolved_external_or_missing
tools/label_synthesis/label_resolver.py,tools.label_synthesis.label_resolver,376,import,csv,,,0,,unresolved_external_or_missing
tools/label_synthesis/label_resolver.py,tools.label_synthesis.label_resolver,397,import,csv,,,0,,unresolved_external_or_missing
tools/label_synthesis/patch_all_domain_patterns.py,tools.label_synthesis.patch_all_domain_patterns,36,from_import,__future__,annotations,,0,,unresolved_external_or_missing
tools/label_synthesis/patch_all_domain_patterns.py,tools.label_synthesis.patch_all_domain_patterns,38,import,argparse,,,0,,unresolved_external_or_missing
tools/label_synthesis/patch_all_domain_patterns.py,tools.label_synthesis.patch_all_domain_patterns,39,import,csv,,,0,,unresolved_external_or_missing
tools/label_synthesis/patch_all_domain_patterns.py,tools.label_synthesis.patch_all_domain_patterns,40,import,json,,,0,,unresolved_external_or_missing
tools/label_synthesis/patch_all_domain_patterns.py,tools.label_synthesis.patch_all_domain_patterns,41,import,math,,,0,,unresolved_external_or_missing
tools/label_synthesis/patch_all_domain_patterns.py,tools.label_synthesis.patch_all_domain_patterns,42,import,shutil,,,0,,unresolved_external_or_missing
tools/label_synthesis/patch_all_domain_patterns.py,tools.label_synthesis.patch_all_domain_patterns,43,import,sys,,,0,,unresolved_external_or_missing
tools/label_synthesis/patch_all_domain_patterns.py,tools.label_synthesis.patch_all_domain_patterns,44,from_import,pathlib,Path,,0,,unresolved_external_or_missing
tools/label_synthesis/patch_all_domain_patterns.py,tools.label_synthesis.patch_all_domain_patterns,45,from_import,typing,Any,,0,,unresolved_external_or_missing
tools/label_synthesis/patch_all_domain_patterns.py,tools.label_synthesis.patch_all_domain_patterns,45,from_import,typing,Dict,,0,,unresolved_external_or_missing
tools/label_synthesis/patch_all_domain_patterns.py,tools.label_synthesis.patch_all_domain_patterns,45,from_import,typing,List,,0,,unresolved_external_or_missing
tools/label_synthesis/patch_all_domain_patterns.py,tools.label_synthesis.patch_all_domain_patterns,45,from_import,typing,Optional,,0,,unresolved_external_or_missing
tools/label_synthesis/patch_all_domain_patterns.py,tools.label_synthesis.patch_all_domain_patterns,45,from_import,typing,Tuple,,0,,unresolved_external_or_missing
tools/label_synthesis/patch_domain_patterns_labels.py,tools.label_synthesis.patch_domain_patterns_labels,40,from_import,__future__,annotations,,0,,unresolved_external_or_missing
tools/label_synthesis/patch_domain_patterns_labels.py,tools.label_synthesis.patch_domain_patterns_labels,42,import,argparse,,,0,,unresolved_external_or_missing
tools/label_synthesis/patch_domain_patterns_labels.py,tools.label_synthesis.patch_domain_patterns_labels,43,import,csv,,,0,,unresolved_external_or_missing
tools/label_synthesis/patch_domain_patterns_labels.py,tools.label_synthesis.patch_domain_patterns_labels,44,import,json,,,0,,unresolved_external_or_missing
tools/label_synthesis/patch_domain_patterns_labels.py,tools.label_synthesis.patch_domain_patterns_labels,45,import,os,,,0,,unresolved_external_or_missing
tools/label_synthesis/patch_domain_patterns_labels.py,tools.label_synthesis.patch_domain_patterns_labels,46,import,shutil,,,0,,unresolved_external_or_missing
tools/label_synthesis/patch_domain_patterns_labels.py,tools.label_synthesis.patch_domain_patterns_labels,47,import,sys,,,0,,unresolved_external_or_missing
tools/label_synthesis/patch_domain_patterns_labels.py,tools.label_synthesis.patch_domain_patterns_labels,48,from_import,pathlib,Path,,0,,unresolved_external_or_missing
tools/label_synthesis/patch_domain_patterns_labels.py,tools.label_synthesis.patch_domain_patterns_labels,49,from_import,typing,Any,,0,,unresolved_external_or_missing
tools/label_synthesis/patch_domain_patterns_labels.py,tools.label_synthesis.patch_domain_patterns_labels,49,from_import,typing,Dict,,0,,unresolved_external_or_missing
tools/label_synthesis/patch_domain_patterns_labels.py,tools.label_synthesis.patch_domain_patterns_labels,49,from_import,typing,List,,0,,unresolved_external_or_missing
tools/label_synthesis/patch_domain_patterns_labels.py,tools.label_synthesis.patch_domain_patterns_labels,49,from_import,typing,Optional,,0,,unresolved_external_or_missing
tools/label_synthesis/patch_domain_patterns_labels.py,tools.label_synthesis.patch_domain_patterns_labels,49,from_import,typing,Tuple,,0,,unresolved_external_or_missing
tools/label_synthesis/patch_domain_patterns_labels.py,tools.label_synthesis.patch_domain_patterns_labels,107,import,math,,,0,,unresolved_external_or_missing
tools/label_synthesis/synopsis_formatters/arrowheads.py,tools.label_synthesis.synopsis_formatters.arrowheads,13,from_import,__future__,annotations,,0,,unresolved_external_or_missing
tools/label_synthesis/synopsis_formatters/arrowheads.py,tools.label_synthesis.synopsis_formatters.arrowheads,14,from_import,typing,Any,,0,,unresolved_external_or_missing
tools/label_synthesis/synopsis_formatters/arrowheads.py,tools.label_synthesis.synopsis_formatters.arrowheads,14,from_import,typing,Dict,,0,,unresolved_external_or_missing
tools/label_synthesis/synopsis_formatters/arrowheads.py,tools.label_synthesis.synopsis_formatters.arrowheads,14,from_import,typing,List,,0,,unresolved_external_or_missing
tools/label_synthesis/synopsis_formatters/arrowheads.py,tools.label_synthesis.synopsis_formatters.arrowheads,14,from_import,typing,Optional,,0,,unresolved_external_or_missing
tools/label_synthesis/synopsis_formatters/dimension_types.py,tools.label_synthesis.synopsis_formatters.dimension_types,36,from_import,__future__,annotations,,0,,unresolved_external_or_missing
tools/label_synthesis/synopsis_formatters/dimension_types.py,tools.label_synthesis.synopsis_formatters.dimension_types,38,from_import,typing,Any,,0,,unresolved_external_or_missing
tools/label_synthesis/synopsis_formatters/dimension_types.py,tools.label_synthesis.synopsis_formatters.dimension_types,38,from_import,typing,Dict,,0,,unresolved_external_or_missing
tools/label_synthesis/synopsis_formatters/dimension_types.py,tools.label_synthesis.synopsis_formatters.dimension_types,38,from_import,typing,List,,0,,unresolved_external_or_missing
tools/label_synthesis/synopsis_formatters/dimension_types.py,tools.label_synthesis.synopsis_formatters.dimension_types,38,from_import,typing,Optional,,0,,unresolved_external_or_missing
tools/label_synthesis/synopsis_formatters/fill_patterns.py,tools.label_synthesis.synopsis_formatters.fill_patterns,21,from_import,__future__,annotations,,0,,unresolved_external_or_missing
tools/label_synthesis/synopsis_formatters/fill_patterns.py,tools.label_synthesis.synopsis_formatters.fill_patterns,22,from_import,typing,Any,,0,,unresolved_external_or_missing
tools/label_synthesis/synopsis_formatters/fill_patterns.py,tools.label_synthesis.synopsis_formatters.fill_patterns,22,from_import,typing,Dict,,0,,unresolved_external_or_missing
tools/label_synthesis/synopsis_formatters/fill_patterns.py,tools.label_synthesis.synopsis_formatters.fill_patterns,22,from_import,typing,List,,0,,unresolved_external_or_missing
tools/label_synthesis/synopsis_formatters/fill_patterns.py,tools.label_synthesis.synopsis_formatters.fill_patterns,22,from_import,typing,Optional,,0,,unresolved_external_or_missing
tools/label_synthesis/synopsis_formatters/line_patterns.py,tools.label_synthesis.synopsis_formatters.line_patterns,22,from_import,__future__,annotations,,0,,unresolved_external_or_missing
tools/label_synthesis/synopsis_formatters/line_patterns.py,tools.label_synthesis.synopsis_formatters.line_patterns,23,from_import,typing,Any,,0,,unresolved_external_or_missing
tools/label_synthesis/synopsis_formatters/line_patterns.py,tools.label_synthesis.synopsis_formatters.line_patterns,23,from_import,typing,Dict,,0,,unresolved_external_or_missing
tools/label_synthesis/synopsis_formatters/line_patterns.py,tools.label_synthesis.synopsis_formatters.line_patterns,23,from_import,typing,List,,0,,unresolved_external_or_missing
tools/label_synthesis/synopsis_formatters/line_patterns.py,tools.label_synthesis.synopsis_formatters.line_patterns,23,from_import,typing,Optional,,0,,unresolved_external_or_missing
tools/label_synthesis/synopsis_formatters/line_patterns.py,tools.label_synthesis.synopsis_formatters.line_patterns,23,from_import,typing,Tuple,,0,,unresolved_external_or_missing
tools/label_synthesis/synopsis_formatters/line_patterns.py,tools.label_synthesis.synopsis_formatters.line_patterns,24,import,re,,,0,,unresolved_external_or_missing
tools/label_synthesis/synopsis_formatters/line_styles.py,tools.label_synthesis.synopsis_formatters.line_styles,17,from_import,__future__,annotations,,0,,unresolved_external_or_missing
tools/label_synthesis/synopsis_formatters/line_styles.py,tools.label_synthesis.synopsis_formatters.line_styles,18,from_import,typing,Any,,0,,unresolved_external_or_missing
tools/label_synthesis/synopsis_formatters/line_styles.py,tools.label_synthesis.synopsis_formatters.line_styles,18,from_import,typing,Dict,,0,,unresolved_external_or_missing
tools/label_synthesis/synopsis_formatters/line_styles.py,tools.label_synthesis.synopsis_formatters.line_styles,18,from_import,typing,List,,0,,unresolved_external_or_missing
tools/label_synthesis/synopsis_formatters/line_styles.py,tools.label_synthesis.synopsis_formatters.line_styles,18,from_import,typing,Optional,,0,,unresolved_external_or_missing
tools/label_synthesis/synopsis_formatters/object_styles_annotation.py,tools.label_synthesis.synopsis_formatters.object_styles_annotation,30,from_import,__future__,annotations,,0,,unresolved_external_or_missing
tools/label_synthesis/synopsis_formatters/object_styles_annotation.py,tools.label_synthesis.synopsis_formatters.object_styles_annotation,31,from_import,typing,Any,,0,,unresolved_external_or_missing
tools/label_synthesis/synopsis_formatters/object_styles_annotation.py,tools.label_synthesis.synopsis_formatters.object_styles_annotation,31,from_import,typing,Dict,,0,,unresolved_external_or_missing
tools/label_synthesis/synopsis_formatters/object_styles_annotation.py,tools.label_synthesis.synopsis_formatters.object_styles_annotation,31,from_import,typing,List,,0,,unresolved_external_or_missing
tools/label_synthesis/synopsis_formatters/object_styles_annotation.py,tools.label_synthesis.synopsis_formatters.object_styles_annotation,31,from_import,typing,Optional,,0,,unresolved_external_or_missing
tools/label_synthesis/synopsis_formatters/object_styles_model.py,tools.label_synthesis.synopsis_formatters.object_styles_model,35,from_import,__future__,annotations,,0,,unresolved_external_or_missing
tools/label_synthesis/synopsis_formatters/object_styles_model.py,tools.label_synthesis.synopsis_formatters.object_styles_model,36,from_import,typing,Any,,0,,unresolved_external_or_missing
tools/label_synthesis/synopsis_formatters/object_styles_model.py,tools.label_synthesis.synopsis_formatters.object_styles_model,36,from_import,typing,Dict,,0,,unresolved_external_or_missing
tools/label_synthesis/synopsis_formatters/object_styles_model.py,tools.label_synthesis.synopsis_formatters.object_styles_model,36,from_import,typing,List,,0,,unresolved_external_or_missing
tools/label_synthesis/synopsis_formatters/object_styles_model.py,tools.label_synthesis.synopsis_formatters.object_styles_model,36,from_import,typing,Optional,,0,,unresolved_external_or_missing
tools/label_synthesis/synopsis_formatters/phase_filters.py,tools.label_synthesis.synopsis_formatters.phase_filters,25,from_import,__future__,annotations,,0,,unresolved_external_or_missing
tools/label_synthesis/synopsis_formatters/phase_filters.py,tools.label_synthesis.synopsis_formatters.phase_filters,26,from_import,typing,Any,,0,,unresolved_external_or_missing
tools/label_synthesis/synopsis_formatters/phase_filters.py,tools.label_synthesis.synopsis_formatters.phase_filters,26,from_import,typing,Dict,,0,,unresolved_external_or_missing
tools/label_synthesis/synopsis_formatters/phase_filters.py,tools.label_synthesis.synopsis_formatters.phase_filters,26,from_import,typing,List,,0,,unresolved_external_or_missing
tools/label_synthesis/synopsis_formatters/phase_filters.py,tools.label_synthesis.synopsis_formatters.phase_filters,26,from_import,typing,Optional,,0,,unresolved_external_or_missing
tools/label_synthesis/synopsis_formatters/text_types.py,tools.label_synthesis.synopsis_formatters.text_types,12,from_import,__future__,annotations,,0,,unresolved_external_or_missing
tools/label_synthesis/synopsis_formatters/text_types.py,tools.label_synthesis.synopsis_formatters.text_types,13,from_import,typing,Any,,0,,unresolved_external_or_missing
tools/label_synthesis/synopsis_formatters/text_types.py,tools.label_synthesis.synopsis_formatters.text_types,13,from_import,typing,Dict,,0,,unresolved_external_or_missing
tools/label_synthesis/synopsis_formatters/text_types.py,tools.label_synthesis.synopsis_formatters.text_types,13,from_import,typing,List,,0,,unresolved_external_or_missing
tools/label_synthesis/synopsis_formatters/text_types.py,tools.label_synthesis.synopsis_formatters.text_types,13,from_import,typing,Optional,,0,,unresolved_external_or_missing
tools/label_synthesis/synthesize_fragmented_labels.py,tools.label_synthesis.synthesize_fragmented_labels,28,from_import,__future__,annotations,,0,,unresolved_external_or_missing
tools/label_synthesis/synthesize_fragmented_labels.py,tools.label_synthesis.synthesize_fragmented_labels,30,import,argparse,,,0,,unresolved_external_or_missing
tools/label_synthesis/synthesize_fragmented_labels.py,tools.label_synthesis.synthesize_fragmented_labels,31,import,csv,,,0,,unresolved_external_or_missing
tools/label_synthesis/synthesize_fragmented_labels.py,tools.label_synthesis.synthesize_fragmented_labels,32,import,json,,,0,,unresolved_external_or_missing
tools/label_synthesis/synthesize_fragmented_labels.py,tools.label_synthesis.synthesize_fragmented_labels,33,import,os,,,0,,unresolved_external_or_missing
tools/label_synthesis/synthesize_fragmented_labels.py,tools.label_synthesis.synthesize_fragmented_labels,34,import,re,,,0,,unresolved_external_or_missing
tools/label_synthesis/synthesize_fragmented_labels.py,tools.label_synthesis.synthesize_fragmented_labels,35,import,sys,,,0,,unresolved_external_or_missing
tools/label_synthesis/synthesize_fragmented_labels.py,tools.label_synthesis.synthesize_fragmented_labels,36,import,threading,,,0,,unresolved_external_or_missing
tools/label_synthesis/synthesize_fragmented_labels.py,tools.label_synthesis.synthesize_fragmented_labels,37,import,time,,,0,,unresolved_external_or_missing
tools/label_synthesis/synthesize_fragmented_labels.py,tools.label_synthesis.synthesize_fragmented_labels,38,from_import,concurrent.futures,ThreadPoolExecutor,,0,,unresolved_external_or_missing
tools/label_synthesis/synthesize_fragmented_labels.py,tools.label_synthesis.synthesize_fragmented_labels,38,from_import,concurrent.futures,as_completed,,0,,unresolved_external_or_missing
tools/label_synthesis/synthesize_fragmented_labels.py,tools.label_synthesis.synthesize_fragmented_labels,39,from_import,datetime,date,,0,,unresolved_external_or_missing
tools/label_synthesis/synthesize_fragmented_labels.py,tools.label_synthesis.synthesize_fragmented_labels,40,from_import,pathlib,Path,,0,,unresolved_external_or_missing
tools/label_synthesis/synthesize_fragmented_labels.py,tools.label_synthesis.synthesize_fragmented_labels,41,from_import,typing,Any,,0,,unresolved_external_or_missing
tools/label_synthesis/synthesize_fragmented_labels.py,tools.label_synthesis.synthesize_fragmented_labels,41,from_import,typing,Dict,,0,,unresolved_external_or_missing
tools/label_synthesis/synthesize_fragmented_labels.py,tools.label_synthesis.synthesize_fragmented_labels,41,from_import,typing,List,,0,,unresolved_external_or_missing
tools/label_synthesis/synthesize_fragmented_labels.py,tools.label_synthesis.synthesize_fragmented_labels,41,from_import,typing,Optional,,0,,unresolved_external_or_missing
tools/label_synthesis/synthesize_fragmented_labels.py,tools.label_synthesis.synthesize_fragmented_labels,41,from_import,typing,Tuple,,0,,unresolved_external_or_missing
tools/label_synthesis/synthesize_fragmented_labels.py,tools.label_synthesis.synthesize_fragmented_labels,44,from_import,label_resolver,MODAL_THRESHOLD,,1,tools/label_synthesis/label_resolver.py,resolved
tools/label_synthesis/synthesize_fragmented_labels.py,tools.label_synthesis.synthesize_fragmented_labels,44,from_import,label_resolver,is_fragmented,,1,tools/label_synthesis/label_resolver.py,resolved
tools/label_synthesis/synthesize_fragmented_labels.py,tools.label_synthesis.synthesize_fragmented_labels,44,from_import,label_resolver,load_label_population,,1,tools/label_synthesis/label_resolver.py,resolved
tools/label_synthesis/synthesize_fragmented_labels.py,tools.label_synthesis.synthesize_fragmented_labels,44,from_import,label_resolver,load_llm_cache,,1,tools/label_synthesis/label_resolver.py,resolved
tools/label_synthesis/synthesize_fragmented_labels.py,tools.label_synthesis.synthesize_fragmented_labels,44,from_import,label_resolver,save_llm_cache,,1,tools/label_synthesis/label_resolver.py,resolved
tools/label_synthesis/synthesize_fragmented_labels.py,tools.label_synthesis.synthesize_fragmented_labels,302,import,anthropic,,,0,,unresolved_external_or_missing
tools/label_synthesis/synthesize_fragmented_labels.py,tools.label_synthesis.synthesize_fragmented_labels,319,import,urllib.request,,,0,,unresolved_external_or_missing
tools/label_synthesis/synthesize_fragmented_labels.py,tools.label_synthesis.synthesize_fragmented_labels,320,import,urllib.error,,,0,,unresolved_external_or_missing
tools/label_synthesis/synthesize_fragmented_labels.py,tools.label_synthesis.synthesize_fragmented_labels,401,import,csv,,_csv,0,,unresolved_external_or_missing
tools/label_synthesis/synthesize_fragmented_labels.py,tools.label_synthesis.synthesize_fragmented_labels,514,import,importlib,,,0,,unresolved_external_or_missing
tools/lib/diff_engine.py,tools.lib.diff_engine,1,import,argparse,,,0,,unresolved_external_or_missing
tools/lib/diff_engine.py,tools.lib.diff_engine,2,import,csv,,,0,,unresolved_external_or_missing
tools/lib/diff_engine.py,tools.lib.diff_engine,3,import,json,,,0,,unresolved_external_or_missing
tools/lib/diff_engine.py,tools.lib.diff_engine,4,from_import,collections,defaultdict,,0,,unresolved_external_or_missing
tools/lib/diff_engine.py,tools.lib.diff_engine,5,from_import,datetime,datetime,,0,,unresolved_external_or_missing
tools/lib/diff_engine.py,tools.lib.diff_engine,6,from_import,pathlib,Path,,0,,unresolved_external_or_missing
tools/lib/diff_engine.py,tools.lib.diff_engine,7,from_import,typing,Any,,0,,unresolved_external_or_missing
tools/lib/diff_engine.py,tools.lib.diff_engine,7,from_import,typing,Dict,,0,,unresolved_external_or_missing
tools/lib/diff_engine.py,tools.lib.diff_engine,7,from_import,typing,List,,0,,unresolved_external_or_missing
tools/lib/diff_engine.py,tools.lib.diff_engine,7,from_import,typing,Tuple,,0,,unresolved_external_or_missing
tools/lib/diff_engine.py,tools.lib.diff_engine,9,from_import,tools.lib.domain_profile,DomainProfile,,0,tools/lib/domain_profile.py,resolved
tools/lib/domain_profile.py,tools.lib.domain_profile,1,from_import,dataclasses,dataclass,,0,,unresolved_external_or_missing
tools/lib/domain_profile.py,tools.lib.domain_profile,1,from_import,dataclasses,field,,0,,unresolved_external_or_missing
tools/lib/domain_profile.py,tools.lib.domain_profile,2,from_import,typing,Any,,0,,unresolved_external_or_missing
tools/lib/domain_profile.py,tools.lib.domain_profile,2,from_import,typing,Dict,,0,,unresolved_external_or_missing
tools/lib/domain_profile.py,tools.lib.domain_profile,2,from_import,typing,List,,0,,unresolved_external_or_missing
tools/lib/domain_profile.py,tools.lib.domain_profile,2,from_import,typing,Optional,,0,,unresolved_external_or_missing
tools/lib/domain_profile.py,tools.lib.domain_profile,2,from_import,typing,Set,,0,,unresolved_external_or_missing
tools/lib/domain_profile.py,tools.lib.domain_profile,2,from_import,typing,Tuple,,0,,unresolved_external_or_missing
tools/lib/vt_profile.py,tools.lib.vt_profile,1,from_import,dataclasses,dataclass,,0,,unresolved_external_or_missing
tools/lib/vt_profile.py,tools.lib.vt_profile,3,from_import,tools.lib.domain_profile,DomainProfile,,0,tools/lib/domain_profile.py,resolved
tools/lib/vt_profile.py,tools.lib.vt_profile,3,from_import,tools.lib.domain_profile,ResolutionSpec,,0,tools/lib/domain_profile.py,resolved
tools/migration/compress_fingerprint_json.py,tools.migration.compress_fingerprint_json,30,from_import,__future__,annotations,,0,,unresolved_external_or_missing
tools/migration/compress_fingerprint_json.py,tools.migration.compress_fingerprint_json,32,import,argparse,,,0,,unresolved_external_or_missing
tools/migration/compress_fingerprint_json.py,tools.migration.compress_fingerprint_json,33,import,json,,,0,,unresolved_external_or_missing
tools/migration/compress_fingerprint_json.py,tools.migration.compress_fingerprint_json,34,import,shutil,,,0,,unresolved_external_or_missing
tools/migration/compress_fingerprint_json.py,tools.migration.compress_fingerprint_json,35,import,sys,,,0,,unresolved_external_or_missing
tools/migration/compress_fingerprint_json.py,tools.migration.compress_fingerprint_json,36,from_import,pathlib,Path,,0,,unresolved_external_or_missing
tools/migration/compress_fingerprint_json.py,tools.migration.compress_fingerprint_json,37,from_import,typing,Any,,0,,unresolved_external_or_missing
tools/migration/compress_fingerprint_json.py,tools.migration.compress_fingerprint_json,37,from_import,typing,Dict,,0,,unresolved_external_or_missing
tools/migration/compress_fingerprint_json.py,tools.migration.compress_fingerprint_json,37,from_import,typing,List,,0,,unresolved_external_or_missing
tools/migration/compress_fingerprint_json.py,tools.migration.compress_fingerprint_json,37,from_import,typing,Optional,,0,,unresolved_external_or_missing
tools/migration/compress_fingerprint_json.py,tools.migration.compress_fingerprint_json,37,from_import,typing,Tuple,,0,,unresolved_external_or_missing
tools/migration/extract_first_record.py,tools.migration.extract_first_record,26,from_import,__future__,annotations,,0,,unresolved_external_or_missing
tools/migration/extract_first_record.py,tools.migration.extract_first_record,28,import,json,,,0,,unresolved_external_or_missing
tools/migration/extract_first_record.py,tools.migration.extract_first_record,29,import,sys,,,0,,unresolved_external_or_missing
tools/migration/extract_first_record.py,tools.migration.extract_first_record,30,from_import,pathlib,Path,,0,,unresolved_external_or_missing
tools/migration/extract_first_record.py,tools.migration.extract_first_record,31,from_import,typing,Any,,0,,unresolved_external_or_missing
tools/migration/migrate_materials_identity_items.py,tools.migration.migrate_materials_identity_items,45,from_import,__future__,annotations,,0,,unresolved_external_or_missing
tools/migration/migrate_materials_identity_items.py,tools.migration.migrate_materials_identity_items,47,import,argparse,,,0,,unresolved_external_or_missing
tools/migration/migrate_materials_identity_items.py,tools.migration.migrate_materials_identity_items,48,import,hashlib,,,0,,unresolved_external_or_missing
tools/migration/migrate_materials_identity_items.py,tools.migration.migrate_materials_identity_items,49,import,json,,,0,,unresolved_external_or_missing
tools/migration/migrate_materials_identity_items.py,tools.migration.migrate_materials_identity_items,50,import,shutil,,,0,,unresolved_external_or_missing
tools/migration/migrate_materials_identity_items.py,tools.migration.migrate_materials_identity_items,51,import,sys,,,0,,unresolved_external_or_missing
tools/migration/migrate_materials_identity_items.py,tools.migration.migrate_materials_identity_items,52,from_import,pathlib,Path,,0,,unresolved_external_or_missing
tools/migration/migrate_materials_identity_items.py,tools.migration.migrate_materials_identity_items,53,from_import,typing,Any,,0,,unresolved_external_or_missing
tools/migration/migrate_materials_identity_items.py,tools.migration.migrate_materials_identity_items,53,from_import,typing,Dict,,0,,unresolved_external_or_missing
tools/migration/migrate_materials_identity_items.py,tools.migration.migrate_materials_identity_items,53,from_import,typing,List,,0,,unresolved_external_or_missing
tools/migration/migrate_materials_identity_items.py,tools.migration.migrate_materials_identity_items,53,from_import,typing,Optional,,0,,unresolved_external_or_missing
tools/migration/migrate_materials_identity_items.py,tools.migration.migrate_materials_identity_items,53,from_import,typing,Tuple,,0,,unresolved_external_or_missing
tools/migration/reformat_to_flat_items.py,tools.migration.reformat_to_flat_items,4,from_import,__future__,annotations,,0,,unresolved_external_or_missing
tools/migration/reformat_to_flat_items.py,tools.migration.reformat_to_flat_items,6,import,argparse,,,0,,unresolved_external_or_missing
tools/migration/reformat_to_flat_items.py,tools.migration.reformat_to_flat_items,7,import,json,,,0,,unresolved_external_or_missing
tools/migration/reformat_to_flat_items.py,tools.migration.reformat_to_flat_items,8,import,os,,,0,,unresolved_external_or_missing
tools/migration/reformat_to_flat_items.py,tools.migration.reformat_to_flat_items,9,import,sys,,,0,,unresolved_external_or_missing
tools/migration/reformat_to_flat_items.py,tools.migration.reformat_to_flat_items,10,from_import,collections,Counter,,0,,unresolved_external_or_missing
tools/migration/reformat_to_flat_items.py,tools.migration.reformat_to_flat_items,11,from_import,pathlib,Path,,0,,unresolved_external_or_missing
tools/migration/reformat_to_flat_items.py,tools.migration.reformat_to_flat_items,12,from_import,typing,Any,,0,,unresolved_external_or_missing
tools/migration/reformat_to_flat_items.py,tools.migration.reformat_to_flat_items,19,from_import,core.canonical_items,build_flat_items,,0,core/canonical_items.py,resolved
tools/na_token.py,tools.na_token,1,from_import,__future__,annotations,,0,,unresolved_external_or_missing
tools/na_token.py,tools.na_token,3,import,re,,,0,,unresolved_external_or_missing
tools/pairwise_analysis.py,tools.pairwise_analysis,2,from_import,__future__,annotations,,0,,unresolved_external_or_missing
tools/pairwise_analysis.py,tools.pairwise_analysis,4,import,argparse,,,0,,unresolved_external_or_missing
tools/pairwise_analysis.py,tools.pairwise_analysis,5,import,csv,,,0,,unresolved_external_or_missing
tools/pairwise_analysis.py,tools.pairwise_analysis,6,from_import,itertools,combinations,,0,,unresolved_external_or_missing
tools/pairwise_analysis.py,tools.pairwise_analysis,7,from_import,pathlib,Path,,0,,unresolved_external_or_missing
tools/pairwise_analysis.py,tools.pairwise_analysis,8,from_import,typing,Any,,0,,unresolved_external_or_missing
tools/pairwise_analysis.py,tools.pairwise_analysis,8,from_import,typing,Dict,,0,,unresolved_external_or_missing
tools/pairwise_analysis.py,tools.pairwise_analysis,8,from_import,typing,List,,0,,unresolved_external_or_missing
tools/pairwise_analysis.py,tools.pairwise_analysis,8,from_import,typing,Tuple,,0,,unresolved_external_or_missing
tools/pareto_joinkey_search.py,tools.pareto_joinkey_search,19,from_import,__future__,annotations,,0,,unresolved_external_or_missing
tools/pareto_joinkey_search.py,tools.pareto_joinkey_search,21,import,argparse,,,0,,unresolved_external_or_missing
tools/pareto_joinkey_search.py,tools.pareto_joinkey_search,22,import,itertools,,,0,,unresolved_external_or_missing
tools/pareto_joinkey_search.py,tools.pareto_joinkey_search,23,import,math,,,0,,unresolved_external_or_missing
tools/pareto_joinkey_search.py,tools.pareto_joinkey_search,24,import,json,,,0,,unresolved_external_or_missing
tools/pareto_joinkey_search.py,tools.pareto_joinkey_search,25,from_import,dataclasses,dataclass,,0,,unresolved_external_or_missing
tools/pareto_joinkey_search.py,tools.pareto_joinkey_search,26,from_import,pathlib,Path,,0,,unresolved_external_or_missing
tools/pareto_joinkey_search.py,tools.pareto_joinkey_search,27,from_import,typing,Dict,,0,,unresolved_external_or_missing
tools/pareto_joinkey_search.py,tools.pareto_joinkey_search,27,from_import,typing,Iterable,,0,,unresolved_external_or_missing
tools/pareto_joinkey_search.py,tools.pareto_joinkey_search,27,from_import,typing,List,,0,,unresolved_external_or_missing
tools/pareto_joinkey_search.py,tools.pareto_joinkey_search,27,from_import,typing,Sequence,,0,,unresolved_external_or_missing
tools/pareto_joinkey_search.py,tools.pareto_joinkey_search,27,from_import,typing,Tuple,,0,,unresolved_external_or_missing
tools/pareto_joinkey_search.py,tools.pareto_joinkey_search,29,import,pandas,,pd,0,,unresolved_external_or_missing
tools/pareto_joinkey_search.py,tools.pareto_joinkey_search,32,from_import,tools.join_key_discovery.eval,score_candidate,,0,tools/join_key_discovery/eval.py,resolved
tools/pareto_joinkey_search.py,tools.pareto_joinkey_search,34,from_import,join_key_discovery.eval,score_candidate,,0,,unresolved_external_or_missing
tools/pattern_id_utils.py,tools.pattern_id_utils,16,from_import,__future__,annotations,,0,,unresolved_external_or_missing
tools/pattern_id_utils.py,tools.pattern_id_utils,18,import,base64,,,0,,unresolved_external_or_missing
tools/pattern_id_utils.py,tools.pattern_id_utils,19,import,hashlib,,,0,,unresolved_external_or_missing
tools/pattern_id_utils.py,tools.pattern_id_utils,20,from_import,typing,Any,,0,,unresolved_external_or_missing
tools/pattern_id_utils.py,tools.pattern_id_utils,20,from_import,typing,Dict,,0,,unresolved_external_or_missing
tools/pattern_id_utils.py,tools.pattern_id_utils,20,from_import,typing,List,,0,,unresolved_external_or_missing
tools/pattern_id_utils.py,tools.pattern_id_utils,20,from_import,typing,Set,,0,,unresolved_external_or_missing
tools/pattern_id_utils.py,tools.pattern_id_utils,20,from_import,typing,Tuple,,0,,unresolved_external_or_missing
tools/patterns_analysis/_archive/annotate_cluster_labels.py,tools.patterns_analysis._archive.annotate_cluster_labels,1,from_import,__future__,annotations,,0,,unresolved_external_or_missing
tools/patterns_analysis/_archive/annotate_cluster_labels.py,tools.patterns_analysis._archive.annotate_cluster_labels,3,import,argparse,,,0,,unresolved_external_or_missing
tools/patterns_analysis/_archive/annotate_cluster_labels.py,tools.patterns_analysis._archive.annotate_cluster_labels,4,import,os,,,0,,unresolved_external_or_missing
tools/patterns_analysis/_archive/annotate_cluster_labels.py,tools.patterns_analysis._archive.annotate_cluster_labels,5,import,sys,,,0,,unresolved_external_or_missing
tools/patterns_analysis/_archive/annotate_cluster_labels.py,tools.patterns_analysis._archive.annotate_cluster_labels,6,import,tempfile,,,0,,unresolved_external_or_missing
tools/patterns_analysis/_archive/annotate_cluster_labels.py,tools.patterns_analysis._archive.annotate_cluster_labels,7,from_import,pathlib,Path,,0,,unresolved_external_or_missing
tools/patterns_analysis/_archive/annotate_cluster_labels.py,tools.patterns_analysis._archive.annotate_cluster_labels,8,from_import,typing,Any,,0,,unresolved_external_or_missing
tools/patterns_analysis/_archive/annotate_cluster_labels.py,tools.patterns_analysis._archive.annotate_cluster_labels,10,import,pandas,,pd,0,,unresolved_external_or_missing
tools/patterns_analysis/_archive/annotate_cluster_labels.py,tools.patterns_analysis._archive.annotate_cluster_labels,16,from_import,label_synthesis.label_resolver,_try_synopsis,,0,,unresolved_external_or_missing
tools/patterns_analysis/_archive/apply_join_keys_by_ids.py,tools.patterns_analysis._archive.apply_join_keys_by_ids,7,from_import,__future__,annotations,,0,,unresolved_external_or_missing
tools/patterns_analysis/_archive/apply_join_keys_by_ids.py,tools.patterns_analysis._archive.apply_join_keys_by_ids,9,import,argparse,,,0,,unresolved_external_or_missing
tools/patterns_analysis/_archive/apply_join_keys_by_ids.py,tools.patterns_analysis._archive.apply_join_keys_by_ids,10,import,csv,,,0,,unresolved_external_or_missing
tools/patterns_analysis/_archive/apply_join_keys_by_ids.py,tools.patterns_analysis._archive.apply_join_keys_by_ids,11,import,hashlib,,,0,,unresolved_external_or_missing
tools/patterns_analysis/_archive/apply_join_keys_by_ids.py,tools.patterns_analysis._archive.apply_join_keys_by_ids,12,import,json,,,0,,unresolved_external_or_missing
tools/patterns_analysis/_archive/apply_join_keys_by_ids.py,tools.patterns_analysis._archive.apply_join_keys_by_ids,13,import,os,,,0,,unresolved_external_or_missing
tools/patterns_analysis/_archive/apply_join_keys_by_ids.py,tools.patterns_analysis._archive.apply_join_keys_by_ids,14,from_import,typing,Any,,0,,unresolved_external_or_missing
tools/patterns_analysis/_archive/apply_join_keys_by_ids.py,tools.patterns_analysis._archive.apply_join_keys_by_ids,14,from_import,typing,Dict,,0,,unresolved_external_or_missing
tools/patterns_analysis/_archive/apply_join_keys_by_ids.py,tools.patterns_analysis._archive.apply_join_keys_by_ids,14,from_import,typing,List,,0,,unresolved_external_or_missing
tools/patterns_analysis/_archive/apply_join_keys_by_ids.py,tools.patterns_analysis._archive.apply_join_keys_by_ids,14,from_import,typing,Optional,,0,,unresolved_external_or_missing
tools/patterns_analysis/_archive/apply_join_keys_by_ids.py,tools.patterns_analysis._archive.apply_join_keys_by_ids,16,import,pandas,,pd,0,,unresolved_external_or_missing
tools/patterns_analysis/_archive/apply_join_keys_by_ids.py,tools.patterns_analysis._archive.apply_join_keys_by_ids,18,from_import,io,get_domain_records,,1,tools/patterns_analysis/_archive/io.py,resolved
tools/patterns_analysis/_archive/apply_join_keys_by_ids.py,tools.patterns_analysis._archive.apply_join_keys_by_ids,18,from_import,io,load_exports,,1,tools/patterns_analysis/_archive/io.py,resolved
tools/patterns_analysis/_archive/apply_join_keys_by_ids.py,tools.patterns_analysis._archive.apply_join_keys_by_ids,18,from_import,io,load_records_records_with_identity,,1,tools/patterns_analysis/_archive/io.py,resolved
tools/patterns_analysis/_archive/attributes.py,tools.patterns_analysis._archive.attributes,1,from_import,__future__,annotations,,0,,unresolved_external_or_missing
tools/patterns_analysis/_archive/attributes.py,tools.patterns_analysis._archive.attributes,20,from_import,dataclasses,dataclass,,0,,unresolved_external_or_missing
tools/patterns_analysis/_archive/attributes.py,tools.patterns_analysis._archive.attributes,21,from_import,typing,Dict,,0,,unresolved_external_or_missing
tools/patterns_analysis/_archive/attributes.py,tools.patterns_analysis._archive.attributes,21,from_import,typing,List,,0,,unresolved_external_or_missing
tools/patterns_analysis/_archive/attributes.py,tools.patterns_analysis._archive.attributes,21,from_import,typing,Sequence,,0,,unresolved_external_or_missing
tools/patterns_analysis/_archive/attributes.py,tools.patterns_analysis._archive.attributes,23,from_import,index,DomainIndex,,1,tools/patterns_analysis/_archive/index.py,resolved
tools/patterns_analysis/_archive/backfill_cluster_label_inputs.py,tools.patterns_analysis._archive.backfill_cluster_label_inputs,1,from_import,__future__,annotations,,0,,unresolved_external_or_missing
tools/patterns_analysis/_archive/backfill_cluster_label_inputs.py,tools.patterns_analysis._archive.backfill_cluster_label_inputs,3,import,argparse,,,0,,unresolved_external_or_missing
tools/patterns_analysis/_archive/backfill_cluster_label_inputs.py,tools.patterns_analysis._archive.backfill_cluster_label_inputs,4,import,json,,,0,,unresolved_external_or_missing
tools/patterns_analysis/_archive/backfill_cluster_label_inputs.py,tools.patterns_analysis._archive.backfill_cluster_label_inputs,5,import,os,,,0,,unresolved_external_or_missing
tools/patterns_analysis/_archive/backfill_cluster_label_inputs.py,tools.patterns_analysis._archive.backfill_cluster_label_inputs,6,import,tempfile,,,0,,unresolved_external_or_missing
tools/patterns_analysis/_archive/backfill_cluster_label_inputs.py,tools.patterns_analysis._archive.backfill_cluster_label_inputs,7,from_import,collections,Counter,,0,,unresolved_external_or_missing
tools/patterns_analysis/_archive/backfill_cluster_label_inputs.py,tools.patterns_analysis._archive.backfill_cluster_label_inputs,8,from_import,pathlib,Path,,0,,unresolved_external_or_missing
tools/patterns_analysis/_archive/backfill_cluster_label_inputs.py,tools.patterns_analysis._archive.backfill_cluster_label_inputs,9,from_import,typing,Any,,0,,unresolved_external_or_missing
tools/patterns_analysis/_archive/backfill_cluster_label_inputs.py,tools.patterns_analysis._archive.backfill_cluster_label_inputs,9,from_import,typing,Dict,,0,,unresolved_external_or_missing
tools/patterns_analysis/_archive/backfill_cluster_label_inputs.py,tools.patterns_analysis._archive.backfill_cluster_label_inputs,9,from_import,typing,List,,0,,unresolved_external_or_missing
tools/patterns_analysis/_archive/backfill_cluster_label_inputs.py,tools.patterns_analysis._archive.backfill_cluster_label_inputs,9,from_import,typing,Tuple,,0,,unresolved_external_or_missing
tools/patterns_analysis/_archive/backfill_cluster_label_inputs.py,tools.patterns_analysis._archive.backfill_cluster_label_inputs,11,import,pandas,,pd,0,,unresolved_external_or_missing
tools/patterns_analysis/_archive/build_reference_standards.py,tools.patterns_analysis._archive.build_reference_standards,4,from_import,__future__,annotations,,0,,unresolved_external_or_missing
tools/patterns_analysis/_archive/build_reference_standards.py,tools.patterns_analysis._archive.build_reference_standards,6,import,argparse,,,0,,unresolved_external_or_missing
tools/patterns_analysis/_archive/build_reference_standards.py,tools.patterns_analysis._archive.build_reference_standards,7,import,json,,,0,,unresolved_external_or_missing
tools/patterns_analysis/_archive/build_reference_standards.py,tools.patterns_analysis._archive.build_reference_standards,8,import,os,,,0,,unresolved_external_or_missing
tools/patterns_analysis/_archive/build_reference_standards.py,tools.patterns_analysis._archive.build_reference_standards,9,import,sys,,,0,,unresolved_external_or_missing
tools/patterns_analysis/_archive/build_reference_standards.py,tools.patterns_analysis._archive.build_reference_standards,10,from_import,pathlib,Path,,0,,unresolved_external_or_missing
tools/patterns_analysis/_archive/build_reference_standards.py,tools.patterns_analysis._archive.build_reference_standards,11,from_import,typing,Dict,,0,,unresolved_external_or_missing
tools/patterns_analysis/_archive/build_reference_standards.py,tools.patterns_analysis._archive.build_reference_standards,11,from_import,typing,List,,0,,unresolved_external_or_missing
tools/patterns_analysis/_archive/build_reference_standards.py,tools.patterns_analysis._archive.build_reference_standards,11,from_import,typing,Set,,0,,unresolved_external_or_missing
tools/patterns_analysis/_archive/build_reference_standards.py,tools.patterns_analysis._archive.build_reference_standards,13,import,pandas,,pd,0,,unresolved_external_or_missing
tools/patterns_analysis/_archive/build_reference_standards.py,tools.patterns_analysis._archive.build_reference_standards,15,from_import,io,_read_csv_rows,,1,tools/patterns_analysis/_archive/io.py,resolved
tools/patterns_analysis/_archive/build_reference_standards.py,tools.patterns_analysis._archive.build_reference_standards,15,from_import,io,get_domain_records,,1,tools/patterns_analysis/_archive/io.py,resolved
tools/patterns_analysis/_archive/build_reference_standards.py,tools.patterns_analysis._archive.build_reference_standards,15,from_import,io,load_exports,,1,tools/patterns_analysis/_archive/io.py,resolved
tools/patterns_analysis/_archive/calibrate_join_key_gates.py,tools.patterns_analysis._archive.calibrate_join_key_gates,2,from_import,__future__,annotations,,0,,unresolved_external_or_missing
tools/patterns_analysis/_archive/calibrate_join_key_gates.py,tools.patterns_analysis._archive.calibrate_join_key_gates,3,import,argparse,,,0,,unresolved_external_or_missing
tools/patterns_analysis/_archive/calibrate_join_key_gates.py,tools.patterns_analysis._archive.calibrate_join_key_gates,3,import,json,,,0,,unresolved_external_or_missing
tools/patterns_analysis/_archive/calibrate_join_key_gates.py,tools.patterns_analysis._archive.calibrate_join_key_gates,3,import,os,,,0,,unresolved_external_or_missing
tools/patterns_analysis/_archive/calibrate_join_key_gates.py,tools.patterns_analysis._archive.calibrate_join_key_gates,4,import,pandas,,pd,0,,unresolved_external_or_missing
tools/patterns_analysis/_archive/calibrate_join_key_gates.py,tools.patterns_analysis._archive.calibrate_join_key_gates,5,import,numpy,,np,0,,unresolved_external_or_missing
tools/patterns_analysis/_archive/compare.py,tools.patterns_analysis._archive.compare,1,from_import,__future__,annotations,,0,,unresolved_external_or_missing
tools/patterns_analysis/_archive/compare.py,tools.patterns_analysis._archive.compare,3,from_import,dataclasses,dataclass,,0,,unresolved_external_or_missing
tools/patterns_analysis/_archive/compare.py,tools.patterns_analysis._archive.compare,4,from_import,typing,Any,,0,,unresolved_external_or_missing
tools/patterns_analysis/_archive/compare.py,tools.patterns_analysis._archive.compare,4,from_import,typing,Dict,,0,,unresolved_external_or_missing
tools/patterns_analysis/_archive/compare.py,tools.patterns_analysis._archive.compare,4,from_import,typing,Optional,,0,,unresolved_external_or_missing
tools/patterns_analysis/_archive/compare.py,tools.patterns_analysis._archive.compare,4,from_import,typing,Set,,0,,unresolved_external_or_missing
tools/patterns_analysis/_archive/compare.py,tools.patterns_analysis._archive.compare,4,from_import,typing,Tuple,,0,,unresolved_external_or_missing
tools/patterns_analysis/_archive/compare.py,tools.patterns_analysis._archive.compare,6,from_import,index,DomainIndex,,1,tools/patterns_analysis/_archive/index.py,resolved
tools/patterns_analysis/_archive/derive_join_keys_by_ids.py,tools.patterns_analysis._archive.derive_join_keys_by_ids,17,from_import,__future__,annotations,,0,,unresolved_external_or_missing
tools/patterns_analysis/_archive/derive_join_keys_by_ids.py,tools.patterns_analysis._archive.derive_join_keys_by_ids,19,import,argparse,,,0,,unresolved_external_or_missing
tools/patterns_analysis/_archive/derive_join_keys_by_ids.py,tools.patterns_analysis._archive.derive_join_keys_by_ids,20,import,csv,,,0,,unresolved_external_or_missing
tools/patterns_analysis/_archive/derive_join_keys_by_ids.py,tools.patterns_analysis._archive.derive_join_keys_by_ids,21,import,hashlib,,,0,,unresolved_external_or_missing
tools/patterns_analysis/_archive/derive_join_keys_by_ids.py,tools.patterns_analysis._archive.derive_join_keys_by_ids,22,import,json,,,0,,unresolved_external_or_missing
tools/patterns_analysis/_archive/derive_join_keys_by_ids.py,tools.patterns_analysis._archive.derive_join_keys_by_ids,23,import,os,,,0,,unresolved_external_or_missing
tools/patterns_analysis/_archive/derive_join_keys_by_ids.py,tools.patterns_analysis._archive.derive_join_keys_by_ids,24,import,random,,,0,,unresolved_external_or_missing
tools/patterns_analysis/_archive/derive_join_keys_by_ids.py,tools.patterns_analysis._archive.derive_join_keys_by_ids,25,from_import,statistics,median,,0,,unresolved_external_or_missing
tools/patterns_analysis/_archive/derive_join_keys_by_ids.py,tools.patterns_analysis._archive.derive_join_keys_by_ids,26,import,re,,,0,,unresolved_external_or_missing
tools/patterns_analysis/_archive/derive_join_keys_by_ids.py,tools.patterns_analysis._archive.derive_join_keys_by_ids,27,from_import,collections,defaultdict,,0,,unresolved_external_or_missing
tools/patterns_analysis/_archive/derive_join_keys_by_ids.py,tools.patterns_analysis._archive.derive_join_keys_by_ids,28,from_import,typing,Any,,0,,unresolved_external_or_missing
tools/patterns_analysis/_archive/derive_join_keys_by_ids.py,tools.patterns_analysis._archive.derive_join_keys_by_ids,28,from_import,typing,Dict,,0,,unresolved_external_or_missing
tools/patterns_analysis/_archive/derive_join_keys_by_ids.py,tools.patterns_analysis._archive.derive_join_keys_by_ids,28,from_import,typing,Iterable,,0,,unresolved_external_or_missing
tools/patterns_analysis/_archive/derive_join_keys_by_ids.py,tools.patterns_analysis._archive.derive_join_keys_by_ids,28,from_import,typing,List,,0,,unresolved_external_or_missing
tools/patterns_analysis/_archive/derive_join_keys_by_ids.py,tools.patterns_analysis._archive.derive_join_keys_by_ids,28,from_import,typing,Optional,,0,,unresolved_external_or_missing
tools/patterns_analysis/_archive/derive_join_keys_by_ids.py,tools.patterns_analysis._archive.derive_join_keys_by_ids,28,from_import,typing,Set,,0,,unresolved_external_or_missing
tools/patterns_analysis/_archive/derive_join_keys_by_ids.py,tools.patterns_analysis._archive.derive_join_keys_by_ids,28,from_import,typing,Tuple,,0,,unresolved_external_or_missing
tools/patterns_analysis/_archive/derive_join_keys_by_ids.py,tools.patterns_analysis._archive.derive_join_keys_by_ids,30,import,pandas,,pd,0,,unresolved_external_or_missing
tools/patterns_analysis/_archive/derive_join_keys_by_ids.py,tools.patterns_analysis._archive.derive_join_keys_by_ids,32,from_import,io,get_domain_records,,1,tools/patterns_analysis/_archive/io.py,resolved
tools/patterns_analysis/_archive/derive_join_keys_by_ids.py,tools.patterns_analysis._archive.derive_join_keys_by_ids,32,from_import,io,load_exports,,1,tools/patterns_analysis/_archive/io.py,resolved
tools/patterns_analysis/_archive/derive_join_keys_by_ids.py,tools.patterns_analysis._archive.derive_join_keys_by_ids,32,from_import,io,load_records_records_with_identity,,1,tools/patterns_analysis/_archive/io.py,resolved
tools/patterns_analysis/_archive/derive_join_keys_by_ids.py,tools.patterns_analysis._archive.derive_join_keys_by_ids,48,from_import,tools.patterns_analysis.domain_identity_contract,DomainIdentityContract,,0,,unresolved_external_or_missing
tools/patterns_analysis/_archive/domain_identity_contract.py,tools.patterns_analysis._archive.domain_identity_contract,1,import,json,,,0,,unresolved_external_or_missing
tools/patterns_analysis/_archive/domain_identity_contract.py,tools.patterns_analysis._archive.domain_identity_contract,2,from_import,pathlib,Path,,0,,unresolved_external_or_missing
tools/patterns_analysis/_archive/emit_intradomain_definition.py,tools.patterns_analysis._archive.emit_intradomain_definition,10,from_import,__future__,annotations,,0,,unresolved_external_or_missing
tools/patterns_analysis/_archive/emit_intradomain_definition.py,tools.patterns_analysis._archive.emit_intradomain_definition,12,import,argparse,,,0,,unresolved_external_or_missing
tools/patterns_analysis/_archive/emit_intradomain_definition.py,tools.patterns_analysis._archive.emit_intradomain_definition,13,import,csv,,,0,,unresolved_external_or_missing
tools/patterns_analysis/_archive/emit_intradomain_definition.py,tools.patterns_analysis._archive.emit_intradomain_definition,14,import,json,,,0,,unresolved_external_or_missing
tools/patterns_analysis/_archive/emit_intradomain_definition.py,tools.patterns_analysis._archive.emit_intradomain_definition,15,import,os,,,0,,unresolved_external_or_missing
tools/patterns_analysis/_archive/emit_intradomain_definition.py,tools.patterns_analysis._archive.emit_intradomain_definition,16,from_import,dataclasses,dataclass,,0,,unresolved_external_or_missing
tools/patterns_analysis/_archive/emit_intradomain_definition.py,tools.patterns_analysis._archive.emit_intradomain_definition,17,from_import,typing,Dict,,0,,unresolved_external_or_missing
tools/patterns_analysis/_archive/emit_intradomain_definition.py,tools.patterns_analysis._archive.emit_intradomain_definition,17,from_import,typing,List,,0,,unresolved_external_or_missing
tools/patterns_analysis/_archive/emit_intradomain_definition.py,tools.patterns_analysis._archive.emit_intradomain_definition,19,import,pandas,,pd,0,,unresolved_external_or_missing
tools/patterns_analysis/_archive/index.py,tools.patterns_analysis._archive.index,1,from_import,__future__,annotations,,0,,unresolved_external_or_missing
tools/patterns_analysis/_archive/index.py,tools.patterns_analysis._archive.index,3,from_import,dataclasses,dataclass,,0,,unresolved_external_or_missing
tools/patterns_analysis/_archive/index.py,tools.patterns_analysis._archive.index,4,from_import,typing,Any,,0,,unresolved_external_or_missing
tools/patterns_analysis/_archive/index.py,tools.patterns_analysis._archive.index,4,from_import,typing,Dict,,0,,unresolved_external_or_missing
tools/patterns_analysis/_archive/index.py,tools.patterns_analysis._archive.index,4,from_import,typing,List,,0,,unresolved_external_or_missing
tools/patterns_analysis/_archive/index.py,tools.patterns_analysis._archive.index,4,from_import,typing,Optional,,0,,unresolved_external_or_missing
tools/patterns_analysis/_archive/index.py,tools.patterns_analysis._archive.index,4,from_import,typing,Set,,0,,unresolved_external_or_missing
tools/patterns_analysis/_archive/index.py,tools.patterns_analysis._archive.index,4,from_import,typing,Tuple,,0,,unresolved_external_or_missing
tools/patterns_analysis/_archive/intradomain_summary.py,tools.patterns_analysis._archive.intradomain_summary,14,from_import,__future__,annotations,,0,,unresolved_external_or_missing
tools/patterns_analysis/_archive/intradomain_summary.py,tools.patterns_analysis._archive.intradomain_summary,16,import,argparse,,,0,,unresolved_external_or_missing
tools/patterns_analysis/_archive/intradomain_summary.py,tools.patterns_analysis._archive.intradomain_summary,17,import,json,,,0,,unresolved_external_or_missing
tools/patterns_analysis/_archive/intradomain_summary.py,tools.patterns_analysis._archive.intradomain_summary,18,import,os,,,0,,unresolved_external_or_missing
tools/patterns_analysis/_archive/intradomain_summary.py,tools.patterns_analysis._archive.intradomain_summary,19,from_import,collections,Counter,,0,,unresolved_external_or_missing
tools/patterns_analysis/_archive/intradomain_summary.py,tools.patterns_analysis._archive.intradomain_summary,19,from_import,collections,defaultdict,,0,,unresolved_external_or_missing
tools/patterns_analysis/_archive/intradomain_summary.py,tools.patterns_analysis._archive.intradomain_summary,20,from_import,typing,Any,,0,,unresolved_external_or_missing
tools/patterns_analysis/_archive/intradomain_summary.py,tools.patterns_analysis._archive.intradomain_summary,20,from_import,typing,Dict,,0,,unresolved_external_or_missing
tools/patterns_analysis/_archive/intradomain_summary.py,tools.patterns_analysis._archive.intradomain_summary,20,from_import,typing,List,,0,,unresolved_external_or_missing
tools/patterns_analysis/_archive/intradomain_summary.py,tools.patterns_analysis._archive.intradomain_summary,20,from_import,typing,Optional,,0,,unresolved_external_or_missing
tools/patterns_analysis/_archive/intradomain_summary.py,tools.patterns_analysis._archive.intradomain_summary,20,from_import,typing,Tuple,,0,,unresolved_external_or_missing
tools/patterns_analysis/_archive/intradomain_summary.py,tools.patterns_analysis._archive.intradomain_summary,22,import,pandas,,pd,0,,unresolved_external_or_missing
tools/patterns_analysis/_archive/intradomain_summary.py,tools.patterns_analysis._archive.intradomain_summary,24,from_import,io,get_domain_records,,1,tools/patterns_analysis/_archive/io.py,resolved
tools/patterns_analysis/_archive/intradomain_summary.py,tools.patterns_analysis._archive.intradomain_summary,24,from_import,io,load_exports,,1,tools/patterns_analysis/_archive/io.py,resolved
tools/patterns_analysis/_archive/io.py,tools.patterns_analysis._archive.io,1,from_import,__future__,annotations,,0,,unresolved_external_or_missing
tools/patterns_analysis/_archive/io.py,tools.patterns_analysis._archive.io,3,import,json,,,0,,unresolved_external_or_missing
tools/patterns_analysis/_archive/io.py,tools.patterns_analysis._archive.io,4,import,os,,,0,,unresolved_external_or_missing
tools/patterns_analysis/_archive/io.py,tools.patterns_analysis._archive.io,5,from_import,dataclasses,dataclass,,0,,unresolved_external_or_missing
tools/patterns_analysis/_archive/io.py,tools.patterns_analysis._archive.io,6,from_import,typing,Any,,0,,unresolved_external_or_missing
tools/patterns_analysis/_archive/io.py,tools.patterns_analysis._archive.io,6,from_import,typing,Dict,,0,,unresolved_external_or_missing
tools/patterns_analysis/_archive/io.py,tools.patterns_analysis._archive.io,6,from_import,typing,Iterator,,0,,unresolved_external_or_missing
tools/patterns_analysis/_archive/io.py,tools.patterns_analysis._archive.io,6,from_import,typing,List,,0,,unresolved_external_or_missing
tools/patterns_analysis/_archive/io.py,tools.patterns_analysis._archive.io,6,from_import,typing,Optional,,0,,unresolved_external_or_missing
tools/patterns_analysis/_archive/io.py,tools.patterns_analysis._archive.io,7,import,csv,,,0,,unresolved_external_or_missing
tools/patterns_analysis/_archive/io.py,tools.patterns_analysis._archive.io,8,from_import,pathlib,Path,,0,,unresolved_external_or_missing
tools/patterns_analysis/_archive/io.py,tools.patterns_analysis._archive.io,9,from_import,typing,Set,,0,,unresolved_external_or_missing
tools/patterns_analysis/_archive/io.py,tools.patterns_analysis._archive.io,9,from_import,typing,Tuple,,0,,unresolved_external_or_missing
tools/patterns_analysis/_archive/pareto_join_keys_by_ids.py,tools.patterns_analysis._archive.pareto_join_keys_by_ids,25,from_import,__future__,annotations,,0,,unresolved_external_or_missing
tools/patterns_analysis/_archive/pareto_join_keys_by_ids.py,tools.patterns_analysis._archive.pareto_join_keys_by_ids,27,import,argparse,,,0,,unresolved_external_or_missing
tools/patterns_analysis/_archive/pareto_join_keys_by_ids.py,tools.patterns_analysis._archive.pareto_join_keys_by_ids,28,import,csv,,,0,,unresolved_external_or_missing
tools/patterns_analysis/_archive/pareto_join_keys_by_ids.py,tools.patterns_analysis._archive.pareto_join_keys_by_ids,29,import,hashlib,,,0,,unresolved_external_or_missing
tools/patterns_analysis/_archive/pareto_join_keys_by_ids.py,tools.patterns_analysis._archive.pareto_join_keys_by_ids,30,import,json,,,0,,unresolved_external_or_missing
tools/patterns_analysis/_archive/pareto_join_keys_by_ids.py,tools.patterns_analysis._archive.pareto_join_keys_by_ids,31,import,os,,,0,,unresolved_external_or_missing
tools/patterns_analysis/_archive/pareto_join_keys_by_ids.py,tools.patterns_analysis._archive.pareto_join_keys_by_ids,32,import,re,,,0,,unresolved_external_or_missing
tools/patterns_analysis/_archive/pareto_join_keys_by_ids.py,tools.patterns_analysis._archive.pareto_join_keys_by_ids,33,from_import,collections,defaultdict,,0,,unresolved_external_or_missing
tools/patterns_analysis/_archive/pareto_join_keys_by_ids.py,tools.patterns_analysis._archive.pareto_join_keys_by_ids,34,from_import,dataclasses,dataclass,,0,,unresolved_external_or_missing
tools/patterns_analysis/_archive/pareto_join_keys_by_ids.py,tools.patterns_analysis._archive.pareto_join_keys_by_ids,35,from_import,typing,Any,,0,,unresolved_external_or_missing
tools/patterns_analysis/_archive/pareto_join_keys_by_ids.py,tools.patterns_analysis._archive.pareto_join_keys_by_ids,35,from_import,typing,Dict,,0,,unresolved_external_or_missing
tools/patterns_analysis/_archive/pareto_join_keys_by_ids.py,tools.patterns_analysis._archive.pareto_join_keys_by_ids,35,from_import,typing,Iterable,,0,,unresolved_external_or_missing
tools/patterns_analysis/_archive/pareto_join_keys_by_ids.py,tools.patterns_analysis._archive.pareto_join_keys_by_ids,35,from_import,typing,List,,0,,unresolved_external_or_missing
tools/patterns_analysis/_archive/pareto_join_keys_by_ids.py,tools.patterns_analysis._archive.pareto_join_keys_by_ids,35,from_import,typing,Optional,,0,,unresolved_external_or_missing
tools/patterns_analysis/_archive/pareto_join_keys_by_ids.py,tools.patterns_analysis._archive.pareto_join_keys_by_ids,35,from_import,typing,Tuple,,0,,unresolved_external_or_missing
tools/patterns_analysis/_archive/pareto_join_keys_by_ids.py,tools.patterns_analysis._archive.pareto_join_keys_by_ids,37,import,pandas,,pd,0,,unresolved_external_or_missing
tools/patterns_analysis/_archive/pareto_join_keys_by_ids.py,tools.patterns_analysis._archive.pareto_join_keys_by_ids,39,from_import,io,get_domain_records,,1,tools/patterns_analysis/_archive/io.py,resolved
tools/patterns_analysis/_archive/pareto_join_keys_by_ids.py,tools.patterns_analysis._archive.pareto_join_keys_by_ids,39,from_import,io,load_exports,,1,tools/patterns_analysis/_archive/io.py,resolved
tools/patterns_analysis/_archive/pareto_join_keys_by_ids.py,tools.patterns_analysis._archive.pareto_join_keys_by_ids,53,from_import,tools.patterns_analysis.domain_identity_contract,DomainIdentityContract,,0,,unresolved_external_or_missing
tools/patterns_analysis/_archive/pareto_with_splits.py,tools.patterns_analysis._archive.pareto_with_splits,4,from_import,__future__,annotations,,0,,unresolved_external_or_missing
tools/patterns_analysis/_archive/pareto_with_splits.py,tools.patterns_analysis._archive.pareto_with_splits,6,import,argparse,,,0,,unresolved_external_or_missing
tools/patterns_analysis/_archive/pareto_with_splits.py,tools.patterns_analysis._archive.pareto_with_splits,7,import,json,,,0,,unresolved_external_or_missing
tools/patterns_analysis/_archive/pareto_with_splits.py,tools.patterns_analysis._archive.pareto_with_splits,8,import,os,,,0,,unresolved_external_or_missing
tools/patterns_analysis/_archive/pareto_with_splits.py,tools.patterns_analysis._archive.pareto_with_splits,9,import,sys,,,0,,unresolved_external_or_missing
tools/patterns_analysis/_archive/pareto_with_splits.py,tools.patterns_analysis._archive.pareto_with_splits,10,from_import,pathlib,Path,,0,,unresolved_external_or_missing
tools/patterns_analysis/_archive/pareto_with_splits.py,tools.patterns_analysis._archive.pareto_with_splits,11,from_import,typing,Dict,,0,,unresolved_external_or_missing
tools/patterns_analysis/_archive/pareto_with_splits.py,tools.patterns_analysis._archive.pareto_with_splits,11,from_import,typing,List,,0,,unresolved_external_or_missing
tools/patterns_analysis/_archive/pareto_with_splits.py,tools.patterns_analysis._archive.pareto_with_splits,11,from_import,typing,Tuple,,0,,unresolved_external_or_missing
tools/patterns_analysis/_archive/pareto_with_splits.py,tools.patterns_analysis._archive.pareto_with_splits,13,import,pandas,,pd,0,,unresolved_external_or_missing
tools/patterns_analysis/_archive/pareto_with_splits.py,tools.patterns_analysis._archive.pareto_with_splits,17,from_import,pareto_joinkey_search,run_pareto_analysis,,0,,unresolved_external_or_missing
tools/patterns_analysis/_archive/report.py,tools.patterns_analysis._archive.report,1,from_import,__future__,annotations,,0,,unresolved_external_or_missing
tools/patterns_analysis/_archive/report.py,tools.patterns_analysis._archive.report,3,import,csv,,,0,,unresolved_external_or_missing
tools/patterns_analysis/_archive/report.py,tools.patterns_analysis._archive.report,4,import,json,,,0,,unresolved_external_or_missing
tools/patterns_analysis/_archive/report.py,tools.patterns_analysis._archive.report,5,import,os,,,0,,unresolved_external_or_missing
tools/patterns_analysis/_archive/report.py,tools.patterns_analysis._archive.report,6,from_import,dataclasses,asdict,,0,,unresolved_external_or_missing
tools/patterns_analysis/_archive/report.py,tools.patterns_analysis._archive.report,7,from_import,datetime,datetime,,0,,unresolved_external_or_missing
tools/patterns_analysis/_archive/report.py,tools.patterns_analysis._archive.report,7,from_import,datetime,timezone,,0,,unresolved_external_or_missing
tools/patterns_analysis/_archive/report.py,tools.patterns_analysis._archive.report,8,from_import,typing,Any,,0,,unresolved_external_or_missing
tools/patterns_analysis/_archive/report.py,tools.patterns_analysis._archive.report,8,from_import,typing,Dict,,0,,unresolved_external_or_missing
tools/patterns_analysis/_archive/report.py,tools.patterns_analysis._archive.report,8,from_import,typing,Iterable,,0,,unresolved_external_or_missing
tools/patterns_analysis/_archive/report.py,tools.patterns_analysis._archive.report,8,from_import,typing,List,,0,,unresolved_external_or_missing
tools/patterns_analysis/_archive/report.py,tools.patterns_analysis._archive.report,10,from_import,compare,ChangeCounts,,1,tools/patterns_analysis/_archive/compare.py,resolved
tools/patterns_analysis/_archive/run_attribute_stress.py,tools.patterns_analysis._archive.run_attribute_stress,1,from_import,__future__,annotations,,0,,unresolved_external_or_missing
tools/patterns_analysis/_archive/run_attribute_stress.py,tools.patterns_analysis._archive.run_attribute_stress,3,import,argparse,,,0,,unresolved_external_or_missing
tools/patterns_analysis/_archive/run_attribute_stress.py,tools.patterns_analysis._archive.run_attribute_stress,4,import,csv,,,0,,unresolved_external_or_missing
tools/patterns_analysis/_archive/run_attribute_stress.py,tools.patterns_analysis._archive.run_attribute_stress,5,import,os,,,0,,unresolved_external_or_missing
tools/patterns_analysis/_archive/run_attribute_stress.py,tools.patterns_analysis._archive.run_attribute_stress,6,from_import,collections,defaultdict,,0,,unresolved_external_or_missing
tools/patterns_analysis/_archive/run_attribute_stress.py,tools.patterns_analysis._archive.run_attribute_stress,7,from_import,typing,Dict,,0,,unresolved_external_or_missing
tools/patterns_analysis/_archive/run_attribute_stress.py,tools.patterns_analysis._archive.run_attribute_stress,7,from_import,typing,List,,0,,unresolved_external_or_missing
tools/patterns_analysis/_archive/run_attribute_stress.py,tools.patterns_analysis._archive.run_attribute_stress,7,from_import,typing,Tuple,,0,,unresolved_external_or_missing
tools/patterns_analysis/_archive/run_attribute_stress.py,tools.patterns_analysis._archive.run_attribute_stress,9,from_import,io,get_domain_records,,1,tools/patterns_analysis/_archive/io.py,resolved
tools/patterns_analysis/_archive/run_attribute_stress.py,tools.patterns_analysis._archive.run_attribute_stress,9,from_import,io,load_exports,,1,tools/patterns_analysis/_archive/io.py,resolved
tools/patterns_analysis/_archive/run_attribute_stress.py,tools.patterns_analysis._archive.run_attribute_stress,10,from_import,index,build_domain_index,,1,tools/patterns_analysis/_archive/index.py,resolved
tools/patterns_analysis/_archive/run_attribute_stress.py,tools.patterns_analysis._archive.run_attribute_stress,11,from_import,stability,stable_join_hashes,,1,tools/patterns_analysis/_archive/stability.py,resolved
tools/patterns_analysis/_archive/run_attribute_stress.py,tools.patterns_analysis._archive.run_attribute_stress,12,from_import,report,write_json_report,,1,tools/patterns_analysis/_archive/report.py,resolved
tools/patterns_analysis/_archive/run_attribute_stress_all_joinable.py,tools.patterns_analysis._archive.run_attribute_stress_all_joinable,1,from_import,__future__,annotations,,0,,unresolved_external_or_missing
tools/patterns_analysis/_archive/run_attribute_stress_all_joinable.py,tools.patterns_analysis._archive.run_attribute_stress_all_joinable,3,import,argparse,,,0,,unresolved_external_or_missing
tools/patterns_analysis/_archive/run_attribute_stress_all_joinable.py,tools.patterns_analysis._archive.run_attribute_stress_all_joinable,4,import,csv,,,0,,unresolved_external_or_missing
tools/patterns_analysis/_archive/run_attribute_stress_all_joinable.py,tools.patterns_analysis._archive.run_attribute_stress_all_joinable,5,import,os,,,0,,unresolved_external_or_missing
tools/patterns_analysis/_archive/run_attribute_stress_all_joinable.py,tools.patterns_analysis._archive.run_attribute_stress_all_joinable,6,from_import,collections,defaultdict,,0,,unresolved_external_or_missing
tools/patterns_analysis/_archive/run_attribute_stress_all_joinable.py,tools.patterns_analysis._archive.run_attribute_stress_all_joinable,7,from_import,typing,Dict,,0,,unresolved_external_or_missing
tools/patterns_analysis/_archive/run_attribute_stress_all_joinable.py,tools.patterns_analysis._archive.run_attribute_stress_all_joinable,7,from_import,typing,List,,0,,unresolved_external_or_missing
tools/patterns_analysis/_archive/run_attribute_stress_all_joinable.py,tools.patterns_analysis._archive.run_attribute_stress_all_joinable,7,from_import,typing,Tuple,,0,,unresolved_external_or_missing
tools/patterns_analysis/_archive/run_attribute_stress_all_joinable.py,tools.patterns_analysis._archive.run_attribute_stress_all_joinable,9,from_import,io,get_domain_records,,1,tools/patterns_analysis/_archive/io.py,resolved
tools/patterns_analysis/_archive/run_attribute_stress_all_joinable.py,tools.patterns_analysis._archive.run_attribute_stress_all_joinable,9,from_import,io,load_exports,,1,tools/patterns_analysis/_archive/io.py,resolved
tools/patterns_analysis/_archive/run_attribute_stress_all_joinable.py,tools.patterns_analysis._archive.run_attribute_stress_all_joinable,10,from_import,index,build_domain_index,,1,tools/patterns_analysis/_archive/index.py,resolved
tools/patterns_analysis/_archive/run_attribute_stress_all_joinable.py,tools.patterns_analysis._archive.run_attribute_stress_all_joinable,11,from_import,stability,presence_counts,,1,tools/patterns_analysis/_archive/stability.py,resolved
tools/patterns_analysis/_archive/run_attribute_stress_all_joinable.py,tools.patterns_analysis._archive.run_attribute_stress_all_joinable,12,from_import,report,write_json_report,,1,tools/patterns_analysis/_archive/report.py,resolved
tools/patterns_analysis/_archive/run_candidate_joinkey_simulation.py,tools.patterns_analysis._archive.run_candidate_joinkey_simulation,1,from_import,__future__,annotations,,0,,unresolved_external_or_missing
tools/patterns_analysis/_archive/run_candidate_joinkey_simulation.py,tools.patterns_analysis._archive.run_candidate_joinkey_simulation,3,import,argparse,,,0,,unresolved_external_or_missing
tools/patterns_analysis/_archive/run_candidate_joinkey_simulation.py,tools.patterns_analysis._archive.run_candidate_joinkey_simulation,4,import,csv,,,0,,unresolved_external_or_missing
tools/patterns_analysis/_archive/run_candidate_joinkey_simulation.py,tools.patterns_analysis._archive.run_candidate_joinkey_simulation,5,import,os,,,0,,unresolved_external_or_missing
tools/patterns_analysis/_archive/run_candidate_joinkey_simulation.py,tools.patterns_analysis._archive.run_candidate_joinkey_simulation,6,from_import,collections,defaultdict,,0,,unresolved_external_or_missing
tools/patterns_analysis/_archive/run_candidate_joinkey_simulation.py,tools.patterns_analysis._archive.run_candidate_joinkey_simulation,7,from_import,typing,Any,,0,,unresolved_external_or_missing
tools/patterns_analysis/_archive/run_candidate_joinkey_simulation.py,tools.patterns_analysis._archive.run_candidate_joinkey_simulation,7,from_import,typing,Dict,,0,,unresolved_external_or_missing
tools/patterns_analysis/_archive/run_candidate_joinkey_simulation.py,tools.patterns_analysis._archive.run_candidate_joinkey_simulation,7,from_import,typing,List,,0,,unresolved_external_or_missing
tools/patterns_analysis/_archive/run_candidate_joinkey_simulation.py,tools.patterns_analysis._archive.run_candidate_joinkey_simulation,7,from_import,typing,Tuple,,0,,unresolved_external_or_missing
tools/patterns_analysis/_archive/run_candidate_joinkey_simulation.py,tools.patterns_analysis._archive.run_candidate_joinkey_simulation,9,from_import,io,get_domain_records,,1,tools/patterns_analysis/_archive/io.py,resolved
tools/patterns_analysis/_archive/run_candidate_joinkey_simulation.py,tools.patterns_analysis._archive.run_candidate_joinkey_simulation,9,from_import,io,load_exports,,1,tools/patterns_analysis/_archive/io.py,resolved
tools/patterns_analysis/_archive/run_candidate_joinkey_simulation.py,tools.patterns_analysis._archive.run_candidate_joinkey_simulation,10,from_import,report,write_json_report,,1,tools/patterns_analysis/_archive/report.py,resolved
tools/patterns_analysis/_archive/run_change_type.py,tools.patterns_analysis._archive.run_change_type,1,from_import,__future__,annotations,,0,,unresolved_external_or_missing
tools/patterns_analysis/_archive/run_change_type.py,tools.patterns_analysis._archive.run_change_type,3,import,argparse,,,0,,unresolved_external_or_missing
tools/patterns_analysis/_archive/run_change_type.py,tools.patterns_analysis._archive.run_change_type,4,import,os,,,0,,unresolved_external_or_missing
tools/patterns_analysis/_archive/run_change_type.py,tools.patterns_analysis._archive.run_change_type,5,from_import,typing,Any,,0,,unresolved_external_or_missing
tools/patterns_analysis/_archive/run_change_type.py,tools.patterns_analysis._archive.run_change_type,5,from_import,typing,Dict,,0,,unresolved_external_or_missing
tools/patterns_analysis/_archive/run_change_type.py,tools.patterns_analysis._archive.run_change_type,5,from_import,typing,List,,0,,unresolved_external_or_missing
tools/patterns_analysis/_archive/run_change_type.py,tools.patterns_analysis._archive.run_change_type,7,from_import,io,ExportFile,,1,tools/patterns_analysis/_archive/io.py,resolved
tools/patterns_analysis/_archive/run_change_type.py,tools.patterns_analysis._archive.run_change_type,7,from_import,io,get_domain_records,,1,tools/patterns_analysis/_archive/io.py,resolved
tools/patterns_analysis/_archive/run_change_type.py,tools.patterns_analysis._archive.run_change_type,7,from_import,io,get_run_provenance,,1,tools/patterns_analysis/_archive/io.py,resolved
tools/patterns_analysis/_archive/run_change_type.py,tools.patterns_analysis._archive.run_change_type,7,from_import,io,load_exports,,1,tools/patterns_analysis/_archive/io.py,resolved
tools/patterns_analysis/_archive/run_change_type.py,tools.patterns_analysis._archive.run_change_type,8,from_import,index,build_domain_index,,1,tools/patterns_analysis/_archive/index.py,resolved
tools/patterns_analysis/_archive/run_change_type.py,tools.patterns_analysis._archive.run_change_type,9,from_import,compare,ChangeCounts,,1,tools/patterns_analysis/_archive/compare.py,resolved
tools/patterns_analysis/_archive/run_change_type.py,tools.patterns_analysis._archive.run_change_type,9,from_import,compare,classify_pair,,1,tools/patterns_analysis/_archive/compare.py,resolved
tools/patterns_analysis/_archive/run_change_type.py,tools.patterns_analysis._archive.run_change_type,10,from_import,report,format_console_summary,,1,tools/patterns_analysis/_archive/report.py,resolved
tools/patterns_analysis/_archive/run_change_type.py,tools.patterns_analysis._archive.run_change_type,10,from_import,report,write_change_type_csv,,1,tools/patterns_analysis/_archive/report.py,resolved
tools/patterns_analysis/_archive/run_change_type.py,tools.patterns_analysis._archive.run_change_type,10,from_import,report,write_json_report,,1,tools/patterns_analysis/_archive/report.py,resolved
tools/patterns_analysis/_archive/run_collision_differencing.py,tools.patterns_analysis._archive.run_collision_differencing,1,from_import,__future__,annotations,,0,,unresolved_external_or_missing
tools/patterns_analysis/_archive/run_collision_differencing.py,tools.patterns_analysis._archive.run_collision_differencing,3,import,argparse,,,0,,unresolved_external_or_missing
tools/patterns_analysis/_archive/run_collision_differencing.py,tools.patterns_analysis._archive.run_collision_differencing,4,import,csv,,,0,,unresolved_external_or_missing
tools/patterns_analysis/_archive/run_collision_differencing.py,tools.patterns_analysis._archive.run_collision_differencing,5,import,json,,,0,,unresolved_external_or_missing
tools/patterns_analysis/_archive/run_collision_differencing.py,tools.patterns_analysis._archive.run_collision_differencing,6,import,os,,,0,,unresolved_external_or_missing
tools/patterns_analysis/_archive/run_collision_differencing.py,tools.patterns_analysis._archive.run_collision_differencing,7,from_import,collections,defaultdict,,0,,unresolved_external_or_missing
tools/patterns_analysis/_archive/run_collision_differencing.py,tools.patterns_analysis._archive.run_collision_differencing,8,from_import,dataclasses,dataclass,,0,,unresolved_external_or_missing
tools/patterns_analysis/_archive/run_collision_differencing.py,tools.patterns_analysis._archive.run_collision_differencing,9,from_import,typing,Any,,0,,unresolved_external_or_missing
tools/patterns_analysis/_archive/run_collision_differencing.py,tools.patterns_analysis._archive.run_collision_differencing,9,from_import,typing,Dict,,0,,unresolved_external_or_missing
tools/patterns_analysis/_archive/run_collision_differencing.py,tools.patterns_analysis._archive.run_collision_differencing,9,from_import,typing,Iterable,,0,,unresolved_external_or_missing
tools/patterns_analysis/_archive/run_collision_differencing.py,tools.patterns_analysis._archive.run_collision_differencing,9,from_import,typing,List,,0,,unresolved_external_or_missing
tools/patterns_analysis/_archive/run_collision_differencing.py,tools.patterns_analysis._archive.run_collision_differencing,9,from_import,typing,Optional,,0,,unresolved_external_or_missing
tools/patterns_analysis/_archive/run_collision_differencing.py,tools.patterns_analysis._archive.run_collision_differencing,9,from_import,typing,Tuple,,0,,unresolved_external_or_missing
tools/patterns_analysis/_archive/run_collision_differencing.py,tools.patterns_analysis._archive.run_collision_differencing,11,from_import,io,get_domain_records,,1,tools/patterns_analysis/_archive/io.py,resolved
tools/patterns_analysis/_archive/run_collision_differencing.py,tools.patterns_analysis._archive.run_collision_differencing,11,from_import,io,load_exports,,1,tools/patterns_analysis/_archive/io.py,resolved
tools/patterns_analysis/_archive/run_collision_differencing.py,tools.patterns_analysis._archive.run_collision_differencing,12,from_import,report,write_json_report,,1,tools/patterns_analysis/_archive/report.py,resolved
tools/patterns_analysis/_archive/run_dimension_types_by_family.py,tools.patterns_analysis._archive.run_dimension_types_by_family,1,from_import,__future__,annotations,,0,,unresolved_external_or_missing
tools/patterns_analysis/_archive/run_dimension_types_by_family.py,tools.patterns_analysis._archive.run_dimension_types_by_family,3,import,argparse,,,0,,unresolved_external_or_missing
tools/patterns_analysis/_archive/run_dimension_types_by_family.py,tools.patterns_analysis._archive.run_dimension_types_by_family,4,import,json,,,0,,unresolved_external_or_missing
tools/patterns_analysis/_archive/run_dimension_types_by_family.py,tools.patterns_analysis._archive.run_dimension_types_by_family,5,import,os,,,0,,unresolved_external_or_missing
tools/patterns_analysis/_archive/run_dimension_types_by_family.py,tools.patterns_analysis._archive.run_dimension_types_by_family,6,import,re,,,0,,unresolved_external_or_missing
tools/patterns_analysis/_archive/run_dimension_types_by_family.py,tools.patterns_analysis._archive.run_dimension_types_by_family,7,import,shutil,,,0,,unresolved_external_or_missing
tools/patterns_analysis/_archive/run_dimension_types_by_family.py,tools.patterns_analysis._archive.run_dimension_types_by_family,8,from_import,dataclasses,dataclass,,0,,unresolved_external_or_missing
tools/patterns_analysis/_archive/run_dimension_types_by_family.py,tools.patterns_analysis._archive.run_dimension_types_by_family,9,from_import,typing,Any,,0,,unresolved_external_or_missing
tools/patterns_analysis/_archive/run_dimension_types_by_family.py,tools.patterns_analysis._archive.run_dimension_types_by_family,9,from_import,typing,Dict,,0,,unresolved_external_or_missing
tools/patterns_analysis/_archive/run_dimension_types_by_family.py,tools.patterns_analysis._archive.run_dimension_types_by_family,9,from_import,typing,Iterable,,0,,unresolved_external_or_missing
tools/patterns_analysis/_archive/run_dimension_types_by_family.py,tools.patterns_analysis._archive.run_dimension_types_by_family,9,from_import,typing,List,,0,,unresolved_external_or_missing
tools/patterns_analysis/_archive/run_dimension_types_by_family.py,tools.patterns_analysis._archive.run_dimension_types_by_family,9,from_import,typing,Optional,,0,,unresolved_external_or_missing
tools/patterns_analysis/_archive/run_dimension_types_by_family.py,tools.patterns_analysis._archive.run_dimension_types_by_family,9,from_import,typing,Set,,0,,unresolved_external_or_missing
tools/patterns_analysis/_archive/run_dimension_types_by_family.py,tools.patterns_analysis._archive.run_dimension_types_by_family,9,from_import,typing,Tuple,,0,,unresolved_external_or_missing
tools/patterns_analysis/_archive/run_dimension_types_by_family.py,tools.patterns_analysis._archive.run_dimension_types_by_family,11,from_import,io,get_domain_payload,,1,tools/patterns_analysis/_archive/io.py,resolved
tools/patterns_analysis/_archive/run_dimension_types_by_family.py,tools.patterns_analysis._archive.run_dimension_types_by_family,11,from_import,io,get_domain_records,,1,tools/patterns_analysis/_archive/io.py,resolved
tools/patterns_analysis/_archive/run_dimension_types_by_family.py,tools.patterns_analysis._archive.run_dimension_types_by_family,11,from_import,io,load_exports,,1,tools/patterns_analysis/_archive/io.py,resolved
tools/patterns_analysis/_archive/run_dimension_types_by_family.py,tools.patterns_analysis._archive.run_dimension_types_by_family,12,from_import,run_change_type,run_change_type,,1,tools/patterns_analysis/_archive/run_change_type.py,resolved
tools/patterns_analysis/_archive/run_dimension_types_by_family.py,tools.patterns_analysis._archive.run_dimension_types_by_family,13,from_import,run_population_stability,run_population_stability,,1,tools/patterns_analysis/_archive/run_population_stability.py,resolved
tools/patterns_analysis/_archive/run_dimension_types_by_family.py,tools.patterns_analysis._archive.run_dimension_types_by_family,14,from_import,run_candidate_joinkey_simulation,run_candidate_joinkey_simulation,,1,tools/patterns_analysis/_archive/run_candidate_joinkey_simulation.py,resolved
tools/patterns_analysis/_archive/run_dimension_types_by_family.py,tools.patterns_analysis._archive.run_dimension_types_by_family,15,from_import,run_joinhash_label_population,run_joinhash_label_population,,1,tools/patterns_analysis/_archive/run_joinhash_label_population.py,resolved
tools/patterns_analysis/_archive/run_dimension_types_by_family.py,tools.patterns_analysis._archive.run_dimension_types_by_family,16,from_import,run_joinhash_parameter_population,run_joinhash_parameter_population,,1,tools/patterns_analysis/_archive/run_joinhash_parameter_population.py,resolved
tools/patterns_analysis/_archive/run_dimension_types_by_family.py,tools.patterns_analysis._archive.run_dimension_types_by_family,17,from_import,run_collision_differencing,run_collision_differencing,,1,tools/patterns_analysis/_archive/run_collision_differencing.py,resolved
tools/patterns_analysis/_archive/run_dimension_types_by_family.py,tools.patterns_analysis._archive.run_dimension_types_by_family,18,from_import,run_identity_collision_diagnostics,run_identity_collision_diagnostics,,1,tools/patterns_analysis/_archive/run_identity_collision_diagnostics.py,resolved
tools/patterns_analysis/_archive/run_dimension_types_by_family.py,tools.patterns_analysis._archive.run_dimension_types_by_family,212,import,time,,,0,,unresolved_external_or_missing
tools/patterns_analysis/_archive/run_dimension_types_by_family.py,tools.patterns_analysis._archive.run_dimension_types_by_family,406,import,time,,,0,,unresolved_external_or_missing
tools/patterns_analysis/_archive/run_identity_collision_diagnostics.py,tools.patterns_analysis._archive.run_identity_collision_diagnostics,1,from_import,__future__,annotations,,0,,unresolved_external_or_missing
tools/patterns_analysis/_archive/run_identity_collision_diagnostics.py,tools.patterns_analysis._archive.run_identity_collision_diagnostics,3,import,argparse,,,0,,unresolved_external_or_missing
tools/patterns_analysis/_archive/run_identity_collision_diagnostics.py,tools.patterns_analysis._archive.run_identity_collision_diagnostics,4,import,csv,,,0,,unresolved_external_or_missing
tools/patterns_analysis/_archive/run_identity_collision_diagnostics.py,tools.patterns_analysis._archive.run_identity_collision_diagnostics,5,import,os,,,0,,unresolved_external_or_missing
tools/patterns_analysis/_archive/run_identity_collision_diagnostics.py,tools.patterns_analysis._archive.run_identity_collision_diagnostics,6,from_import,collections,defaultdict,,0,,unresolved_external_or_missing
tools/patterns_analysis/_archive/run_identity_collision_diagnostics.py,tools.patterns_analysis._archive.run_identity_collision_diagnostics,7,from_import,typing,Dict,,0,,unresolved_external_or_missing
tools/patterns_analysis/_archive/run_identity_collision_diagnostics.py,tools.patterns_analysis._archive.run_identity_collision_diagnostics,7,from_import,typing,List,,0,,unresolved_external_or_missing
tools/patterns_analysis/_archive/run_identity_collision_diagnostics.py,tools.patterns_analysis._archive.run_identity_collision_diagnostics,7,from_import,typing,Tuple,,0,,unresolved_external_or_missing
tools/patterns_analysis/_archive/run_identity_collision_diagnostics.py,tools.patterns_analysis._archive.run_identity_collision_diagnostics,9,from_import,io,get_domain_records,,1,tools/patterns_analysis/_archive/io.py,resolved
tools/patterns_analysis/_archive/run_identity_collision_diagnostics.py,tools.patterns_analysis._archive.run_identity_collision_diagnostics,9,from_import,io,load_exports,,1,tools/patterns_analysis/_archive/io.py,resolved
tools/patterns_analysis/_archive/run_identity_collision_diagnostics.py,tools.patterns_analysis._archive.run_identity_collision_diagnostics,10,from_import,index,build_domain_index,,1,tools/patterns_analysis/_archive/index.py,resolved
tools/patterns_analysis/_archive/run_identity_collision_diagnostics.py,tools.patterns_analysis._archive.run_identity_collision_diagnostics,11,from_import,report,write_json_report,,1,tools/patterns_analysis/_archive/report.py,resolved
tools/patterns_analysis/_archive/run_joinhash_label_population.py,tools.patterns_analysis._archive.run_joinhash_label_population,1,from_import,__future__,annotations,,0,,unresolved_external_or_missing
tools/patterns_analysis/_archive/run_joinhash_label_population.py,tools.patterns_analysis._archive.run_joinhash_label_population,3,import,argparse,,,0,,unresolved_external_or_missing
tools/patterns_analysis/_archive/run_joinhash_label_population.py,tools.patterns_analysis._archive.run_joinhash_label_population,4,import,csv,,,0,,unresolved_external_or_missing
tools/patterns_analysis/_archive/run_joinhash_label_population.py,tools.patterns_analysis._archive.run_joinhash_label_population,5,import,json,,,0,,unresolved_external_or_missing
tools/patterns_analysis/_archive/run_joinhash_label_population.py,tools.patterns_analysis._archive.run_joinhash_label_population,6,import,os,,,0,,unresolved_external_or_missing
tools/patterns_analysis/_archive/run_joinhash_label_population.py,tools.patterns_analysis._archive.run_joinhash_label_population,7,from_import,collections,defaultdict,,0,,unresolved_external_or_missing
tools/patterns_analysis/_archive/run_joinhash_label_population.py,tools.patterns_analysis._archive.run_joinhash_label_population,8,from_import,typing,Any,,0,,unresolved_external_or_missing
tools/patterns_analysis/_archive/run_joinhash_label_population.py,tools.patterns_analysis._archive.run_joinhash_label_population,8,from_import,typing,Dict,,0,,unresolved_external_or_missing
tools/patterns_analysis/_archive/run_joinhash_label_population.py,tools.patterns_analysis._archive.run_joinhash_label_population,8,from_import,typing,List,,0,,unresolved_external_or_missing
tools/patterns_analysis/_archive/run_joinhash_label_population.py,tools.patterns_analysis._archive.run_joinhash_label_population,8,from_import,typing,Optional,,0,,unresolved_external_or_missing
tools/patterns_analysis/_archive/run_joinhash_label_population.py,tools.patterns_analysis._archive.run_joinhash_label_population,8,from_import,typing,Tuple,,0,,unresolved_external_or_missing
tools/patterns_analysis/_archive/run_joinhash_label_population.py,tools.patterns_analysis._archive.run_joinhash_label_population,10,from_import,io,get_domain_records,,1,tools/patterns_analysis/_archive/io.py,resolved
tools/patterns_analysis/_archive/run_joinhash_label_population.py,tools.patterns_analysis._archive.run_joinhash_label_population,10,from_import,io,load_exports,,1,tools/patterns_analysis/_archive/io.py,resolved
tools/patterns_analysis/_archive/run_joinhash_label_population.py,tools.patterns_analysis._archive.run_joinhash_label_population,11,from_import,report,write_json_report,,1,tools/patterns_analysis/_archive/report.py,resolved
tools/patterns_analysis/_archive/run_joinhash_parameter_population.py,tools.patterns_analysis._archive.run_joinhash_parameter_population,1,from_import,__future__,annotations,,0,,unresolved_external_or_missing
tools/patterns_analysis/_archive/run_joinhash_parameter_population.py,tools.patterns_analysis._archive.run_joinhash_parameter_population,3,import,argparse,,,0,,unresolved_external_or_missing
tools/patterns_analysis/_archive/run_joinhash_parameter_population.py,tools.patterns_analysis._archive.run_joinhash_parameter_population,4,import,csv,,,0,,unresolved_external_or_missing
tools/patterns_analysis/_archive/run_joinhash_parameter_population.py,tools.patterns_analysis._archive.run_joinhash_parameter_population,5,import,json,,,0,,unresolved_external_or_missing
tools/patterns_analysis/_archive/run_joinhash_parameter_population.py,tools.patterns_analysis._archive.run_joinhash_parameter_population,6,import,os,,,0,,unresolved_external_or_missing
tools/patterns_analysis/_archive/run_joinhash_parameter_population.py,tools.patterns_analysis._archive.run_joinhash_parameter_population,7,from_import,collections,defaultdict,,0,,unresolved_external_or_missing
tools/patterns_analysis/_archive/run_joinhash_parameter_population.py,tools.patterns_analysis._archive.run_joinhash_parameter_population,8,from_import,typing,Any,,0,,unresolved_external_or_missing
tools/patterns_analysis/_archive/run_joinhash_parameter_population.py,tools.patterns_analysis._archive.run_joinhash_parameter_population,8,from_import,typing,Dict,,0,,unresolved_external_or_missing
tools/patterns_analysis/_archive/run_joinhash_parameter_population.py,tools.patterns_analysis._archive.run_joinhash_parameter_population,8,from_import,typing,Iterable,,0,,unresolved_external_or_missing
tools/patterns_analysis/_archive/run_joinhash_parameter_population.py,tools.patterns_analysis._archive.run_joinhash_parameter_population,8,from_import,typing,List,,0,,unresolved_external_or_missing
tools/patterns_analysis/_archive/run_joinhash_parameter_population.py,tools.patterns_analysis._archive.run_joinhash_parameter_population,8,from_import,typing,Optional,,0,,unresolved_external_or_missing
tools/patterns_analysis/_archive/run_joinhash_parameter_population.py,tools.patterns_analysis._archive.run_joinhash_parameter_population,8,from_import,typing,Set,,0,,unresolved_external_or_missing
tools/patterns_analysis/_archive/run_joinhash_parameter_population.py,tools.patterns_analysis._archive.run_joinhash_parameter_population,8,from_import,typing,Tuple,,0,,unresolved_external_or_missing
tools/patterns_analysis/_archive/run_joinhash_parameter_population.py,tools.patterns_analysis._archive.run_joinhash_parameter_population,10,from_import,io,get_domain_records,,1,tools/patterns_analysis/_archive/io.py,resolved
tools/patterns_analysis/_archive/run_joinhash_parameter_population.py,tools.patterns_analysis._archive.run_joinhash_parameter_population,10,from_import,io,load_exports,,1,tools/patterns_analysis/_archive/io.py,resolved
tools/patterns_analysis/_archive/run_joinhash_parameter_population.py,tools.patterns_analysis._archive.run_joinhash_parameter_population,11,from_import,report,write_json_report,,1,tools/patterns_analysis/_archive/report.py,resolved
tools/patterns_analysis/_archive/run_population_stability.py,tools.patterns_analysis._archive.run_population_stability,1,from_import,__future__,annotations,,0,,unresolved_external_or_missing
tools/patterns_analysis/_archive/run_population_stability.py,tools.patterns_analysis._archive.run_population_stability,3,import,argparse,,,0,,unresolved_external_or_missing
tools/patterns_analysis/_archive/run_population_stability.py,tools.patterns_analysis._archive.run_population_stability,4,import,os,,,0,,unresolved_external_or_missing
tools/patterns_analysis/_archive/run_population_stability.py,tools.patterns_analysis._archive.run_population_stability,5,import,csv,,,0,,unresolved_external_or_missing
tools/patterns_analysis/_archive/run_population_stability.py,tools.patterns_analysis._archive.run_population_stability,6,from_import,typing,List,,0,,unresolved_external_or_missing
tools/patterns_analysis/_archive/run_population_stability.py,tools.patterns_analysis._archive.run_population_stability,8,from_import,io,get_domain_records,,1,tools/patterns_analysis/_archive/io.py,resolved
tools/patterns_analysis/_archive/run_population_stability.py,tools.patterns_analysis._archive.run_population_stability,8,from_import,io,load_exports,,1,tools/patterns_analysis/_archive/io.py,resolved
tools/patterns_analysis/_archive/run_population_stability.py,tools.patterns_analysis._archive.run_population_stability,9,from_import,index,build_domain_index,,1,tools/patterns_analysis/_archive/index.py,resolved
tools/patterns_analysis/_archive/run_population_stability.py,tools.patterns_analysis._archive.run_population_stability,10,from_import,stability,presence_counts,,1,tools/patterns_analysis/_archive/stability.py,resolved
tools/patterns_analysis/_archive/run_population_stability.py,tools.patterns_analysis._archive.run_population_stability,10,from_import,stability,stability_distribution,,1,tools/patterns_analysis/_archive/stability.py,resolved
tools/patterns_analysis/_archive/run_population_stability.py,tools.patterns_analysis._archive.run_population_stability,11,from_import,report,write_json_report,,1,tools/patterns_analysis/_archive/report.py,resolved
tools/patterns_analysis/_archive/run_text_types_candidate_joinkey_simulation.py,tools.patterns_analysis._archive.run_text_types_candidate_joinkey_simulation,1,from_import,__future__,annotations,,0,,unresolved_external_or_missing
tools/patterns_analysis/_archive/run_text_types_candidate_joinkey_simulation.py,tools.patterns_analysis._archive.run_text_types_candidate_joinkey_simulation,3,import,argparse,,,0,,unresolved_external_or_missing
tools/patterns_analysis/_archive/run_text_types_candidate_joinkey_simulation.py,tools.patterns_analysis._archive.run_text_types_candidate_joinkey_simulation,4,import,csv,,,0,,unresolved_external_or_missing
tools/patterns_analysis/_archive/run_text_types_candidate_joinkey_simulation.py,tools.patterns_analysis._archive.run_text_types_candidate_joinkey_simulation,5,import,os,,,0,,unresolved_external_or_missing
tools/patterns_analysis/_archive/run_text_types_candidate_joinkey_simulation.py,tools.patterns_analysis._archive.run_text_types_candidate_joinkey_simulation,6,from_import,collections,defaultdict,,0,,unresolved_external_or_missing
tools/patterns_analysis/_archive/run_text_types_candidate_joinkey_simulation.py,tools.patterns_analysis._archive.run_text_types_candidate_joinkey_simulation,7,from_import,typing,Any,,0,,unresolved_external_or_missing
tools/patterns_analysis/_archive/run_text_types_candidate_joinkey_simulation.py,tools.patterns_analysis._archive.run_text_types_candidate_joinkey_simulation,7,from_import,typing,Dict,,0,,unresolved_external_or_missing
tools/patterns_analysis/_archive/run_text_types_candidate_joinkey_simulation.py,tools.patterns_analysis._archive.run_text_types_candidate_joinkey_simulation,7,from_import,typing,Optional,,0,,unresolved_external_or_missing
tools/patterns_analysis/_archive/run_text_types_candidate_joinkey_simulation.py,tools.patterns_analysis._archive.run_text_types_candidate_joinkey_simulation,7,from_import,typing,Set,,0,,unresolved_external_or_missing
tools/patterns_analysis/_archive/run_text_types_candidate_joinkey_simulation.py,tools.patterns_analysis._archive.run_text_types_candidate_joinkey_simulation,7,from_import,typing,Tuple,,0,,unresolved_external_or_missing
tools/patterns_analysis/_archive/run_text_types_candidate_joinkey_simulation.py,tools.patterns_analysis._archive.run_text_types_candidate_joinkey_simulation,9,from_import,io,get_domain_records,,1,tools/patterns_analysis/_archive/io.py,resolved
tools/patterns_analysis/_archive/run_text_types_candidate_joinkey_simulation.py,tools.patterns_analysis._archive.run_text_types_candidate_joinkey_simulation,9,from_import,io,load_exports,,1,tools/patterns_analysis/_archive/io.py,resolved
tools/patterns_analysis/_archive/run_text_types_candidate_joinkey_simulation.py,tools.patterns_analysis._archive.run_text_types_candidate_joinkey_simulation,10,from_import,report,write_json_report,,1,tools/patterns_analysis/_archive/report.py,resolved
tools/patterns_analysis/_archive/run_view_category_overrides_joinkey_analysis.py,tools.patterns_analysis._archive.run_view_category_overrides_joinkey_analysis,13,import,argparse,,,0,,unresolved_external_or_missing
tools/patterns_analysis/_archive/run_view_category_overrides_joinkey_analysis.py,tools.patterns_analysis._archive.run_view_category_overrides_joinkey_analysis,14,import,hashlib,,,0,,unresolved_external_or_missing
tools/patterns_analysis/_archive/run_view_category_overrides_joinkey_analysis.py,tools.patterns_analysis._archive.run_view_category_overrides_joinkey_analysis,15,import,json,,,0,,unresolved_external_or_missing
tools/patterns_analysis/_archive/run_view_category_overrides_joinkey_analysis.py,tools.patterns_analysis._archive.run_view_category_overrides_joinkey_analysis,16,from_import,collections,Counter,,0,,unresolved_external_or_missing
tools/patterns_analysis/_archive/run_view_category_overrides_joinkey_analysis.py,tools.patterns_analysis._archive.run_view_category_overrides_joinkey_analysis,16,from_import,collections,defaultdict,,0,,unresolved_external_or_missing
tools/patterns_analysis/_archive/run_view_category_overrides_joinkey_analysis.py,tools.patterns_analysis._archive.run_view_category_overrides_joinkey_analysis,17,from_import,statistics,mean,,0,,unresolved_external_or_missing
tools/patterns_analysis/_archive/run_view_category_overrides_joinkey_analysis.py,tools.patterns_analysis._archive.run_view_category_overrides_joinkey_analysis,17,from_import,statistics,median,,0,,unresolved_external_or_missing
tools/patterns_analysis/_archive/run_view_category_overrides_joinkey_analysis.py,tools.patterns_analysis._archive.run_view_category_overrides_joinkey_analysis,18,from_import,typing,Dict,,0,,unresolved_external_or_missing
tools/patterns_analysis/_archive/run_view_category_overrides_joinkey_analysis.py,tools.patterns_analysis._archive.run_view_category_overrides_joinkey_analysis,18,from_import,typing,Iterable,,0,,unresolved_external_or_missing
tools/patterns_analysis/_archive/run_view_category_overrides_joinkey_analysis.py,tools.patterns_analysis._archive.run_view_category_overrides_joinkey_analysis,18,from_import,typing,List,,0,,unresolved_external_or_missing
tools/patterns_analysis/_archive/run_view_category_overrides_joinkey_analysis.py,tools.patterns_analysis._archive.run_view_category_overrides_joinkey_analysis,18,from_import,typing,Tuple,,0,,unresolved_external_or_missing
tools/patterns_analysis/_archive/run_view_templates_joinkey_analysis.py,tools.patterns_analysis._archive.run_view_templates_joinkey_analysis,13,import,argparse,,,0,,unresolved_external_or_missing
tools/patterns_analysis/_archive/run_view_templates_joinkey_analysis.py,tools.patterns_analysis._archive.run_view_templates_joinkey_analysis,14,import,json,,,0,,unresolved_external_or_missing
tools/patterns_analysis/_archive/run_view_templates_joinkey_analysis.py,tools.patterns_analysis._archive.run_view_templates_joinkey_analysis,15,from_import,collections,Counter,,0,,unresolved_external_or_missing
tools/patterns_analysis/_archive/run_view_templates_joinkey_analysis.py,tools.patterns_analysis._archive.run_view_templates_joinkey_analysis,15,from_import,collections,defaultdict,,0,,unresolved_external_or_missing
tools/patterns_analysis/_archive/run_view_templates_joinkey_analysis.py,tools.patterns_analysis._archive.run_view_templates_joinkey_analysis,16,from_import,statistics,mean,,0,,unresolved_external_or_missing
tools/patterns_analysis/_archive/run_view_templates_joinkey_analysis.py,tools.patterns_analysis._archive.run_view_templates_joinkey_analysis,16,from_import,statistics,median,,0,,unresolved_external_or_missing
tools/patterns_analysis/_archive/run_view_templates_joinkey_analysis.py,tools.patterns_analysis._archive.run_view_templates_joinkey_analysis,17,from_import,typing,Dict,,0,,unresolved_external_or_missing
tools/patterns_analysis/_archive/run_view_templates_joinkey_analysis.py,tools.patterns_analysis._archive.run_view_templates_joinkey_analysis,17,from_import,typing,List,,0,,unresolved_external_or_missing
tools/patterns_analysis/_archive/run_view_templates_joinkey_analysis.py,tools.patterns_analysis._archive.run_view_templates_joinkey_analysis,17,from_import,typing,Optional,,0,,unresolved_external_or_missing
tools/patterns_analysis/_archive/split_detection.py,tools.patterns_analysis._archive.split_detection,8,from_import,__future__,annotations,,0,,unresolved_external_or_missing
tools/patterns_analysis/_archive/split_detection.py,tools.patterns_analysis._archive.split_detection,10,import,json,,,0,,unresolved_external_or_missing
tools/patterns_analysis/_archive/split_detection.py,tools.patterns_analysis._archive.split_detection,11,import,numpy,,np,0,,unresolved_external_or_missing
tools/patterns_analysis/_archive/split_detection.py,tools.patterns_analysis._archive.split_detection,12,import,pandas,,pd,0,,unresolved_external_or_missing
tools/patterns_analysis/_archive/split_detection.py,tools.patterns_analysis._archive.split_detection,13,from_import,dataclasses,dataclass,,0,,unresolved_external_or_missing
tools/patterns_analysis/_archive/split_detection.py,tools.patterns_analysis._archive.split_detection,14,from_import,pathlib,Path,,0,,unresolved_external_or_missing
tools/patterns_analysis/_archive/split_detection.py,tools.patterns_analysis._archive.split_detection,15,from_import,typing,Any,,0,,unresolved_external_or_missing
tools/patterns_analysis/_archive/split_detection.py,tools.patterns_analysis._archive.split_detection,15,from_import,typing,Dict,,0,,unresolved_external_or_missing
tools/patterns_analysis/_archive/split_detection.py,tools.patterns_analysis._archive.split_detection,15,from_import,typing,List,,0,,unresolved_external_or_missing
tools/patterns_analysis/_archive/split_detection.py,tools.patterns_analysis._archive.split_detection,15,from_import,typing,Optional,,0,,unresolved_external_or_missing
tools/patterns_analysis/_archive/split_detection.py,tools.patterns_analysis._archive.split_detection,15,from_import,typing,Set,,0,,unresolved_external_or_missing
tools/patterns_analysis/_archive/split_detection.py,tools.patterns_analysis._archive.split_detection,15,from_import,typing,Tuple,,0,,unresolved_external_or_missing
tools/patterns_analysis/_archive/split_detection.py,tools.patterns_analysis._archive.split_detection,16,from_import,collections,Counter,,0,,unresolved_external_or_missing
tools/patterns_analysis/_archive/split_detection.py,tools.patterns_analysis._archive.split_detection,16,from_import,collections,defaultdict,,0,,unresolved_external_or_missing
tools/patterns_analysis/_archive/split_detection.py,tools.patterns_analysis._archive.split_detection,164,import,re,,,0,,unresolved_external_or_missing
tools/patterns_analysis/_archive/split_detection.py,tools.patterns_analysis._archive.split_detection,191,from_import,sklearn.metrics,silhouette_score,,0,,unresolved_external_or_missing
tools/patterns_analysis/_archive/split_detection_element_level.py,tools.patterns_analysis._archive.split_detection_element_level,4,from_import,__future__,annotations,,0,,unresolved_external_or_missing
tools/patterns_analysis/_archive/split_detection_element_level.py,tools.patterns_analysis._archive.split_detection_element_level,6,import,argparse,,,0,,unresolved_external_or_missing
tools/patterns_analysis/_archive/split_detection_element_level.py,tools.patterns_analysis._archive.split_detection_element_level,7,import,json,,,0,,unresolved_external_or_missing
tools/patterns_analysis/_archive/split_detection_element_level.py,tools.patterns_analysis._archive.split_detection_element_level,8,import,os,,,0,,unresolved_external_or_missing
tools/patterns_analysis/_archive/split_detection_element_level.py,tools.patterns_analysis._archive.split_detection_element_level,9,import,sys,,,0,,unresolved_external_or_missing
tools/patterns_analysis/_archive/split_detection_element_level.py,tools.patterns_analysis._archive.split_detection_element_level,10,from_import,pathlib,Path,,0,,unresolved_external_or_missing
tools/patterns_analysis/_archive/split_detection_element_level.py,tools.patterns_analysis._archive.split_detection_element_level,11,from_import,typing,Dict,,0,,unresolved_external_or_missing
tools/patterns_analysis/_archive/split_detection_element_level.py,tools.patterns_analysis._archive.split_detection_element_level,11,from_import,typing,List,,0,,unresolved_external_or_missing
tools/patterns_analysis/_archive/split_detection_element_level.py,tools.patterns_analysis._archive.split_detection_element_level,12,import,csv,,,0,,unresolved_external_or_missing
tools/patterns_analysis/_archive/split_detection_element_level.py,tools.patterns_analysis._archive.split_detection_element_level,13,from_import,typing,Iterator,,0,,unresolved_external_or_missing
tools/patterns_analysis/_archive/split_detection_element_level.py,tools.patterns_analysis._archive.split_detection_element_level,15,import,pandas,,pd,0,,unresolved_external_or_missing
tools/patterns_analysis/_archive/split_detection_element_level.py,tools.patterns_analysis._archive.split_detection_element_level,17,from_import,io,get_domain_records,,1,tools/patterns_analysis/_archive/io.py,resolved
tools/patterns_analysis/_archive/split_detection_element_level.py,tools.patterns_analysis._archive.split_detection_element_level,17,from_import,io,load_export_file,,1,tools/patterns_analysis/_archive/io.py,resolved
tools/patterns_analysis/_archive/split_detection_element_level.py,tools.patterns_analysis._archive.split_detection_element_level,17,from_import,io,load_exports,,1,tools/patterns_analysis/_archive/io.py,resolved
tools/patterns_analysis/_archive/split_detection_element_level.py,tools.patterns_analysis._archive.split_detection_element_level,18,from_import,report,write_json_report,,1,tools/patterns_analysis/_archive/report.py,resolved
tools/patterns_analysis/_archive/split_detection_element_level.py,tools.patterns_analysis._archive.split_detection_element_level,190,from_import,collections,Counter,,0,,unresolved_external_or_missing
tools/patterns_analysis/_archive/split_detection_file_level.py,tools.patterns_analysis._archive.split_detection_file_level,4,from_import,__future__,annotations,,0,,unresolved_external_or_missing
tools/patterns_analysis/_archive/split_detection_file_level.py,tools.patterns_analysis._archive.split_detection_file_level,6,import,argparse,,,0,,unresolved_external_or_missing
tools/patterns_analysis/_archive/split_detection_file_level.py,tools.patterns_analysis._archive.split_detection_file_level,7,import,json,,,0,,unresolved_external_or_missing
tools/patterns_analysis/_archive/split_detection_file_level.py,tools.patterns_analysis._archive.split_detection_file_level,8,import,os,,,0,,unresolved_external_or_missing
tools/patterns_analysis/_archive/split_detection_file_level.py,tools.patterns_analysis._archive.split_detection_file_level,9,import,sys,,,0,,unresolved_external_or_missing
tools/patterns_analysis/_archive/split_detection_file_level.py,tools.patterns_analysis._archive.split_detection_file_level,10,from_import,pathlib,Path,,0,,unresolved_external_or_missing
tools/patterns_analysis/_archive/split_detection_file_level.py,tools.patterns_analysis._archive.split_detection_file_level,11,from_import,typing,Dict,,0,,unresolved_external_or_missing
tools/patterns_analysis/_archive/split_detection_file_level.py,tools.patterns_analysis._archive.split_detection_file_level,11,from_import,typing,List,,0,,unresolved_external_or_missing
tools/patterns_analysis/_archive/split_detection_file_level.py,tools.patterns_analysis._archive.split_detection_file_level,11,from_import,typing,Set,,0,,unresolved_external_or_missing
tools/patterns_analysis/_archive/split_detection_file_level.py,tools.patterns_analysis._archive.split_detection_file_level,11,from_import,typing,Tuple,,0,,unresolved_external_or_missing
tools/patterns_analysis/_archive/split_detection_file_level.py,tools.patterns_analysis._archive.split_detection_file_level,13,import,numpy,,np,0,,unresolved_external_or_missing
tools/patterns_analysis/_archive/split_detection_file_level.py,tools.patterns_analysis._archive.split_detection_file_level,14,import,pandas,,pd,0,,unresolved_external_or_missing
tools/patterns_analysis/_archive/split_detection_file_level.py,tools.patterns_analysis._archive.split_detection_file_level,15,from_import,scipy.cluster.hierarchy,fcluster,,0,,unresolved_external_or_missing
tools/patterns_analysis/_archive/split_detection_file_level.py,tools.patterns_analysis._archive.split_detection_file_level,15,from_import,scipy.cluster.hierarchy,linkage,,0,,unresolved_external_or_missing
tools/patterns_analysis/_archive/split_detection_file_level.py,tools.patterns_analysis._archive.split_detection_file_level,16,from_import,scipy.spatial.distance,squareform,,0,,unresolved_external_or_missing
tools/patterns_analysis/_archive/split_detection_file_level.py,tools.patterns_analysis._archive.split_detection_file_level,18,from_import,io,get_domain_records,,1,tools/patterns_analysis/_archive/io.py,resolved
tools/patterns_analysis/_archive/split_detection_file_level.py,tools.patterns_analysis._archive.split_detection_file_level,18,from_import,io,load_exports,,1,tools/patterns_analysis/_archive/io.py,resolved
tools/patterns_analysis/_archive/split_detection_file_level.py,tools.patterns_analysis._archive.split_detection_file_level,18,from_import,io,load_records_sig_profiles,,1,tools/patterns_analysis/_archive/io.py,resolved
tools/patterns_analysis/_archive/split_detection_file_level.py,tools.patterns_analysis._archive.split_detection_file_level,23,from_import,report,write_json_report,,1,tools/patterns_analysis/_archive/report.py,resolved
tools/patterns_analysis/_archive/split_detection_file_level.py,tools.patterns_analysis._archive.split_detection_file_level,24,from_import,split_detection,Cluster,,1,tools/patterns_analysis/_archive/split_detection.py,resolved
tools/patterns_analysis/_archive/split_detection_file_level.py,tools.patterns_analysis._archive.split_detection_file_level,24,from_import,split_detection,build_distance_matrix_from_similarity,,1,tools/patterns_analysis/_archive/split_detection.py,resolved
tools/patterns_analysis/_archive/split_detection_file_level.py,tools.patterns_analysis._archive.split_detection_file_level,24,from_import,split_detection,cluster_assignments_to_labels,,1,tools/patterns_analysis/_archive/split_detection.py,resolved
tools/patterns_analysis/_archive/split_detection_file_level.py,tools.patterns_analysis._archive.split_detection_file_level,24,from_import,split_detection,compute_silhouette_score,,1,tools/patterns_analysis/_archive/split_detection.py,resolved
tools/patterns_analysis/_archive/split_detection_file_level.py,tools.patterns_analysis._archive.split_detection_file_level,24,from_import,split_detection,extract_metadata_patterns,,1,tools/patterns_analysis/_archive/split_detection.py,resolved
tools/patterns_analysis/_archive/split_detection_file_level.py,tools.patterns_analysis._archive.split_detection_file_level,24,from_import,split_detection,interpret_silhouette_score,,1,tools/patterns_analysis/_archive/split_detection.py,resolved
tools/patterns_analysis/_archive/stability.py,tools.patterns_analysis._archive.stability,1,from_import,__future__,annotations,,0,,unresolved_external_or_missing
tools/patterns_analysis/_archive/stability.py,tools.patterns_analysis._archive.stability,14,from_import,dataclasses,dataclass,,0,,unresolved_external_or_missing
tools/patterns_analysis/_archive/stability.py,tools.patterns_analysis._archive.stability,15,from_import,typing,Dict,,0,,unresolved_external_or_missing
tools/patterns_analysis/_archive/stability.py,tools.patterns_analysis._archive.stability,15,from_import,typing,List,,0,,unresolved_external_or_missing
tools/patterns_analysis/_archive/stability.py,tools.patterns_analysis._archive.stability,15,from_import,typing,Sequence,,0,,unresolved_external_or_missing
tools/patterns_analysis/_archive/stability.py,tools.patterns_analysis._archive.stability,15,from_import,typing,Set,,0,,unresolved_external_or_missing
tools/patterns_analysis/_archive/stability.py,tools.patterns_analysis._archive.stability,17,from_import,index,DomainIndex,,1,tools/patterns_analysis/_archive/index.py,resolved
tools/patterns_analysis/split_detection.py,tools.patterns_analysis.split_detection,8,from_import,__future__,annotations,,0,,unresolved_external_or_missing
tools/patterns_analysis/split_detection.py,tools.patterns_analysis.split_detection,10,import,json,,,0,,unresolved_external_or_missing
tools/patterns_analysis/split_detection.py,tools.patterns_analysis.split_detection,11,import,numpy,,np,0,,unresolved_external_or_missing
tools/patterns_analysis/split_detection.py,tools.patterns_analysis.split_detection,12,import,pandas,,pd,0,,unresolved_external_or_missing
tools/patterns_analysis/split_detection.py,tools.patterns_analysis.split_detection,13,from_import,dataclasses,dataclass,,0,,unresolved_external_or_missing
tools/patterns_analysis/split_detection.py,tools.patterns_analysis.split_detection,14,from_import,pathlib,Path,,0,,unresolved_external_or_missing
tools/patterns_analysis/split_detection.py,tools.patterns_analysis.split_detection,15,from_import,typing,Any,,0,,unresolved_external_or_missing
tools/patterns_analysis/split_detection.py,tools.patterns_analysis.split_detection,15,from_import,typing,Dict,,0,,unresolved_external_or_missing
tools/patterns_analysis/split_detection.py,tools.patterns_analysis.split_detection,15,from_import,typing,List,,0,,unresolved_external_or_missing
tools/patterns_analysis/split_detection.py,tools.patterns_analysis.split_detection,15,from_import,typing,Optional,,0,,unresolved_external_or_missing
tools/patterns_analysis/split_detection.py,tools.patterns_analysis.split_detection,15,from_import,typing,Set,,0,,unresolved_external_or_missing
tools/patterns_analysis/split_detection.py,tools.patterns_analysis.split_detection,15,from_import,typing,Tuple,,0,,unresolved_external_or_missing
tools/patterns_analysis/split_detection.py,tools.patterns_analysis.split_detection,16,from_import,collections,Counter,,0,,unresolved_external_or_missing
tools/patterns_analysis/split_detection.py,tools.patterns_analysis.split_detection,16,from_import,collections,defaultdict,,0,,unresolved_external_or_missing
tools/patterns_analysis/split_detection.py,tools.patterns_analysis.split_detection,164,import,re,,,0,,unresolved_external_or_missing
tools/patterns_analysis/split_detection.py,tools.patterns_analysis.split_detection,191,from_import,sklearn.metrics,silhouette_score,,0,,unresolved_external_or_missing
tools/patterns_analysis/split_detection_element_level.py,tools.patterns_analysis.split_detection_element_level,4,from_import,__future__,annotations,,0,,unresolved_external_or_missing
tools/patterns_analysis/split_detection_element_level.py,tools.patterns_analysis.split_detection_element_level,6,import,argparse,,,0,,unresolved_external_or_missing
tools/patterns_analysis/split_detection_element_level.py,tools.patterns_analysis.split_detection_element_level,7,import,json,,,0,,unresolved_external_or_missing
tools/patterns_analysis/split_detection_element_level.py,tools.patterns_analysis.split_detection_element_level,8,import,os,,,0,,unresolved_external_or_missing
tools/patterns_analysis/split_detection_element_level.py,tools.patterns_analysis.split_detection_element_level,9,import,sys,,,0,,unresolved_external_or_missing
tools/patterns_analysis/split_detection_element_level.py,tools.patterns_analysis.split_detection_element_level,10,from_import,pathlib,Path,,0,,unresolved_external_or_missing
tools/patterns_analysis/split_detection_element_level.py,tools.patterns_analysis.split_detection_element_level,11,from_import,typing,Dict,,0,,unresolved_external_or_missing
tools/patterns_analysis/split_detection_element_level.py,tools.patterns_analysis.split_detection_element_level,11,from_import,typing,List,,0,,unresolved_external_or_missing
tools/patterns_analysis/split_detection_element_level.py,tools.patterns_analysis.split_detection_element_level,12,import,csv,,,0,,unresolved_external_or_missing
tools/patterns_analysis/split_detection_element_level.py,tools.patterns_analysis.split_detection_element_level,13,from_import,typing,Iterator,,0,,unresolved_external_or_missing
tools/patterns_analysis/split_detection_element_level.py,tools.patterns_analysis.split_detection_element_level,15,import,pandas,,pd,0,,unresolved_external_or_missing
tools/patterns_analysis/split_detection_element_level.py,tools.patterns_analysis.split_detection_element_level,17,from_import,io,get_domain_records,,1,,unresolved_external_or_missing
tools/patterns_analysis/split_detection_element_level.py,tools.patterns_analysis.split_detection_element_level,17,from_import,io,load_export_file,,1,,unresolved_external_or_missing
tools/patterns_analysis/split_detection_element_level.py,tools.patterns_analysis.split_detection_element_level,17,from_import,io,load_exports,,1,,unresolved_external_or_missing
tools/patterns_analysis/split_detection_element_level.py,tools.patterns_analysis.split_detection_element_level,18,from_import,report,write_json_report,,1,,unresolved_external_or_missing
tools/patterns_analysis/split_detection_element_level.py,tools.patterns_analysis.split_detection_element_level,190,from_import,collections,Counter,,0,,unresolved_external_or_missing
tools/patterns_analysis/split_detection_file_level.py,tools.patterns_analysis.split_detection_file_level,4,from_import,__future__,annotations,,0,,unresolved_external_or_missing
tools/patterns_analysis/split_detection_file_level.py,tools.patterns_analysis.split_detection_file_level,6,import,argparse,,,0,,unresolved_external_or_missing
tools/patterns_analysis/split_detection_file_level.py,tools.patterns_analysis.split_detection_file_level,7,import,json,,,0,,unresolved_external_or_missing
tools/patterns_analysis/split_detection_file_level.py,tools.patterns_analysis.split_detection_file_level,8,import,os,,,0,,unresolved_external_or_missing
tools/patterns_analysis/split_detection_file_level.py,tools.patterns_analysis.split_detection_file_level,9,import,sys,,,0,,unresolved_external_or_missing
tools/patterns_analysis/split_detection_file_level.py,tools.patterns_analysis.split_detection_file_level,10,from_import,pathlib,Path,,0,,unresolved_external_or_missing
tools/patterns_analysis/split_detection_file_level.py,tools.patterns_analysis.split_detection_file_level,11,from_import,typing,Dict,,0,,unresolved_external_or_missing
tools/patterns_analysis/split_detection_file_level.py,tools.patterns_analysis.split_detection_file_level,11,from_import,typing,List,,0,,unresolved_external_or_missing
tools/patterns_analysis/split_detection_file_level.py,tools.patterns_analysis.split_detection_file_level,11,from_import,typing,Set,,0,,unresolved_external_or_missing
tools/patterns_analysis/split_detection_file_level.py,tools.patterns_analysis.split_detection_file_level,11,from_import,typing,Tuple,,0,,unresolved_external_or_missing
tools/patterns_analysis/split_detection_file_level.py,tools.patterns_analysis.split_detection_file_level,13,import,numpy,,np,0,,unresolved_external_or_missing
tools/patterns_analysis/split_detection_file_level.py,tools.patterns_analysis.split_detection_file_level,14,import,pandas,,pd,0,,unresolved_external_or_missing
tools/patterns_analysis/split_detection_file_level.py,tools.patterns_analysis.split_detection_file_level,15,from_import,scipy.cluster.hierarchy,fcluster,,0,,unresolved_external_or_missing
tools/patterns_analysis/split_detection_file_level.py,tools.patterns_analysis.split_detection_file_level,15,from_import,scipy.cluster.hierarchy,linkage,,0,,unresolved_external_or_missing
tools/patterns_analysis/split_detection_file_level.py,tools.patterns_analysis.split_detection_file_level,16,from_import,scipy.spatial.distance,squareform,,0,,unresolved_external_or_missing
tools/patterns_analysis/split_detection_file_level.py,tools.patterns_analysis.split_detection_file_level,18,from_import,io,get_domain_records,,1,,unresolved_external_or_missing
tools/patterns_analysis/split_detection_file_level.py,tools.patterns_analysis.split_detection_file_level,18,from_import,io,load_exports,,1,,unresolved_external_or_missing
tools/patterns_analysis/split_detection_file_level.py,tools.patterns_analysis.split_detection_file_level,18,from_import,io,load_records_sig_profiles,,1,,unresolved_external_or_missing
tools/patterns_analysis/split_detection_file_level.py,tools.patterns_analysis.split_detection_file_level,23,from_import,report,write_json_report,,1,,unresolved_external_or_missing
tools/patterns_analysis/split_detection_file_level.py,tools.patterns_analysis.split_detection_file_level,24,from_import,split_detection,Cluster,,1,tools/patterns_analysis/split_detection.py,resolved
tools/patterns_analysis/split_detection_file_level.py,tools.patterns_analysis.split_detection_file_level,24,from_import,split_detection,build_distance_matrix_from_similarity,,1,tools/patterns_analysis/split_detection.py,resolved
tools/patterns_analysis/split_detection_file_level.py,tools.patterns_analysis.split_detection_file_level,24,from_import,split_detection,cluster_assignments_to_labels,,1,tools/patterns_analysis/split_detection.py,resolved
tools/patterns_analysis/split_detection_file_level.py,tools.patterns_analysis.split_detection_file_level,24,from_import,split_detection,compute_silhouette_score,,1,tools/patterns_analysis/split_detection.py,resolved
tools/patterns_analysis/split_detection_file_level.py,tools.patterns_analysis.split_detection_file_level,24,from_import,split_detection,extract_metadata_patterns,,1,tools/patterns_analysis/split_detection.py,resolved
tools/patterns_analysis/split_detection_file_level.py,tools.patterns_analysis.split_detection_file_level,24,from_import,split_detection,interpret_silhouette_score,,1,tools/patterns_analysis/split_detection.py,resolved
tools/population_framing.py,tools.population_framing,2,from_import,__future__,annotations,,0,,unresolved_external_or_missing
tools/population_framing.py,tools.population_framing,4,import,argparse,,,0,,unresolved_external_or_missing
tools/population_framing.py,tools.population_framing,5,import,csv,,,0,,unresolved_external_or_missing
tools/population_framing.py,tools.population_framing,6,import,json,,,0,,unresolved_external_or_missing
tools/population_framing.py,tools.population_framing,7,import,math,,,0,,unresolved_external_or_missing
tools/population_framing.py,tools.population_framing,8,from_import,collections,defaultdict,,0,,unresolved_external_or_missing
tools/population_framing.py,tools.population_framing,9,from_import,pathlib,Path,,0,,unresolved_external_or_missing
tools/population_framing.py,tools.population_framing,10,from_import,typing,Any,,0,,unresolved_external_or_missing
tools/population_framing.py,tools.population_framing,10,from_import,typing,Dict,,0,,unresolved_external_or_missing
tools/population_framing.py,tools.population_framing,10,from_import,typing,List,,0,,unresolved_external_or_missing
tools/population_framing.py,tools.population_framing,10,from_import,typing,Tuple,,0,,unresolved_external_or_missing
tools/probes/build_probe_inventory.py,tools.probes.build_probe_inventory,54,import,argparse,,,0,,unresolved_external_or_missing
tools/probes/build_probe_inventory.py,tools.probes.build_probe_inventory,55,import,csv,,,0,,unresolved_external_or_missing
tools/probes/build_probe_inventory.py,tools.probes.build_probe_inventory,56,import,json,,,0,,unresolved_external_or_missing
tools/probes/build_probe_inventory.py,tools.probes.build_probe_inventory,57,import,os,,,0,,unresolved_external_or_missing
tools/probes/build_probe_inventory.py,tools.probes.build_probe_inventory,58,import,re,,,0,,unresolved_external_or_missing
tools/probes/build_probe_inventory.py,tools.probes.build_probe_inventory,59,import,sys,,,0,,unresolved_external_or_missing
tools/probes/build_probe_inventory.py,tools.probes.build_probe_inventory,60,from_import,collections,OrderedDict,,0,,unresolved_external_or_missing
tools/probes/check_line_patterns_normhash.py,tools.probes.check_line_patterns_normhash,2,import,csv,,,0,,unresolved_external_or_missing
tools/probes/check_line_patterns_normhash.py,tools.probes.check_line_patterns_normhash,3,import,argparse,,,0,,unresolved_external_or_missing
tools/probes/check_line_patterns_normhash.py,tools.probes.check_line_patterns_normhash,4,from_import,pathlib,Path,,0,,unresolved_external_or_missing
tools/probes/check_line_patterns_normhash.py,tools.probes.check_line_patterns_normhash,5,from_import,collections,Counter,,0,,unresolved_external_or_missing
tools/probes/check_line_patterns_normhash.py,tools.probes.check_line_patterns_normhash,5,from_import,collections,defaultdict,,0,,unresolved_external_or_missing
tools/probes/find_crosswalk_candidates.py,tools.probes.find_crosswalk_candidates,54,import,argparse,,,0,,unresolved_external_or_missing
tools/probes/find_crosswalk_candidates.py,tools.probes.find_crosswalk_candidates,55,import,csv,,,0,,unresolved_external_or_missing
tools/probes/find_crosswalk_candidates.py,tools.probes.find_crosswalk_candidates,56,import,os,,,0,,unresolved_external_or_missing
tools/probes/find_crosswalk_candidates.py,tools.probes.find_crosswalk_candidates,57,import,re,,,0,,unresolved_external_or_missing
tools/probes/find_crosswalk_candidates.py,tools.probes.find_crosswalk_candidates,58,import,sys,,,0,,unresolved_external_or_missing
tools/probes/find_crosswalk_candidates.py,tools.probes.find_crosswalk_candidates,59,from_import,collections,OrderedDict,,0,,unresolved_external_or_missing
tools/probes/probe_arrowheads.py,tools.probes.probe_arrowheads,42,import,clr,,,0,,unresolved_external_or_missing
tools/probes/probe_arrowheads.py,tools.probes.probe_arrowheads,43,import,hashlib,,,0,,unresolved_external_or_missing
tools/probes/probe_arrowheads.py,tools.probes.probe_arrowheads,44,import,os,,,0,,unresolved_external_or_missing
tools/probes/probe_arrowheads.py,tools.probes.probe_arrowheads,45,import,json,,,0,,unresolved_external_or_missing
tools/probes/probe_arrowheads.py,tools.probes.probe_arrowheads,46,from_import,datetime,datetime,,0,,unresolved_external_or_missing
tools/probes/probe_arrowheads.py,tools.probes.probe_arrowheads,49,from_import,RevitServices.Persistence,DocumentManager,,0,,unresolved_external_or_missing
tools/probes/probe_arrowheads.py,tools.probes.probe_arrowheads,52,from_import,Autodesk.Revit.DB,BuiltInParameter,,0,,unresolved_external_or_missing
tools/probes/probe_arrowheads.py,tools.probes.probe_arrowheads,52,from_import,Autodesk.Revit.DB,ElementId,,0,,unresolved_external_or_missing
tools/probes/probe_arrowheads.py,tools.probes.probe_arrowheads,52,from_import,Autodesk.Revit.DB,ElementType,,0,,unresolved_external_or_missing
tools/probes/probe_arrowheads.py,tools.probes.probe_arrowheads,52,from_import,Autodesk.Revit.DB,FilteredElementCollector,,0,,unresolved_external_or_missing
tools/probes/probe_arrowheads.py,tools.probes.probe_arrowheads,52,from_import,Autodesk.Revit.DB,StorageType,,0,,unresolved_external_or_missing
tools/probes/probe_arrowheads.py,tools.probes.probe_arrowheads,52,from_import,Autodesk.Revit.DB,UnitFormatUtils,,0,,unresolved_external_or_missing
tools/probes/probe_arrowheads.py,tools.probes.probe_arrowheads,52,from_import,Autodesk.Revit.DB,UnitTypeId,,0,,unresolved_external_or_missing
tools/probes/probe_arrowheads.py,tools.probes.probe_arrowheads,52,from_import,Autodesk.Revit.DB,UnitUtils,,0,,unresolved_external_or_missing
tools/probes/probe_arrowheads.py,tools.probes.probe_arrowheads,59,from_import,Autodesk.Revit.DB,SpecTypeId,,0,,unresolved_external_or_missing
tools/probes/probe_arrowheads.py,tools.probes.probe_arrowheads,906,import,uuid,,_uuid_mod,0,,unresolved_external_or_missing
tools/probes/probe_browser_organization.py,tools.probes.probe_browser_organization,77,import,clr,,,0,,unresolved_external_or_missing
tools/probes/probe_browser_organization.py,tools.probes.probe_browser_organization,78,import,os,,,0,,unresolved_external_or_missing
tools/probes/probe_browser_organization.py,tools.probes.probe_browser_organization,79,import,json,,,0,,unresolved_external_or_missing
tools/probes/probe_browser_organization.py,tools.probes.probe_browser_organization,80,from_import,datetime,datetime,,0,,unresolved_external_or_missing
tools/probes/probe_browser_organization.py,tools.probes.probe_browser_organization,83,from_import,RevitServices.Persistence,DocumentManager,,0,,unresolved_external_or_missing
tools/probes/probe_browser_organization.py,tools.probes.probe_browser_organization,86,from_import,Autodesk.Revit.DB,BuiltInParameter,,0,,unresolved_external_or_missing
tools/probes/probe_browser_organization.py,tools.probes.probe_browser_organization,86,from_import,Autodesk.Revit.DB,ElementId,,0,,unresolved_external_or_missing
tools/probes/probe_browser_organization.py,tools.probes.probe_browser_organization,89,from_import,Autodesk.Revit.DB,BrowserOrganization,,0,,unresolved_external_or_missing
tools/probes/probe_browser_organization.py,tools.probes.probe_browser_organization,94,from_import,Autodesk.Revit.DB,LabelUtils,,0,,unresolved_external_or_missing
tools/probes/probe_browser_organization.py,tools.probes.probe_browser_organization,99,import,System,,,0,,unresolved_external_or_missing
tools/probes/probe_browser_organization.py,tools.probes.probe_browser_organization,883,import,uuid,,_uuid_mod,0,,unresolved_external_or_missing
tools/probes/probe_ceiling_types.py,tools.probes.probe_ceiling_types,62,import,clr,,,0,,unresolved_external_or_missing
tools/probes/probe_ceiling_types.py,tools.probes.probe_ceiling_types,63,import,os,,,0,,unresolved_external_or_missing
tools/probes/probe_ceiling_types.py,tools.probes.probe_ceiling_types,64,import,json,,,0,,unresolved_external_or_missing
tools/probes/probe_ceiling_types.py,tools.probes.probe_ceiling_types,65,import,uuid,,,0,,unresolved_external_or_missing
tools/probes/probe_ceiling_types.py,tools.probes.probe_ceiling_types,66,from_import,datetime,datetime,,0,,unresolved_external_or_missing
tools/probes/probe_ceiling_types.py,tools.probes.probe_ceiling_types,69,from_import,RevitServices.Persistence,DocumentManager,,0,,unresolved_external_or_missing
tools/probes/probe_ceiling_types.py,tools.probes.probe_ceiling_types,72,from_import,Autodesk.Revit.DB,BuiltInCategory,,0,,unresolved_external_or_missing
tools/probes/probe_ceiling_types.py,tools.probes.probe_ceiling_types,72,from_import,Autodesk.Revit.DB,BuiltInParameter,,0,,unresolved_external_or_missing
tools/probes/probe_ceiling_types.py,tools.probes.probe_ceiling_types,72,from_import,Autodesk.Revit.DB,CeilingType,,0,,unresolved_external_or_missing
tools/probes/probe_ceiling_types.py,tools.probes.probe_ceiling_types,72,from_import,Autodesk.Revit.DB,ElementId,,0,,unresolved_external_or_missing
tools/probes/probe_ceiling_types.py,tools.probes.probe_ceiling_types,72,from_import,Autodesk.Revit.DB,FilteredElementCollector,,0,,unresolved_external_or_missing
tools/probes/probe_ceiling_types.py,tools.probes.probe_ceiling_types,72,from_import,Autodesk.Revit.DB,StorageType,,0,,unresolved_external_or_missing
tools/probes/probe_ceiling_types.py,tools.probes.probe_ceiling_types,72,from_import,Autodesk.Revit.DB,UnitFormatUtils,,0,,unresolved_external_or_missing
tools/probes/probe_ceiling_types.py,tools.probes.probe_ceiling_types,72,from_import,Autodesk.Revit.DB,UnitTypeId,,0,,unresolved_external_or_missing
tools/probes/probe_ceiling_types.py,tools.probes.probe_ceiling_types,72,from_import,Autodesk.Revit.DB,UnitUtils,,0,,unresolved_external_or_missing
tools/probes/probe_ceiling_types.py,tools.probes.probe_ceiling_types,81,from_import,Autodesk.Revit.DB,SpecTypeId,,0,,unresolved_external_or_missing
tools/probes/probe_dimension_types.py,tools.probes.probe_dimension_types,42,import,clr,,,0,,unresolved_external_or_missing
tools/probes/probe_dimension_types.py,tools.probes.probe_dimension_types,43,import,os,,,0,,unresolved_external_or_missing
tools/probes/probe_dimension_types.py,tools.probes.probe_dimension_types,44,import,json,,,0,,unresolved_external_or_missing
tools/probes/probe_dimension_types.py,tools.probes.probe_dimension_types,45,from_import,datetime,datetime,,0,,unresolved_external_or_missing
tools/probes/probe_dimension_types.py,tools.probes.probe_dimension_types,48,from_import,RevitServices.Persistence,DocumentManager,,0,,unresolved_external_or_missing
tools/probes/probe_dimension_types.py,tools.probes.probe_dimension_types,51,from_import,Autodesk.Revit.DB,BuiltInParameter,,0,,unresolved_external_or_missing
tools/probes/probe_dimension_types.py,tools.probes.probe_dimension_types,51,from_import,Autodesk.Revit.DB,ElementId,,0,,unresolved_external_or_missing
tools/probes/probe_dimension_types.py,tools.probes.probe_dimension_types,51,from_import,Autodesk.Revit.DB,ElementType,,0,,unresolved_external_or_missing
tools/probes/probe_dimension_types.py,tools.probes.probe_dimension_types,51,from_import,Autodesk.Revit.DB,FilteredElementCollector,,0,,unresolved_external_or_missing
tools/probes/probe_dimension_types.py,tools.probes.probe_dimension_types,51,from_import,Autodesk.Revit.DB,StorageType,,0,,unresolved_external_or_missing
tools/probes/probe_dimension_types.py,tools.probes.probe_dimension_types,51,from_import,Autodesk.Revit.DB,UnitFormatUtils,,0,,unresolved_external_or_missing
tools/probes/probe_dimension_types.py,tools.probes.probe_dimension_types,51,from_import,Autodesk.Revit.DB,UnitTypeId,,0,,unresolved_external_or_missing
tools/probes/probe_dimension_types.py,tools.probes.probe_dimension_types,51,from_import,Autodesk.Revit.DB,UnitUtils,,0,,unresolved_external_or_missing
tools/probes/probe_dimension_types.py,tools.probes.probe_dimension_types,58,from_import,Autodesk.Revit.DB,SpecTypeId,,0,,unresolved_external_or_missing
tools/probes/probe_dimension_types.py,tools.probes.probe_dimension_types,63,from_import,Autodesk.Revit.DB,DimensionType,,0,,unresolved_external_or_missing
tools/probes/probe_dimension_types.py,tools.probes.probe_dimension_types,347,import,System,,,0,,unresolved_external_or_missing
tools/probes/probe_dimension_types.py,tools.probes.probe_dimension_types,603,import,hashlib,,,0,,unresolved_external_or_missing
tools/probes/probe_dimension_types.py,tools.probes.probe_dimension_types,1082,import,uuid,,_uuid_mod,0,,unresolved_external_or_missing
tools/probes/probe_fill_patterns.py,tools.probes.probe_fill_patterns,47,import,clr,,,0,,unresolved_external_or_missing
tools/probes/probe_fill_patterns.py,tools.probes.probe_fill_patterns,48,import,os,,,0,,unresolved_external_or_missing
tools/probes/probe_fill_patterns.py,tools.probes.probe_fill_patterns,49,import,json,,,0,,unresolved_external_or_missing
tools/probes/probe_fill_patterns.py,tools.probes.probe_fill_patterns,50,from_import,datetime,datetime,,0,,unresolved_external_or_missing
tools/probes/probe_fill_patterns.py,tools.probes.probe_fill_patterns,53,from_import,RevitServices.Persistence,DocumentManager,,0,,unresolved_external_or_missing
tools/probes/probe_fill_patterns.py,tools.probes.probe_fill_patterns,56,from_import,Autodesk.Revit.DB,BuiltInParameter,,0,,unresolved_external_or_missing
tools/probes/probe_fill_patterns.py,tools.probes.probe_fill_patterns,56,from_import,Autodesk.Revit.DB,ElementId,,0,,unresolved_external_or_missing
tools/probes/probe_fill_patterns.py,tools.probes.probe_fill_patterns,56,from_import,Autodesk.Revit.DB,FillPatternElement,,0,,unresolved_external_or_missing
tools/probes/probe_fill_patterns.py,tools.probes.probe_fill_patterns,56,from_import,Autodesk.Revit.DB,FilteredElementCollector,,0,,unresolved_external_or_missing
tools/probes/probe_fill_patterns.py,tools.probes.probe_fill_patterns,56,from_import,Autodesk.Revit.DB,StorageType,,0,,unresolved_external_or_missing
tools/probes/probe_fill_patterns.py,tools.probes.probe_fill_patterns,56,from_import,Autodesk.Revit.DB,UnitFormatUtils,,0,,unresolved_external_or_missing
tools/probes/probe_fill_patterns.py,tools.probes.probe_fill_patterns,56,from_import,Autodesk.Revit.DB,UnitTypeId,,0,,unresolved_external_or_missing
tools/probes/probe_fill_patterns.py,tools.probes.probe_fill_patterns,56,from_import,Autodesk.Revit.DB,UnitUtils,,0,,unresolved_external_or_missing
tools/probes/probe_fill_patterns.py,tools.probes.probe_fill_patterns,64,from_import,Autodesk.Revit.DB,SpecTypeId,,0,,unresolved_external_or_missing
tools/probes/probe_fill_patterns.py,tools.probes.probe_fill_patterns,999,import,uuid,,_uuid_mod,0,,unresolved_external_or_missing
tools/probes/probe_floor_types.py,tools.probes.probe_floor_types,46,import,clr,,,0,,unresolved_external_or_missing
tools/probes/probe_floor_types.py,tools.probes.probe_floor_types,47,import,os,,,0,,unresolved_external_or_missing
tools/probes/probe_floor_types.py,tools.probes.probe_floor_types,48,import,json,,,0,,unresolved_external_or_missing
tools/probes/probe_floor_types.py,tools.probes.probe_floor_types,49,import,uuid,,,0,,unresolved_external_or_missing
tools/probes/probe_floor_types.py,tools.probes.probe_floor_types,50,from_import,datetime,datetime,,0,,unresolved_external_or_missing
tools/probes/probe_floor_types.py,tools.probes.probe_floor_types,53,from_import,RevitServices.Persistence,DocumentManager,,0,,unresolved_external_or_missing
tools/probes/probe_floor_types.py,tools.probes.probe_floor_types,56,from_import,Autodesk.Revit.DB,BuiltInCategory,,0,,unresolved_external_or_missing
tools/probes/probe_floor_types.py,tools.probes.probe_floor_types,56,from_import,Autodesk.Revit.DB,BuiltInParameter,,0,,unresolved_external_or_missing
tools/probes/probe_floor_types.py,tools.probes.probe_floor_types,56,from_import,Autodesk.Revit.DB,ElementId,,0,,unresolved_external_or_missing
tools/probes/probe_floor_types.py,tools.probes.probe_floor_types,56,from_import,Autodesk.Revit.DB,FilteredElementCollector,,0,,unresolved_external_or_missing
tools/probes/probe_floor_types.py,tools.probes.probe_floor_types,56,from_import,Autodesk.Revit.DB,FloorType,,0,,unresolved_external_or_missing
tools/probes/probe_floor_types.py,tools.probes.probe_floor_types,56,from_import,Autodesk.Revit.DB,StorageType,,0,,unresolved_external_or_missing
tools/probes/probe_floor_types.py,tools.probes.probe_floor_types,56,from_import,Autodesk.Revit.DB,UnitFormatUtils,,0,,unresolved_external_or_missing
tools/probes/probe_floor_types.py,tools.probes.probe_floor_types,56,from_import,Autodesk.Revit.DB,UnitTypeId,,0,,unresolved_external_or_missing
tools/probes/probe_floor_types.py,tools.probes.probe_floor_types,56,from_import,Autodesk.Revit.DB,UnitUtils,,0,,unresolved_external_or_missing
tools/probes/probe_floor_types.py,tools.probes.probe_floor_types,68,from_import,Autodesk.Revit.DB,FloorFunction,,0,,unresolved_external_or_missing
tools/probes/probe_floor_types.py,tools.probes.probe_floor_types,73,from_import,Autodesk.Revit.DB,SpecTypeId,,0,,unresolved_external_or_missing
tools/probes/probe_identity.py,tools.probes.probe_identity,41,import,clr,,,0,,unresolved_external_or_missing
tools/probes/probe_identity.py,tools.probes.probe_identity,42,import,os,,,0,,unresolved_external_or_missing
tools/probes/probe_identity.py,tools.probes.probe_identity,43,import,json,,,0,,unresolved_external_or_missing
tools/probes/probe_identity.py,tools.probes.probe_identity,44,from_import,datetime,datetime,,0,,unresolved_external_or_missing
tools/probes/probe_identity.py,tools.probes.probe_identity,47,from_import,RevitServices.Persistence,DocumentManager,,0,,unresolved_external_or_missing
tools/probes/probe_identity.py,tools.probes.probe_identity,50,from_import,Autodesk.Revit.DB,BuiltInParameter,,0,,unresolved_external_or_missing
tools/probes/probe_identity.py,tools.probes.probe_identity,50,from_import,Autodesk.Revit.DB,ElementId,,0,,unresolved_external_or_missing
tools/probes/probe_identity.py,tools.probes.probe_identity,50,from_import,Autodesk.Revit.DB,FilteredElementCollector,,0,,unresolved_external_or_missing
tools/probes/probe_identity.py,tools.probes.probe_identity,50,from_import,Autodesk.Revit.DB,ModelPathUtils,,0,,unresolved_external_or_missing
tools/probes/probe_identity.py,tools.probes.probe_identity,50,from_import,Autodesk.Revit.DB,ProjectInfo,,0,,unresolved_external_or_missing
tools/probes/probe_identity.py,tools.probes.probe_identity,50,from_import,Autodesk.Revit.DB,StorageType,,0,,unresolved_external_or_missing
tools/probes/probe_identity.py,tools.probes.probe_identity,829,import,uuid,,_uuid_mod,0,,unresolved_external_or_missing
tools/probes/probe_line_patterns.py,tools.probes.probe_line_patterns,40,import,clr,,,0,,unresolved_external_or_missing
tools/probes/probe_line_patterns.py,tools.probes.probe_line_patterns,41,import,os,,,0,,unresolved_external_or_missing
tools/probes/probe_line_patterns.py,tools.probes.probe_line_patterns,42,import,json,,,0,,unresolved_external_or_missing
tools/probes/probe_line_patterns.py,tools.probes.probe_line_patterns,43,import,hashlib,,,0,,unresolved_external_or_missing
tools/probes/probe_line_patterns.py,tools.probes.probe_line_patterns,44,from_import,datetime,datetime,,0,,unresolved_external_or_missing
tools/probes/probe_line_patterns.py,tools.probes.probe_line_patterns,47,from_import,RevitServices.Persistence,DocumentManager,,0,,unresolved_external_or_missing
tools/probes/probe_line_patterns.py,tools.probes.probe_line_patterns,50,from_import,Autodesk.Revit.DB,BuiltInCategory,,0,,unresolved_external_or_missing
tools/probes/probe_line_patterns.py,tools.probes.probe_line_patterns,50,from_import,Autodesk.Revit.DB,ElementId,,0,,unresolved_external_or_missing
tools/probes/probe_line_patterns.py,tools.probes.probe_line_patterns,50,from_import,Autodesk.Revit.DB,FilteredElementCollector,,0,,unresolved_external_or_missing
tools/probes/probe_line_patterns.py,tools.probes.probe_line_patterns,50,from_import,Autodesk.Revit.DB,GraphicsStyleType,,0,,unresolved_external_or_missing
tools/probes/probe_line_patterns.py,tools.probes.probe_line_patterns,50,from_import,Autodesk.Revit.DB,LinePatternElement,,0,,unresolved_external_or_missing
tools/probes/probe_line_patterns.py,tools.probes.probe_line_patterns,50,from_import,Autodesk.Revit.DB,StorageType,,0,,unresolved_external_or_missing
tools/probes/probe_line_patterns.py,tools.probes.probe_line_patterns,50,from_import,Autodesk.Revit.DB,UnitFormatUtils,,0,,unresolved_external_or_missing
tools/probes/probe_line_patterns.py,tools.probes.probe_line_patterns,50,from_import,Autodesk.Revit.DB,UnitTypeId,,0,,unresolved_external_or_missing
tools/probes/probe_line_patterns.py,tools.probes.probe_line_patterns,50,from_import,Autodesk.Revit.DB,UnitUtils,,0,,unresolved_external_or_missing
tools/probes/probe_line_patterns.py,tools.probes.probe_line_patterns,58,from_import,Autodesk.Revit.DB,SpecTypeId,,0,,unresolved_external_or_missing
tools/probes/probe_line_patterns.py,tools.probes.probe_line_patterns,1025,import,uuid,,_uuid_mod,0,,unresolved_external_or_missing
tools/probes/probe_line_styles.py,tools.probes.probe_line_styles,76,import,clr,,,0,,unresolved_external_or_missing
tools/probes/probe_line_styles.py,tools.probes.probe_line_styles,77,import,os,,,0,,unresolved_external_or_missing
tools/probes/probe_line_styles.py,tools.probes.probe_line_styles,78,import,json,,,0,,unresolved_external_or_missing
tools/probes/probe_line_styles.py,tools.probes.probe_line_styles,79,from_import,datetime,datetime,,0,,unresolved_external_or_missing
tools/probes/probe_line_styles.py,tools.probes.probe_line_styles,82,from_import,RevitServices.Persistence,DocumentManager,,0,,unresolved_external_or_missing
tools/probes/probe_line_styles.py,tools.probes.probe_line_styles,85,from_import,Autodesk.Revit.DB,BuiltInCategory,,0,,unresolved_external_or_missing
tools/probes/probe_line_styles.py,tools.probes.probe_line_styles,85,from_import,Autodesk.Revit.DB,ElementId,,0,,unresolved_external_or_missing
tools/probes/probe_line_styles.py,tools.probes.probe_line_styles,85,from_import,Autodesk.Revit.DB,FilteredElementCollector,,0,,unresolved_external_or_missing
tools/probes/probe_line_styles.py,tools.probes.probe_line_styles,85,from_import,Autodesk.Revit.DB,StorageType,,0,,unresolved_external_or_missing
tools/probes/probe_line_styles.py,tools.probes.probe_line_styles,85,from_import,Autodesk.Revit.DB,UnitFormatUtils,,0,,unresolved_external_or_missing
tools/probes/probe_line_styles.py,tools.probes.probe_line_styles,85,from_import,Autodesk.Revit.DB,UnitTypeId,,0,,unresolved_external_or_missing
tools/probes/probe_line_styles.py,tools.probes.probe_line_styles,85,from_import,Autodesk.Revit.DB,UnitUtils,,0,,unresolved_external_or_missing
tools/probes/probe_line_styles.py,tools.probes.probe_line_styles,92,from_import,Autodesk.Revit.DB,SpecTypeId,,0,,unresolved_external_or_missing
tools/probes/probe_line_styles.py,tools.probes.probe_line_styles,97,from_import,Autodesk.Revit.DB,GraphicsStyle,,0,,unresolved_external_or_missing
tools/probes/probe_line_styles.py,tools.probes.probe_line_styles,97,from_import,Autodesk.Revit.DB,GraphicsStyleType,,0,,unresolved_external_or_missing
tools/probes/probe_line_styles.py,tools.probes.probe_line_styles,97,from_import,Autodesk.Revit.DB,LinePatternElement,,0,,unresolved_external_or_missing
tools/probes/probe_line_styles.py,tools.probes.probe_line_styles,933,import,uuid,,_uuid_mod,0,,unresolved_external_or_missing
tools/probes/probe_loaded_family_types.py,tools.probes.probe_loaded_family_types,39,import,clr,,,0,,unresolved_external_or_missing
tools/probes/probe_loaded_family_types.py,tools.probes.probe_loaded_family_types,40,import,os,,,0,,unresolved_external_or_missing
tools/probes/probe_loaded_family_types.py,tools.probes.probe_loaded_family_types,41,import,json,,,0,,unresolved_external_or_missing
tools/probes/probe_loaded_family_types.py,tools.probes.probe_loaded_family_types,42,from_import,datetime,datetime,,0,,unresolved_external_or_missing
tools/probes/probe_loaded_family_types.py,tools.probes.probe_loaded_family_types,45,from_import,RevitServices.Persistence,DocumentManager,,0,,unresolved_external_or_missing
tools/probes/probe_loaded_family_types.py,tools.probes.probe_loaded_family_types,48,from_import,Autodesk.Revit.DB,BuiltInParameter,,0,,unresolved_external_or_missing
tools/probes/probe_loaded_family_types.py,tools.probes.probe_loaded_family_types,48,from_import,Autodesk.Revit.DB,ElementId,,0,,unresolved_external_or_missing
tools/probes/probe_loaded_family_types.py,tools.probes.probe_loaded_family_types,48,from_import,Autodesk.Revit.DB,Family,,0,,unresolved_external_or_missing
tools/probes/probe_loaded_family_types.py,tools.probes.probe_loaded_family_types,48,from_import,Autodesk.Revit.DB,FamilySymbol,,0,,unresolved_external_or_missing
tools/probes/probe_loaded_family_types.py,tools.probes.probe_loaded_family_types,48,from_import,Autodesk.Revit.DB,FilteredElementCollector,,0,,unresolved_external_or_missing
tools/probes/probe_loaded_family_types.py,tools.probes.probe_loaded_family_types,48,from_import,Autodesk.Revit.DB,StorageType,,0,,unresolved_external_or_missing
tools/probes/probe_loaded_family_types.py,tools.probes.probe_loaded_family_types,48,from_import,Autodesk.Revit.DB,UnitFormatUtils,,0,,unresolved_external_or_missing
tools/probes/probe_loaded_family_types.py,tools.probes.probe_loaded_family_types,48,from_import,Autodesk.Revit.DB,UnitUtils,,0,,unresolved_external_or_missing
tools/probes/probe_loaded_family_types.py,tools.probes.probe_loaded_family_types,60,from_import,Autodesk.Revit.DB,SpecTypeId,,0,,unresolved_external_or_missing
tools/probes/probe_loaded_family_types.py,tools.probes.probe_loaded_family_types,60,from_import,Autodesk.Revit.DB,UnitTypeId,,0,,unresolved_external_or_missing
tools/probes/probe_loaded_family_types.py,tools.probes.probe_loaded_family_types,800,import,uuid,,_uuid_mod,0,,unresolved_external_or_missing
tools/probes/probe_materials.py,tools.probes.probe_materials,41,import,clr,,,0,,unresolved_external_or_missing
tools/probes/probe_materials.py,tools.probes.probe_materials,42,import,os,,,0,,unresolved_external_or_missing
tools/probes/probe_materials.py,tools.probes.probe_materials,43,import,json,,,0,,unresolved_external_or_missing
tools/probes/probe_materials.py,tools.probes.probe_materials,44,import,uuid,,,0,,unresolved_external_or_missing
tools/probes/probe_materials.py,tools.probes.probe_materials,45,from_import,datetime,datetime,,0,,unresolved_external_or_missing
tools/probes/probe_materials.py,tools.probes.probe_materials,48,from_import,RevitServices.Persistence,DocumentManager,,0,,unresolved_external_or_missing
tools/probes/probe_materials.py,tools.probes.probe_materials,51,from_import,Autodesk.Revit.DB,BuiltInParameter,,0,,unresolved_external_or_missing
tools/probes/probe_materials.py,tools.probes.probe_materials,51,from_import,Autodesk.Revit.DB,ElementId,,0,,unresolved_external_or_missing
tools/probes/probe_materials.py,tools.probes.probe_materials,51,from_import,Autodesk.Revit.DB,FilteredElementCollector,,0,,unresolved_external_or_missing
tools/probes/probe_materials.py,tools.probes.probe_materials,51,from_import,Autodesk.Revit.DB,Material,,0,,unresolved_external_or_missing
tools/probes/probe_materials.py,tools.probes.probe_materials,51,from_import,Autodesk.Revit.DB,StorageType,,0,,unresolved_external_or_missing
tools/probes/probe_materials.py,tools.probes.probe_materials,51,from_import,Autodesk.Revit.DB,UnitFormatUtils,,0,,unresolved_external_or_missing
tools/probes/probe_materials.py,tools.probes.probe_materials,51,from_import,Autodesk.Revit.DB,UnitTypeId,,0,,unresolved_external_or_missing
tools/probes/probe_materials.py,tools.probes.probe_materials,51,from_import,Autodesk.Revit.DB,UnitUtils,,0,,unresolved_external_or_missing
tools/probes/probe_materials.py,tools.probes.probe_materials,57,from_import,Autodesk.Revit.DB,SpecTypeId,,0,,unresolved_external_or_missing
tools/probes/probe_materials.py,tools.probes.probe_materials,62,from_import,Autodesk.Revit.DB,AppearanceAssetElement,,0,,unresolved_external_or_missing
tools/probes/probe_materials.py,tools.probes.probe_materials,67,from_import,Autodesk.Revit.DB,PropertySetElement,,0,,unresolved_external_or_missing
tools/probes/probe_object_styles.py,tools.probes.probe_object_styles,31,import,clr,,,0,,unresolved_external_or_missing
tools/probes/probe_object_styles.py,tools.probes.probe_object_styles,32,import,os,,,0,,unresolved_external_or_missing
tools/probes/probe_object_styles.py,tools.probes.probe_object_styles,33,import,json,,,0,,unresolved_external_or_missing
tools/probes/probe_object_styles.py,tools.probes.probe_object_styles,34,from_import,datetime,datetime,,0,,unresolved_external_or_missing
tools/probes/probe_object_styles.py,tools.probes.probe_object_styles,37,from_import,RevitServices.Persistence,DocumentManager,,0,,unresolved_external_or_missing
tools/probes/probe_object_styles.py,tools.probes.probe_object_styles,40,from_import,Autodesk.Revit.DB,CategoryType,,0,,unresolved_external_or_missing
tools/probes/probe_object_styles.py,tools.probes.probe_object_styles,40,from_import,Autodesk.Revit.DB,ElementId,,0,,unresolved_external_or_missing
tools/probes/probe_object_styles.py,tools.probes.probe_object_styles,40,from_import,Autodesk.Revit.DB,GraphicsStyleType,,0,,unresolved_external_or_missing
tools/probes/probe_object_styles.py,tools.probes.probe_object_styles,40,from_import,Autodesk.Revit.DB,UnitFormatUtils,,0,,unresolved_external_or_missing
tools/probes/probe_object_styles.py,tools.probes.probe_object_styles,722,import,uuid,,_uuid_mod,0,,unresolved_external_or_missing
tools/probes/probe_phase_filters.py,tools.probes.probe_phase_filters,43,import,clr,,,0,,unresolved_external_or_missing
tools/probes/probe_phase_filters.py,tools.probes.probe_phase_filters,44,import,os,,,0,,unresolved_external_or_missing
tools/probes/probe_phase_filters.py,tools.probes.probe_phase_filters,45,import,json,,,0,,unresolved_external_or_missing
tools/probes/probe_phase_filters.py,tools.probes.probe_phase_filters,46,from_import,datetime,datetime,,0,,unresolved_external_or_missing
tools/probes/probe_phase_filters.py,tools.probes.probe_phase_filters,49,from_import,RevitServices.Persistence,DocumentManager,,0,,unresolved_external_or_missing
tools/probes/probe_phase_filters.py,tools.probes.probe_phase_filters,52,from_import,Autodesk.Revit.DB,BuiltInParameter,,0,,unresolved_external_or_missing
tools/probes/probe_phase_filters.py,tools.probes.probe_phase_filters,52,from_import,Autodesk.Revit.DB,ElementId,,0,,unresolved_external_or_missing
tools/probes/probe_phase_filters.py,tools.probes.probe_phase_filters,52,from_import,Autodesk.Revit.DB,FilteredElementCollector,,0,,unresolved_external_or_missing
tools/probes/probe_phase_filters.py,tools.probes.probe_phase_filters,52,from_import,Autodesk.Revit.DB,StorageType,,0,,unresolved_external_or_missing
tools/probes/probe_phase_filters.py,tools.probes.probe_phase_filters,52,from_import,Autodesk.Revit.DB,UnitFormatUtils,,0,,unresolved_external_or_missing
tools/probes/probe_phase_filters.py,tools.probes.probe_phase_filters,52,from_import,Autodesk.Revit.DB,UnitTypeId,,0,,unresolved_external_or_missing
tools/probes/probe_phase_filters.py,tools.probes.probe_phase_filters,52,from_import,Autodesk.Revit.DB,UnitUtils,,0,,unresolved_external_or_missing
tools/probes/probe_phase_filters.py,tools.probes.probe_phase_filters,52,from_import,Autodesk.Revit.DB,View,,0,,unresolved_external_or_missing
tools/probes/probe_phase_filters.py,tools.probes.probe_phase_filters,61,from_import,Autodesk.Revit.DB,PhaseFilter,,0,,unresolved_external_or_missing
tools/probes/probe_phase_filters.py,tools.probes.probe_phase_filters,66,from_import,Autodesk.Revit.DB,PhaseStatus,,0,,unresolved_external_or_missing
tools/probes/probe_phase_filters.py,tools.probes.probe_phase_filters,71,from_import,Autodesk.Revit.DB,SpecTypeId,,0,,unresolved_external_or_missing
tools/probes/probe_phase_filters.py,tools.probes.probe_phase_filters,329,from_import,Autodesk.Revit.DB,ElementOnPhaseStatus,,0,,unresolved_external_or_missing
tools/probes/probe_phase_filters.py,tools.probes.probe_phase_filters,945,import,uuid,,_uuid_mod,0,,unresolved_external_or_missing
tools/probes/probe_phase_graphics.py,tools.probes.probe_phase_graphics,52,import,clr,,,0,,unresolved_external_or_missing
tools/probes/probe_phase_graphics.py,tools.probes.probe_phase_graphics,53,import,os,,,0,,unresolved_external_or_missing
tools/probes/probe_phase_graphics.py,tools.probes.probe_phase_graphics,54,import,json,,,0,,unresolved_external_or_missing
tools/probes/probe_phase_graphics.py,tools.probes.probe_phase_graphics,55,from_import,datetime,datetime,,0,,unresolved_external_or_missing
tools/probes/probe_phase_graphics.py,tools.probes.probe_phase_graphics,58,from_import,RevitServices.Persistence,DocumentManager,,0,,unresolved_external_or_missing
tools/probes/probe_phase_graphics.py,tools.probes.probe_phase_graphics,61,from_import,Autodesk.Revit.DB,BuiltInParameter,,0,,unresolved_external_or_missing
tools/probes/probe_phase_graphics.py,tools.probes.probe_phase_graphics,61,from_import,Autodesk.Revit.DB,ElementId,,0,,unresolved_external_or_missing
tools/probes/probe_phase_graphics.py,tools.probes.probe_phase_graphics,61,from_import,Autodesk.Revit.DB,ElementType,,0,,unresolved_external_or_missing
tools/probes/probe_phase_graphics.py,tools.probes.probe_phase_graphics,61,from_import,Autodesk.Revit.DB,FilteredElementCollector,,0,,unresolved_external_or_missing
tools/probes/probe_phase_graphics.py,tools.probes.probe_phase_graphics,61,from_import,Autodesk.Revit.DB,StorageType,,0,,unresolved_external_or_missing
tools/probes/probe_phase_graphics.py,tools.probes.probe_phase_graphics,61,from_import,Autodesk.Revit.DB,UnitFormatUtils,,0,,unresolved_external_or_missing
tools/probes/probe_phase_graphics.py,tools.probes.probe_phase_graphics,61,from_import,Autodesk.Revit.DB,UnitTypeId,,0,,unresolved_external_or_missing
tools/probes/probe_phase_graphics.py,tools.probes.probe_phase_graphics,61,from_import,Autodesk.Revit.DB,UnitUtils,,0,,unresolved_external_or_missing
tools/probes/probe_phase_graphics.py,tools.probes.probe_phase_graphics,61,from_import,Autodesk.Revit.DB,View,,0,,unresolved_external_or_missing
tools/probes/probe_phase_graphics.py,tools.probes.probe_phase_graphics,69,from_import,Autodesk.Revit.DB,PhaseFilter,,0,,unresolved_external_or_missing
tools/probes/probe_phase_graphics.py,tools.probes.probe_phase_graphics,74,from_import,Autodesk.Revit.DB,SpecTypeId,,0,,unresolved_external_or_missing
tools/probes/probe_phase_graphics.py,tools.probes.probe_phase_graphics,79,from_import,Autodesk.Revit.DB,ViewSchedule,,0,,unresolved_external_or_missing
tools/probes/probe_phase_graphics.py,tools.probes.probe_phase_graphics,964,import,uuid,,_uuid_mod,0,,unresolved_external_or_missing
tools/probes/probe_phases.py,tools.probes.probe_phases,56,import,clr,,,0,,unresolved_external_or_missing
tools/probes/probe_phases.py,tools.probes.probe_phases,59,from_import,RevitServices.Persistence,DocumentManager,,0,,unresolved_external_or_missing
tools/probes/probe_phases.py,tools.probes.probe_phases,61,import,os,,,0,,unresolved_external_or_missing
tools/probes/probe_phases.py,tools.probes.probe_phases,62,import,json,,,0,,unresolved_external_or_missing
tools/probes/probe_phases.py,tools.probes.probe_phases,63,from_import,datetime,datetime,,0,,unresolved_external_or_missing
tools/probes/probe_phases.py,tools.probes.probe_phases,66,from_import,Autodesk.Revit.DB,BuiltInParameter,,0,,unresolved_external_or_missing
tools/probes/probe_phases.py,tools.probes.probe_phases,66,from_import,Autodesk.Revit.DB,ElementId,,0,,unresolved_external_or_missing
tools/probes/probe_phases.py,tools.probes.probe_phases,66,from_import,Autodesk.Revit.DB,FilteredElementCollector,,0,,unresolved_external_or_missing
tools/probes/probe_phases.py,tools.probes.probe_phases,66,from_import,Autodesk.Revit.DB,Phase,,0,,unresolved_external_or_missing
tools/probes/probe_phases.py,tools.probes.probe_phases,66,from_import,Autodesk.Revit.DB,StorageType,,0,,unresolved_external_or_missing
tools/probes/probe_phases.py,tools.probes.probe_phases,66,from_import,Autodesk.Revit.DB,UnitFormatUtils,,0,,unresolved_external_or_missing
tools/probes/probe_phases.py,tools.probes.probe_phases,66,from_import,Autodesk.Revit.DB,UnitTypeId,,0,,unresolved_external_or_missing
tools/probes/probe_phases.py,tools.probes.probe_phases,66,from_import,Autodesk.Revit.DB,UnitUtils,,0,,unresolved_external_or_missing
tools/probes/probe_phases.py,tools.probes.probe_phases,66,from_import,Autodesk.Revit.DB,View,,0,,unresolved_external_or_missing
tools/probes/probe_phases.py,tools.probes.probe_phases,73,from_import,Autodesk.Revit.DB,SpecTypeId,,0,,unresolved_external_or_missing
tools/probes/probe_phases.py,tools.probes.probe_phases,776,import,uuid,,_uuid_mod,0,,unresolved_external_or_missing
tools/probes/probe_roof_type_import.py,tools.probes.probe_roof_type_import,25,from_import,Autodesk.Revit.DB,RoofType,,0,,unresolved_external_or_missing
tools/probes/probe_roof_types.py,tools.probes.probe_roof_types,44,import,clr,,,0,,unresolved_external_or_missing
tools/probes/probe_roof_types.py,tools.probes.probe_roof_types,45,import,os,,,0,,unresolved_external_or_missing
tools/probes/probe_roof_types.py,tools.probes.probe_roof_types,46,import,json,,,0,,unresolved_external_or_missing
tools/probes/probe_roof_types.py,tools.probes.probe_roof_types,47,import,uuid,,,0,,unresolved_external_or_missing
tools/probes/probe_roof_types.py,tools.probes.probe_roof_types,48,from_import,datetime,datetime,,0,,unresolved_external_or_missing
tools/probes/probe_roof_types.py,tools.probes.probe_roof_types,51,from_import,RevitServices.Persistence,DocumentManager,,0,,unresolved_external_or_missing
tools/probes/probe_roof_types.py,tools.probes.probe_roof_types,54,from_import,Autodesk.Revit.DB,BuiltInCategory,,0,,unresolved_external_or_missing
tools/probes/probe_roof_types.py,tools.probes.probe_roof_types,54,from_import,Autodesk.Revit.DB,BuiltInParameter,,0,,unresolved_external_or_missing
tools/probes/probe_roof_types.py,tools.probes.probe_roof_types,54,from_import,Autodesk.Revit.DB,ElementId,,0,,unresolved_external_or_missing
tools/probes/probe_roof_types.py,tools.probes.probe_roof_types,54,from_import,Autodesk.Revit.DB,FilteredElementCollector,,0,,unresolved_external_or_missing
tools/probes/probe_roof_types.py,tools.probes.probe_roof_types,54,from_import,Autodesk.Revit.DB,RoofType,,0,,unresolved_external_or_missing
tools/probes/probe_roof_types.py,tools.probes.probe_roof_types,54,from_import,Autodesk.Revit.DB,StorageType,,0,,unresolved_external_or_missing
tools/probes/probe_roof_types.py,tools.probes.probe_roof_types,54,from_import,Autodesk.Revit.DB,UnitFormatUtils,,0,,unresolved_external_or_missing
tools/probes/probe_roof_types.py,tools.probes.probe_roof_types,54,from_import,Autodesk.Revit.DB,UnitTypeId,,0,,unresolved_external_or_missing
tools/probes/probe_roof_types.py,tools.probes.probe_roof_types,54,from_import,Autodesk.Revit.DB,UnitUtils,,0,,unresolved_external_or_missing
tools/probes/probe_roof_types.py,tools.probes.probe_roof_types,63,from_import,Autodesk.Revit.DB,SpecTypeId,,0,,unresolved_external_or_missing
tools/probes/probe_text_types.py,tools.probes.probe_text_types,48,import,clr,,,0,,unresolved_external_or_missing
tools/probes/probe_text_types.py,tools.probes.probe_text_types,49,import,os,,,0,,unresolved_external_or_missing
tools/probes/probe_text_types.py,tools.probes.probe_text_types,50,import,json,,,0,,unresolved_external_or_missing
tools/probes/probe_text_types.py,tools.probes.probe_text_types,51,from_import,datetime,datetime,,0,,unresolved_external_or_missing
tools/probes/probe_text_types.py,tools.probes.probe_text_types,54,from_import,RevitServices.Persistence,DocumentManager,,0,,unresolved_external_or_missing
tools/probes/probe_text_types.py,tools.probes.probe_text_types,57,from_import,Autodesk.Revit.DB,BuiltInParameter,,0,,unresolved_external_or_missing
tools/probes/probe_text_types.py,tools.probes.probe_text_types,57,from_import,Autodesk.Revit.DB,ElementId,,0,,unresolved_external_or_missing
tools/probes/probe_text_types.py,tools.probes.probe_text_types,57,from_import,Autodesk.Revit.DB,ElementType,,0,,unresolved_external_or_missing
tools/probes/probe_text_types.py,tools.probes.probe_text_types,57,from_import,Autodesk.Revit.DB,FilteredElementCollector,,0,,unresolved_external_or_missing
tools/probes/probe_text_types.py,tools.probes.probe_text_types,57,from_import,Autodesk.Revit.DB,StorageType,,0,,unresolved_external_or_missing
tools/probes/probe_text_types.py,tools.probes.probe_text_types,57,from_import,Autodesk.Revit.DB,UnitFormatUtils,,0,,unresolved_external_or_missing
tools/probes/probe_text_types.py,tools.probes.probe_text_types,57,from_import,Autodesk.Revit.DB,UnitTypeId,,0,,unresolved_external_or_missing
tools/probes/probe_text_types.py,tools.probes.probe_text_types,57,from_import,Autodesk.Revit.DB,UnitUtils,,0,,unresolved_external_or_missing
tools/probes/probe_text_types.py,tools.probes.probe_text_types,64,from_import,Autodesk.Revit.DB,SpecTypeId,,0,,unresolved_external_or_missing
tools/probes/probe_text_types.py,tools.probes.probe_text_types,70,from_import,Autodesk.Revit.DB,TextNoteType,,0,,unresolved_external_or_missing
tools/probes/probe_text_types.py,tools.probes.probe_text_types,1048,import,uuid,,_uuid_mod,0,,unresolved_external_or_missing
tools/probes/probe_units.py,tools.probes.probe_units,45,import,clr,,,0,,unresolved_external_or_missing
tools/probes/probe_units.py,tools.probes.probe_units,46,import,os,,,0,,unresolved_external_or_missing
tools/probes/probe_units.py,tools.probes.probe_units,47,import,json,,,0,,unresolved_external_or_missing
tools/probes/probe_units.py,tools.probes.probe_units,48,from_import,datetime,datetime,,0,,unresolved_external_or_missing
tools/probes/probe_units.py,tools.probes.probe_units,51,from_import,RevitServices.Persistence,DocumentManager,,0,,unresolved_external_or_missing
tools/probes/probe_units.py,tools.probes.probe_units,54,from_import,Autodesk.Revit.DB,LabelUtils,,0,,unresolved_external_or_missing
tools/probes/probe_units.py,tools.probes.probe_units,54,from_import,Autodesk.Revit.DB,UnitUtils,,0,,unresolved_external_or_missing
tools/probes/probe_units.py,tools.probes.probe_units,57,from_import,Autodesk.Revit.DB,SpecTypeId,,0,,unresolved_external_or_missing
tools/probes/probe_units.py,tools.probes.probe_units,877,import,uuid,,_uuid_mod,0,,unresolved_external_or_missing
tools/probes/probe_view_category_overrides.py,tools.probes.probe_view_category_overrides,45,import,clr,,,0,,unresolved_external_or_missing
tools/probes/probe_view_category_overrides.py,tools.probes.probe_view_category_overrides,46,import,os,,,0,,unresolved_external_or_missing
tools/probes/probe_view_category_overrides.py,tools.probes.probe_view_category_overrides,47,import,json,,,0,,unresolved_external_or_missing
tools/probes/probe_view_category_overrides.py,tools.probes.probe_view_category_overrides,48,from_import,datetime,datetime,,0,,unresolved_external_or_missing
tools/probes/probe_view_category_overrides.py,tools.probes.probe_view_category_overrides,51,from_import,RevitServices.Persistence,DocumentManager,,0,,unresolved_external_or_missing
tools/probes/probe_view_category_overrides.py,tools.probes.probe_view_category_overrides,54,from_import,Autodesk.Revit.DB,Category,,0,,unresolved_external_or_missing
tools/probes/probe_view_category_overrides.py,tools.probes.probe_view_category_overrides,54,from_import,Autodesk.Revit.DB,ElementId,,0,,unresolved_external_or_missing
tools/probes/probe_view_category_overrides.py,tools.probes.probe_view_category_overrides,54,from_import,Autodesk.Revit.DB,FilteredElementCollector,,0,,unresolved_external_or_missing
tools/probes/probe_view_category_overrides.py,tools.probes.probe_view_category_overrides,54,from_import,Autodesk.Revit.DB,GraphicsStyle,,0,,unresolved_external_or_missing
tools/probes/probe_view_category_overrides.py,tools.probes.probe_view_category_overrides,54,from_import,Autodesk.Revit.DB,GraphicsStyleType,,0,,unresolved_external_or_missing
tools/probes/probe_view_category_overrides.py,tools.probes.probe_view_category_overrides,54,from_import,Autodesk.Revit.DB,OverrideGraphicSettings,,0,,unresolved_external_or_missing
tools/probes/probe_view_category_overrides.py,tools.probes.probe_view_category_overrides,54,from_import,Autodesk.Revit.DB,View,,0,,unresolved_external_or_missing
tools/probes/probe_view_category_overrides.py,tools.probes.probe_view_category_overrides,921,import,uuid,,_uuid_mod,0,,unresolved_external_or_missing
tools/probes/probe_view_filter_applications.py,tools.probes.probe_view_filter_applications,45,import,clr,,,0,,unresolved_external_or_missing
tools/probes/probe_view_filter_applications.py,tools.probes.probe_view_filter_applications,46,import,os,,,0,,unresolved_external_or_missing
tools/probes/probe_view_filter_applications.py,tools.probes.probe_view_filter_applications,47,import,json,,,0,,unresolved_external_or_missing
tools/probes/probe_view_filter_applications.py,tools.probes.probe_view_filter_applications,48,import,hashlib,,,0,,unresolved_external_or_missing
tools/probes/probe_view_filter_applications.py,tools.probes.probe_view_filter_applications,49,from_import,datetime,datetime,,0,,unresolved_external_or_missing
tools/probes/probe_view_filter_applications.py,tools.probes.probe_view_filter_applications,52,from_import,RevitServices.Persistence,DocumentManager,,0,,unresolved_external_or_missing
tools/probes/probe_view_filter_applications.py,tools.probes.probe_view_filter_applications,55,from_import,Autodesk.Revit.DB,BuiltInParameter,,0,,unresolved_external_or_missing
tools/probes/probe_view_filter_applications.py,tools.probes.probe_view_filter_applications,55,from_import,Autodesk.Revit.DB,Category,,0,,unresolved_external_or_missing
tools/probes/probe_view_filter_applications.py,tools.probes.probe_view_filter_applications,55,from_import,Autodesk.Revit.DB,Color,,0,,unresolved_external_or_missing
tools/probes/probe_view_filter_applications.py,tools.probes.probe_view_filter_applications,55,from_import,Autodesk.Revit.DB,ElementId,,0,,unresolved_external_or_missing
tools/probes/probe_view_filter_applications.py,tools.probes.probe_view_filter_applications,55,from_import,Autodesk.Revit.DB,FilteredElementCollector,,0,,unresolved_external_or_missing
tools/probes/probe_view_filter_applications.py,tools.probes.probe_view_filter_applications,55,from_import,Autodesk.Revit.DB,OverrideGraphicSettings,,0,,unresolved_external_or_missing
tools/probes/probe_view_filter_applications.py,tools.probes.probe_view_filter_applications,55,from_import,Autodesk.Revit.DB,ParameterFilterElement,,0,,unresolved_external_or_missing
tools/probes/probe_view_filter_applications.py,tools.probes.probe_view_filter_applications,55,from_import,Autodesk.Revit.DB,StorageType,,0,,unresolved_external_or_missing
tools/probes/probe_view_filter_applications.py,tools.probes.probe_view_filter_applications,55,from_import,Autodesk.Revit.DB,View,,0,,unresolved_external_or_missing
tools/probes/probe_view_filter_applications.py,tools.probes.probe_view_filter_applications,1023,import,uuid,,_uuid_mod,0,,unresolved_external_or_missing
tools/probes/probe_view_filter_definitions.py,tools.probes.probe_view_filter_definitions,61,import,clr,,,0,,unresolved_external_or_missing
tools/probes/probe_view_filter_definitions.py,tools.probes.probe_view_filter_definitions,62,import,os,,,0,,unresolved_external_or_missing
tools/probes/probe_view_filter_definitions.py,tools.probes.probe_view_filter_definitions,63,import,json,,,0,,unresolved_external_or_missing
tools/probes/probe_view_filter_definitions.py,tools.probes.probe_view_filter_definitions,64,import,hashlib,,,0,,unresolved_external_or_missing
tools/probes/probe_view_filter_definitions.py,tools.probes.probe_view_filter_definitions,65,from_import,datetime,datetime,,0,,unresolved_external_or_missing
tools/probes/probe_view_filter_definitions.py,tools.probes.probe_view_filter_definitions,68,from_import,RevitServices.Persistence,DocumentManager,,0,,unresolved_external_or_missing
tools/probes/probe_view_filter_definitions.py,tools.probes.probe_view_filter_definitions,71,from_import,Autodesk.Revit.DB,BuiltInParameter,,0,,unresolved_external_or_missing
tools/probes/probe_view_filter_definitions.py,tools.probes.probe_view_filter_definitions,71,from_import,Autodesk.Revit.DB,Category,,0,,unresolved_external_or_missing
tools/probes/probe_view_filter_definitions.py,tools.probes.probe_view_filter_definitions,71,from_import,Autodesk.Revit.DB,ElementId,,0,,unresolved_external_or_missing
tools/probes/probe_view_filter_definitions.py,tools.probes.probe_view_filter_definitions,71,from_import,Autodesk.Revit.DB,ElementParameterFilter,,0,,unresolved_external_or_missing
tools/probes/probe_view_filter_definitions.py,tools.probes.probe_view_filter_definitions,71,from_import,Autodesk.Revit.DB,FilteredElementCollector,,0,,unresolved_external_or_missing
tools/probes/probe_view_filter_definitions.py,tools.probes.probe_view_filter_definitions,71,from_import,Autodesk.Revit.DB,LogicalAndFilter,,0,,unresolved_external_or_missing
tools/probes/probe_view_filter_definitions.py,tools.probes.probe_view_filter_definitions,71,from_import,Autodesk.Revit.DB,LogicalOrFilter,,0,,unresolved_external_or_missing
tools/probes/probe_view_filter_definitions.py,tools.probes.probe_view_filter_definitions,71,from_import,Autodesk.Revit.DB,ParameterFilterElement,,0,,unresolved_external_or_missing
tools/probes/probe_view_filter_definitions.py,tools.probes.probe_view_filter_definitions,71,from_import,Autodesk.Revit.DB,StorageType,,0,,unresolved_external_or_missing
tools/probes/probe_view_filter_definitions.py,tools.probes.probe_view_filter_definitions,71,from_import,Autodesk.Revit.DB,UnitTypeId,,0,,unresolved_external_or_missing
tools/probes/probe_view_filter_definitions.py,tools.probes.probe_view_filter_definitions,71,from_import,Autodesk.Revit.DB,UnitUtils,,0,,unresolved_external_or_missing
tools/probes/probe_view_filter_definitions.py,tools.probes.probe_view_filter_definitions,71,from_import,Autodesk.Revit.DB,View,,0,,unresolved_external_or_missing
tools/probes/probe_view_filter_definitions.py,tools.probes.probe_view_filter_definitions,981,import,uuid,,_uuid_mod,0,,unresolved_external_or_missing
tools/probes/probe_view_templates.py,tools.probes.probe_view_templates,47,import,clr,,,0,,unresolved_external_or_missing
tools/probes/probe_view_templates.py,tools.probes.probe_view_templates,48,import,os,,,0,,unresolved_external_or_missing
tools/probes/probe_view_templates.py,tools.probes.probe_view_templates,49,import,json,,,0,,unresolved_external_or_missing
tools/probes/probe_view_templates.py,tools.probes.probe_view_templates,50,from_import,datetime,datetime,,0,,unresolved_external_or_missing
tools/probes/probe_view_templates.py,tools.probes.probe_view_templates,53,from_import,RevitServices.Persistence,DocumentManager,,0,,unresolved_external_or_missing
tools/probes/probe_view_templates.py,tools.probes.probe_view_templates,56,from_import,Autodesk.Revit.DB,BuiltInParameter,,0,,unresolved_external_or_missing
tools/probes/probe_view_templates.py,tools.probes.probe_view_templates,56,from_import,Autodesk.Revit.DB,ElementId,,0,,unresolved_external_or_missing
tools/probes/probe_view_templates.py,tools.probes.probe_view_templates,56,from_import,Autodesk.Revit.DB,FilteredElementCollector,,0,,unresolved_external_or_missing
tools/probes/probe_view_templates.py,tools.probes.probe_view_templates,56,from_import,Autodesk.Revit.DB,StorageType,,0,,unresolved_external_or_missing
tools/probes/probe_view_templates.py,tools.probes.probe_view_templates,56,from_import,Autodesk.Revit.DB,UnitFormatUtils,,0,,unresolved_external_or_missing
tools/probes/probe_view_templates.py,tools.probes.probe_view_templates,56,from_import,Autodesk.Revit.DB,UnitTypeId,,0,,unresolved_external_or_missing
tools/probes/probe_view_templates.py,tools.probes.probe_view_templates,56,from_import,Autodesk.Revit.DB,UnitUtils,,0,,unresolved_external_or_missing
tools/probes/probe_view_templates.py,tools.probes.probe_view_templates,56,from_import,Autodesk.Revit.DB,View,,0,,unresolved_external_or_missing
tools/probes/probe_view_templates.py,tools.probes.probe_view_templates,63,from_import,Autodesk.Revit.DB,SpecTypeId,,0,,unresolved_external_or_missing
tools/probes/probe_view_templates.py,tools.probes.probe_view_templates,68,from_import,Autodesk.Revit.DB,ViewSchedule,,0,,unresolved_external_or_missing
tools/probes/probe_view_templates.py,tools.probes.probe_view_templates,918,import,uuid,,_uuid_mod,0,,unresolved_external_or_missing
tools/probes/probe_views.py,tools.probes.probe_views,79,import,clr,,,0,,unresolved_external_or_missing
tools/probes/probe_views.py,tools.probes.probe_views,80,import,os,,,0,,unresolved_external_or_missing
tools/probes/probe_views.py,tools.probes.probe_views,81,import,json,,,0,,unresolved_external_or_missing
tools/probes/probe_views.py,tools.probes.probe_views,82,from_import,datetime,datetime,,0,,unresolved_external_or_missing
tools/probes/probe_views.py,tools.probes.probe_views,85,from_import,RevitServices.Persistence,DocumentManager,,0,,unresolved_external_or_missing
tools/probes/probe_views.py,tools.probes.probe_views,88,from_import,Autodesk.Revit.DB,BuiltInParameter,,0,,unresolved_external_or_missing
tools/probes/probe_views.py,tools.probes.probe_views,88,from_import,Autodesk.Revit.DB,ElementId,,0,,unresolved_external_or_missing
tools/probes/probe_views.py,tools.probes.probe_views,88,from_import,Autodesk.Revit.DB,FilteredElementCollector,,0,,unresolved_external_or_missing
tools/probes/probe_views.py,tools.probes.probe_views,88,from_import,Autodesk.Revit.DB,StorageType,,0,,unresolved_external_or_missing
tools/probes/probe_views.py,tools.probes.probe_views,88,from_import,Autodesk.Revit.DB,UnitFormatUtils,,0,,unresolved_external_or_missing
tools/probes/probe_views.py,tools.probes.probe_views,88,from_import,Autodesk.Revit.DB,UnitTypeId,,0,,unresolved_external_or_missing
tools/probes/probe_views.py,tools.probes.probe_views,88,from_import,Autodesk.Revit.DB,UnitUtils,,0,,unresolved_external_or_missing
tools/probes/probe_views.py,tools.probes.probe_views,88,from_import,Autodesk.Revit.DB,View,,0,,unresolved_external_or_missing
tools/probes/probe_views.py,tools.probes.probe_views,95,from_import,Autodesk.Revit.DB,ViewSchedule,,0,,unresolved_external_or_missing
tools/probes/probe_views.py,tools.probes.probe_views,100,from_import,Autodesk.Revit.DB,ViewSheet,,0,,unresolved_external_or_missing
tools/probes/probe_views.py,tools.probes.probe_views,105,from_import,Autodesk.Revit.DB,SpecTypeId,,0,,unresolved_external_or_missing
tools/probes/probe_views.py,tools.probes.probe_views,872,import,uuid,,_uuid_mod,0,,unresolved_external_or_missing
tools/probes/probe_wall_types.py,tools.probes.probe_wall_types,50,import,clr,,,0,,unresolved_external_or_missing
tools/probes/probe_wall_types.py,tools.probes.probe_wall_types,51,import,os,,,0,,unresolved_external_or_missing
tools/probes/probe_wall_types.py,tools.probes.probe_wall_types,52,import,json,,,0,,unresolved_external_or_missing
tools/probes/probe_wall_types.py,tools.probes.probe_wall_types,53,import,uuid,,,0,,unresolved_external_or_missing
tools/probes/probe_wall_types.py,tools.probes.probe_wall_types,54,from_import,datetime,datetime,,0,,unresolved_external_or_missing
tools/probes/probe_wall_types.py,tools.probes.probe_wall_types,57,from_import,RevitServices.Persistence,DocumentManager,,0,,unresolved_external_or_missing
tools/probes/probe_wall_types.py,tools.probes.probe_wall_types,60,from_import,Autodesk.Revit.DB,BuiltInParameter,,0,,unresolved_external_or_missing
tools/probes/probe_wall_types.py,tools.probes.probe_wall_types,60,from_import,Autodesk.Revit.DB,ElementId,,0,,unresolved_external_or_missing
tools/probes/probe_wall_types.py,tools.probes.probe_wall_types,60,from_import,Autodesk.Revit.DB,FilteredElementCollector,,0,,unresolved_external_or_missing
tools/probes/probe_wall_types.py,tools.probes.probe_wall_types,60,from_import,Autodesk.Revit.DB,StorageType,,0,,unresolved_external_or_missing
tools/probes/probe_wall_types.py,tools.probes.probe_wall_types,60,from_import,Autodesk.Revit.DB,UnitFormatUtils,,0,,unresolved_external_or_missing
tools/probes/probe_wall_types.py,tools.probes.probe_wall_types,60,from_import,Autodesk.Revit.DB,UnitTypeId,,0,,unresolved_external_or_missing
tools/probes/probe_wall_types.py,tools.probes.probe_wall_types,60,from_import,Autodesk.Revit.DB,UnitUtils,,0,,unresolved_external_or_missing
tools/probes/probe_wall_types.py,tools.probes.probe_wall_types,60,from_import,Autodesk.Revit.DB,WallType,,0,,unresolved_external_or_missing
tools/probes/probe_wall_types.py,tools.probes.probe_wall_types,66,from_import,Autodesk.Revit.DB,SpecTypeId,,0,,unresolved_external_or_missing
tools/probes/probe_wall_types.py,tools.probes.probe_wall_types,71,from_import,Autodesk.Revit.DB,WallKind,,0,,unresolved_external_or_missing
tools/probes/probe_worksets.py,tools.probes.probe_worksets,64,import,clr,,,0,,unresolved_external_or_missing
tools/probes/probe_worksets.py,tools.probes.probe_worksets,65,import,os,,,0,,unresolved_external_or_missing
tools/probes/probe_worksets.py,tools.probes.probe_worksets,66,import,json,,,0,,unresolved_external_or_missing
tools/probes/probe_worksets.py,tools.probes.probe_worksets,67,from_import,datetime,datetime,,0,,unresolved_external_or_missing
tools/probes/probe_worksets.py,tools.probes.probe_worksets,70,from_import,RevitServices.Persistence,DocumentManager,,0,,unresolved_external_or_missing
tools/probes/probe_worksets.py,tools.probes.probe_worksets,73,from_import,Autodesk.Revit.DB,FilteredElementCollector,,0,,unresolved_external_or_missing
tools/probes/probe_worksets.py,tools.probes.probe_worksets,73,from_import,Autodesk.Revit.DB,FilteredWorksetCollector,,0,,unresolved_external_or_missing
tools/probes/probe_worksets.py,tools.probes.probe_worksets,76,from_import,Autodesk.Revit.DB,WorksetKind,,0,,unresolved_external_or_missing
tools/probes/probe_worksets.py,tools.probes.probe_worksets,81,from_import,Autodesk.Revit.DB,ElementWorksetFilter,,0,,unresolved_external_or_missing
tools/probes/probe_worksets.py,tools.probes.probe_worksets,674,import,uuid,,_uuid_mod,0,,unresolved_external_or_missing
tools/probes/sweep_line_pattern_normhash_precision.py,tools.probes.sweep_line_pattern_normhash_precision,2,import,csv,,,0,,unresolved_external_or_missing
tools/probes/sweep_line_pattern_normhash_precision.py,tools.probes.sweep_line_pattern_normhash_precision,3,import,argparse,,,0,,unresolved_external_or_missing
tools/probes/sweep_line_pattern_normhash_precision.py,tools.probes.sweep_line_pattern_normhash_precision,4,import,hashlib,,,0,,unresolved_external_or_missing
tools/probes/sweep_line_pattern_normhash_precision.py,tools.probes.sweep_line_pattern_normhash_precision,5,import,re,,,0,,unresolved_external_or_missing
tools/probes/sweep_line_pattern_normhash_precision.py,tools.probes.sweep_line_pattern_normhash_precision,6,from_import,collections,Counter,,0,,unresolved_external_or_missing
tools/probes/sweep_line_pattern_normhash_precision.py,tools.probes.sweep_line_pattern_normhash_precision,6,from_import,collections,defaultdict,,0,,unresolved_external_or_missing
tools/probes/sweep_line_pattern_normhash_precision.py,tools.probes.sweep_line_pattern_normhash_precision,7,from_import,pathlib,Path,,0,,unresolved_external_or_missing
tools/probes/test_probe_inventory_builder.py,tools.probes.test_probe_inventory_builder,1,import,csv,,,0,,unresolved_external_or_missing
tools/probes/test_probe_inventory_builder.py,tools.probes.test_probe_inventory_builder,2,import,json,,,0,,unresolved_external_or_missing
tools/probes/test_probe_inventory_builder.py,tools.probes.test_probe_inventory_builder,3,import,subprocess,,,0,,unresolved_external_or_missing
tools/probes/test_probe_inventory_builder.py,tools.probes.test_probe_inventory_builder,4,import,sys,,,0,,unresolved_external_or_missing
tools/probes/test_probe_inventory_builder.py,tools.probes.test_probe_inventory_builder,5,from_import,pathlib,Path,,0,,unresolved_external_or_missing
tools/reset_wall_types_for_reapply.py,tools.reset_wall_types_for_reapply,14,from_import,__future__,annotations,,0,,unresolved_external_or_missing
tools/reset_wall_types_for_reapply.py,tools.reset_wall_types_for_reapply,16,import,argparse,,,0,,unresolved_external_or_missing
tools/reset_wall_types_for_reapply.py,tools.reset_wall_types_for_reapply,17,import,csv,,,0,,unresolved_external_or_missing
tools/reset_wall_types_for_reapply.py,tools.reset_wall_types_for_reapply,18,import,os,,,0,,unresolved_external_or_missing
tools/reset_wall_types_for_reapply.py,tools.reset_wall_types_for_reapply,19,import,sys,,,0,,unresolved_external_or_missing
tools/reset_wall_types_for_reapply.py,tools.reset_wall_types_for_reapply,20,from_import,pathlib,Path,,0,,unresolved_external_or_missing
tools/run_extract_all.py,tools.run_extract_all,2,from_import,__future__,annotations,,0,,unresolved_external_or_missing
tools/run_extract_all.py,tools.run_extract_all,4,import,argparse,,,0,,unresolved_external_or_missing
tools/run_extract_all.py,tools.run_extract_all,5,import,csv,,,0,,unresolved_external_or_missing
tools/run_extract_all.py,tools.run_extract_all,6,import,hashlib,,,0,,unresolved_external_or_missing
tools/run_extract_all.py,tools.run_extract_all,7,import,json,,,0,,unresolved_external_or_missing
tools/run_extract_all.py,tools.run_extract_all,8,import,os,,,0,,unresolved_external_or_missing
tools/run_extract_all.py,tools.run_extract_all,9,import,re,,,0,,unresolved_external_or_missing
tools/run_extract_all.py,tools.run_extract_all,10,import,subprocess,,,0,,unresolved_external_or_missing
tools/run_extract_all.py,tools.run_extract_all,11,import,sys,,,0,,unresolved_external_or_missing
tools/run_extract_all.py,tools.run_extract_all,12,import,time,,,0,,unresolved_external_or_missing
tools/run_extract_all.py,tools.run_extract_all,13,from_import,pathlib,Path,,0,,unresolved_external_or_missing
tools/run_extract_all.py,tools.run_extract_all,14,from_import,typing,Any,,0,,unresolved_external_or_missing
tools/run_extract_all.py,tools.run_extract_all,14,from_import,typing,Dict,,0,,unresolved_external_or_missing
tools/run_extract_all.py,tools.run_extract_all,14,from_import,typing,List,,0,,unresolved_external_or_missing
tools/run_extract_all.py,tools.run_extract_all,14,from_import,typing,Optional,,0,,unresolved_external_or_missing
tools/run_extract_all.py,tools.run_extract_all,14,from_import,typing,Tuple,,0,,unresolved_external_or_missing
tools/run_extract_all.py,tools.run_extract_all,21,from_import,emit_element_dominance,emit_element_dominance,,0,,unresolved_external_or_missing
tools/run_extract_all.py,tools.run_extract_all,22,from_import,extractor,emit_analysis,,0,,unresolved_external_or_missing
tools/run_extract_all.py,tools.run_extract_all,22,from_import,extractor,emit_records,,0,,unresolved_external_or_missing
tools/run_extract_all.py,tools.run_extract_all,23,from_import,bundle_analysis.common,atomic_write_csv,,0,,unresolved_external_or_missing
tools/run_extract_all.py,tools.run_extract_all,23,from_import,bundle_analysis.common,read_csv_rows,,0,,unresolved_external_or_missing
tools/run_extract_all.py,tools.run_extract_all,24,from_import,bundle_analysis.reference_bundle,write_sidecar,,0,,unresolved_external_or_missing
tools/run_extract_all.py,tools.run_extract_all,25,from_import,core.sig_hash_policy,get_domain_sig_hash_policy,,0,core/sig_hash_policy.py,resolved
tools/run_extract_all.py,tools.run_extract_all,25,from_import,core.sig_hash_policy,load_sig_hash_policies,,0,core/sig_hash_policy.py,resolved
tools/run_extract_all.py,tools.run_extract_all,26,from_import,core.sig_hash_builder,build_sig_hash_from_policy,,0,core/sig_hash_builder.py,resolved
tools/run_extract_all.py,tools.run_extract_all,27,from_import,na_token,is_na_token,,0,,unresolved_external_or_missing
tools/run_extract_all.py,tools.run_extract_all,542,import,csv,,,0,,unresolved_external_or_missing
tools/run_segment_orchestrator.py,tools.run_segment_orchestrator,20,from_import,__future__,annotations,,0,,unresolved_external_or_missing
tools/run_segment_orchestrator.py,tools.run_segment_orchestrator,22,import,argparse,,,0,,unresolved_external_or_missing
tools/run_segment_orchestrator.py,tools.run_segment_orchestrator,23,import,csv,,,0,,unresolved_external_or_missing
tools/run_segment_orchestrator.py,tools.run_segment_orchestrator,24,import,hashlib,,,0,,unresolved_external_or_missing
tools/run_segment_orchestrator.py,tools.run_segment_orchestrator,25,import,math,,,0,,unresolved_external_or_missing
tools/run_segment_orchestrator.py,tools.run_segment_orchestrator,26,import,os,,,0,,unresolved_external_or_missing
tools/run_segment_orchestrator.py,tools.run_segment_orchestrator,27,import,shutil,,,0,,unresolved_external_or_missing
tools/run_segment_orchestrator.py,tools.run_segment_orchestrator,28,import,subprocess,,,0,,unresolved_external_or_missing
tools/run_segment_orchestrator.py,tools.run_segment_orchestrator,29,import,sys,,,0,,unresolved_external_or_missing
tools/run_segment_orchestrator.py,tools.run_segment_orchestrator,30,import,tempfile,,,0,,unresolved_external_or_missing
tools/run_segment_orchestrator.py,tools.run_segment_orchestrator,31,import,threading,,,0,,unresolved_external_or_missing
tools/run_segment_orchestrator.py,tools.run_segment_orchestrator,32,import,time,,,0,,unresolved_external_or_missing
tools/run_segment_orchestrator.py,tools.run_segment_orchestrator,33,from_import,concurrent.futures,ThreadPoolExecutor,,0,,unresolved_external_or_missing
tools/run_segment_orchestrator.py,tools.run_segment_orchestrator,33,from_import,concurrent.futures,as_completed,,0,,unresolved_external_or_missing
tools/run_segment_orchestrator.py,tools.run_segment_orchestrator,34,from_import,datetime,datetime,,0,,unresolved_external_or_missing
tools/run_segment_orchestrator.py,tools.run_segment_orchestrator,34,from_import,datetime,timezone,,0,,unresolved_external_or_missing
tools/run_segment_orchestrator.py,tools.run_segment_orchestrator,35,from_import,pathlib,Path,,0,,unresolved_external_or_missing
tools/run_segment_orchestrator.py,tools.run_segment_orchestrator,36,from_import,typing,Any,,0,,unresolved_external_or_missing
tools/run_segment_orchestrator.py,tools.run_segment_orchestrator,36,from_import,typing,Dict,,0,,unresolved_external_or_missing
tools/run_segment_orchestrator.py,tools.run_segment_orchestrator,36,from_import,typing,List,,0,,unresolved_external_or_missing
tools/run_segment_orchestrator.py,tools.run_segment_orchestrator,36,from_import,typing,Optional,,0,,unresolved_external_or_missing
tools/run_segment_orchestrator.py,tools.run_segment_orchestrator,40,from_import,bundle_analysis.common,atomic_write_csv,,0,,unresolved_external_or_missing
tools/run_segment_orchestrator.py,tools.run_segment_orchestrator,40,from_import,bundle_analysis.common,retry_fs_op,,0,,unresolved_external_or_missing
tools/run_segment_orchestrator.py,tools.run_segment_orchestrator,41,from_import,bundle_analysis.name_projection_adapter,annotate_name_target_combined_files,,0,,unresolved_external_or_missing
tools/run_segment_orchestrator.py,tools.run_segment_orchestrator,41,from_import,bundle_analysis.name_projection_adapter,normalize_export_run_id,,0,,unresolved_external_or_missing
tools/run_segment_orchestrator.py,tools.run_segment_orchestrator,42,from_import,build_results_registry,write_results_registry,,0,,unresolved_external_or_missing
tools/run_split_detection_all.py,tools.run_split_detection_all,4,from_import,__future__,annotations,,0,,unresolved_external_or_missing
tools/run_split_detection_all.py,tools.run_split_detection_all,6,import,argparse,,,0,,unresolved_external_or_missing
tools/run_split_detection_all.py,tools.run_split_detection_all,7,import,csv,,,0,,unresolved_external_or_missing
tools/run_split_detection_all.py,tools.run_split_detection_all,8,import,hashlib,,,0,,unresolved_external_or_missing
tools/run_split_detection_all.py,tools.run_split_detection_all,9,import,json,,,0,,unresolved_external_or_missing
tools/run_split_detection_all.py,tools.run_split_detection_all,10,import,os,,,0,,unresolved_external_or_missing
tools/run_split_detection_all.py,tools.run_split_detection_all,11,import,subprocess,,,0,,unresolved_external_or_missing
tools/run_split_detection_all.py,tools.run_split_detection_all,12,import,sys,,,0,,unresolved_external_or_missing
tools/run_split_detection_all.py,tools.run_split_detection_all,13,from_import,pathlib,Path,,0,,unresolved_external_or_missing
tools/run_split_detection_all.py,tools.run_split_detection_all,14,from_import,typing,Any,,0,,unresolved_external_or_missing
tools/run_split_detection_all.py,tools.run_split_detection_all,14,from_import,typing,Dict,,0,,unresolved_external_or_missing
tools/run_split_detection_all.py,tools.run_split_detection_all,14,from_import,typing,List,,0,,unresolved_external_or_missing
tools/similarity_compare.py,tools.similarity_compare,1,from_import,__future__,annotations,,0,,unresolved_external_or_missing
tools/similarity_compare.py,tools.similarity_compare,3,import,argparse,,,0,,unresolved_external_or_missing
tools/similarity_compare.py,tools.similarity_compare,4,import,csv,,,0,,unresolved_external_or_missing
tools/similarity_compare.py,tools.similarity_compare,5,import,itertools,,,0,,unresolved_external_or_missing
tools/similarity_compare.py,tools.similarity_compare,6,import,math,,,0,,unresolved_external_or_missing
tools/similarity_compare.py,tools.similarity_compare,7,from_import,collections,Counter,,0,,unresolved_external_or_missing
tools/similarity_compare.py,tools.similarity_compare,7,from_import,collections,defaultdict,,0,,unresolved_external_or_missing
tools/similarity_compare.py,tools.similarity_compare,8,from_import,dataclasses,dataclass,,0,,unresolved_external_or_missing
tools/similarity_compare.py,tools.similarity_compare,9,from_import,pathlib,Path,,0,,unresolved_external_or_missing
tools/similarity_compare.py,tools.similarity_compare,10,from_import,typing,Dict,,0,,unresolved_external_or_missing
tools/similarity_compare.py,tools.similarity_compare,10,from_import,typing,Iterable,,0,,unresolved_external_or_missing
tools/similarity_compare.py,tools.similarity_compare,10,from_import,typing,List,,0,,unresolved_external_or_missing
tools/similarity_compare.py,tools.similarity_compare,10,from_import,typing,Optional,,0,,unresolved_external_or_missing
tools/similarity_compare.py,tools.similarity_compare,10,from_import,typing,Tuple,,0,,unresolved_external_or_missing
tools/suggest_discovery_params.py,tools.suggest_discovery_params,76,from_import,__future__,annotations,,0,,unresolved_external_or_missing
tools/suggest_discovery_params.py,tools.suggest_discovery_params,78,import,argparse,,,0,,unresolved_external_or_missing
tools/suggest_discovery_params.py,tools.suggest_discovery_params,79,import,csv,,,0,,unresolved_external_or_missing
tools/suggest_discovery_params.py,tools.suggest_discovery_params,80,import,json,,,0,,unresolved_external_or_missing
tools/suggest_discovery_params.py,tools.suggest_discovery_params,81,import,math,,,0,,unresolved_external_or_missing
tools/suggest_discovery_params.py,tools.suggest_discovery_params,82,import,shlex,,,0,,unresolved_external_or_missing
tools/suggest_discovery_params.py,tools.suggest_discovery_params,83,import,sys,,,0,,unresolved_external_or_missing
tools/suggest_discovery_params.py,tools.suggest_discovery_params,84,from_import,pathlib,Path,,0,,unresolved_external_or_missing
tools/suggest_discovery_params.py,tools.suggest_discovery_params,85,from_import,typing,Dict,,0,,unresolved_external_or_missing
tools/suggest_discovery_params.py,tools.suggest_discovery_params,85,from_import,typing,List,,0,,unresolved_external_or_missing
tools/suggest_discovery_params.py,tools.suggest_discovery_params,85,from_import,typing,Optional,,0,,unresolved_external_or_missing
tools/suggest_discovery_params.py,tools.suggest_discovery_params,85,from_import,typing,Sequence,,0,,unresolved_external_or_missing
tools/suggest_discovery_params.py,tools.suggest_discovery_params,88,from_import,tools.discover_join_policy,_pick_candidate_fields,,0,tools/discover_join_policy.py,resolved
tools/suggest_discovery_params.py,tools.suggest_discovery_params,88,from_import,tools.discover_join_policy,_read_csv,,0,tools/discover_join_policy.py,resolved
tools/suggest_discovery_params.py,tools.suggest_discovery_params,88,from_import,tools.discover_join_policy,_write_csv,,0,tools/discover_join_policy.py,resolved
tools/suggest_discovery_params.py,tools.suggest_discovery_params,89,from_import,tools.join_key_discovery.eval,normalize_policy_block,,0,tools/join_key_discovery/eval.py,resolved
tools/suggest_discovery_params.py,tools.suggest_discovery_params,91,from_import,discover_join_policy,_pick_candidate_fields,,0,,unresolved_external_or_missing
tools/suggest_discovery_params.py,tools.suggest_discovery_params,91,from_import,discover_join_policy,_read_csv,,0,,unresolved_external_or_missing
tools/suggest_discovery_params.py,tools.suggest_discovery_params,91,from_import,discover_join_policy,_write_csv,,0,,unresolved_external_or_missing
tools/suggest_discovery_params.py,tools.suggest_discovery_params,92,from_import,join_key_discovery.eval,normalize_policy_block,,0,,unresolved_external_or_missing
validators/record_v2.py,validators.record_v2,2,from_import,__future__,annotations,,0,,unresolved_external_or_missing
validators/record_v2.py,validators.record_v2,4,import,re,,,0,,unresolved_external_or_missing
validators/record_v2.py,validators.record_v2,5,from_import,typing,Any,,0,,unresolved_external_or_missing
validators/record_v2.py,validators.record_v2,5,from_import,typing,Dict,,0,,unresolved_external_or_missing
validators/record_v2.py,validators.record_v2,5,from_import,typing,List,,0,,unresolved_external_or_missing
validators/record_v2.py,validators.record_v2,5,from_import,typing,Optional,,0,,unresolved_external_or_missing
validators/record_v2.py,validators.record_v2,5,from_import,typing,Tuple,,0,,unresolved_external_or_missing
validators/record_v2.py,validators.record_v2,29,import,json,,,0,,unresolved_external_or_missing
validators/record_v2.py,validators.record_v2,354,import,hashlib,,,0,,unresolved_external_or_missing
