domain,key_kind,key,member_kind,type_label,storage_types,q_counts,unique_value_count,example_q,example_storage,example_raw,example_display,example_norm,revit_versions_seen,first_seen,last_seen,run_count,source_files
arrowheads,param,p.Arrow Closed,,,Integer,missing=0;ok=22;unreadable=0;unsupported=0,0,ok,Integer,0,No,0,2025,2026-08-04T14:03:14.300203,2026-08-04T14:48:57.764674,3,probes_2025_20260804T140314-c44dde.json;probes_2025_20260804T144211-baf6e6.json;probes_2025_20260804T144857-a65442.json
arrowheads,param,p.Arrow Style,,,Integer,missing=0;ok=22;unreadable=0;unsupported=0,0,ok,Integer,8,Arrow,8,2025,2026-08-04T14:03:14.300203,2026-08-04T14:48:57.764674,3,probes_2025_20260804T140314-c44dde.json;probes_2025_20260804T144211-baf6e6.json;probes_2025_20260804T144857-a65442.json
arrowheads,param,p.Arrow Width Angle,,,Double,missing=0;ok=22;unreadable=0;unsupported=0,0,ok,Double,0.5235987755982984,30°,30.0,2025,2026-08-04T14:03:14.300203,2026-08-04T14:48:57.764674,3,probes_2025_20260804T140314-c44dde.json;probes_2025_20260804T144211-baf6e6.json;probes_2025_20260804T144857-a65442.json
arrowheads,param,p.Edited by,,,String,missing=0;ok=22;unreadable=0;unsupported=0,0,ok,String,,,,2025,2026-08-04T14:03:14.300203,2026-08-04T14:48:57.764674,3,probes_2025_20260804T140314-c44dde.json;probes_2025_20260804T144211-baf6e6.json;probes_2025_20260804T144857-a65442.json
arrowheads,param,p.Fill Tick,,,Integer,missing=0;ok=22;unreadable=0;unsupported=0,0,ok,Integer,0,No,0,2025,2026-08-04T14:03:14.300203,2026-08-04T14:48:57.764674,3,probes_2025_20260804T140314-c44dde.json;probes_2025_20260804T144211-baf6e6.json;probes_2025_20260804T144857-a65442.json
arrowheads,param,p.Heavy End Pen Weight,,,Integer,missing=0;ok=22;unreadable=0;unsupported=0,0,ok,Integer,7,7,7,2025,2026-08-04T14:03:14.300203,2026-08-04T14:48:57.764674,3,probes_2025_20260804T140314-c44dde.json;probes_2025_20260804T144211-baf6e6.json;probes_2025_20260804T144857-a65442.json
arrowheads,param,p.Tick Mark Centered,,,Integer,missing=0;ok=22;unreadable=0;unsupported=0,0,ok,Integer,0,No,0,2025,2026-08-04T14:03:14.300203,2026-08-04T14:48:57.764674,3,probes_2025_20260804T140314-c44dde.json;probes_2025_20260804T144211-baf6e6.json;probes_2025_20260804T144857-a65442.json
arrowheads,param,p.Tick Size,,,Double,missing=0;ok=22;unreadable=0;unsupported=0,0,ok,Double,0.010416666666666668,"1/8""",0.010416666666666668,2025,2026-08-04T14:03:14.300203,2026-08-04T14:48:57.764674,3,probes_2025_20260804T140314-c44dde.json;probes_2025_20260804T144211-baf6e6.json;probes_2025_20260804T144857-a65442.json
arrowheads,param,p.Workset,,,Integer,missing=0;ok=22;unreadable=0;unsupported=0,0,ok,Integer,32,Arrowhead Styles,32,2025,2026-08-04T14:03:14.300203,2026-08-04T14:48:57.764674,3,probes_2025_20260804T140314-c44dde.json;probes_2025_20260804T144211-baf6e6.json;probes_2025_20260804T144857-a65442.json
arrowheads,reflection,refl.ArrowheadType.ArePhasesModifiable,method,ArrowheadType,,,3,ok,String,<method not invoked>,<method not invoked>,<method not invoked>,2025,2026-08-04T14:03:14.300203,2026-08-04T14:48:57.764674,3,probes_2025_20260804T140314-c44dde.json;probes_2025_20260804T144211-baf6e6.json;probes_2025_20260804T144857-a65442.json
arrowheads,reflection,refl.ArrowheadType.AssemblyInstanceId,property,ArrowheadType,,,3,ok,ElementId,-1,-1,-1,2025,2026-08-04T14:03:14.300203,2026-08-04T14:48:57.764674,3,probes_2025_20260804T140314-c44dde.json;probes_2025_20260804T144211-baf6e6.json;probes_2025_20260804T144857-a65442.json
arrowheads,reflection,refl.ArrowheadType.CanBeCopied,property,ArrowheadType,,,3,ok,Integer,1,True,1,2025,2026-08-04T14:03:14.300203,2026-08-04T14:48:57.764674,3,probes_2025_20260804T140314-c44dde.json;probes_2025_20260804T144211-baf6e6.json;probes_2025_20260804T144857-a65442.json
arrowheads,reflection,refl.ArrowheadType.CanBeDeleted,property,ArrowheadType,,,3,ok,Integer,1,True,1,2025,2026-08-04T14:03:14.300203,2026-08-04T14:48:57.764674,3,probes_2025_20260804T140314-c44dde.json;probes_2025_20260804T144211-baf6e6.json;probes_2025_20260804T144857-a65442.json
arrowheads,reflection,refl.ArrowheadType.CanBeLocked,method,ArrowheadType,,,3,ok,String,<method not invoked>,<method not invoked>,<method not invoked>,2025,2026-08-04T14:03:14.300203,2026-08-04T14:48:57.764674,3,probes_2025_20260804T140314-c44dde.json;probes_2025_20260804T144211-baf6e6.json;probes_2025_20260804T144857-a65442.json
arrowheads,reflection,refl.ArrowheadType.CanBeRenamed,property,ArrowheadType,,,3,ok,Integer,1,True,1,2025,2026-08-04T14:03:14.300203,2026-08-04T14:48:57.764674,3,probes_2025_20260804T140314-c44dde.json;probes_2025_20260804T144211-baf6e6.json;probes_2025_20260804T144857-a65442.json
arrowheads,reflection,refl.ArrowheadType.CanHaveTypeAssigned,method,ArrowheadType,,,3,ok,String,<method not invoked>,<method not invoked>,<method not invoked>,2025,2026-08-04T14:03:14.300203,2026-08-04T14:48:57.764674,3,probes_2025_20260804T140314-c44dde.json;probes_2025_20260804T144211-baf6e6.json;probes_2025_20260804T144857-a65442.json
arrowheads,reflection,refl.ArrowheadType.Category,property,ArrowheadType,,,3,missing,None,,,,2025,2026-08-04T14:03:14.300203,2026-08-04T14:48:57.764674,3,probes_2025_20260804T140314-c44dde.json;probes_2025_20260804T144211-baf6e6.json;probes_2025_20260804T144857-a65442.json
arrowheads,reflection,refl.ArrowheadType.CreatedPhaseId,property,ArrowheadType,,,3,ok,ElementId,-1,-1,-1,2025,2026-08-04T14:03:14.300203,2026-08-04T14:48:57.764674,3,probes_2025_20260804T140314-c44dde.json;probes_2025_20260804T144211-baf6e6.json;probes_2025_20260804T144857-a65442.json
arrowheads,reflection,refl.ArrowheadType.DemolishedPhaseId,property,ArrowheadType,,,3,ok,ElementId,-1,-1,-1,2025,2026-08-04T14:03:14.300203,2026-08-04T14:48:57.764674,3,probes_2025_20260804T140314-c44dde.json;probes_2025_20260804T144211-baf6e6.json;probes_2025_20260804T144857-a65442.json
arrowheads,reflection,refl.ArrowheadType.DesignOption,property,ArrowheadType,,,3,missing,None,,,,2025,2026-08-04T14:03:14.300203,2026-08-04T14:48:57.764674,3,probes_2025_20260804T140314-c44dde.json;probes_2025_20260804T144211-baf6e6.json;probes_2025_20260804T144857-a65442.json
arrowheads,reflection,refl.ArrowheadType.Document,property,ArrowheadType,,,3,unsupported,None,,,,2025,2026-08-04T14:03:14.300203,2026-08-04T14:48:57.764674,3,probes_2025_20260804T140314-c44dde.json;probes_2025_20260804T144211-baf6e6.json;probes_2025_20260804T144857-a65442.json
arrowheads,reflection,refl.ArrowheadType.EvaluateAllParameterValues,method,ArrowheadType,,,3,ok,String,<method not invoked>,<method not invoked>,<method not invoked>,2025,2026-08-04T14:03:14.300203,2026-08-04T14:48:57.764674,3,probes_2025_20260804T140314-c44dde.json;probes_2025_20260804T144211-baf6e6.json;probes_2025_20260804T144857-a65442.json
arrowheads,reflection,refl.ArrowheadType.FamilyName,property,ArrowheadType,,,3,ok,String,Arrowhead,Arrowhead,Arrowhead,2025,2026-08-04T14:03:14.300203,2026-08-04T14:48:57.764674,3,probes_2025_20260804T140314-c44dde.json;probes_2025_20260804T144211-baf6e6.json;probes_2025_20260804T144857-a65442.json
arrowheads,reflection,refl.ArrowheadType.GetEntitySchemaGuids,method,ArrowheadType,,,3,ok,String,<method not invoked>,<method not invoked>,<method not invoked>,2025,2026-08-04T14:03:14.300203,2026-08-04T14:48:57.764674,3,probes_2025_20260804T140314-c44dde.json;probes_2025_20260804T144211-baf6e6.json;probes_2025_20260804T144857-a65442.json
arrowheads,reflection,refl.ArrowheadType.GetExternalFileReference,method,ArrowheadType,,,3,ok,String,<method not invoked>,<method not invoked>,<method not invoked>,2025,2026-08-04T14:03:14.300203,2026-08-04T14:48:57.764674,3,probes_2025_20260804T140314-c44dde.json;probes_2025_20260804T144211-baf6e6.json;probes_2025_20260804T144857-a65442.json
arrowheads,reflection,refl.ArrowheadType.GetExternalResourceReferences,method,ArrowheadType,,,3,ok,String,<method not invoked>,<method not invoked>,<method not invoked>,2025,2026-08-04T14:03:14.300203,2026-08-04T14:48:57.764674,3,probes_2025_20260804T140314-c44dde.json;probes_2025_20260804T144211-baf6e6.json;probes_2025_20260804T144857-a65442.json
arrowheads,reflection,refl.ArrowheadType.GetExternalResourceReferencesExpanded,method,ArrowheadType,,,3,ok,String,<method not invoked>,<method not invoked>,<method not invoked>,2025,2026-08-04T14:03:14.300203,2026-08-04T14:48:57.764674,3,probes_2025_20260804T140314-c44dde.json;probes_2025_20260804T144211-baf6e6.json;probes_2025_20260804T144857-a65442.json
arrowheads,reflection,refl.ArrowheadType.GetMonitoredLinkElementIds,method,ArrowheadType,,,3,ok,String,<method not invoked>,<method not invoked>,<method not invoked>,2025,2026-08-04T14:03:14.300203,2026-08-04T14:48:57.764674,3,probes_2025_20260804T140314-c44dde.json;probes_2025_20260804T144211-baf6e6.json;probes_2025_20260804T144857-a65442.json
arrowheads,reflection,refl.ArrowheadType.GetMonitoredLocalElementIds,method,ArrowheadType,,,3,ok,String,<method not invoked>,<method not invoked>,<method not invoked>,2025,2026-08-04T14:03:14.300203,2026-08-04T14:48:57.764674,3,probes_2025_20260804T140314-c44dde.json;probes_2025_20260804T144211-baf6e6.json;probes_2025_20260804T144857-a65442.json
arrowheads,reflection,refl.ArrowheadType.GetOrderedParameters,method,ArrowheadType,,,3,ok,String,<method not invoked>,<method not invoked>,<method not invoked>,2025,2026-08-04T14:03:14.300203,2026-08-04T14:48:57.764674,3,probes_2025_20260804T140314-c44dde.json;probes_2025_20260804T144211-baf6e6.json;probes_2025_20260804T144857-a65442.json
arrowheads,reflection,refl.ArrowheadType.GetSimilarTypes,method,ArrowheadType,,,3,ok,String,<method not invoked>,<method not invoked>,<method not invoked>,2025,2026-08-04T14:03:14.300203,2026-08-04T14:48:57.764674,3,probes_2025_20260804T140314-c44dde.json;probes_2025_20260804T144211-baf6e6.json;probes_2025_20260804T144857-a65442.json
arrowheads,reflection,refl.ArrowheadType.GetSubelements,method,ArrowheadType,,,3,ok,String,<method not invoked>,<method not invoked>,<method not invoked>,2025,2026-08-04T14:03:14.300203,2026-08-04T14:48:57.764674,3,probes_2025_20260804T140314-c44dde.json;probes_2025_20260804T144211-baf6e6.json;probes_2025_20260804T144857-a65442.json
arrowheads,reflection,refl.ArrowheadType.GetTypeId,method,ArrowheadType,,,3,ok,String,<method not invoked>,<method not invoked>,<method not invoked>,2025,2026-08-04T14:03:14.300203,2026-08-04T14:48:57.764674,3,probes_2025_20260804T140314-c44dde.json;probes_2025_20260804T144211-baf6e6.json;probes_2025_20260804T144857-a65442.json
arrowheads,reflection,refl.ArrowheadType.GetValidTypes,method,ArrowheadType,,,3,ok,String,<method not invoked>,<method not invoked>,<method not invoked>,2025,2026-08-04T14:03:14.300203,2026-08-04T14:48:57.764674,3,probes_2025_20260804T140314-c44dde.json;probes_2025_20260804T144211-baf6e6.json;probes_2025_20260804T144857-a65442.json
arrowheads,reflection,refl.ArrowheadType.GroupId,property,ArrowheadType,,,3,ok,ElementId,-1,-1,-1,2025,2026-08-04T14:03:14.300203,2026-08-04T14:48:57.764674,3,probes_2025_20260804T140314-c44dde.json;probes_2025_20260804T144211-baf6e6.json;probes_2025_20260804T144857-a65442.json
arrowheads,reflection,refl.ArrowheadType.HasPhases,method,ArrowheadType,,,3,ok,String,<method not invoked>,<method not invoked>,<method not invoked>,2025,2026-08-04T14:03:14.300203,2026-08-04T14:48:57.764674,3,probes_2025_20260804T140314-c44dde.json;probes_2025_20260804T144211-baf6e6.json;probes_2025_20260804T144857-a65442.json
arrowheads,reflection,refl.ArrowheadType.Id,property,ArrowheadType,,,22,ok,ElementId,16367,16367,16367,2025,2026-08-04T14:03:14.300203,2026-08-04T14:48:57.764674,3,probes_2025_20260804T140314-c44dde.json;probes_2025_20260804T144211-baf6e6.json;probes_2025_20260804T144857-a65442.json
arrowheads,reflection,refl.ArrowheadType.IsExternalFileReference,method,ArrowheadType,,,3,ok,String,<method not invoked>,<method not invoked>,<method not invoked>,2025,2026-08-04T14:03:14.300203,2026-08-04T14:48:57.764674,3,probes_2025_20260804T140314-c44dde.json;probes_2025_20260804T144211-baf6e6.json;probes_2025_20260804T144857-a65442.json
arrowheads,reflection,refl.ArrowheadType.IsModifiable,property,ArrowheadType,,,3,ok,Integer,1,True,1,2025,2026-08-04T14:03:14.300203,2026-08-04T14:48:57.764674,3,probes_2025_20260804T140314-c44dde.json;probes_2025_20260804T144211-baf6e6.json;probes_2025_20260804T144857-a65442.json
arrowheads,reflection,refl.ArrowheadType.IsMonitoringLinkElement,method,ArrowheadType,,,3,ok,String,<method not invoked>,<method not invoked>,<method not invoked>,2025,2026-08-04T14:03:14.300203,2026-08-04T14:48:57.764674,3,probes_2025_20260804T140314-c44dde.json;probes_2025_20260804T144211-baf6e6.json;probes_2025_20260804T144857-a65442.json
arrowheads,reflection,refl.ArrowheadType.IsMonitoringLocalElement,method,ArrowheadType,,,3,ok,String,<method not invoked>,<method not invoked>,<method not invoked>,2025,2026-08-04T14:03:14.300203,2026-08-04T14:48:57.764674,3,probes_2025_20260804T140314-c44dde.json;probes_2025_20260804T144211-baf6e6.json;probes_2025_20260804T144857-a65442.json
arrowheads,reflection,refl.ArrowheadType.IsTransient,property,ArrowheadType,,,3,ok,Integer,0,False,0,2025,2026-08-04T14:03:14.300203,2026-08-04T14:48:57.764674,3,probes_2025_20260804T140314-c44dde.json;probes_2025_20260804T144211-baf6e6.json;probes_2025_20260804T144857-a65442.json
arrowheads,reflection,refl.ArrowheadType.IsValidObject,property,ArrowheadType,,,3,ok,Integer,1,True,1,2025,2026-08-04T14:03:14.300203,2026-08-04T14:48:57.764674,3,probes_2025_20260804T140314-c44dde.json;probes_2025_20260804T144211-baf6e6.json;probes_2025_20260804T144857-a65442.json
arrowheads,reflection,refl.ArrowheadType.LevelId,property,ArrowheadType,,,3,ok,ElementId,-1,-1,-1,2025,2026-08-04T14:03:14.300203,2026-08-04T14:48:57.764674,3,probes_2025_20260804T140314-c44dde.json;probes_2025_20260804T144211-baf6e6.json;probes_2025_20260804T144857-a65442.json
arrowheads,reflection,refl.ArrowheadType.Location,property,ArrowheadType,,,3,missing,None,,,,2025,2026-08-04T14:03:14.300203,2026-08-04T14:48:57.764674,3,probes_2025_20260804T140314-c44dde.json;probes_2025_20260804T144211-baf6e6.json;probes_2025_20260804T144857-a65442.json
arrowheads,reflection,refl.ArrowheadType.Name,property,ArrowheadType,,,0,,,,,,2025,2026-08-04T14:03:14.300203,2026-08-04T14:48:57.764674,3,probes_2025_20260804T140314-c44dde.json;probes_2025_20260804T144211-baf6e6.json;probes_2025_20260804T144857-a65442.json
arrowheads,reflection,refl.ArrowheadType.OwnerViewId,property,ArrowheadType,,,3,ok,ElementId,-1,-1,-1,2025,2026-08-04T14:03:14.300203,2026-08-04T14:48:57.764674,3,probes_2025_20260804T140314-c44dde.json;probes_2025_20260804T144211-baf6e6.json;probes_2025_20260804T144857-a65442.json
arrowheads,reflection,refl.ArrowheadType.Parameters,property,ArrowheadType,,,3,unsupported,None,,,,2025,2026-08-04T14:03:14.300203,2026-08-04T14:48:57.764674,3,probes_2025_20260804T140314-c44dde.json;probes_2025_20260804T144211-baf6e6.json;probes_2025_20260804T144857-a65442.json
arrowheads,reflection,refl.ArrowheadType.ParametersMap,property,ArrowheadType,,,3,unsupported,None,,,,2025,2026-08-04T14:03:14.300203,2026-08-04T14:48:57.764674,3,probes_2025_20260804T140314-c44dde.json;probes_2025_20260804T144211-baf6e6.json;probes_2025_20260804T144857-a65442.json
arrowheads,reflection,refl.ArrowheadType.Pinned,property,ArrowheadType,,,3,ok,Integer,0,False,0,2025,2026-08-04T14:03:14.300203,2026-08-04T14:48:57.764674,3,probes_2025_20260804T140314-c44dde.json;probes_2025_20260804T144211-baf6e6.json;probes_2025_20260804T144857-a65442.json
arrowheads,reflection,refl.ArrowheadType.RefersToExternalResourceReferences,method,ArrowheadType,,,3,ok,String,<method not invoked>,<method not invoked>,<method not invoked>,2025,2026-08-04T14:03:14.300203,2026-08-04T14:48:57.764674,3,probes_2025_20260804T140314-c44dde.json;probes_2025_20260804T144211-baf6e6.json;probes_2025_20260804T144857-a65442.json
arrowheads,reflection,refl.ArrowheadType.UniqueId,property,ArrowheadType,,,22,ok,String,7afc9752-00ce-11d4-91af-0000863f27ad-00003fef,7afc9752-00ce-11d4-91af-0000863f27ad-00003fef,7afc9752-00ce-11d4-91af-0000863f27ad-00003fef,2025,2026-08-04T14:03:14.300203,2026-08-04T14:48:57.764674,3,probes_2025_20260804T140314-c44dde.json;probes_2025_20260804T144211-baf6e6.json;probes_2025_20260804T144857-a65442.json
arrowheads,reflection,refl.ArrowheadType.VersionGuid,property,ArrowheadType,,,4,ok,None,,59c17d6e-2868-4486-9c62-cc9167dbdfa0,59c17d6e-2868-4486-9c62-cc9167dbdfa0,2025,2026-08-04T14:03:14.300203,2026-08-04T14:48:57.764674,3,probes_2025_20260804T140314-c44dde.json;probes_2025_20260804T144211-baf6e6.json;probes_2025_20260804T144857-a65442.json
arrowheads,reflection,refl.ArrowheadType.ViewSpecific,property,ArrowheadType,,,3,ok,Integer,0,False,0,2025,2026-08-04T14:03:14.300203,2026-08-04T14:48:57.764674,3,probes_2025_20260804T140314-c44dde.json;probes_2025_20260804T144211-baf6e6.json;probes_2025_20260804T144857-a65442.json
arrowheads,reflection,refl.ArrowheadType.WorksetId,property,ArrowheadType,,,3,ok,ElementId,32,32,32,2025,2026-08-04T14:03:14.300203,2026-08-04T14:48:57.764674,3,probes_2025_20260804T140314-c44dde.json;probes_2025_20260804T144211-baf6e6.json;probes_2025_20260804T144857-a65442.json
browser_organization,param,browserorg.filter_param_has_value,,,Integer,missing=0;ok=9;unreadable=0;unsupported=0,0,ok,Integer,0,False,0,2025,2026-08-04T14:03:14.300203,2026-08-04T14:48:57.764674,3,probes_2025_20260804T140314-c44dde.json;probes_2025_20260804T144211-baf6e6.json;probes_2025_20260804T144857-a65442.json
browser_organization,param,browserorg.folder_items_walked_count,,,Integer,missing=0;ok=3;unreadable=0;unsupported=0,0,ok,Integer,4,4,4,2025,2026-08-04T14:03:14.300203,2026-08-04T14:48:57.764674,3,probes_2025_20260804T140314-c44dde.json;probes_2025_20260804T144211-baf6e6.json;probes_2025_20260804T144857-a65442.json
browser_organization,param,browserorg.name_fallback_used_count,,,Integer,missing=0;ok=3;unreadable=0;unsupported=0,0,ok,Integer,4,FolderItemInfo.Name returned '???' this many times; resolved via Definition.Name / BuiltInParameter label fallback instead.,4,2025,2026-08-04T14:03:14.300203,2026-08-04T14:48:57.764674,3,probes_2025_20260804T140314-c44dde.json;probes_2025_20260804T144211-baf6e6.json;probes_2025_20260804T144857-a65442.json
browser_organization,param,browserorg.org_id,,,Integer,missing=0;ok=9;unreadable=0;unsupported=0,0,ok,Integer,52314,52314,52314,2025,2026-08-04T14:03:14.300203,2026-08-04T14:48:57.764674,3,probes_2025_20260804T140314-c44dde.json;probes_2025_20260804T144211-baf6e6.json;probes_2025_20260804T144857-a65442.json
browser_organization,param,browserorg.sorting_order,,,Integer,missing=0;ok=9;unreadable=0;unsupported=0,0,ok,Integer,1,1,1,2025,2026-08-04T14:03:14.300203,2026-08-04T14:48:57.764674,3,probes_2025_20260804T140314-c44dde.json;probes_2025_20260804T144211-baf6e6.json;probes_2025_20260804T144857-a65442.json
browser_organization,param,browserorg.sorting_parameter_id,,,Integer,missing=0;ok=9;unreadable=0;unsupported=0,0,ok,Integer,-1005112,VIEW_NAME,-1005112,2025,2026-08-04T14:03:14.300203,2026-08-04T14:48:57.764674,3,probes_2025_20260804T140314-c44dde.json;probes_2025_20260804T144211-baf6e6.json;probes_2025_20260804T144857-a65442.json
browser_organization,param,browserorg.workset_id,,,Integer,missing=0;ok=9;unreadable=0;unsupported=0,0,ok,Integer,54,Browser Organization,54,2025,2026-08-04T14:03:14.300203,2026-08-04T14:48:57.764674,3,probes_2025_20260804T140314-c44dde.json;probes_2025_20260804T144211-baf6e6.json;probes_2025_20260804T144857-a65442.json
browser_organization,param,doc.bip_lookup_size,,,Integer,missing=0;ok=3;unreadable=0;unsupported=0,0,ok,Integer,3628,3628,3628,2025,2026-08-04T14:03:14.300203,2026-08-04T14:48:57.764674,3,probes_2025_20260804T140314-c44dde.json;probes_2025_20260804T144211-baf6e6.json;probes_2025_20260804T144857-a65442.json
browser_organization,param,doc.is_family_document,,,Integer,missing=0;ok=3;unreadable=0;unsupported=0,0,ok,Integer,0,False,0,2025,2026-08-04T14:03:14.300203,2026-08-04T14:48:57.764674,3,probes_2025_20260804T140314-c44dde.json;probes_2025_20260804T144211-baf6e6.json;probes_2025_20260804T144857-a65442.json
browser_organization,reflection,refl.BrowserOrganization.ArePhasesModifiable,method,BrowserOrganization,,,3,ok,String,<method not invoked>,<method not invoked>,<method not invoked>,2025,2026-08-04T14:03:14.300203,2026-08-04T14:48:57.764674,3,probes_2025_20260804T140314-c44dde.json;probes_2025_20260804T144211-baf6e6.json;probes_2025_20260804T144857-a65442.json
browser_organization,reflection,refl.BrowserOrganization.AssemblyInstanceId,property,BrowserOrganization,,,3,ok,ElementId,-1,-1,-1,2025,2026-08-04T14:03:14.300203,2026-08-04T14:48:57.764674,3,probes_2025_20260804T140314-c44dde.json;probes_2025_20260804T144211-baf6e6.json;probes_2025_20260804T144857-a65442.json
browser_organization,reflection,refl.BrowserOrganization.CanBeCopied,property,BrowserOrganization,,,6,ok,Integer,1,True,1,2025,2026-08-04T14:03:14.300203,2026-08-04T14:48:57.764674,3,probes_2025_20260804T140314-c44dde.json;probes_2025_20260804T144211-baf6e6.json;probes_2025_20260804T144857-a65442.json
browser_organization,reflection,refl.BrowserOrganization.CanBeDeleted,property,BrowserOrganization,,,6,ok,Integer,1,True,1,2025,2026-08-04T14:03:14.300203,2026-08-04T14:48:57.764674,3,probes_2025_20260804T140314-c44dde.json;probes_2025_20260804T144211-baf6e6.json;probes_2025_20260804T144857-a65442.json
browser_organization,reflection,refl.BrowserOrganization.CanBeLocked,method,BrowserOrganization,,,3,ok,String,<method not invoked>,<method not invoked>,<method not invoked>,2025,2026-08-04T14:03:14.300203,2026-08-04T14:48:57.764674,3,probes_2025_20260804T140314-c44dde.json;probes_2025_20260804T144211-baf6e6.json;probes_2025_20260804T144857-a65442.json
browser_organization,reflection,refl.BrowserOrganization.CanBeRenamed,property,BrowserOrganization,,,6,ok,Integer,1,True,1,2025,2026-08-04T14:03:14.300203,2026-08-04T14:48:57.764674,3,probes_2025_20260804T140314-c44dde.json;probes_2025_20260804T144211-baf6e6.json;probes_2025_20260804T144857-a65442.json
browser_organization,reflection,refl.BrowserOrganization.CanHaveTypeAssigned,method,BrowserOrganization,,,3,ok,String,<method not invoked>,<method not invoked>,<method not invoked>,2025,2026-08-04T14:03:14.300203,2026-08-04T14:48:57.764674,3,probes_2025_20260804T140314-c44dde.json;probes_2025_20260804T144211-baf6e6.json;probes_2025_20260804T144857-a65442.json
browser_organization,reflection,refl.BrowserOrganization.Category,property,BrowserOrganization,,,3,missing,None,,,,2025,2026-08-04T14:03:14.300203,2026-08-04T14:48:57.764674,3,probes_2025_20260804T140314-c44dde.json;probes_2025_20260804T144211-baf6e6.json;probes_2025_20260804T144857-a65442.json
browser_organization,reflection,refl.BrowserOrganization.CreatedPhaseId,property,BrowserOrganization,,,3,ok,ElementId,-1,-1,-1,2025,2026-08-04T14:03:14.300203,2026-08-04T14:48:57.764674,3,probes_2025_20260804T140314-c44dde.json;probes_2025_20260804T144211-baf6e6.json;probes_2025_20260804T144857-a65442.json
browser_organization,reflection,refl.BrowserOrganization.DemolishedPhaseId,property,BrowserOrganization,,,3,ok,ElementId,-1,-1,-1,2025,2026-08-04T14:03:14.300203,2026-08-04T14:48:57.764674,3,probes_2025_20260804T140314-c44dde.json;probes_2025_20260804T144211-baf6e6.json;probes_2025_20260804T144857-a65442.json
browser_organization,reflection,refl.BrowserOrganization.DesignOption,property,BrowserOrganization,,,3,missing,None,,,,2025,2026-08-04T14:03:14.300203,2026-08-04T14:48:57.764674,3,probes_2025_20260804T140314-c44dde.json;probes_2025_20260804T144211-baf6e6.json;probes_2025_20260804T144857-a65442.json
browser_organization,reflection,refl.BrowserOrganization.Document,property,BrowserOrganization,,,3,unsupported,None,,,,2025,2026-08-04T14:03:14.300203,2026-08-04T14:48:57.764674,3,probes_2025_20260804T140314-c44dde.json;probes_2025_20260804T144211-baf6e6.json;probes_2025_20260804T144857-a65442.json
browser_organization,reflection,refl.BrowserOrganization.EvaluateAllParameterValues,method,BrowserOrganization,,,3,ok,String,<method not invoked>,<method not invoked>,<method not invoked>,2025,2026-08-04T14:03:14.300203,2026-08-04T14:48:57.764674,3,probes_2025_20260804T140314-c44dde.json;probes_2025_20260804T144211-baf6e6.json;probes_2025_20260804T144857-a65442.json
browser_organization,reflection,refl.BrowserOrganization.FamilyName,property,BrowserOrganization,,,9,ok,String,Browser - Views,Browser - Views,Browser - Views,2025,2026-08-04T14:03:14.300203,2026-08-04T14:48:57.764674,3,probes_2025_20260804T140314-c44dde.json;probes_2025_20260804T144211-baf6e6.json;probes_2025_20260804T144857-a65442.json
browser_organization,reflection,refl.BrowserOrganization.GetEntitySchemaGuids,method,BrowserOrganization,,,3,ok,String,<method not invoked>,<method not invoked>,<method not invoked>,2025,2026-08-04T14:03:14.300203,2026-08-04T14:48:57.764674,3,probes_2025_20260804T140314-c44dde.json;probes_2025_20260804T144211-baf6e6.json;probes_2025_20260804T144857-a65442.json
browser_organization,reflection,refl.BrowserOrganization.GetExternalFileReference,method,BrowserOrganization,,,3,ok,String,<method not invoked>,<method not invoked>,<method not invoked>,2025,2026-08-04T14:03:14.300203,2026-08-04T14:48:57.764674,3,probes_2025_20260804T140314-c44dde.json;probes_2025_20260804T144211-baf6e6.json;probes_2025_20260804T144857-a65442.json
browser_organization,reflection,refl.BrowserOrganization.GetExternalResourceReferences,method,BrowserOrganization,,,3,ok,String,<method not invoked>,<method not invoked>,<method not invoked>,2025,2026-08-04T14:03:14.300203,2026-08-04T14:48:57.764674,3,probes_2025_20260804T140314-c44dde.json;probes_2025_20260804T144211-baf6e6.json;probes_2025_20260804T144857-a65442.json
browser_organization,reflection,refl.BrowserOrganization.GetExternalResourceReferencesExpanded,method,BrowserOrganization,,,3,ok,String,<method not invoked>,<method not invoked>,<method not invoked>,2025,2026-08-04T14:03:14.300203,2026-08-04T14:48:57.764674,3,probes_2025_20260804T140314-c44dde.json;probes_2025_20260804T144211-baf6e6.json;probes_2025_20260804T144857-a65442.json
browser_organization,reflection,refl.BrowserOrganization.GetMonitoredLinkElementIds,method,BrowserOrganization,,,3,ok,String,<method not invoked>,<method not invoked>,<method not invoked>,2025,2026-08-04T14:03:14.300203,2026-08-04T14:48:57.764674,3,probes_2025_20260804T140314-c44dde.json;probes_2025_20260804T144211-baf6e6.json;probes_2025_20260804T144857-a65442.json
browser_organization,reflection,refl.BrowserOrganization.GetMonitoredLocalElementIds,method,BrowserOrganization,,,3,ok,String,<method not invoked>,<method not invoked>,<method not invoked>,2025,2026-08-04T14:03:14.300203,2026-08-04T14:48:57.764674,3,probes_2025_20260804T140314-c44dde.json;probes_2025_20260804T144211-baf6e6.json;probes_2025_20260804T144857-a65442.json
browser_organization,reflection,refl.BrowserOrganization.GetOrderedParameters,method,BrowserOrganization,,,3,ok,String,<method not invoked>,<method not invoked>,<method not invoked>,2025,2026-08-04T14:03:14.300203,2026-08-04T14:48:57.764674,3,probes_2025_20260804T140314-c44dde.json;probes_2025_20260804T144211-baf6e6.json;probes_2025_20260804T144857-a65442.json
browser_organization,reflection,refl.BrowserOrganization.GetSimilarTypes,method,BrowserOrganization,,,3,ok,String,<method not invoked>,<method not invoked>,<method not invoked>,2025,2026-08-04T14:03:14.300203,2026-08-04T14:48:57.764674,3,probes_2025_20260804T140314-c44dde.json;probes_2025_20260804T144211-baf6e6.json;probes_2025_20260804T144857-a65442.json
browser_organization,reflection,refl.BrowserOrganization.GetSubelements,method,BrowserOrganization,,,3,ok,String,<method not invoked>,<method not invoked>,<method not invoked>,2025,2026-08-04T14:03:14.300203,2026-08-04T14:48:57.764674,3,probes_2025_20260804T140314-c44dde.json;probes_2025_20260804T144211-baf6e6.json;probes_2025_20260804T144857-a65442.json
browser_organization,reflection,refl.BrowserOrganization.GetTypeId,method,BrowserOrganization,,,3,ok,String,<method not invoked>,<method not invoked>,<method not invoked>,2025,2026-08-04T14:03:14.300203,2026-08-04T14:48:57.764674,3,probes_2025_20260804T140314-c44dde.json;probes_2025_20260804T144211-baf6e6.json;probes_2025_20260804T144857-a65442.json
browser_organization,reflection,refl.BrowserOrganization.GetValidTypes,method,BrowserOrganization,,,3,ok,String,<method not invoked>,<method not invoked>,<method not invoked>,2025,2026-08-04T14:03:14.300203,2026-08-04T14:48:57.764674,3,probes_2025_20260804T140314-c44dde.json;probes_2025_20260804T144211-baf6e6.json;probes_2025_20260804T144857-a65442.json
browser_organization,reflection,refl.BrowserOrganization.GroupId,property,BrowserOrganization,,,3,ok,ElementId,-1,-1,-1,2025,2026-08-04T14:03:14.300203,2026-08-04T14:48:57.764674,3,probes_2025_20260804T140314-c44dde.json;probes_2025_20260804T144211-baf6e6.json;probes_2025_20260804T144857-a65442.json
browser_organization,reflection,refl.BrowserOrganization.HasPhases,method,BrowserOrganization,,,3,ok,String,<method not invoked>,<method not invoked>,<method not invoked>,2025,2026-08-04T14:03:14.300203,2026-08-04T14:48:57.764674,3,probes_2025_20260804T140314-c44dde.json;probes_2025_20260804T144211-baf6e6.json;probes_2025_20260804T144857-a65442.json
browser_organization,reflection,refl.BrowserOrganization.Id,property,BrowserOrganization,,,9,ok,ElementId,52314,52314,52314,2025,2026-08-04T14:03:14.300203,2026-08-04T14:48:57.764674,3,probes_2025_20260804T140314-c44dde.json;probes_2025_20260804T144211-baf6e6.json;probes_2025_20260804T144857-a65442.json
browser_organization,reflection,refl.BrowserOrganization.IsExternalFileReference,method,BrowserOrganization,,,3,ok,String,<method not invoked>,<method not invoked>,<method not invoked>,2025,2026-08-04T14:03:14.300203,2026-08-04T14:48:57.764674,3,probes_2025_20260804T140314-c44dde.json;probes_2025_20260804T144211-baf6e6.json;probes_2025_20260804T144857-a65442.json
browser_organization,reflection,refl.BrowserOrganization.IsModifiable,property,BrowserOrganization,,,3,ok,Integer,1,True,1,2025,2026-08-04T14:03:14.300203,2026-08-04T14:48:57.764674,3,probes_2025_20260804T140314-c44dde.json;probes_2025_20260804T144211-baf6e6.json;probes_2025_20260804T144857-a65442.json
browser_organization,reflection,refl.BrowserOrganization.IsMonitoringLinkElement,method,BrowserOrganization,,,3,ok,String,<method not invoked>,<method not invoked>,<method not invoked>,2025,2026-08-04T14:03:14.300203,2026-08-04T14:48:57.764674,3,probes_2025_20260804T140314-c44dde.json;probes_2025_20260804T144211-baf6e6.json;probes_2025_20260804T144857-a65442.json
browser_organization,reflection,refl.BrowserOrganization.IsMonitoringLocalElement,method,BrowserOrganization,,,3,ok,String,<method not invoked>,<method not invoked>,<method not invoked>,2025,2026-08-04T14:03:14.300203,2026-08-04T14:48:57.764674,3,probes_2025_20260804T140314-c44dde.json;probes_2025_20260804T144211-baf6e6.json;probes_2025_20260804T144857-a65442.json
browser_organization,reflection,refl.BrowserOrganization.IsTransient,property,BrowserOrganization,,,3,ok,Integer,0,False,0,2025,2026-08-04T14:03:14.300203,2026-08-04T14:48:57.764674,3,probes_2025_20260804T140314-c44dde.json;probes_2025_20260804T144211-baf6e6.json;probes_2025_20260804T144857-a65442.json
browser_organization,reflection,refl.BrowserOrganization.IsValidObject,property,BrowserOrganization,,,3,ok,Integer,1,True,1,2025,2026-08-04T14:03:14.300203,2026-08-04T14:48:57.764674,3,probes_2025_20260804T140314-c44dde.json;probes_2025_20260804T144211-baf6e6.json;probes_2025_20260804T144857-a65442.json
browser_organization,reflection,refl.BrowserOrganization.LevelId,property,BrowserOrganization,,,3,ok,ElementId,-1,-1,-1,2025,2026-08-04T14:03:14.300203,2026-08-04T14:48:57.764674,3,probes_2025_20260804T140314-c44dde.json;probes_2025_20260804T144211-baf6e6.json;probes_2025_20260804T144857-a65442.json
browser_organization,reflection,refl.BrowserOrganization.Location,property,BrowserOrganization,,,3,missing,None,,,,2025,2026-08-04T14:03:14.300203,2026-08-04T14:48:57.764674,3,probes_2025_20260804T140314-c44dde.json;probes_2025_20260804T144211-baf6e6.json;probes_2025_20260804T144857-a65442.json
browser_organization,reflection,refl.BrowserOrganization.Name,property,BrowserOrganization,,,0,,,,,,2025,2026-08-04T14:03:14.300203,2026-08-04T14:48:57.764674,3,probes_2025_20260804T140314-c44dde.json;probes_2025_20260804T144211-baf6e6.json;probes_2025_20260804T144857-a65442.json
browser_organization,reflection,refl.BrowserOrganization.OwnerViewId,property,BrowserOrganization,,,3,ok,ElementId,-1,-1,-1,2025,2026-08-04T14:03:14.300203,2026-08-04T14:48:57.764674,3,probes_2025_20260804T140314-c44dde.json;probes_2025_20260804T144211-baf6e6.json;probes_2025_20260804T144857-a65442.json
browser_organization,reflection,refl.BrowserOrganization.Parameters,property,BrowserOrganization,,,3,unsupported,None,,,,2025,2026-08-04T14:03:14.300203,2026-08-04T14:48:57.764674,3,probes_2025_20260804T140314-c44dde.json;probes_2025_20260804T144211-baf6e6.json;probes_2025_20260804T144857-a65442.json
browser_organization,reflection,refl.BrowserOrganization.ParametersMap,property,BrowserOrganization,,,3,unsupported,None,,,,2025,2026-08-04T14:03:14.300203,2026-08-04T14:48:57.764674,3,probes_2025_20260804T140314-c44dde.json;probes_2025_20260804T144211-baf6e6.json;probes_2025_20260804T144857-a65442.json
browser_organization,reflection,refl.BrowserOrganization.Pinned,property,BrowserOrganization,,,3,ok,Integer,0,False,0,2025,2026-08-04T14:03:14.300203,2026-08-04T14:48:57.764674,3,probes_2025_20260804T140314-c44dde.json;probes_2025_20260804T144211-baf6e6.json;probes_2025_20260804T144857-a65442.json
browser_organization,reflection,refl.BrowserOrganization.RefersToExternalResourceReferences,method,BrowserOrganization,,,3,ok,String,<method not invoked>,<method not invoked>,<method not invoked>,2025,2026-08-04T14:03:14.300203,2026-08-04T14:48:57.764674,3,probes_2025_20260804T140314-c44dde.json;probes_2025_20260804T144211-baf6e6.json;probes_2025_20260804T144857-a65442.json
browser_organization,reflection,refl.BrowserOrganization.SortingOrder,property,BrowserOrganization,,,3,ok,Integer,1,1,1,2025,2026-08-04T14:03:14.300203,2026-08-04T14:48:57.764674,3,probes_2025_20260804T140314-c44dde.json;probes_2025_20260804T144211-baf6e6.json;probes_2025_20260804T144857-a65442.json
browser_organization,reflection,refl.BrowserOrganization.SortingParameterId,property,BrowserOrganization,,,6,ok,ElementId,-1005112,-1005112,-1005112,2025,2026-08-04T14:03:14.300203,2026-08-04T14:48:57.764674,3,probes_2025_20260804T140314-c44dde.json;probes_2025_20260804T144211-baf6e6.json;probes_2025_20260804T144857-a65442.json
browser_organization,reflection,refl.BrowserOrganization.Type,property,BrowserOrganization,,,9,ok,Integer,0,0,0,2025,2026-08-04T14:03:14.300203,2026-08-04T14:48:57.764674,3,probes_2025_20260804T140314-c44dde.json;probes_2025_20260804T144211-baf6e6.json;probes_2025_20260804T144857-a65442.json
browser_organization,reflection,refl.BrowserOrganization.UniqueId,property,BrowserOrganization,,,9,ok,String,3f32b103-70d5-4e9e-899b-cca59329b224-0000cc5a,3f32b103-70d5-4e9e-899b-cca59329b224-0000cc5a,3f32b103-70d5-4e9e-899b-cca59329b224-0000cc5a,2025,2026-08-04T14:03:14.300203,2026-08-04T14:48:57.764674,3,probes_2025_20260804T140314-c44dde.json;probes_2025_20260804T144211-baf6e6.json;probes_2025_20260804T144857-a65442.json
browser_organization,reflection,refl.BrowserOrganization.VersionGuid,property,BrowserOrganization,,,3,ok,None,,59c17d6e-2868-4486-9c62-cc9167dbdfa0,59c17d6e-2868-4486-9c62-cc9167dbdfa0,2025,2026-08-04T14:03:14.300203,2026-08-04T14:48:57.764674,3,probes_2025_20260804T140314-c44dde.json;probes_2025_20260804T144211-baf6e6.json;probes_2025_20260804T144857-a65442.json
browser_organization,reflection,refl.BrowserOrganization.ViewSpecific,property,BrowserOrganization,,,3,ok,Integer,0,False,0,2025,2026-08-04T14:03:14.300203,2026-08-04T14:48:57.764674,3,probes_2025_20260804T140314-c44dde.json;probes_2025_20260804T144211-baf6e6.json;probes_2025_20260804T144857-a65442.json
browser_organization,reflection,refl.BrowserOrganization.WorksetId,property,BrowserOrganization,,,3,ok,ElementId,54,54,54,2025,2026-08-04T14:03:14.300203,2026-08-04T14:48:57.764674,3,probes_2025_20260804T140314-c44dde.json;probes_2025_20260804T144211-baf6e6.json;probes_2025_20260804T144857-a65442.json
browser_organization,reflection,refl.FolderItemInfo.ElementId,property,FolderItemInfo,,,10,ok,ElementId,-1012106,-1012106,-1012106,2025,2026-08-04T14:03:14.300203,2026-08-04T14:48:57.764674,3,probes_2025_20260804T140314-c44dde.json;probes_2025_20260804T144211-baf6e6.json;probes_2025_20260804T144857-a65442.json
browser_organization,reflection,refl.FolderItemInfo.IsValidObject,property,FolderItemInfo,,,3,ok,Integer,1,True,1,2025,2026-08-04T14:03:14.300203,2026-08-04T14:48:57.764674,3,probes_2025_20260804T140314-c44dde.json;probes_2025_20260804T144211-baf6e6.json;probes_2025_20260804T144857-a65442.json
browser_organization,reflection,refl.FolderItemInfo.Name,property,FolderItemInfo,,,3,ok,String,???,???,???,2025,2026-08-04T14:03:14.300203,2026-08-04T14:48:57.764674,3,probes_2025_20260804T140314-c44dde.json;probes_2025_20260804T144211-baf6e6.json;probes_2025_20260804T144857-a65442.json
ceiling_types,param,ct.coarse_fill_color,,,None,missing=30,0,missing,None,,,,2025,2026-08-04T14:03:14.300203,2026-08-04T14:48:57.764674,3,probes_2025_20260804T140314-c44dde.json;probes_2025_20260804T144211-baf6e6.json;probes_2025_20260804T144857-a65442.json
ceiling_types,param,ct.coarse_fill_pattern,,,None,missing=30,0,missing,None,,,,2025,2026-08-04T14:03:14.300203,2026-08-04T14:48:57.764674,3,probes_2025_20260804T140314-c44dde.json;probes_2025_20260804T144211-baf6e6.json;probes_2025_20260804T144857-a65442.json
ceiling_types,param,ct.has_compound_structure,,,Integer,ok=30,0,ok,Integer,0,False,0,2025,2026-08-04T14:03:14.300203,2026-08-04T14:48:57.764674,3,probes_2025_20260804T140314-c44dde.json;probes_2025_20260804T144211-baf6e6.json;probes_2025_20260804T144857-a65442.json
ceiling_types,param,ct.has_embedded_sweeps,,,Integer,ok=27;unsupported.not_applicable=3,0,ok,Integer,0,False,0,2025,2026-08-04T14:03:14.300203,2026-08-04T14:48:57.764674,3,probes_2025_20260804T140314-c44dde.json;probes_2025_20260804T144211-baf6e6.json;probes_2025_20260804T144857-a65442.json
ceiling_types,param,ct.layer_count,,,Integer,ok=27;unsupported.not_applicable=3,0,ok,Integer,1,1,1,2025,2026-08-04T14:03:14.300203,2026-08-04T14:48:57.764674,3,probes_2025_20260804T140314-c44dde.json;probes_2025_20260804T144211-baf6e6.json;probes_2025_20260804T144857-a65442.json
ceiling_types,param,ct.total_thickness_in,,,Double,ok=27;unsupported.not_applicable=3,0,ok,Double,3.9999999999999996,3.9999999999999996,3.9999999999999996,2025,2026-08-04T14:03:14.300203,2026-08-04T14:48:57.764674,3,probes_2025_20260804T140314-c44dde.json;probes_2025_20260804T144211-baf6e6.json;probes_2025_20260804T144857-a65442.json
ceiling_types,param,ct.type_name,,,String,ok=30,0,ok,String,Generic,Generic,Generic,2025,2026-08-04T14:03:14.300203,2026-08-04T14:48:57.764674,3,probes_2025_20260804T140314-c44dde.json;probes_2025_20260804T144211-baf6e6.json;probes_2025_20260804T144857-a65442.json
ceiling_types,param,p.Absorptance,,,Double,ok=30,0,ok,Double,0.1,0.1,0.1,2025,2026-08-04T14:03:14.300203,2026-08-04T14:48:57.764674,3,probes_2025_20260804T140314-c44dde.json;probes_2025_20260804T144211-baf6e6.json;probes_2025_20260804T144857-a65442.json
ceiling_types,param,p.Assembly Code,,,String,ok=30,0,ok,String,C3030,C3030,C3030,2025,2026-08-04T14:03:14.300203,2026-08-04T14:48:57.764674,3,probes_2025_20260804T140314-c44dde.json;probes_2025_20260804T144211-baf6e6.json;probes_2025_20260804T144857-a65442.json
ceiling_types,param,p.Assembly Description,,,String,ok=30,0,ok,String,,,,2025,2026-08-04T14:03:14.300203,2026-08-04T14:48:57.764674,3,probes_2025_20260804T140314-c44dde.json;probes_2025_20260804T144211-baf6e6.json;probes_2025_20260804T144857-a65442.json
ceiling_types,param,p.Coarse Scale Fill Color,,,Integer,ok=27,0,ok,Integer,0,0,0,2025,2026-08-04T14:03:14.300203,2026-08-04T14:48:57.764674,3,probes_2025_20260804T140314-c44dde.json;probes_2025_20260804T144211-baf6e6.json;probes_2025_20260804T144857-a65442.json
ceiling_types,param,p.Coarse Scale Fill Pattern,,,ElementId,ok=27,0,ok,ElementId,,,,2025,2026-08-04T14:03:14.300203,2026-08-04T14:48:57.764674,3,probes_2025_20260804T140314-c44dde.json;probes_2025_20260804T144211-baf6e6.json;probes_2025_20260804T144857-a65442.json
ceiling_types,param,p.Company_ID,,,Integer,ok=7,0,ok,Integer,0,0,0,2025,2026-08-04T14:03:14.300203,2026-08-04T14:03:14.300203,1,probes_2025_20260804T140314-c44dde.json
ceiling_types,param,p.Cost,,,Double,ok=30,0,ok,Double,0.0,0,0.0,2025,2026-08-04T14:03:14.300203,2026-08-04T14:48:57.764674,3,probes_2025_20260804T140314-c44dde.json;probes_2025_20260804T144211-baf6e6.json;probes_2025_20260804T144857-a65442.json
ceiling_types,param,p.Description,,,String,ok=30,0,ok,String,,,,2025,2026-08-04T14:03:14.300203,2026-08-04T14:48:57.764674,3,probes_2025_20260804T140314-c44dde.json;probes_2025_20260804T144211-baf6e6.json;probes_2025_20260804T144857-a65442.json
ceiling_types,param,p.Edited by,,,String,ok=30,0,ok,String,,,,2025,2026-08-04T14:03:14.300203,2026-08-04T14:48:57.764674,3,probes_2025_20260804T140314-c44dde.json;probes_2025_20260804T144211-baf6e6.json;probes_2025_20260804T144857-a65442.json
ceiling_types,param,p.Estimated Lead Time,,,String,ok=14,0,ok,String,,,,2025,2026-08-04T14:42:11.384534,2026-08-04T14:42:11.384534,1,probes_2025_20260804T144211-baf6e6.json
ceiling_types,param,p.Export Type to IFC,,,Integer,ok=30,0,ok,Integer,0,Default,0,2025,2026-08-04T14:03:14.300203,2026-08-04T14:48:57.764674,3,probes_2025_20260804T140314-c44dde.json;probes_2025_20260804T144211-baf6e6.json;probes_2025_20260804T144857-a65442.json
ceiling_types,param,p.Export Type to IFC As,,,String,ok=30,0,ok,String,,,,2025,2026-08-04T14:03:14.300203,2026-08-04T14:48:57.764674,3,probes_2025_20260804T140314-c44dde.json;probes_2025_20260804T144211-baf6e6.json;probes_2025_20260804T144857-a65442.json
ceiling_types,param,p.Heat Transfer Coefficient (U),,,Double,ok=30,0,ok,Double,0.0,0.0000 BTU/(h·ft²·°F),0.0,2025,2026-08-04T14:03:14.300203,2026-08-04T14:48:57.764674,3,probes_2025_20260804T140314-c44dde.json;probes_2025_20260804T144211-baf6e6.json;probes_2025_20260804T144857-a65442.json
ceiling_types,param,p.IDENTIFICATION,,,String,ok=7,0,ok,String,,,,2025,2026-08-04T14:03:14.300203,2026-08-04T14:03:14.300203,1,probes_2025_20260804T140314-c44dde.json
ceiling_types,param,p.Keynote,,,String,ok=30,0,ok,String,,,,2025,2026-08-04T14:03:14.300203,2026-08-04T14:48:57.764674,3,probes_2025_20260804T140314-c44dde.json;probes_2025_20260804T144211-baf6e6.json;probes_2025_20260804T144857-a65442.json
ceiling_types,param,p.Manufacturer,,,String,ok=30,0,ok,String,,,,2025,2026-08-04T14:03:14.300203,2026-08-04T14:48:57.764674,3,probes_2025_20260804T140314-c44dde.json;probes_2025_20260804T144211-baf6e6.json;probes_2025_20260804T144857-a65442.json
ceiling_types,param,p.Material,,,ElementId,ok=3,0,ok,ElementId,16016346,GRAPHICS_ 4x4 GRID,16016346,2025,2026-08-04T14:03:14.300203,2026-08-04T14:48:57.764674,3,probes_2025_20260804T140314-c44dde.json;probes_2025_20260804T144211-baf6e6.json;probes_2025_20260804T144857-a65442.json
ceiling_types,param,p.Material Classification,,,String,ok=14,0,ok,String,,,,2025,2026-08-04T14:42:11.384534,2026-08-04T14:42:11.384534,1,probes_2025_20260804T144211-baf6e6.json
ceiling_types,param,p.Model,,,String,ok=30,0,ok,String,,,,2025,2026-08-04T14:03:14.300203,2026-08-04T14:48:57.764674,3,probes_2025_20260804T140314-c44dde.json;probes_2025_20260804T144211-baf6e6.json;probes_2025_20260804T144857-a65442.json
ceiling_types,param,p.Rep Contact Info,,,String,ok=14,0,ok,String,,,,2025,2026-08-04T14:42:11.384534,2026-08-04T14:42:11.384534,1,probes_2025_20260804T144211-baf6e6.json
ceiling_types,param,p.Revision,,,String,ok=14,0,ok,String,,,,2025,2026-08-04T14:42:11.384534,2026-08-04T14:42:11.384534,1,probes_2025_20260804T144211-baf6e6.json
ceiling_types,param,p.Roughness,,,Integer,ok=30,0,ok,Integer,1,1,1,2025,2026-08-04T14:03:14.300203,2026-08-04T14:48:57.764674,3,probes_2025_20260804T140314-c44dde.json;probes_2025_20260804T144211-baf6e6.json;probes_2025_20260804T144857-a65442.json
ceiling_types,param,p.Standards Mark,,,String,ok=7,0,ok,String,,,,2025,2026-08-04T14:03:14.300203,2026-08-04T14:03:14.300203,1,probes_2025_20260804T140314-c44dde.json
ceiling_types,param,p.Structure,,,0,unsupported=27,0,unsupported,0,,,,2025,2026-08-04T14:03:14.300203,2026-08-04T14:48:57.764674,3,probes_2025_20260804T140314-c44dde.json;probes_2025_20260804T144211-baf6e6.json;probes_2025_20260804T144857-a65442.json
ceiling_types,param,p.Thermal Mass,,,Double,ok=30,0,ok,Double,0.0,0.0000 BTU/(ft²·°F),0.0,2025,2026-08-04T14:03:14.300203,2026-08-04T14:48:57.764674,3,probes_2025_20260804T140314-c44dde.json;probes_2025_20260804T144211-baf6e6.json;probes_2025_20260804T144857-a65442.json
ceiling_types,param,p.Thermal Resistance (R),,,Double,ok=30,0,ok,Double,0.0,0.0000 (h·ft²·°F)/BTU,0.0,2025,2026-08-04T14:03:14.300203,2026-08-04T14:48:57.764674,3,probes_2025_20260804T140314-c44dde.json;probes_2025_20260804T144211-baf6e6.json;probes_2025_20260804T144857-a65442.json
ceiling_types,param,p.Thickness,,,Double,ok=27,0,ok,Double,0.3333333333333333,"4""",3.9999999999999996,2025,2026-08-04T14:03:14.300203,2026-08-04T14:48:57.764674,3,probes_2025_20260804T140314-c44dde.json;probes_2025_20260804T144211-baf6e6.json;probes_2025_20260804T144857-a65442.json
ceiling_types,param,p.Type Comments,,,String,ok=30,0,ok,String,,,,2025,2026-08-04T14:03:14.300203,2026-08-04T14:48:57.764674,3,probes_2025_20260804T140314-c44dde.json;probes_2025_20260804T144211-baf6e6.json;probes_2025_20260804T144857-a65442.json
ceiling_types,param,p.Type IFC Predefined Type,,,String,ok=30,0,ok,String,,,,2025,2026-08-04T14:03:14.300203,2026-08-04T14:48:57.764674,3,probes_2025_20260804T140314-c44dde.json;probes_2025_20260804T144211-baf6e6.json;probes_2025_20260804T144857-a65442.json
ceiling_types,param,p.Type IfcGUID,,,String,ok=30,0,ok,String,2JF4e6axWHqu3u0C1FZlpH,2JF4e6axWHqu3u0C1FZlpH,2JF4e6axWHqu3u0C1FZlpH,2025,2026-08-04T14:03:14.300203,2026-08-04T14:48:57.764674,3,probes_2025_20260804T140314-c44dde.json;probes_2025_20260804T144211-baf6e6.json;probes_2025_20260804T144857-a65442.json
ceiling_types,param,p.Type Image,,,ElementId,ok=30,0,ok,ElementId,,,,2025,2026-08-04T14:03:14.300203,2026-08-04T14:48:57.764674,3,probes_2025_20260804T140314-c44dde.json;probes_2025_20260804T144211-baf6e6.json;probes_2025_20260804T144857-a65442.json
ceiling_types,param,p.Type Mark,,,String,ok=30,0,ok,String,,,,2025,2026-08-04T14:03:14.300203,2026-08-04T14:48:57.764674,3,probes_2025_20260804T140314-c44dde.json;probes_2025_20260804T144211-baf6e6.json;probes_2025_20260804T144857-a65442.json
ceiling_types,param,p.URL,,,String,ok=30,0,ok,String,,,,2025,2026-08-04T14:03:14.300203,2026-08-04T14:48:57.764674,3,probes_2025_20260804T140314-c44dde.json;probes_2025_20260804T144211-baf6e6.json;probes_2025_20260804T144857-a65442.json
ceiling_types,param,p.Workset,,,Integer,ok=30,0,ok,Integer,18,Ceiling Types,18,2025,2026-08-04T14:03:14.300203,2026-08-04T14:48:57.764674,3,probes_2025_20260804T140314-c44dde.json;probes_2025_20260804T144211-baf6e6.json;probes_2025_20260804T144857-a65442.json
ceiling_types,reflection,refl.CeilingType.ArePhasesModifiable,method,CeilingType,,,3,ok,String,<method not invoked>,<method not invoked>,<method not invoked>,2025,2026-08-04T14:03:14.300203,2026-08-04T14:48:57.764674,3,probes_2025_20260804T140314-c44dde.json;probes_2025_20260804T144211-baf6e6.json;probes_2025_20260804T144857-a65442.json
ceiling_types,reflection,refl.CeilingType.AssemblyInstanceId,property,CeilingType,,,3,ok,ElementId,-1,-1,-1,2025,2026-08-04T14:03:14.300203,2026-08-04T14:48:57.764674,3,probes_2025_20260804T140314-c44dde.json;probes_2025_20260804T144211-baf6e6.json;probes_2025_20260804T144857-a65442.json
ceiling_types,reflection,refl.CeilingType.CanBeCopied,property,CeilingType,,,3,ok,Integer,1,True,1,2025,2026-08-04T14:03:14.300203,2026-08-04T14:48:57.764674,3,probes_2025_20260804T140314-c44dde.json;probes_2025_20260804T144211-baf6e6.json;probes_2025_20260804T144857-a65442.json
ceiling_types,reflection,refl.CeilingType.CanBeDeleted,property,CeilingType,,,3,ok,Integer,1,True,1,2025,2026-08-04T14:03:14.300203,2026-08-04T14:48:57.764674,3,probes_2025_20260804T140314-c44dde.json;probes_2025_20260804T144211-baf6e6.json;probes_2025_20260804T144857-a65442.json
ceiling_types,reflection,refl.CeilingType.CanBeLocked,method,CeilingType,,,3,ok,String,<method not invoked>,<method not invoked>,<method not invoked>,2025,2026-08-04T14:03:14.300203,2026-08-04T14:48:57.764674,3,probes_2025_20260804T140314-c44dde.json;probes_2025_20260804T144211-baf6e6.json;probes_2025_20260804T144857-a65442.json
ceiling_types,reflection,refl.CeilingType.CanBeRenamed,property,CeilingType,,,3,ok,Integer,1,True,1,2025,2026-08-04T14:03:14.300203,2026-08-04T14:48:57.764674,3,probes_2025_20260804T140314-c44dde.json;probes_2025_20260804T144211-baf6e6.json;probes_2025_20260804T144857-a65442.json
ceiling_types,reflection,refl.CeilingType.CanHaveTypeAssigned,method,CeilingType,,,3,ok,String,<method not invoked>,<method not invoked>,<method not invoked>,2025,2026-08-04T14:03:14.300203,2026-08-04T14:48:57.764674,3,probes_2025_20260804T140314-c44dde.json;probes_2025_20260804T144211-baf6e6.json;probes_2025_20260804T144857-a65442.json
ceiling_types,reflection,refl.CeilingType.Category,property,CeilingType,,,3,unsupported,None,,,,2025,2026-08-04T14:03:14.300203,2026-08-04T14:48:57.764674,3,probes_2025_20260804T140314-c44dde.json;probes_2025_20260804T144211-baf6e6.json;probes_2025_20260804T144857-a65442.json
ceiling_types,reflection,refl.CeilingType.CreatedPhaseId,property,CeilingType,,,3,ok,ElementId,-1,-1,-1,2025,2026-08-04T14:03:14.300203,2026-08-04T14:48:57.764674,3,probes_2025_20260804T140314-c44dde.json;probes_2025_20260804T144211-baf6e6.json;probes_2025_20260804T144857-a65442.json
ceiling_types,reflection,refl.CeilingType.DemolishedPhaseId,property,CeilingType,,,3,ok,ElementId,-1,-1,-1,2025,2026-08-04T14:03:14.300203,2026-08-04T14:48:57.764674,3,probes_2025_20260804T140314-c44dde.json;probes_2025_20260804T144211-baf6e6.json;probes_2025_20260804T144857-a65442.json
ceiling_types,reflection,refl.CeilingType.DesignOption,property,CeilingType,,,3,missing,None,,,,2025,2026-08-04T14:03:14.300203,2026-08-04T14:48:57.764674,3,probes_2025_20260804T140314-c44dde.json;probes_2025_20260804T144211-baf6e6.json;probes_2025_20260804T144857-a65442.json
ceiling_types,reflection,refl.CeilingType.Document,property,CeilingType,,,3,unsupported,None,,,,2025,2026-08-04T14:03:14.300203,2026-08-04T14:48:57.764674,3,probes_2025_20260804T140314-c44dde.json;probes_2025_20260804T144211-baf6e6.json;probes_2025_20260804T144857-a65442.json
ceiling_types,reflection,refl.CeilingType.EvaluateAllParameterValues,method,CeilingType,,,3,ok,String,<method not invoked>,<method not invoked>,<method not invoked>,2025,2026-08-04T14:03:14.300203,2026-08-04T14:48:57.764674,3,probes_2025_20260804T140314-c44dde.json;probes_2025_20260804T144211-baf6e6.json;probes_2025_20260804T144857-a65442.json
ceiling_types,reflection,refl.CeilingType.FamilyName,property,CeilingType,,,9,ok,String,Basic Ceiling,Basic Ceiling,Basic Ceiling,2025,2026-08-04T14:03:14.300203,2026-08-04T14:48:57.764674,3,probes_2025_20260804T140314-c44dde.json;probes_2025_20260804T144211-baf6e6.json;probes_2025_20260804T144857-a65442.json
ceiling_types,reflection,refl.CeilingType.GetCompoundStructure,method,CeilingType,,,3,ok,String,<method not invoked>,<method not invoked>,<method not invoked>,2025,2026-08-04T14:03:14.300203,2026-08-04T14:48:57.764674,3,probes_2025_20260804T140314-c44dde.json;probes_2025_20260804T144211-baf6e6.json;probes_2025_20260804T144857-a65442.json
ceiling_types,reflection,refl.CeilingType.GetEntitySchemaGuids,method,CeilingType,,,3,ok,String,<method not invoked>,<method not invoked>,<method not invoked>,2025,2026-08-04T14:03:14.300203,2026-08-04T14:48:57.764674,3,probes_2025_20260804T140314-c44dde.json;probes_2025_20260804T144211-baf6e6.json;probes_2025_20260804T144857-a65442.json
ceiling_types,reflection,refl.CeilingType.GetExternalFileReference,method,CeilingType,,,3,ok,String,<method not invoked>,<method not invoked>,<method not invoked>,2025,2026-08-04T14:03:14.300203,2026-08-04T14:48:57.764674,3,probes_2025_20260804T140314-c44dde.json;probes_2025_20260804T144211-baf6e6.json;probes_2025_20260804T144857-a65442.json
ceiling_types,reflection,refl.CeilingType.GetExternalResourceReferences,method,CeilingType,,,3,ok,String,<method not invoked>,<method not invoked>,<method not invoked>,2025,2026-08-04T14:03:14.300203,2026-08-04T14:48:57.764674,3,probes_2025_20260804T140314-c44dde.json;probes_2025_20260804T144211-baf6e6.json;probes_2025_20260804T144857-a65442.json
ceiling_types,reflection,refl.CeilingType.GetExternalResourceReferencesExpanded,method,CeilingType,,,3,ok,String,<method not invoked>,<method not invoked>,<method not invoked>,2025,2026-08-04T14:03:14.300203,2026-08-04T14:48:57.764674,3,probes_2025_20260804T140314-c44dde.json;probes_2025_20260804T144211-baf6e6.json;probes_2025_20260804T144857-a65442.json
ceiling_types,reflection,refl.CeilingType.GetMonitoredLinkElementIds,method,CeilingType,,,3,ok,String,<method not invoked>,<method not invoked>,<method not invoked>,2025,2026-08-04T14:03:14.300203,2026-08-04T14:48:57.764674,3,probes_2025_20260804T140314-c44dde.json;probes_2025_20260804T144211-baf6e6.json;probes_2025_20260804T144857-a65442.json
ceiling_types,reflection,refl.CeilingType.GetMonitoredLocalElementIds,method,CeilingType,,,3,ok,String,<method not invoked>,<method not invoked>,<method not invoked>,2025,2026-08-04T14:03:14.300203,2026-08-04T14:48:57.764674,3,probes_2025_20260804T140314-c44dde.json;probes_2025_20260804T144211-baf6e6.json;probes_2025_20260804T144857-a65442.json
ceiling_types,reflection,refl.CeilingType.GetOrderedParameters,method,CeilingType,,,3,ok,String,<method not invoked>,<method not invoked>,<method not invoked>,2025,2026-08-04T14:03:14.300203,2026-08-04T14:48:57.764674,3,probes_2025_20260804T140314-c44dde.json;probes_2025_20260804T144211-baf6e6.json;probes_2025_20260804T144857-a65442.json
ceiling_types,reflection,refl.CeilingType.GetSimilarTypes,method,CeilingType,,,3,ok,String,<method not invoked>,<method not invoked>,<method not invoked>,2025,2026-08-04T14:03:14.300203,2026-08-04T14:48:57.764674,3,probes_2025_20260804T140314-c44dde.json;probes_2025_20260804T144211-baf6e6.json;probes_2025_20260804T144857-a65442.json
ceiling_types,reflection,refl.CeilingType.GetSubelements,method,CeilingType,,,3,ok,String,<method not invoked>,<method not invoked>,<method not invoked>,2025,2026-08-04T14:03:14.300203,2026-08-04T14:48:57.764674,3,probes_2025_20260804T140314-c44dde.json;probes_2025_20260804T144211-baf6e6.json;probes_2025_20260804T144857-a65442.json
ceiling_types,reflection,refl.CeilingType.GetTypeId,method,CeilingType,,,3,ok,String,<method not invoked>,<method not invoked>,<method not invoked>,2025,2026-08-04T14:03:14.300203,2026-08-04T14:48:57.764674,3,probes_2025_20260804T140314-c44dde.json;probes_2025_20260804T144211-baf6e6.json;probes_2025_20260804T144857-a65442.json
ceiling_types,reflection,refl.CeilingType.GetValidTypes,method,CeilingType,,,3,ok,String,<method not invoked>,<method not invoked>,<method not invoked>,2025,2026-08-04T14:03:14.300203,2026-08-04T14:48:57.764674,3,probes_2025_20260804T140314-c44dde.json;probes_2025_20260804T144211-baf6e6.json;probes_2025_20260804T144857-a65442.json
ceiling_types,reflection,refl.CeilingType.GroupId,property,CeilingType,,,3,ok,ElementId,-1,-1,-1,2025,2026-08-04T14:03:14.300203,2026-08-04T14:48:57.764674,3,probes_2025_20260804T140314-c44dde.json;probes_2025_20260804T144211-baf6e6.json;probes_2025_20260804T144857-a65442.json
ceiling_types,reflection,refl.CeilingType.HasPhases,method,CeilingType,,,3,ok,String,<method not invoked>,<method not invoked>,<method not invoked>,2025,2026-08-04T14:03:14.300203,2026-08-04T14:48:57.764674,3,probes_2025_20260804T140314-c44dde.json;probes_2025_20260804T144211-baf6e6.json;probes_2025_20260804T144857-a65442.json
ceiling_types,reflection,refl.CeilingType.Id,property,CeilingType,,,30,ok,ElementId,227,227,227,2025,2026-08-04T14:03:14.300203,2026-08-04T14:48:57.764674,3,probes_2025_20260804T140314-c44dde.json;probes_2025_20260804T144211-baf6e6.json;probes_2025_20260804T144857-a65442.json
ceiling_types,reflection,refl.CeilingType.IsExternalFileReference,method,CeilingType,,,3,ok,String,<method not invoked>,<method not invoked>,<method not invoked>,2025,2026-08-04T14:03:14.300203,2026-08-04T14:48:57.764674,3,probes_2025_20260804T140314-c44dde.json;probes_2025_20260804T144211-baf6e6.json;probes_2025_20260804T144857-a65442.json
ceiling_types,reflection,refl.CeilingType.IsModifiable,property,CeilingType,,,3,ok,Integer,1,True,1,2025,2026-08-04T14:03:14.300203,2026-08-04T14:48:57.764674,3,probes_2025_20260804T140314-c44dde.json;probes_2025_20260804T144211-baf6e6.json;probes_2025_20260804T144857-a65442.json
ceiling_types,reflection,refl.CeilingType.IsMonitoringLinkElement,method,CeilingType,,,3,ok,String,<method not invoked>,<method not invoked>,<method not invoked>,2025,2026-08-04T14:03:14.300203,2026-08-04T14:48:57.764674,3,probes_2025_20260804T140314-c44dde.json;probes_2025_20260804T144211-baf6e6.json;probes_2025_20260804T144857-a65442.json
ceiling_types,reflection,refl.CeilingType.IsMonitoringLocalElement,method,CeilingType,,,3,ok,String,<method not invoked>,<method not invoked>,<method not invoked>,2025,2026-08-04T14:03:14.300203,2026-08-04T14:48:57.764674,3,probes_2025_20260804T140314-c44dde.json;probes_2025_20260804T144211-baf6e6.json;probes_2025_20260804T144857-a65442.json
ceiling_types,reflection,refl.CeilingType.IsTransient,property,CeilingType,,,3,ok,Integer,0,False,0,2025,2026-08-04T14:03:14.300203,2026-08-04T14:48:57.764674,3,probes_2025_20260804T140314-c44dde.json;probes_2025_20260804T144211-baf6e6.json;probes_2025_20260804T144857-a65442.json
ceiling_types,reflection,refl.CeilingType.IsValidObject,property,CeilingType,,,3,ok,Integer,1,True,1,2025,2026-08-04T14:03:14.300203,2026-08-04T14:48:57.764674,3,probes_2025_20260804T140314-c44dde.json;probes_2025_20260804T144211-baf6e6.json;probes_2025_20260804T144857-a65442.json
ceiling_types,reflection,refl.CeilingType.LevelId,property,CeilingType,,,3,ok,ElementId,-1,-1,-1,2025,2026-08-04T14:03:14.300203,2026-08-04T14:48:57.764674,3,probes_2025_20260804T140314-c44dde.json;probes_2025_20260804T144211-baf6e6.json;probes_2025_20260804T144857-a65442.json
ceiling_types,reflection,refl.CeilingType.Location,property,CeilingType,,,3,missing,None,,,,2025,2026-08-04T14:03:14.300203,2026-08-04T14:48:57.764674,3,probes_2025_20260804T140314-c44dde.json;probes_2025_20260804T144211-baf6e6.json;probes_2025_20260804T144857-a65442.json
ceiling_types,reflection,refl.CeilingType.Name,property,CeilingType,,,0,,,,,,2025,2026-08-04T14:03:14.300203,2026-08-04T14:48:57.764674,3,probes_2025_20260804T140314-c44dde.json;probes_2025_20260804T144211-baf6e6.json;probes_2025_20260804T144857-a65442.json
ceiling_types,reflection,refl.CeilingType.OwnerViewId,property,CeilingType,,,3,ok,ElementId,-1,-1,-1,2025,2026-08-04T14:03:14.300203,2026-08-04T14:48:57.764674,3,probes_2025_20260804T140314-c44dde.json;probes_2025_20260804T144211-baf6e6.json;probes_2025_20260804T144857-a65442.json
ceiling_types,reflection,refl.CeilingType.Parameters,property,CeilingType,,,3,unsupported,None,,,,2025,2026-08-04T14:03:14.300203,2026-08-04T14:48:57.764674,3,probes_2025_20260804T140314-c44dde.json;probes_2025_20260804T144211-baf6e6.json;probes_2025_20260804T144857-a65442.json
ceiling_types,reflection,refl.CeilingType.ParametersMap,property,CeilingType,,,3,unsupported,None,,,,2025,2026-08-04T14:03:14.300203,2026-08-04T14:48:57.764674,3,probes_2025_20260804T140314-c44dde.json;probes_2025_20260804T144211-baf6e6.json;probes_2025_20260804T144857-a65442.json
ceiling_types,reflection,refl.CeilingType.Pinned,property,CeilingType,,,3,ok,Integer,0,False,0,2025,2026-08-04T14:03:14.300203,2026-08-04T14:48:57.764674,3,probes_2025_20260804T140314-c44dde.json;probes_2025_20260804T144211-baf6e6.json;probes_2025_20260804T144857-a65442.json
ceiling_types,reflection,refl.CeilingType.RefersToExternalResourceReferences,method,CeilingType,,,3,ok,String,<method not invoked>,<method not invoked>,<method not invoked>,2025,2026-08-04T14:03:14.300203,2026-08-04T14:48:57.764674,3,probes_2025_20260804T140314-c44dde.json;probes_2025_20260804T144211-baf6e6.json;probes_2025_20260804T144857-a65442.json
ceiling_types,reflection,refl.CeilingType.ThermalProperties,property,CeilingType,,,3,unsupported,None,,,,2025,2026-08-04T14:03:14.300203,2026-08-04T14:48:57.764674,3,probes_2025_20260804T140314-c44dde.json;probes_2025_20260804T144211-baf6e6.json;probes_2025_20260804T144857-a65442.json
ceiling_types,reflection,refl.CeilingType.UniqueId,property,CeilingType,,,30,ok,String,933c4a06-93b8-11d3-80f8-00c04f8efc32-000000e3,933c4a06-93b8-11d3-80f8-00c04f8efc32-000000e3,933c4a06-93b8-11d3-80f8-00c04f8efc32-000000e3,2025,2026-08-04T14:03:14.300203,2026-08-04T14:48:57.764674,3,probes_2025_20260804T140314-c44dde.json;probes_2025_20260804T144211-baf6e6.json;probes_2025_20260804T144857-a65442.json
ceiling_types,reflection,refl.CeilingType.VersionGuid,property,CeilingType,,,13,ok,None,,f7dedfaa-f874-4bca-a172-123236fb707c,f7dedfaa-f874-4bca-a172-123236fb707c,2025,2026-08-04T14:03:14.300203,2026-08-04T14:48:57.764674,3,probes_2025_20260804T140314-c44dde.json;probes_2025_20260804T144211-baf6e6.json;probes_2025_20260804T144857-a65442.json
ceiling_types,reflection,refl.CeilingType.ViewSpecific,property,CeilingType,,,3,ok,Integer,0,False,0,2025,2026-08-04T14:03:14.300203,2026-08-04T14:48:57.764674,3,probes_2025_20260804T140314-c44dde.json;probes_2025_20260804T144211-baf6e6.json;probes_2025_20260804T144857-a65442.json
ceiling_types,reflection,refl.CeilingType.WorksetId,property,CeilingType,,,6,ok,ElementId,18,18,18,2025,2026-08-04T14:03:14.300203,2026-08-04T14:48:57.764674,3,probes_2025_20260804T140314-c44dde.json;probes_2025_20260804T144211-baf6e6.json;probes_2025_20260804T144857-a65442.json
ceiling_types,reflection,refl.CompoundStructure.CanSplitAndMergeRegionsBeUsed,method,CompoundStructure,,,3,ok,String,<method not invoked>,<method not invoked>,<method not invoked>,2025,2026-08-04T14:03:14.300203,2026-08-04T14:48:57.764674,3,probes_2025_20260804T140314-c44dde.json;probes_2025_20260804T144211-baf6e6.json;probes_2025_20260804T144857-a65442.json
ceiling_types,reflection,refl.CompoundStructure.CutoffHeight,property,CompoundStructure,,,0,,,,,,2025,2026-08-04T14:03:14.300203,2026-08-04T14:48:57.764674,3,probes_2025_20260804T140314-c44dde.json;probes_2025_20260804T144211-baf6e6.json;probes_2025_20260804T144857-a65442.json
ceiling_types,reflection,refl.CompoundStructure.EndCap,property,CompoundStructure,,,3,ok,Integer,3,3,3,2025,2026-08-04T14:03:14.300203,2026-08-04T14:48:57.764674,3,probes_2025_20260804T140314-c44dde.json;probes_2025_20260804T144211-baf6e6.json;probes_2025_20260804T144857-a65442.json
ceiling_types,reflection,refl.CompoundStructure.GetFirstCoreLayerIndex,method,CompoundStructure,,,3,ok,String,<method not invoked>,<method not invoked>,<method not invoked>,2025,2026-08-04T14:03:14.300203,2026-08-04T14:48:57.764674,3,probes_2025_20260804T140314-c44dde.json;probes_2025_20260804T144211-baf6e6.json;probes_2025_20260804T144857-a65442.json
ceiling_types,reflection,refl.CompoundStructure.GetLastCoreLayerIndex,method,CompoundStructure,,,3,ok,String,<method not invoked>,<method not invoked>,<method not invoked>,2025,2026-08-04T14:03:14.300203,2026-08-04T14:48:57.764674,3,probes_2025_20260804T140314-c44dde.json;probes_2025_20260804T144211-baf6e6.json;probes_2025_20260804T144857-a65442.json
ceiling_types,reflection,refl.CompoundStructure.GetLayers,method,CompoundStructure,,,3,ok,String,<method not invoked>,<method not invoked>,<method not invoked>,2025,2026-08-04T14:03:14.300203,2026-08-04T14:48:57.764674,3,probes_2025_20260804T140314-c44dde.json;probes_2025_20260804T144211-baf6e6.json;probes_2025_20260804T144857-a65442.json
ceiling_types,reflection,refl.CompoundStructure.GetMinimumLayerThickness,method,CompoundStructure,,,3,ok,String,<method not invoked>,<method not invoked>,<method not invoked>,2025,2026-08-04T14:03:14.300203,2026-08-04T14:48:57.764674,3,probes_2025_20260804T140314-c44dde.json;probes_2025_20260804T144211-baf6e6.json;probes_2025_20260804T144857-a65442.json
ceiling_types,reflection,refl.CompoundStructure.GetRegionIds,method,CompoundStructure,,,3,ok,String,<method not invoked>,<method not invoked>,<method not invoked>,2025,2026-08-04T14:03:14.300203,2026-08-04T14:48:57.764674,3,probes_2025_20260804T140314-c44dde.json;probes_2025_20260804T144211-baf6e6.json;probes_2025_20260804T144857-a65442.json
ceiling_types,reflection,refl.CompoundStructure.GetSegmentIds,method,CompoundStructure,,,3,ok,String,<method not invoked>,<method not invoked>,<method not invoked>,2025,2026-08-04T14:03:14.300203,2026-08-04T14:48:57.764674,3,probes_2025_20260804T140314-c44dde.json;probes_2025_20260804T144211-baf6e6.json;probes_2025_20260804T144857-a65442.json
ceiling_types,reflection,refl.CompoundStructure.GetWidth,method,CompoundStructure,,,3,ok,String,<method not invoked>,<method not invoked>,<method not invoked>,2025,2026-08-04T14:03:14.300203,2026-08-04T14:48:57.764674,3,probes_2025_20260804T140314-c44dde.json;probes_2025_20260804T144211-baf6e6.json;probes_2025_20260804T144857-a65442.json
ceiling_types,reflection,refl.CompoundStructure.HasStructuralDeck,property,CompoundStructure,,,3,ok,Integer,0,False,0,2025,2026-08-04T14:03:14.300203,2026-08-04T14:48:57.764674,3,probes_2025_20260804T140314-c44dde.json;probes_2025_20260804T144211-baf6e6.json;probes_2025_20260804T144857-a65442.json
ceiling_types,reflection,refl.CompoundStructure.IsEmpty,property,CompoundStructure,,,3,ok,Integer,0,False,0,2025,2026-08-04T14:03:14.300203,2026-08-04T14:48:57.764674,3,probes_2025_20260804T140314-c44dde.json;probes_2025_20260804T144211-baf6e6.json;probes_2025_20260804T144857-a65442.json
ceiling_types,reflection,refl.CompoundStructure.IsValidObject,property,CompoundStructure,,,3,ok,Integer,1,True,1,2025,2026-08-04T14:03:14.300203,2026-08-04T14:48:57.764674,3,probes_2025_20260804T140314-c44dde.json;probes_2025_20260804T144211-baf6e6.json;probes_2025_20260804T144857-a65442.json
ceiling_types,reflection,refl.CompoundStructure.IsVerticallyCompound,property,CompoundStructure,,,3,ok,Integer,0,False,0,2025,2026-08-04T14:03:14.300203,2026-08-04T14:48:57.764674,3,probes_2025_20260804T140314-c44dde.json;probes_2025_20260804T144211-baf6e6.json;probes_2025_20260804T144857-a65442.json
ceiling_types,reflection,refl.CompoundStructure.IsVerticallyHomogeneous,method,CompoundStructure,,,3,ok,String,<method not invoked>,<method not invoked>,<method not invoked>,2025,2026-08-04T14:03:14.300203,2026-08-04T14:48:57.764674,3,probes_2025_20260804T140314-c44dde.json;probes_2025_20260804T144211-baf6e6.json;probes_2025_20260804T144857-a65442.json
ceiling_types,reflection,refl.CompoundStructure.LayerCount,property,CompoundStructure,,,6,ok,Integer,1,1,1,2025,2026-08-04T14:03:14.300203,2026-08-04T14:48:57.764674,3,probes_2025_20260804T140314-c44dde.json;probes_2025_20260804T144211-baf6e6.json;probes_2025_20260804T144857-a65442.json
ceiling_types,reflection,refl.CompoundStructure.MinimumSampleHeight,property,CompoundStructure,,,3,ok,Double,0.0,0.0,0.0,2025,2026-08-04T14:03:14.300203,2026-08-04T14:48:57.764674,3,probes_2025_20260804T140314-c44dde.json;probes_2025_20260804T144211-baf6e6.json;probes_2025_20260804T144857-a65442.json
ceiling_types,reflection,refl.CompoundStructure.OpeningWrapping,property,CompoundStructure,,,3,ok,Integer,0,0,0,2025,2026-08-04T14:03:14.300203,2026-08-04T14:48:57.764674,3,probes_2025_20260804T140314-c44dde.json;probes_2025_20260804T144211-baf6e6.json;probes_2025_20260804T144857-a65442.json
ceiling_types,reflection,refl.CompoundStructure.SampleHeight,property,CompoundStructure,,,0,,,,,,2025,2026-08-04T14:03:14.300203,2026-08-04T14:48:57.764674,3,probes_2025_20260804T140314-c44dde.json;probes_2025_20260804T144211-baf6e6.json;probes_2025_20260804T144857-a65442.json
ceiling_types,reflection,refl.CompoundStructure.StructuralMaterialIndex,property,CompoundStructure,,,4,ok,Integer,0,0,0,2025,2026-08-04T14:03:14.300203,2026-08-04T14:48:57.764674,3,probes_2025_20260804T140314-c44dde.json;probes_2025_20260804T144211-baf6e6.json;probes_2025_20260804T144857-a65442.json
ceiling_types,reflection,refl.CompoundStructure.VariableLayerIndex,property,CompoundStructure,,,3,ok,Integer,-1,-1,-1,2025,2026-08-04T14:03:14.300203,2026-08-04T14:48:57.764674,3,probes_2025_20260804T140314-c44dde.json;probes_2025_20260804T144211-baf6e6.json;probes_2025_20260804T144857-a65442.json
ceiling_types,reflection,refl.CompoundStructureLayer.DeckEmbeddingType,property,CompoundStructureLayer,,,3,ok,Integer,-1,-1,-1,2025,2026-08-04T14:03:14.300203,2026-08-04T14:48:57.764674,3,probes_2025_20260804T140314-c44dde.json;probes_2025_20260804T144211-baf6e6.json;probes_2025_20260804T144857-a65442.json
ceiling_types,reflection,refl.CompoundStructureLayer.DeckProfileId,property,CompoundStructureLayer,,,3,ok,ElementId,-1,-1,-1,2025,2026-08-04T14:03:14.300203,2026-08-04T14:48:57.764674,3,probes_2025_20260804T140314-c44dde.json;probes_2025_20260804T144211-baf6e6.json;probes_2025_20260804T144857-a65442.json
ceiling_types,reflection,refl.CompoundStructureLayer.Function,property,CompoundStructureLayer,,,7,ok,Integer,1,1,1,2025,2026-08-04T14:03:14.300203,2026-08-04T14:48:57.764674,3,probes_2025_20260804T140314-c44dde.json;probes_2025_20260804T144211-baf6e6.json;probes_2025_20260804T144857-a65442.json
ceiling_types,reflection,refl.CompoundStructureLayer.IsValidObject,property,CompoundStructureLayer,,,3,ok,Integer,1,True,1,2025,2026-08-04T14:03:14.300203,2026-08-04T14:48:57.764674,3,probes_2025_20260804T140314-c44dde.json;probes_2025_20260804T144211-baf6e6.json;probes_2025_20260804T144857-a65442.json
ceiling_types,reflection,refl.CompoundStructureLayer.LayerCapFlag,property,CompoundStructureLayer,,,3,ok,Integer,1,True,1,2025,2026-08-04T14:03:14.300203,2026-08-04T14:48:57.764674,3,probes_2025_20260804T140314-c44dde.json;probes_2025_20260804T144211-baf6e6.json;probes_2025_20260804T144857-a65442.json
ceiling_types,reflection,refl.CompoundStructureLayer.LayerId,property,CompoundStructureLayer,,,6,ok,Integer,0,0,0,2025,2026-08-04T14:03:14.300203,2026-08-04T14:48:57.764674,3,probes_2025_20260804T140314-c44dde.json;probes_2025_20260804T144211-baf6e6.json;probes_2025_20260804T144857-a65442.json
ceiling_types,reflection,refl.CompoundStructureLayer.MaterialId,property,CompoundStructureLayer,,,25,ok,ElementId,-1,-1,-1,2025,2026-08-04T14:03:14.300203,2026-08-04T14:48:57.764674,3,probes_2025_20260804T140314-c44dde.json;probes_2025_20260804T144211-baf6e6.json;probes_2025_20260804T144857-a65442.json
ceiling_types,reflection,refl.CompoundStructureLayer.Width,property,CompoundStructureLayer,,,19,ok,Double,0.3333333333333333,0.3333333333333333,0.3333333333333333,2025,2026-08-04T14:03:14.300203,2026-08-04T14:48:57.764674,3,probes_2025_20260804T140314-c44dde.json;probes_2025_20260804T144211-baf6e6.json;probes_2025_20260804T144857-a65442.json
dimension_types,param,p.Alternate Units,,,Integer,missing=0;ok=3;unreadable=0;unsupported=0,3,ok,Integer,0,None,0,2025,2026-08-04T14:03:14.300203,2026-08-04T14:48:57.764674,3,probes_2025_20260804T140314-c44dde.json;probes_2025_20260804T144211-baf6e6.json;probes_2025_20260804T144857-a65442.json
dimension_types,param,p.Alternate Units Format,,,None,missing=0;ok=0;unreadable=0;unsupported=3,3,unsupported,None,,,,2025,2026-08-04T14:03:14.300203,2026-08-04T14:48:57.764674,3,probes_2025_20260804T140314-c44dde.json;probes_2025_20260804T144211-baf6e6.json;probes_2025_20260804T144857-a65442.json
dimension_types,param,p.Alternate Units Prefix,,,String,missing=0;ok=3;unreadable=0;unsupported=0,3,ok,String,,,,2025,2026-08-04T14:03:14.300203,2026-08-04T14:48:57.764674,3,probes_2025_20260804T140314-c44dde.json;probes_2025_20260804T144211-baf6e6.json;probes_2025_20260804T144857-a65442.json
dimension_types,param,p.Alternate Units Suffix,,,String,missing=0;ok=3;unreadable=0;unsupported=0,3,ok,String,,,,2025,2026-08-04T14:03:14.300203,2026-08-04T14:48:57.764674,3,probes_2025_20260804T140314-c44dde.json;probes_2025_20260804T144211-baf6e6.json;probes_2025_20260804T144857-a65442.json
dimension_types,param,p.Bold,,,Integer,missing=0;ok=3;unreadable=0;unsupported=0,3,ok,Integer,0,No,0,2025,2026-08-04T14:03:14.300203,2026-08-04T14:48:57.764674,3,probes_2025_20260804T140314-c44dde.json;probes_2025_20260804T144211-baf6e6.json;probes_2025_20260804T144857-a65442.json
dimension_types,param,p.Bottom Coordinate,,,Integer,missing=0;ok=3;unreadable=0;unsupported=0,3,ok,Integer,2,East / West,2,2025,2026-08-04T14:03:14.300203,2026-08-04T14:48:57.764674,3,probes_2025_20260804T140314-c44dde.json;probes_2025_20260804T144211-baf6e6.json;probes_2025_20260804T144857-a65442.json
dimension_types,param,p.Bottom Indicator,,,String,missing=0;ok=4;unreadable=0;unsupported=0,4,ok,String,BOTTOM=,BOTTOM=,BOTTOM=,2025,2026-08-04T14:03:14.300203,2026-08-04T14:48:57.764674,3,probes_2025_20260804T140314-c44dde.json;probes_2025_20260804T144211-baf6e6.json;probes_2025_20260804T144857-a65442.json
dimension_types,param,p.Bottom Indicator as Prefix/Suffix,,,Integer,missing=0;ok=3;unreadable=0;unsupported=0,3,ok,Integer,0,Prefix,0,2025,2026-08-04T14:03:14.300203,2026-08-04T14:48:57.764674,3,probes_2025_20260804T140314-c44dde.json;probes_2025_20260804T144211-baf6e6.json;probes_2025_20260804T144857-a65442.json
dimension_types,param,p.Center Mark Size,,,Double,missing=0;ok=6;unreadable=0;unsupported=0,6,ok,Double,0.010416666666666666,"1/8""",0.010416666666666666,2025,2026-08-04T14:03:14.300203,2026-08-04T14:48:57.764674,3,probes_2025_20260804T140314-c44dde.json;probes_2025_20260804T144211-baf6e6.json;probes_2025_20260804T144857-a65442.json
dimension_types,param,p.Center Marks,,,Integer,missing=0;ok=5;unreadable=0;unsupported=0,5,ok,Integer,1,Yes,1,2025,2026-08-04T14:03:14.300203,2026-08-04T14:48:57.764674,3,probes_2025_20260804T140314-c44dde.json;probes_2025_20260804T144211-baf6e6.json;probes_2025_20260804T144857-a65442.json
dimension_types,param,p.Centerline Pattern,,,ElementId,missing=0;ok=5;unreadable=0;unsupported=0,5,ok,ElementId,4162313,CENTER,4162313,2025,2026-08-04T14:03:14.300203,2026-08-04T14:48:57.764674,3,probes_2025_20260804T140314-c44dde.json;probes_2025_20260804T144211-baf6e6.json;probes_2025_20260804T144857-a65442.json
dimension_types,param,p.Centerline Symbol,,,ElementId,missing=0;ok=4;unreadable=0;unsupported=0,4,ok,ElementId,12057757,ANG-Centerline,12057757,2025,2026-08-04T14:03:14.300203,2026-08-04T14:48:57.764674,3,probes_2025_20260804T140314-c44dde.json;probes_2025_20260804T144211-baf6e6.json;probes_2025_20260804T144857-a65442.json
dimension_types,param,p.Centerline Tick Mark,,,ElementId,missing=0;ok=3;unreadable=0;unsupported=0,3,ok,ElementId,-2,-2,-2,2025,2026-08-04T14:03:14.300203,2026-08-04T14:48:57.764674,3,probes_2025_20260804T140314-c44dde.json;probes_2025_20260804T144211-baf6e6.json;probes_2025_20260804T144857-a65442.json
dimension_types,param,p.Color,,,Integer,missing=0;ok=5;unreadable=0;unsupported=0,5,ok,Integer,0,0,0,2025,2026-08-04T14:03:14.300203,2026-08-04T14:48:57.764674,3,probes_2025_20260804T140314-c44dde.json;probes_2025_20260804T144211-baf6e6.json;probes_2025_20260804T144857-a65442.json
dimension_types,param,p.Coordinate Base,,,Integer,missing=0;ok=4;unreadable=0;unsupported=0,4,ok,Integer,1,Survey Point,1,2025,2026-08-04T14:03:14.300203,2026-08-04T14:48:57.764674,3,probes_2025_20260804T140314-c44dde.json;probes_2025_20260804T144211-baf6e6.json;probes_2025_20260804T144857-a65442.json
dimension_types,param,p.Diameter Symbol Location,,,Integer,missing=0;ok=3;unreadable=0;unsupported=0,3,ok,Integer,1,Before Value,1,2025,2026-08-04T14:03:14.300203,2026-08-04T14:48:57.764674,3,probes_2025_20260804T140314-c44dde.json;probes_2025_20260804T144211-baf6e6.json;probes_2025_20260804T144857-a65442.json
dimension_types,param,p.Diameter Symbol Text,,,String,missing=0;ok=3;unreadable=0;unsupported=0,3,ok,String,ø,ø,ø,2025,2026-08-04T14:03:14.300203,2026-08-04T14:48:57.764674,3,probes_2025_20260804T140314-c44dde.json;probes_2025_20260804T144211-baf6e6.json;probes_2025_20260804T144857-a65442.json
dimension_types,param,p.Dimension Line Extension,,,Double,missing=0;ok=7;unreadable=0;unsupported=0,7,ok,Double,0.0078125,"3/32""",0.0078125,2025,2026-08-04T14:03:14.300203,2026-08-04T14:48:57.764674,3,probes_2025_20260804T140314-c44dde.json;probes_2025_20260804T144211-baf6e6.json;probes_2025_20260804T144857-a65442.json
dimension_types,param,p.Dimension Line Snap Distance,,,Double,missing=0;ok=8;unreadable=0;unsupported=0,8,ok,Double,0.04166666666666667,"1/2""",0.04166666666666667,2025,2026-08-04T14:03:14.300203,2026-08-04T14:48:57.764674,3,probes_2025_20260804T140314-c44dde.json;probes_2025_20260804T144211-baf6e6.json;probes_2025_20260804T144857-a65442.json
dimension_types,param,p.Dimension Prefix,,,String,missing=0;ok=3;unreadable=0;unsupported=0,3,ok,String,,,,2025,2026-08-04T14:03:14.300203,2026-08-04T14:48:57.764674,3,probes_2025_20260804T140314-c44dde.json;probes_2025_20260804T144211-baf6e6.json;probes_2025_20260804T144857-a65442.json
dimension_types,param,p.Dimension String Type,,,Integer,missing=0;ok=3;unreadable=0;unsupported=0,3,ok,Integer,1,Continuous,1,2025,2026-08-04T14:03:14.300203,2026-08-04T14:48:57.764674,3,probes_2025_20260804T140314-c44dde.json;probes_2025_20260804T144211-baf6e6.json;probes_2025_20260804T144857-a65442.json
dimension_types,param,p.Dimension Suffix,,,String,missing=0;ok=3;unreadable=0;unsupported=0,3,ok,String,,,,2025,2026-08-04T14:03:14.300203,2026-08-04T14:48:57.764674,3,probes_2025_20260804T140314-c44dde.json;probes_2025_20260804T144211-baf6e6.json;probes_2025_20260804T144857-a65442.json
dimension_types,param,p.East / West Indicator,,,String,missing=0;ok=3;unreadable=0;unsupported=0,3,ok,String,E,E,E,2025,2026-08-04T14:03:14.300203,2026-08-04T14:48:57.764674,3,probes_2025_20260804T140314-c44dde.json;probes_2025_20260804T144211-baf6e6.json;probes_2025_20260804T144857-a65442.json
dimension_types,param,p.Edited by,,,String,missing=0;ok=3;unreadable=0;unsupported=0,3,ok,String,,,,2025,2026-08-04T14:03:14.300203,2026-08-04T14:48:57.764674,3,probes_2025_20260804T140314-c44dde.json;probes_2025_20260804T144211-baf6e6.json;probes_2025_20260804T144857-a65442.json
dimension_types,param,p.Elevation Base,,,Integer,missing=0;ok=5;unreadable=0;unsupported=0,5,ok,Integer,2,Relative,2,2025,2026-08-04T14:03:14.300203,2026-08-04T14:48:57.764674,3,probes_2025_20260804T140314-c44dde.json;probes_2025_20260804T144211-baf6e6.json;probes_2025_20260804T144857-a65442.json
dimension_types,param,p.Elevation Indicator,,,String,missing=0;ok=7;unreadable=0;unsupported=0,7,ok,String,EL,EL,EL,2025,2026-08-04T14:03:14.300203,2026-08-04T14:48:57.764674,3,probes_2025_20260804T140314-c44dde.json;probes_2025_20260804T144211-baf6e6.json;probes_2025_20260804T144857-a65442.json
dimension_types,param,p.Elevation Indicator as Prefix/Suffix,,,Integer,missing=0;ok=3;unreadable=0;unsupported=0,3,ok,Integer,0,Prefix,0,2025,2026-08-04T14:03:14.300203,2026-08-04T14:48:57.764674,3,probes_2025_20260804T140314-c44dde.json;probes_2025_20260804T144211-baf6e6.json;probes_2025_20260804T144857-a65442.json
dimension_types,param,p.Equality Formula,,,None,missing=0;ok=0;unreadable=0;unsupported=3,3,unsupported,None,,,,2025,2026-08-04T14:03:14.300203,2026-08-04T14:48:57.764674,3,probes_2025_20260804T140314-c44dde.json;probes_2025_20260804T144211-baf6e6.json;probes_2025_20260804T144857-a65442.json
dimension_types,param,p.Equality Text,,,String,missing=0;ok=3;unreadable=0;unsupported=0,3,ok,String,EQ,EQ,EQ,2025,2026-08-04T14:03:14.300203,2026-08-04T14:48:57.764674,3,probes_2025_20260804T140314-c44dde.json;probes_2025_20260804T144211-baf6e6.json;probes_2025_20260804T144857-a65442.json
dimension_types,param,p.Equality Witness Display,,,Integer,missing=0;ok=3;unreadable=0;unsupported=0,3,ok,Integer,0,Tick and Line,0,2025,2026-08-04T14:03:14.300203,2026-08-04T14:48:57.764674,3,probes_2025_20260804T140314-c44dde.json;probes_2025_20260804T144211-baf6e6.json;probes_2025_20260804T144857-a65442.json
dimension_types,param,p.Flipped Dimension Line Extension,,,Double,missing=0;ok=10;unreadable=0;unsupported=0,10,ok,Double,0.0078125,"3/32""",0.0078125,2025,2026-08-04T14:03:14.300203,2026-08-04T14:48:57.764674,3,probes_2025_20260804T140314-c44dde.json;probes_2025_20260804T144211-baf6e6.json;probes_2025_20260804T144857-a65442.json
dimension_types,param,p.Include Elevation,,,Integer,missing=0;ok=5;unreadable=0;unsupported=0,5,ok,Integer,0,No,0,2025,2026-08-04T14:03:14.300203,2026-08-04T14:48:57.764674,3,probes_2025_20260804T140314-c44dde.json;probes_2025_20260804T144211-baf6e6.json;probes_2025_20260804T144857-a65442.json
dimension_types,param,p.Include Station,,,Integer,missing=0;ok=3;unreadable=0;unsupported=0,3,ok,Integer,1,Yes,1,2025,2026-08-04T14:03:14.300203,2026-08-04T14:48:57.764674,3,probes_2025_20260804T140314-c44dde.json;probes_2025_20260804T144211-baf6e6.json;probes_2025_20260804T144857-a65442.json
dimension_types,param,p.Indicator as Prefix / Suffix,,,Integer,missing=0;ok=3;unreadable=0;unsupported=0,3,ok,Integer,0,Prefix,0,2025,2026-08-04T14:03:14.300203,2026-08-04T14:48:57.764674,3,probes_2025_20260804T140314-c44dde.json;probes_2025_20260804T144211-baf6e6.json;probes_2025_20260804T144857-a65442.json
dimension_types,param,p.Interior Tick Mark,,,ElementId,missing=0;ok=6;unreadable=0;unsupported=0,6,ok,ElementId,28800,"Diagonal 3/64""",28800,2025,2026-08-04T14:03:14.300203,2026-08-04T14:48:57.764674,3,probes_2025_20260804T140314-c44dde.json;probes_2025_20260804T144211-baf6e6.json;probes_2025_20260804T144857-a65442.json
dimension_types,param,p.Interior Tick Mark Display,,,Integer,missing=0;ok=3;unreadable=0;unsupported=0,3,ok,Integer,0,Dynamic,0,2025,2026-08-04T14:03:14.300203,2026-08-04T14:48:57.764674,3,probes_2025_20260804T140314-c44dde.json;probes_2025_20260804T144211-baf6e6.json;probes_2025_20260804T144857-a65442.json
dimension_types,param,p.Italic,,,Integer,missing=0;ok=3;unreadable=0;unsupported=0,3,ok,Integer,0,No,0,2025,2026-08-04T14:03:14.300203,2026-08-04T14:48:57.764674,3,probes_2025_20260804T140314-c44dde.json;probes_2025_20260804T144211-baf6e6.json;probes_2025_20260804T144857-a65442.json
dimension_types,param,p.Leader Arrowhead,,,ElementId,missing=0;ok=10;unreadable=0;unsupported=0,10,ok,ElementId,4395943,Standard_Open Dot,4395943,2025,2026-08-04T14:03:14.300203,2026-08-04T14:48:57.764674,3,probes_2025_20260804T140314-c44dde.json;probes_2025_20260804T144211-baf6e6.json;probes_2025_20260804T144857-a65442.json
dimension_types,param,p.Leader Arrowhead Line Weight,,,Integer,missing=0;ok=6;unreadable=0;unsupported=0,6,ok,Integer,1,1,1,2025,2026-08-04T14:03:14.300203,2026-08-04T14:48:57.764674,3,probes_2025_20260804T140314-c44dde.json;probes_2025_20260804T144211-baf6e6.json;probes_2025_20260804T144857-a65442.json
dimension_types,param,p.Leader Line Length,,,Double,missing=0;ok=4;unreadable=0;unsupported=0,4,ok,Double,0.03125,"3/8""",0.03125,2025,2026-08-04T14:03:14.300203,2026-08-04T14:48:57.764674,3,probes_2025_20260804T140314-c44dde.json;probes_2025_20260804T144211-baf6e6.json;probes_2025_20260804T144857-a65442.json
dimension_types,param,p.Leader Line Weight,,,Integer,missing=0;ok=5;unreadable=0;unsupported=0,5,ok,Integer,1,1,1,2025,2026-08-04T14:03:14.300203,2026-08-04T14:48:57.764674,3,probes_2025_20260804T140314-c44dde.json;probes_2025_20260804T144211-baf6e6.json;probes_2025_20260804T144857-a65442.json
dimension_types,param,p.Leader Tick Mark,,,ElementId,missing=0;ok=3;unreadable=0;unsupported=0,3,ok,ElementId,,,,2025,2026-08-04T14:03:14.300203,2026-08-04T14:48:57.764674,3,probes_2025_20260804T140314-c44dde.json;probes_2025_20260804T144211-baf6e6.json;probes_2025_20260804T144857-a65442.json
dimension_types,param,p.Leader Type,,,Integer,missing=0;ok=3;unreadable=0;unsupported=0,3,ok,Integer,1,Arc,1,2025,2026-08-04T14:03:14.300203,2026-08-04T14:48:57.764674,3,probes_2025_20260804T140314-c44dde.json;probes_2025_20260804T144211-baf6e6.json;probes_2025_20260804T144857-a65442.json
dimension_types,param,p.Line Weight,,,Integer,missing=0;ok=5;unreadable=0;unsupported=0,5,ok,Integer,1,1,1,2025,2026-08-04T14:03:14.300203,2026-08-04T14:48:57.764674,3,probes_2025_20260804T140314-c44dde.json;probes_2025_20260804T144211-baf6e6.json;probes_2025_20260804T144857-a65442.json
dimension_types,param,p.North / South Indicator,,,String,missing=0;ok=3;unreadable=0;unsupported=0,3,ok,String,N,N,N,2025,2026-08-04T14:03:14.300203,2026-08-04T14:48:57.764674,3,probes_2025_20260804T140314-c44dde.json;probes_2025_20260804T144211-baf6e6.json;probes_2025_20260804T144857-a65442.json
dimension_types,param,p.Ordinate Dimension Settings,,,None,missing=0;ok=0;unreadable=0;unsupported=3,3,unsupported,None,,,,2025,2026-08-04T14:03:14.300203,2026-08-04T14:48:57.764674,3,probes_2025_20260804T140314-c44dde.json;probes_2025_20260804T144211-baf6e6.json;probes_2025_20260804T144857-a65442.json
dimension_types,param,p.Radius Symbol Location,,,Integer,missing=0;ok=4;unreadable=0;unsupported=0,4,ok,Integer,1,Before Value,1,2025,2026-08-04T14:03:14.300203,2026-08-04T14:48:57.764674,3,probes_2025_20260804T140314-c44dde.json;probes_2025_20260804T144211-baf6e6.json;probes_2025_20260804T144857-a65442.json
dimension_types,param,p.Radius Symbol Text,,,String,missing=0;ok=3;unreadable=0;unsupported=0,3,ok,String,R,R,R,2025,2026-08-04T14:03:14.300203,2026-08-04T14:48:57.764674,3,probes_2025_20260804T140314-c44dde.json;probes_2025_20260804T144211-baf6e6.json;probes_2025_20260804T144857-a65442.json
dimension_types,param,p.Read Convention,,,Integer,missing=0;ok=3;unreadable=0;unsupported=0,3,ok,Integer,1,"Up, then Left",1,2025,2026-08-04T14:03:14.300203,2026-08-04T14:48:57.764674,3,probes_2025_20260804T140314-c44dde.json;probes_2025_20260804T144211-baf6e6.json;probes_2025_20260804T144857-a65442.json
dimension_types,param,p.Rotate with Component,,,Integer,missing=0;ok=6;unreadable=0;unsupported=0,6,ok,Integer,0,No,0,2025,2026-08-04T14:03:14.300203,2026-08-04T14:48:57.764674,3,probes_2025_20260804T140314-c44dde.json;probes_2025_20260804T144211-baf6e6.json;probes_2025_20260804T144857-a65442.json
dimension_types,param,p.Show Leader When Text Moves,,,Integer,missing=0;ok=4;unreadable=0;unsupported=0,4,ok,Integer,1,Beyond Witness Lines,1,2025,2026-08-04T14:03:14.300203,2026-08-04T14:48:57.764674,3,probes_2025_20260804T140314-c44dde.json;probes_2025_20260804T144211-baf6e6.json;probes_2025_20260804T144857-a65442.json
dimension_types,param,p.Show Opening Height,,,Integer,missing=0;ok=3;unreadable=0;unsupported=0,3,ok,Integer,0,No,0,2025,2026-08-04T14:03:14.300203,2026-08-04T14:48:57.764674,3,probes_2025_20260804T140314-c44dde.json;probes_2025_20260804T144211-baf6e6.json;probes_2025_20260804T144857-a65442.json
dimension_types,param,p.Slope Direction,,,Integer,missing=0;ok=4;unreadable=0;unsupported=0,4,ok,Integer,1,Down,1,2025,2026-08-04T14:03:14.300203,2026-08-04T14:48:57.764674,3,probes_2025_20260804T140314-c44dde.json;probes_2025_20260804T144211-baf6e6.json;probes_2025_20260804T144857-a65442.json
dimension_types,param,p.Station Indicator,,,String,missing=0;ok=3;unreadable=0;unsupported=0,3,ok,String,STA,STA,STA,2025,2026-08-04T14:03:14.300203,2026-08-04T14:48:57.764674,3,probes_2025_20260804T140314-c44dde.json;probes_2025_20260804T144211-baf6e6.json;probes_2025_20260804T144857-a65442.json
dimension_types,param,p.Suppress Spaces,,,Integer,missing=0;ok=5;unreadable=0;unsupported=0,5,ok,Integer,0,No,0,2025,2026-08-04T14:03:14.300203,2026-08-04T14:48:57.764674,3,probes_2025_20260804T140314-c44dde.json;probes_2025_20260804T144211-baf6e6.json;probes_2025_20260804T144857-a65442.json
dimension_types,param,p.Symbol,,,ElementId,missing=0;ok=15;unreadable=0;unsupported=0,15,ok,ElementId,51103,Spot Elevation - Crosshair,51103,2025,2026-08-04T14:03:14.300203,2026-08-04T14:48:57.764674,3,probes_2025_20260804T140314-c44dde.json;probes_2025_20260804T144211-baf6e6.json;probes_2025_20260804T144857-a65442.json
dimension_types,param,p.Text Background,,,Integer,missing=0;ok=6;unreadable=0;unsupported=0,6,ok,Integer,0,Opaque,0,2025,2026-08-04T14:03:14.300203,2026-08-04T14:48:57.764674,3,probes_2025_20260804T140314-c44dde.json;probes_2025_20260804T144211-baf6e6.json;probes_2025_20260804T144857-a65442.json
dimension_types,param,p.Text Font,,,String,missing=0;ok=5;unreadable=0;unsupported=0,5,ok,String,Arial,Arial,Arial,2025,2026-08-04T14:03:14.300203,2026-08-04T14:48:57.764674,3,probes_2025_20260804T140314-c44dde.json;probes_2025_20260804T144211-baf6e6.json;probes_2025_20260804T144857-a65442.json
dimension_types,param,p.Text Location,,,Integer,missing=0;ok=5;unreadable=0;unsupported=0,5,ok,Integer,0,Above Leader,0,2025,2026-08-04T14:03:14.300203,2026-08-04T14:48:57.764674,3,probes_2025_20260804T140314-c44dde.json;probes_2025_20260804T144211-baf6e6.json;probes_2025_20260804T144857-a65442.json
dimension_types,param,p.Text Offset,,,Double,missing=0;ok=14;unreadable=0;unsupported=0,14,ok,Double,0.002604166666666667,"1/32""",0.002604166666666667,2025,2026-08-04T14:03:14.300203,2026-08-04T14:48:57.764674,3,probes_2025_20260804T140314-c44dde.json;probes_2025_20260804T144211-baf6e6.json;probes_2025_20260804T144857-a65442.json
dimension_types,param,p.Text Offset from Leader,,,Double,missing=0;ok=7;unreadable=0;unsupported=0,7,ok,Double,0.005208333333333333,"1/16""",0.005208333333333333,2025,2026-08-04T14:03:14.300203,2026-08-04T14:48:57.764674,3,probes_2025_20260804T140314-c44dde.json;probes_2025_20260804T144211-baf6e6.json;probes_2025_20260804T144857-a65442.json
dimension_types,param,p.Text Offset from Symbol,,,Double,missing=0;ok=5;unreadable=0;unsupported=0,5,ok,Double,0.020833333333333332,"1/4""",0.020833333333333332,2025,2026-08-04T14:03:14.300203,2026-08-04T14:48:57.764674,3,probes_2025_20260804T140314-c44dde.json;probes_2025_20260804T144211-baf6e6.json;probes_2025_20260804T144857-a65442.json
dimension_types,param,p.Text Orientation,,,Integer,missing=0;ok=3;unreadable=0;unsupported=0,3,ok,Integer,0,Horizontal,0,2025,2026-08-04T14:03:14.300203,2026-08-04T14:48:57.764674,3,probes_2025_20260804T140314-c44dde.json;probes_2025_20260804T144211-baf6e6.json;probes_2025_20260804T144857-a65442.json
dimension_types,param,p.Text Size,,,Double,missing=0;ok=10;unreadable=0;unsupported=0,10,ok,Double,0.0078125,"3/32""",0.0078125,2025,2026-08-04T14:03:14.300203,2026-08-04T14:48:57.764674,3,probes_2025_20260804T140314-c44dde.json;probes_2025_20260804T144211-baf6e6.json;probes_2025_20260804T144857-a65442.json
dimension_types,param,p.Tick Mark,,,ElementId,missing=0;ok=13;unreadable=0;unsupported=0,13,ok,ElementId,185270,"Diagonal 1/16""",185270,2025,2026-08-04T14:03:14.300203,2026-08-04T14:48:57.764674,3,probes_2025_20260804T140314-c44dde.json;probes_2025_20260804T144211-baf6e6.json;probes_2025_20260804T144857-a65442.json
dimension_types,param,p.Tick Mark Line Weight,,,Integer,missing=0;ok=7;unreadable=0;unsupported=0,7,ok,Integer,5,5,5,2025,2026-08-04T14:03:14.300203,2026-08-04T14:48:57.764674,3,probes_2025_20260804T140314-c44dde.json;probes_2025_20260804T144211-baf6e6.json;probes_2025_20260804T144857-a65442.json
dimension_types,param,p.Top Coordinate,,,Integer,missing=0;ok=3;unreadable=0;unsupported=0,3,ok,Integer,1,North / South,1,2025,2026-08-04T14:03:14.300203,2026-08-04T14:48:57.764674,3,probes_2025_20260804T140314-c44dde.json;probes_2025_20260804T144211-baf6e6.json;probes_2025_20260804T144857-a65442.json
dimension_types,param,p.Top Indicator,,,String,missing=0;ok=4;unreadable=0;unsupported=0,4,ok,String,TOP=,TOP=,TOP=,2025,2026-08-04T14:03:14.300203,2026-08-04T14:48:57.764674,3,probes_2025_20260804T140314-c44dde.json;probes_2025_20260804T144211-baf6e6.json;probes_2025_20260804T144857-a65442.json
dimension_types,param,p.Top Indicator as Prefix/Suffix,,,Integer,missing=0;ok=4;unreadable=0;unsupported=0,4,ok,Integer,0,Prefix,0,2025,2026-08-04T14:03:14.300203,2026-08-04T14:48:57.764674,3,probes_2025_20260804T140314-c44dde.json;probes_2025_20260804T144211-baf6e6.json;probes_2025_20260804T144857-a65442.json
dimension_types,param,p.Underline,,,Integer,missing=0;ok=3;unreadable=0;unsupported=0,3,ok,Integer,0,No,0,2025,2026-08-04T14:03:14.300203,2026-08-04T14:48:57.764674,3,probes_2025_20260804T140314-c44dde.json;probes_2025_20260804T144211-baf6e6.json;probes_2025_20260804T144857-a65442.json
dimension_types,param,p.Units Format,,,None,missing=0;ok=0;unreadable=0;unsupported=3,3,unsupported,None,,,,2025,2026-08-04T14:03:14.300203,2026-08-04T14:48:57.764674,3,probes_2025_20260804T140314-c44dde.json;probes_2025_20260804T144211-baf6e6.json;probes_2025_20260804T144857-a65442.json
dimension_types,param,p.Width Factor,,,Double,missing=0;ok=3;unreadable=0;unsupported=0,3,ok,Double,1.0,1,1.0,2025,2026-08-04T14:03:14.300203,2026-08-04T14:48:57.764674,3,probes_2025_20260804T140314-c44dde.json;probes_2025_20260804T144211-baf6e6.json;probes_2025_20260804T144857-a65442.json
dimension_types,param,p.Witness Line Control,,,Integer,missing=0;ok=3;unreadable=0;unsupported=0,3,ok,Integer,0,Gap to Element,0,2025,2026-08-04T14:03:14.300203,2026-08-04T14:48:57.764674,3,probes_2025_20260804T140314-c44dde.json;probes_2025_20260804T144211-baf6e6.json;probes_2025_20260804T144857-a65442.json
dimension_types,param,p.Witness Line Extension,,,Double,missing=0;ok=8;unreadable=0;unsupported=0,8,ok,Double,0.0078125,"3/32""",0.0078125,2025,2026-08-04T14:03:14.300203,2026-08-04T14:48:57.764674,3,probes_2025_20260804T140314-c44dde.json;probes_2025_20260804T144211-baf6e6.json;probes_2025_20260804T144857-a65442.json
dimension_types,param,p.Witness Line Gap to Element,,,Double,missing=0;ok=6;unreadable=0;unsupported=0,6,ok,Double,0.005208333333333334,"1/16""",0.005208333333333334,2025,2026-08-04T14:03:14.300203,2026-08-04T14:48:57.764674,3,probes_2025_20260804T140314-c44dde.json;probes_2025_20260804T144211-baf6e6.json;probes_2025_20260804T144857-a65442.json
dimension_types,param,p.Witness Line Length,,,Double,missing=0;ok=3;unreadable=0;unsupported=0,3,ok,Double,0.0078125,"3/32""",0.0078125,2025,2026-08-04T14:03:14.300203,2026-08-04T14:48:57.764674,3,probes_2025_20260804T140314-c44dde.json;probes_2025_20260804T144211-baf6e6.json;probes_2025_20260804T144857-a65442.json
dimension_types,param,p.Witness Line Tick Mark,,,ElementId,missing=0;ok=3;unreadable=0;unsupported=0,3,ok,ElementId,,,,2025,2026-08-04T14:03:14.300203,2026-08-04T14:48:57.764674,3,probes_2025_20260804T140314-c44dde.json;probes_2025_20260804T144211-baf6e6.json;probes_2025_20260804T144857-a65442.json
dimension_types,param,p.Workset,,,Integer,missing=0;ok=6;unreadable=0;unsupported=0,6,ok,Integer,23,Dimension Styles,23,2025,2026-08-04T14:03:14.300203,2026-08-04T14:48:57.764674,3,probes_2025_20260804T140314-c44dde.json;probes_2025_20260804T144211-baf6e6.json;probes_2025_20260804T144857-a65442.json
dimension_types,param,x.dim_type.family_name_param,,,String,missing=0;ok=24;unreadable=0;unsupported=0,24,ok,String,Linear Dimension Style,Linear Dimension Style,Linear Dimension Style,2025,2026-08-04T14:03:14.300203,2026-08-04T14:48:57.764674,3,probes_2025_20260804T140314-c44dde.json;probes_2025_20260804T144211-baf6e6.json;probes_2025_20260804T144857-a65442.json
fill_patterns,param,fp.grid_count,,,Integer,missing=0;ok=244;unreadable=0;unsupported=0,0,ok,Integer,0,0,0,2025,2026-08-04T14:03:14.300203,2026-08-04T14:48:57.764674,3,probes_2025_20260804T140314-c44dde.json;probes_2025_20260804T144211-baf6e6.json;probes_2025_20260804T144857-a65442.json
fill_patterns,param,fp.grids.angles_deg,,,String,missing=0;ok=244;unreadable=0;unsupported=0,0,ok,String,[],[],[],2025,2026-08-04T14:03:14.300203,2026-08-04T14:48:57.764674,3,probes_2025_20260804T140314-c44dde.json;probes_2025_20260804T144211-baf6e6.json;probes_2025_20260804T144857-a65442.json
fill_patterns,param,fp.grids.line_pattern_ids,,,String,missing=0;ok=244;unreadable=0;unsupported=0,0,ok,String,[],[],[],2025,2026-08-04T14:03:14.300203,2026-08-04T14:48:57.764674,3,probes_2025_20260804T140314-c44dde.json;probes_2025_20260804T144211-baf6e6.json;probes_2025_20260804T144857-a65442.json
fill_patterns,param,fp.grids.offsets_in,,,String,missing=0;ok=244;unreadable=0;unsupported=0,0,ok,String,[],[],[],2025,2026-08-04T14:03:14.300203,2026-08-04T14:48:57.764674,3,probes_2025_20260804T140314-c44dde.json;probes_2025_20260804T144211-baf6e6.json;probes_2025_20260804T144857-a65442.json
fill_patterns,param,fp.grids.origins_in,,,String,missing=0;ok=244;unreadable=0;unsupported=0,0,ok,String,[],[],[],2025,2026-08-04T14:03:14.300203,2026-08-04T14:48:57.764674,3,probes_2025_20260804T140314-c44dde.json;probes_2025_20260804T144211-baf6e6.json;probes_2025_20260804T144857-a65442.json
fill_patterns,param,fp.grids.shifts_in,,,String,missing=0;ok=244;unreadable=0;unsupported=0,0,ok,String,[],[],[],2025,2026-08-04T14:03:14.300203,2026-08-04T14:48:57.764674,3,probes_2025_20260804T140314-c44dde.json;probes_2025_20260804T144211-baf6e6.json;probes_2025_20260804T144857-a65442.json
fill_patterns,param,fp.is_solid,,,Integer,missing=0;ok=244;unreadable=0;unsupported=0,0,ok,Integer,1,True,1,2025,2026-08-04T14:03:14.300203,2026-08-04T14:48:57.764674,3,probes_2025_20260804T140314-c44dde.json;probes_2025_20260804T144211-baf6e6.json;probes_2025_20260804T144857-a65442.json
fill_patterns,param,fp.name,,,String,missing=0;ok=244;unreadable=0;unsupported=0,0,ok,String,<Solid fill>,<Solid fill>,<Solid fill>,2025,2026-08-04T14:03:14.300203,2026-08-04T14:48:57.764674,3,probes_2025_20260804T140314-c44dde.json;probes_2025_20260804T144211-baf6e6.json;probes_2025_20260804T144857-a65442.json
fill_patterns,param,fp.target,,,String,missing=0;ok=244;unreadable=0;unsupported=0,0,ok,String,Drafting,Drafting,Drafting,2025,2026-08-04T14:03:14.300203,2026-08-04T14:48:57.764674,3,probes_2025_20260804T140314-c44dde.json;probes_2025_20260804T144211-baf6e6.json;probes_2025_20260804T144857-a65442.json
fill_patterns,param,p.Design Option,,,String,missing=0;ok=95;unreadable=0;unsupported=0,0,ok,String,Main Model,Main Model,Main Model,2025,2026-08-04T14:03:14.300203,2026-08-04T14:03:14.300203,1,probes_2025_20260804T140314-c44dde.json
fill_patterns,param,p.Edited by,,,String,missing=0;ok=244;unreadable=0;unsupported=0,0,ok,String,,,,2025,2026-08-04T14:03:14.300203,2026-08-04T14:48:57.764674,3,probes_2025_20260804T140314-c44dde.json;probes_2025_20260804T144211-baf6e6.json;probes_2025_20260804T144857-a65442.json
fill_patterns,param,p.Workset,,,Integer,missing=0;ok=244;unreadable=0;unsupported=0,0,ok,Integer,7,Fill Patterns,7,2025,2026-08-04T14:03:14.300203,2026-08-04T14:48:57.764674,3,probes_2025_20260804T140314-c44dde.json;probes_2025_20260804T144211-baf6e6.json;probes_2025_20260804T144857-a65442.json
fill_patterns,reflection,refl.FillPatternElement.ArePhasesModifiable,method,FillPatternElement,,,3,ok,String,<method not invoked>,<method not invoked>,<method not invoked>,2025,2026-08-04T14:03:14.300203,2026-08-04T14:48:57.764674,3,probes_2025_20260804T140314-c44dde.json;probes_2025_20260804T144211-baf6e6.json;probes_2025_20260804T144857-a65442.json
fill_patterns,reflection,refl.FillPatternElement.AssemblyInstanceId,property,FillPatternElement,,,3,ok,ElementId,-1,-1,-1,2025,2026-08-04T14:03:14.300203,2026-08-04T14:48:57.764674,3,probes_2025_20260804T140314-c44dde.json;probes_2025_20260804T144211-baf6e6.json;probes_2025_20260804T144857-a65442.json
fill_patterns,reflection,refl.FillPatternElement.CanBeLocked,method,FillPatternElement,,,3,ok,String,<method not invoked>,<method not invoked>,<method not invoked>,2025,2026-08-04T14:03:14.300203,2026-08-04T14:48:57.764674,3,probes_2025_20260804T140314-c44dde.json;probes_2025_20260804T144211-baf6e6.json;probes_2025_20260804T144857-a65442.json
fill_patterns,reflection,refl.FillPatternElement.CanHaveTypeAssigned,method,FillPatternElement,,,3,ok,String,<method not invoked>,<method not invoked>,<method not invoked>,2025,2026-08-04T14:03:14.300203,2026-08-04T14:48:57.764674,3,probes_2025_20260804T140314-c44dde.json;probes_2025_20260804T144211-baf6e6.json;probes_2025_20260804T144857-a65442.json
fill_patterns,reflection,refl.FillPatternElement.Category,property,FillPatternElement,,,3,missing,None,,,,2025,2026-08-04T14:03:14.300203,2026-08-04T14:48:57.764674,3,probes_2025_20260804T140314-c44dde.json;probes_2025_20260804T144211-baf6e6.json;probes_2025_20260804T144857-a65442.json
fill_patterns,reflection,refl.FillPatternElement.CreatedPhaseId,property,FillPatternElement,,,3,ok,ElementId,-1,-1,-1,2025,2026-08-04T14:03:14.300203,2026-08-04T14:48:57.764674,3,probes_2025_20260804T140314-c44dde.json;probes_2025_20260804T144211-baf6e6.json;probes_2025_20260804T144857-a65442.json
fill_patterns,reflection,refl.FillPatternElement.DemolishedPhaseId,property,FillPatternElement,,,3,ok,ElementId,-1,-1,-1,2025,2026-08-04T14:03:14.300203,2026-08-04T14:48:57.764674,3,probes_2025_20260804T140314-c44dde.json;probes_2025_20260804T144211-baf6e6.json;probes_2025_20260804T144857-a65442.json
fill_patterns,reflection,refl.FillPatternElement.DesignOption,property,FillPatternElement,,,3,missing,None,,,,2025,2026-08-04T14:03:14.300203,2026-08-04T14:48:57.764674,3,probes_2025_20260804T140314-c44dde.json;probes_2025_20260804T144211-baf6e6.json;probes_2025_20260804T144857-a65442.json
fill_patterns,reflection,refl.FillPatternElement.Document,property,FillPatternElement,,,3,unsupported,None,,,,2025,2026-08-04T14:03:14.300203,2026-08-04T14:48:57.764674,3,probes_2025_20260804T140314-c44dde.json;probes_2025_20260804T144211-baf6e6.json;probes_2025_20260804T144857-a65442.json
fill_patterns,reflection,refl.FillPatternElement.EvaluateAllParameterValues,method,FillPatternElement,,,3,ok,String,<method not invoked>,<method not invoked>,<method not invoked>,2025,2026-08-04T14:03:14.300203,2026-08-04T14:48:57.764674,3,probes_2025_20260804T140314-c44dde.json;probes_2025_20260804T144211-baf6e6.json;probes_2025_20260804T144857-a65442.json
fill_patterns,reflection,refl.FillPatternElement.GetEntitySchemaGuids,method,FillPatternElement,,,3,ok,String,<method not invoked>,<method not invoked>,<method not invoked>,2025,2026-08-04T14:03:14.300203,2026-08-04T14:48:57.764674,3,probes_2025_20260804T140314-c44dde.json;probes_2025_20260804T144211-baf6e6.json;probes_2025_20260804T144857-a65442.json
fill_patterns,reflection,refl.FillPatternElement.GetExternalFileReference,method,FillPatternElement,,,3,ok,String,<method not invoked>,<method not invoked>,<method not invoked>,2025,2026-08-04T14:03:14.300203,2026-08-04T14:48:57.764674,3,probes_2025_20260804T140314-c44dde.json;probes_2025_20260804T144211-baf6e6.json;probes_2025_20260804T144857-a65442.json
fill_patterns,reflection,refl.FillPatternElement.GetExternalResourceReferences,method,FillPatternElement,,,3,ok,String,<method not invoked>,<method not invoked>,<method not invoked>,2025,2026-08-04T14:03:14.300203,2026-08-04T14:48:57.764674,3,probes_2025_20260804T140314-c44dde.json;probes_2025_20260804T144211-baf6e6.json;probes_2025_20260804T144857-a65442.json
fill_patterns,reflection,refl.FillPatternElement.GetExternalResourceReferencesExpanded,method,FillPatternElement,,,3,ok,String,<method not invoked>,<method not invoked>,<method not invoked>,2025,2026-08-04T14:03:14.300203,2026-08-04T14:48:57.764674,3,probes_2025_20260804T140314-c44dde.json;probes_2025_20260804T144211-baf6e6.json;probes_2025_20260804T144857-a65442.json
fill_patterns,reflection,refl.FillPatternElement.GetFillPattern,method,FillPatternElement,,,3,ok,String,<method not invoked>,<method not invoked>,<method not invoked>,2025,2026-08-04T14:03:14.300203,2026-08-04T14:48:57.764674,3,probes_2025_20260804T140314-c44dde.json;probes_2025_20260804T144211-baf6e6.json;probes_2025_20260804T144857-a65442.json
fill_patterns,reflection,refl.FillPatternElement.GetMonitoredLinkElementIds,method,FillPatternElement,,,3,ok,String,<method not invoked>,<method not invoked>,<method not invoked>,2025,2026-08-04T14:03:14.300203,2026-08-04T14:48:57.764674,3,probes_2025_20260804T140314-c44dde.json;probes_2025_20260804T144211-baf6e6.json;probes_2025_20260804T144857-a65442.json
fill_patterns,reflection,refl.FillPatternElement.GetMonitoredLocalElementIds,method,FillPatternElement,,,3,ok,String,<method not invoked>,<method not invoked>,<method not invoked>,2025,2026-08-04T14:03:14.300203,2026-08-04T14:48:57.764674,3,probes_2025_20260804T140314-c44dde.json;probes_2025_20260804T144211-baf6e6.json;probes_2025_20260804T144857-a65442.json
fill_patterns,reflection,refl.FillPatternElement.GetOrderedParameters,method,FillPatternElement,,,3,ok,String,<method not invoked>,<method not invoked>,<method not invoked>,2025,2026-08-04T14:03:14.300203,2026-08-04T14:48:57.764674,3,probes_2025_20260804T140314-c44dde.json;probes_2025_20260804T144211-baf6e6.json;probes_2025_20260804T144857-a65442.json
fill_patterns,reflection,refl.FillPatternElement.GetSubelements,method,FillPatternElement,,,3,ok,String,<method not invoked>,<method not invoked>,<method not invoked>,2025,2026-08-04T14:03:14.300203,2026-08-04T14:48:57.764674,3,probes_2025_20260804T140314-c44dde.json;probes_2025_20260804T144211-baf6e6.json;probes_2025_20260804T144857-a65442.json
fill_patterns,reflection,refl.FillPatternElement.GetTypeId,method,FillPatternElement,,,3,ok,String,<method not invoked>,<method not invoked>,<method not invoked>,2025,2026-08-04T14:03:14.300203,2026-08-04T14:48:57.764674,3,probes_2025_20260804T140314-c44dde.json;probes_2025_20260804T144211-baf6e6.json;probes_2025_20260804T144857-a65442.json
fill_patterns,reflection,refl.FillPatternElement.GetValidTypes,method,FillPatternElement,,,3,ok,String,<method not invoked>,<method not invoked>,<method not invoked>,2025,2026-08-04T14:03:14.300203,2026-08-04T14:48:57.764674,3,probes_2025_20260804T140314-c44dde.json;probes_2025_20260804T144211-baf6e6.json;probes_2025_20260804T144857-a65442.json
fill_patterns,reflection,refl.FillPatternElement.GroupId,property,FillPatternElement,,,3,ok,ElementId,-1,-1,-1,2025,2026-08-04T14:03:14.300203,2026-08-04T14:48:57.764674,3,probes_2025_20260804T140314-c44dde.json;probes_2025_20260804T144211-baf6e6.json;probes_2025_20260804T144857-a65442.json
fill_patterns,reflection,refl.FillPatternElement.HasPhases,method,FillPatternElement,,,3,ok,String,<method not invoked>,<method not invoked>,<method not invoked>,2025,2026-08-04T14:03:14.300203,2026-08-04T14:48:57.764674,3,probes_2025_20260804T140314-c44dde.json;probes_2025_20260804T144211-baf6e6.json;probes_2025_20260804T144857-a65442.json
fill_patterns,reflection,refl.FillPatternElement.Id,property,FillPatternElement,,,244,ok,ElementId,20,20,20,2025,2026-08-04T14:03:14.300203,2026-08-04T14:48:57.764674,3,probes_2025_20260804T140314-c44dde.json;probes_2025_20260804T144211-baf6e6.json;probes_2025_20260804T144857-a65442.json
fill_patterns,reflection,refl.FillPatternElement.IsExternalFileReference,method,FillPatternElement,,,3,ok,String,<method not invoked>,<method not invoked>,<method not invoked>,2025,2026-08-04T14:03:14.300203,2026-08-04T14:48:57.764674,3,probes_2025_20260804T140314-c44dde.json;probes_2025_20260804T144211-baf6e6.json;probes_2025_20260804T144857-a65442.json
fill_patterns,reflection,refl.FillPatternElement.IsModifiable,property,FillPatternElement,,,3,ok,Integer,1,True,1,2025,2026-08-04T14:03:14.300203,2026-08-04T14:48:57.764674,3,probes_2025_20260804T140314-c44dde.json;probes_2025_20260804T144211-baf6e6.json;probes_2025_20260804T144857-a65442.json
fill_patterns,reflection,refl.FillPatternElement.IsMonitoringLinkElement,method,FillPatternElement,,,3,ok,String,<method not invoked>,<method not invoked>,<method not invoked>,2025,2026-08-04T14:03:14.300203,2026-08-04T14:48:57.764674,3,probes_2025_20260804T140314-c44dde.json;probes_2025_20260804T144211-baf6e6.json;probes_2025_20260804T144857-a65442.json
fill_patterns,reflection,refl.FillPatternElement.IsMonitoringLocalElement,method,FillPatternElement,,,3,ok,String,<method not invoked>,<method not invoked>,<method not invoked>,2025,2026-08-04T14:03:14.300203,2026-08-04T14:48:57.764674,3,probes_2025_20260804T140314-c44dde.json;probes_2025_20260804T144211-baf6e6.json;probes_2025_20260804T144857-a65442.json
fill_patterns,reflection,refl.FillPatternElement.IsTransient,property,FillPatternElement,,,3,ok,Integer,0,False,0,2025,2026-08-04T14:03:14.300203,2026-08-04T14:48:57.764674,3,probes_2025_20260804T140314-c44dde.json;probes_2025_20260804T144211-baf6e6.json;probes_2025_20260804T144857-a65442.json
fill_patterns,reflection,refl.FillPatternElement.IsValidObject,property,FillPatternElement,,,3,ok,Integer,1,True,1,2025,2026-08-04T14:03:14.300203,2026-08-04T14:48:57.764674,3,probes_2025_20260804T140314-c44dde.json;probes_2025_20260804T144211-baf6e6.json;probes_2025_20260804T144857-a65442.json
fill_patterns,reflection,refl.FillPatternElement.LevelId,property,FillPatternElement,,,3,ok,ElementId,-1,-1,-1,2025,2026-08-04T14:03:14.300203,2026-08-04T14:48:57.764674,3,probes_2025_20260804T140314-c44dde.json;probes_2025_20260804T144211-baf6e6.json;probes_2025_20260804T144857-a65442.json
fill_patterns,reflection,refl.FillPatternElement.Location,property,FillPatternElement,,,3,missing,None,,,,2025,2026-08-04T14:03:14.300203,2026-08-04T14:48:57.764674,3,probes_2025_20260804T140314-c44dde.json;probes_2025_20260804T144211-baf6e6.json;probes_2025_20260804T144857-a65442.json
fill_patterns,reflection,refl.FillPatternElement.Name,property,FillPatternElement,,,240,ok,String,<Solid fill>,<Solid fill>,<Solid fill>,2025,2026-08-04T14:03:14.300203,2026-08-04T14:48:57.764674,3,probes_2025_20260804T140314-c44dde.json;probes_2025_20260804T144211-baf6e6.json;probes_2025_20260804T144857-a65442.json
fill_patterns,reflection,refl.FillPatternElement.OwnerViewId,property,FillPatternElement,,,3,ok,ElementId,-1,-1,-1,2025,2026-08-04T14:03:14.300203,2026-08-04T14:48:57.764674,3,probes_2025_20260804T140314-c44dde.json;probes_2025_20260804T144211-baf6e6.json;probes_2025_20260804T144857-a65442.json
fill_patterns,reflection,refl.FillPatternElement.Parameters,property,FillPatternElement,,,3,unsupported,None,,,,2025,2026-08-04T14:03:14.300203,2026-08-04T14:48:57.764674,3,probes_2025_20260804T140314-c44dde.json;probes_2025_20260804T144211-baf6e6.json;probes_2025_20260804T144857-a65442.json
fill_patterns,reflection,refl.FillPatternElement.ParametersMap,property,FillPatternElement,,,3,unsupported,None,,,,2025,2026-08-04T14:03:14.300203,2026-08-04T14:48:57.764674,3,probes_2025_20260804T140314-c44dde.json;probes_2025_20260804T144211-baf6e6.json;probes_2025_20260804T144857-a65442.json
fill_patterns,reflection,refl.FillPatternElement.Pinned,property,FillPatternElement,,,3,ok,Integer,0,False,0,2025,2026-08-04T14:03:14.300203,2026-08-04T14:48:57.764674,3,probes_2025_20260804T140314-c44dde.json;probes_2025_20260804T144211-baf6e6.json;probes_2025_20260804T144857-a65442.json
fill_patterns,reflection,refl.FillPatternElement.RefersToExternalResourceReferences,method,FillPatternElement,,,3,ok,String,<method not invoked>,<method not invoked>,<method not invoked>,2025,2026-08-04T14:03:14.300203,2026-08-04T14:48:57.764674,3,probes_2025_20260804T140314-c44dde.json;probes_2025_20260804T144211-baf6e6.json;probes_2025_20260804T144857-a65442.json
fill_patterns,reflection,refl.FillPatternElement.UniqueId,property,FillPatternElement,,,244,ok,String,933c4a06-93b8-11d3-80f8-00c04f8efc32-00000014,933c4a06-93b8-11d3-80f8-00c04f8efc32-00000014,933c4a06-93b8-11d3-80f8-00c04f8efc32-00000014,2025,2026-08-04T14:03:14.300203,2026-08-04T14:48:57.764674,3,probes_2025_20260804T140314-c44dde.json;probes_2025_20260804T144211-baf6e6.json;probes_2025_20260804T144857-a65442.json
fill_patterns,reflection,refl.FillPatternElement.VersionGuid,property,FillPatternElement,,,22,ok,None,,59c17d6e-2868-4486-9c62-cc9167dbdfa0,59c17d6e-2868-4486-9c62-cc9167dbdfa0,2025,2026-08-04T14:03:14.300203,2026-08-04T14:48:57.764674,3,probes_2025_20260804T140314-c44dde.json;probes_2025_20260804T144211-baf6e6.json;probes_2025_20260804T144857-a65442.json
fill_patterns,reflection,refl.FillPatternElement.ViewSpecific,property,FillPatternElement,,,3,ok,Integer,0,False,0,2025,2026-08-04T14:03:14.300203,2026-08-04T14:48:57.764674,3,probes_2025_20260804T140314-c44dde.json;probes_2025_20260804T144211-baf6e6.json;probes_2025_20260804T144857-a65442.json
fill_patterns,reflection,refl.FillPatternElement.WorksetId,property,FillPatternElement,,,3,ok,ElementId,7,7,7,2025,2026-08-04T14:03:14.300203,2026-08-04T14:48:57.764674,3,probes_2025_20260804T140314-c44dde.json;probes_2025_20260804T144211-baf6e6.json;probes_2025_20260804T144857-a65442.json
floor_types,param,ft.coarse_fill_color,,,None,missing=45,0,missing,None,,,,2025,2026-08-04T14:03:14.300203,2026-08-04T14:48:57.764674,3,probes_2025_20260804T140314-c44dde.json;probes_2025_20260804T144211-baf6e6.json;probes_2025_20260804T144857-a65442.json
floor_types,param,ft.coarse_fill_pattern,,,None,missing=45,0,missing,None,,,,2025,2026-08-04T14:03:14.300203,2026-08-04T14:48:57.764674,3,probes_2025_20260804T140314-c44dde.json;probes_2025_20260804T144211-baf6e6.json;probes_2025_20260804T144857-a65442.json
floor_types,param,ft.function,,,,unreadable=45,0,,,,,,2025,2026-08-04T14:03:14.300203,2026-08-04T14:48:57.764674,3,probes_2025_20260804T140314-c44dde.json;probes_2025_20260804T144211-baf6e6.json;probes_2025_20260804T144857-a65442.json
floor_types,param,ft.has_compound_structure,,,Integer,ok=45,0,ok,Integer,1,True,1,2025,2026-08-04T14:03:14.300203,2026-08-04T14:48:57.764674,3,probes_2025_20260804T140314-c44dde.json;probes_2025_20260804T144211-baf6e6.json;probes_2025_20260804T144857-a65442.json
floor_types,param,ft.has_embedded_sweeps,,,Integer,ok=45,0,ok,Integer,0,False,0,2025,2026-08-04T14:03:14.300203,2026-08-04T14:48:57.764674,3,probes_2025_20260804T140314-c44dde.json;probes_2025_20260804T144211-baf6e6.json;probes_2025_20260804T144857-a65442.json
floor_types,param,ft.layer_count,,,Integer,ok=45,0,ok,Integer,1,1,1,2025,2026-08-04T14:03:14.300203,2026-08-04T14:48:57.764674,3,probes_2025_20260804T140314-c44dde.json;probes_2025_20260804T144211-baf6e6.json;probes_2025_20260804T144857-a65442.json
floor_types,param,ft.total_thickness_in,,,Double,ok=45,0,ok,Double,5.999999999999999,5.999999999999999,5.999999999999999,2025,2026-08-04T14:03:14.300203,2026-08-04T14:48:57.764674,3,probes_2025_20260804T140314-c44dde.json;probes_2025_20260804T144211-baf6e6.json;probes_2025_20260804T144857-a65442.json
floor_types,param,ft.type_name,,,String,ok=45,0,ok,String,"6"" Foundation Slab","6"" Foundation Slab","6"" Foundation Slab",2025,2026-08-04T14:03:14.300203,2026-08-04T14:48:57.764674,3,probes_2025_20260804T140314-c44dde.json;probes_2025_20260804T144211-baf6e6.json;probes_2025_20260804T144857-a65442.json
floor_types,param,p.Absorptance,,,Double,ok=45,0,ok,Double,0.1,0.1,0.1,2025,2026-08-04T14:03:14.300203,2026-08-04T14:48:57.764674,3,probes_2025_20260804T140314-c44dde.json;probes_2025_20260804T144211-baf6e6.json;probes_2025_20260804T144857-a65442.json
floor_types,param,p.AcousticRating,,,String,ok=6,0,ok,String,,,,2025,2026-08-04T14:48:57.764674,2026-08-04T14:48:57.764674,1,probes_2025_20260804T144857-a65442.json
floor_types,param,p.Assembly Code,,,String,ok=45,0,ok,String,,,,2025,2026-08-04T14:03:14.300203,2026-08-04T14:48:57.764674,3,probes_2025_20260804T140314-c44dde.json;probes_2025_20260804T144211-baf6e6.json;probes_2025_20260804T144857-a65442.json
floor_types,param,p.Assembly Description,,,String,ok=45,0,ok,String,,,,2025,2026-08-04T14:03:14.300203,2026-08-04T14:48:57.764674,3,probes_2025_20260804T140314-c44dde.json;probes_2025_20260804T144211-baf6e6.json;probes_2025_20260804T144857-a65442.json
floor_types,param,p.Coarse Scale Fill Color,,,Integer,ok=45,0,ok,Integer,0,0,0,2025,2026-08-04T14:03:14.300203,2026-08-04T14:48:57.764674,3,probes_2025_20260804T140314-c44dde.json;probes_2025_20260804T144211-baf6e6.json;probes_2025_20260804T144857-a65442.json
floor_types,param,p.Coarse Scale Fill Pattern,,,ElementId,ok=45,0,ok,ElementId,,,,2025,2026-08-04T14:03:14.300203,2026-08-04T14:48:57.764674,3,probes_2025_20260804T140314-c44dde.json;probes_2025_20260804T144211-baf6e6.json;probes_2025_20260804T144857-a65442.json
floor_types,param,p.ComCheck_ Exclude by Type,,,String,ok=17,0,ok,String,,,,2025,2026-08-04T14:03:14.300203,2026-08-04T14:03:14.300203,1,probes_2025_20260804T140314-c44dde.json
floor_types,param,p.Company_ID,,,Integer,ok=18,0,ok,Integer,0,0,0,2025,2026-08-04T14:03:14.300203,2026-08-04T14:03:14.300203,1,probes_2025_20260804T140314-c44dde.json
floor_types,param,p.Cost,,,Double,ok=45,0,ok,Double,0.0,0,0.0,2025,2026-08-04T14:03:14.300203,2026-08-04T14:48:57.764674,3,probes_2025_20260804T140314-c44dde.json;probes_2025_20260804T144211-baf6e6.json;probes_2025_20260804T144857-a65442.json
floor_types,param,p.Default Thickness,,,Double,ok=45,0,ok,Double,0.5,"6""",5.999999999999999,2025,2026-08-04T14:03:14.300203,2026-08-04T14:48:57.764674,3,probes_2025_20260804T140314-c44dde.json;probes_2025_20260804T144211-baf6e6.json;probes_2025_20260804T144857-a65442.json
floor_types,param,p.Description,,,String,ok=45,0,ok,String,,,,2025,2026-08-04T14:03:14.300203,2026-08-04T14:48:57.764674,3,probes_2025_20260804T140314-c44dde.json;probes_2025_20260804T144211-baf6e6.json;probes_2025_20260804T144857-a65442.json
floor_types,param,p.Edited by,,,String,ok=45,0,ok,String,,,,2025,2026-08-04T14:03:14.300203,2026-08-04T14:48:57.764674,3,probes_2025_20260804T140314-c44dde.json;probes_2025_20260804T144211-baf6e6.json;probes_2025_20260804T144857-a65442.json
floor_types,param,p.Estimated Lead Time,,,String,ok=19,0,ok,String,,,,2025,2026-08-04T14:42:11.384534,2026-08-04T14:42:11.384534,1,probes_2025_20260804T144211-baf6e6.json
floor_types,param,p.Export Type to IFC,,,Integer,ok=45,0,ok,Integer,0,Default,0,2025,2026-08-04T14:03:14.300203,2026-08-04T14:48:57.764674,3,probes_2025_20260804T140314-c44dde.json;probes_2025_20260804T144211-baf6e6.json;probes_2025_20260804T144857-a65442.json
floor_types,param,p.Export Type to IFC As,,,String,ok=45,0,ok,String,,,,2025,2026-08-04T14:03:14.300203,2026-08-04T14:48:57.764674,3,probes_2025_20260804T140314-c44dde.json;probes_2025_20260804T144211-baf6e6.json;probes_2025_20260804T144857-a65442.json
floor_types,param,p.FireRating,,,String,ok=6,0,ok,String,,,,2025,2026-08-04T14:48:57.764674,2026-08-04T14:48:57.764674,1,probes_2025_20260804T144857-a65442.json
floor_types,param,p.Function,,,Integer,ok=42,0,ok,Integer,0,Interior,0,2025,2026-08-04T14:03:14.300203,2026-08-04T14:48:57.764674,3,probes_2025_20260804T140314-c44dde.json;probes_2025_20260804T144211-baf6e6.json;probes_2025_20260804T144857-a65442.json
floor_types,param,p.Heat Transfer Coefficient (U),,,Double,ok=45,0,ok,Double,0.0,0.0000 BTU/(h·ft²·°F),0.0,2025,2026-08-04T14:03:14.300203,2026-08-04T14:48:57.764674,3,probes_2025_20260804T140314-c44dde.json;probes_2025_20260804T144211-baf6e6.json;probes_2025_20260804T144857-a65442.json
floor_types,param,p.IDENTIFICATION,,,String,ok=17,0,ok,String,FPT,FPT,FPT,2025,2026-08-04T14:03:14.300203,2026-08-04T14:03:14.300203,1,probes_2025_20260804T140314-c44dde.json
floor_types,param,p.KP_Equipment Code,,,String,ok=6,0,ok,String,,,,2025,2026-08-04T14:48:57.764674,2026-08-04T14:48:57.764674,1,probes_2025_20260804T144857-a65442.json
floor_types,param,p.KP_Equipment Code Description,,,String,ok=6,0,ok,String,,,,2025,2026-08-04T14:48:57.764674,2026-08-04T14:48:57.764674,1,probes_2025_20260804T144857-a65442.json
floor_types,param,p.Keynote,,,String,ok=45,0,ok,String,,,,2025,2026-08-04T14:03:14.300203,2026-08-04T14:48:57.764674,3,probes_2025_20260804T140314-c44dde.json;probes_2025_20260804T144211-baf6e6.json;probes_2025_20260804T144857-a65442.json
floor_types,param,p.Manufacturer,,,String,ok=45,0,ok,String,,,,2025,2026-08-04T14:03:14.300203,2026-08-04T14:48:57.764674,3,probes_2025_20260804T140314-c44dde.json;probes_2025_20260804T144211-baf6e6.json;probes_2025_20260804T144857-a65442.json
floor_types,param,p.Material Classification,,,String,ok=19,0,ok,String,,,,2025,2026-08-04T14:42:11.384534,2026-08-04T14:42:11.384534,1,probes_2025_20260804T144211-baf6e6.json
floor_types,param,p.Model,,,String,ok=45,0,ok,String,,,,2025,2026-08-04T14:03:14.300203,2026-08-04T14:48:57.764674,3,probes_2025_20260804T140314-c44dde.json;probes_2025_20260804T144211-baf6e6.json;probes_2025_20260804T144857-a65442.json
floor_types,param,p.Rep Contact Info,,,String,ok=19,0,ok,String,,,,2025,2026-08-04T14:42:11.384534,2026-08-04T14:42:11.384534,1,probes_2025_20260804T144211-baf6e6.json
floor_types,param,p.Revision,,,String,ok=20,0,ok,String,,,,2025,2026-08-04T14:42:11.384534,2026-08-04T14:42:11.384534,1,probes_2025_20260804T144211-baf6e6.json
floor_types,param,p.Roughness,,,Integer,ok=45,0,ok,Integer,1,1,1,2025,2026-08-04T14:03:14.300203,2026-08-04T14:48:57.764674,3,probes_2025_20260804T140314-c44dde.json;probes_2025_20260804T144211-baf6e6.json;probes_2025_20260804T144857-a65442.json
floor_types,param,p.Standards Mark,,,String,ok=18,0,ok,String,,,,2025,2026-08-04T14:03:14.300203,2026-08-04T14:03:14.300203,1,probes_2025_20260804T140314-c44dde.json
floor_types,param,p.Structural Material,,,ElementId,ok=45,0,ok,ElementId,,,,2025,2026-08-04T14:03:14.300203,2026-08-04T14:48:57.764674,3,probes_2025_20260804T140314-c44dde.json;probes_2025_20260804T144211-baf6e6.json;probes_2025_20260804T144857-a65442.json
floor_types,param,p.Structure,,,0,unsupported=45,0,unsupported,0,,,,2025,2026-08-04T14:03:14.300203,2026-08-04T14:48:57.764674,3,probes_2025_20260804T140314-c44dde.json;probes_2025_20260804T144211-baf6e6.json;probes_2025_20260804T144857-a65442.json
floor_types,param,p.Thermal Mass,,,Double,ok=45,0,ok,Double,0.0,0.0000 BTU/(ft²·°F),0.0,2025,2026-08-04T14:03:14.300203,2026-08-04T14:48:57.764674,3,probes_2025_20260804T140314-c44dde.json;probes_2025_20260804T144211-baf6e6.json;probes_2025_20260804T144857-a65442.json
floor_types,param,p.Thermal Resistance (R),,,Double,ok=45,0,ok,Double,0.0,0.0000 (h·ft²·°F)/BTU,0.0,2025,2026-08-04T14:03:14.300203,2026-08-04T14:48:57.764674,3,probes_2025_20260804T140314-c44dde.json;probes_2025_20260804T144211-baf6e6.json;probes_2025_20260804T144857-a65442.json
floor_types,param,p.Type Comments,,,String,ok=45,0,ok,String,,,,2025,2026-08-04T14:03:14.300203,2026-08-04T14:48:57.764674,3,probes_2025_20260804T140314-c44dde.json;probes_2025_20260804T144211-baf6e6.json;probes_2025_20260804T144857-a65442.json
floor_types,param,p.Type IFC Predefined Type,,,String,ok=45,0,ok,String,,,,2025,2026-08-04T14:03:14.300203,2026-08-04T14:48:57.764674,3,probes_2025_20260804T140314-c44dde.json;probes_2025_20260804T144211-baf6e6.json;probes_2025_20260804T144857-a65442.json
floor_types,param,p.Type IfcGUID,,,String,ok=45,0,ok,String,1AcheDdkj3xOU562Y$Blb6,1AcheDdkj3xOU562Y$Blb6,1AcheDdkj3xOU562Y$Blb6,2025,2026-08-04T14:03:14.300203,2026-08-04T14:48:57.764674,3,probes_2025_20260804T140314-c44dde.json;probes_2025_20260804T144211-baf6e6.json;probes_2025_20260804T144857-a65442.json
floor_types,param,p.Type Image,,,ElementId,ok=45,0,ok,ElementId,,,,2025,2026-08-04T14:03:14.300203,2026-08-04T14:48:57.764674,3,probes_2025_20260804T140314-c44dde.json;probes_2025_20260804T144211-baf6e6.json;probes_2025_20260804T144857-a65442.json
floor_types,param,p.Type Mark,,,String,ok=45,0,ok,String,,,,2025,2026-08-04T14:03:14.300203,2026-08-04T14:48:57.764674,3,probes_2025_20260804T140314-c44dde.json;probes_2025_20260804T144211-baf6e6.json;probes_2025_20260804T144857-a65442.json
floor_types,param,p.URL,,,String,ok=45,0,ok,String,,,,2025,2026-08-04T14:03:14.300203,2026-08-04T14:48:57.764674,3,probes_2025_20260804T140314-c44dde.json;probes_2025_20260804T144211-baf6e6.json;probes_2025_20260804T144857-a65442.json
floor_types,param,p.Workset,,,Integer,ok=45,0,ok,Integer,84,Foundation Slab Types,84,2025,2026-08-04T14:03:14.300203,2026-08-04T14:48:57.764674,3,probes_2025_20260804T140314-c44dde.json;probes_2025_20260804T144211-baf6e6.json;probes_2025_20260804T144857-a65442.json
floor_types,reflection,refl.CompoundStructure.CanSplitAndMergeRegionsBeUsed,method,CompoundStructure,,,3,ok,String,<method not invoked>,<method not invoked>,<method not invoked>,2025,2026-08-04T14:03:14.300203,2026-08-04T14:48:57.764674,3,probes_2025_20260804T140314-c44dde.json;probes_2025_20260804T144211-baf6e6.json;probes_2025_20260804T144857-a65442.json
floor_types,reflection,refl.CompoundStructure.CutoffHeight,property,CompoundStructure,,,0,,,,,,2025,2026-08-04T14:03:14.300203,2026-08-04T14:48:57.764674,3,probes_2025_20260804T140314-c44dde.json;probes_2025_20260804T144211-baf6e6.json;probes_2025_20260804T144857-a65442.json
floor_types,reflection,refl.CompoundStructure.EndCap,property,CompoundStructure,,,3,ok,Integer,3,3,3,2025,2026-08-04T14:03:14.300203,2026-08-04T14:48:57.764674,3,probes_2025_20260804T140314-c44dde.json;probes_2025_20260804T144211-baf6e6.json;probes_2025_20260804T144857-a65442.json
floor_types,reflection,refl.CompoundStructure.GetFirstCoreLayerIndex,method,CompoundStructure,,,3,ok,String,<method not invoked>,<method not invoked>,<method not invoked>,2025,2026-08-04T14:03:14.300203,2026-08-04T14:48:57.764674,3,probes_2025_20260804T140314-c44dde.json;probes_2025_20260804T144211-baf6e6.json;probes_2025_20260804T144857-a65442.json
floor_types,reflection,refl.CompoundStructure.GetLastCoreLayerIndex,method,CompoundStructure,,,3,ok,String,<method not invoked>,<method not invoked>,<method not invoked>,2025,2026-08-04T14:03:14.300203,2026-08-04T14:48:57.764674,3,probes_2025_20260804T140314-c44dde.json;probes_2025_20260804T144211-baf6e6.json;probes_2025_20260804T144857-a65442.json
floor_types,reflection,refl.CompoundStructure.GetLayers,method,CompoundStructure,,,3,ok,String,<method not invoked>,<method not invoked>,<method not invoked>,2025,2026-08-04T14:03:14.300203,2026-08-04T14:48:57.764674,3,probes_2025_20260804T140314-c44dde.json;probes_2025_20260804T144211-baf6e6.json;probes_2025_20260804T144857-a65442.json
floor_types,reflection,refl.CompoundStructure.GetMinimumLayerThickness,method,CompoundStructure,,,3,ok,String,<method not invoked>,<method not invoked>,<method not invoked>,2025,2026-08-04T14:03:14.300203,2026-08-04T14:48:57.764674,3,probes_2025_20260804T140314-c44dde.json;probes_2025_20260804T144211-baf6e6.json;probes_2025_20260804T144857-a65442.json
floor_types,reflection,refl.CompoundStructure.GetRegionIds,method,CompoundStructure,,,3,ok,String,<method not invoked>,<method not invoked>,<method not invoked>,2025,2026-08-04T14:03:14.300203,2026-08-04T14:48:57.764674,3,probes_2025_20260804T140314-c44dde.json;probes_2025_20260804T144211-baf6e6.json;probes_2025_20260804T144857-a65442.json
floor_types,reflection,refl.CompoundStructure.GetSegmentIds,method,CompoundStructure,,,3,ok,String,<method not invoked>,<method not invoked>,<method not invoked>,2025,2026-08-04T14:03:14.300203,2026-08-04T14:48:57.764674,3,probes_2025_20260804T140314-c44dde.json;probes_2025_20260804T144211-baf6e6.json;probes_2025_20260804T144857-a65442.json
floor_types,reflection,refl.CompoundStructure.GetWidth,method,CompoundStructure,,,3,ok,String,<method not invoked>,<method not invoked>,<method not invoked>,2025,2026-08-04T14:03:14.300203,2026-08-04T14:48:57.764674,3,probes_2025_20260804T140314-c44dde.json;probes_2025_20260804T144211-baf6e6.json;probes_2025_20260804T144857-a65442.json
floor_types,reflection,refl.CompoundStructure.HasStructuralDeck,property,CompoundStructure,,,5,ok,Integer,0,False,0,2025,2026-08-04T14:03:14.300203,2026-08-04T14:48:57.764674,3,probes_2025_20260804T140314-c44dde.json;probes_2025_20260804T144211-baf6e6.json;probes_2025_20260804T144857-a65442.json
floor_types,reflection,refl.CompoundStructure.IsEmpty,property,CompoundStructure,,,3,ok,Integer,0,False,0,2025,2026-08-04T14:03:14.300203,2026-08-04T14:48:57.764674,3,probes_2025_20260804T140314-c44dde.json;probes_2025_20260804T144211-baf6e6.json;probes_2025_20260804T144857-a65442.json
floor_types,reflection,refl.CompoundStructure.IsValidObject,property,CompoundStructure,,,3,ok,Integer,1,True,1,2025,2026-08-04T14:03:14.300203,2026-08-04T14:48:57.764674,3,probes_2025_20260804T140314-c44dde.json;probes_2025_20260804T144211-baf6e6.json;probes_2025_20260804T144857-a65442.json
floor_types,reflection,refl.CompoundStructure.IsVerticallyCompound,property,CompoundStructure,,,3,ok,Integer,0,False,0,2025,2026-08-04T14:03:14.300203,2026-08-04T14:48:57.764674,3,probes_2025_20260804T140314-c44dde.json;probes_2025_20260804T144211-baf6e6.json;probes_2025_20260804T144857-a65442.json
floor_types,reflection,refl.CompoundStructure.IsVerticallyHomogeneous,method,CompoundStructure,,,3,ok,String,<method not invoked>,<method not invoked>,<method not invoked>,2025,2026-08-04T14:03:14.300203,2026-08-04T14:48:57.764674,3,probes_2025_20260804T140314-c44dde.json;probes_2025_20260804T144211-baf6e6.json;probes_2025_20260804T144857-a65442.json
floor_types,reflection,refl.CompoundStructure.LayerCount,property,CompoundStructure,,,6,ok,Integer,1,1,1,2025,2026-08-04T14:03:14.300203,2026-08-04T14:48:57.764674,3,probes_2025_20260804T140314-c44dde.json;probes_2025_20260804T144211-baf6e6.json;probes_2025_20260804T144857-a65442.json
floor_types,reflection,refl.CompoundStructure.MinimumSampleHeight,property,CompoundStructure,,,3,ok,Double,0.0,0.0,0.0,2025,2026-08-04T14:03:14.300203,2026-08-04T14:48:57.764674,3,probes_2025_20260804T140314-c44dde.json;probes_2025_20260804T144211-baf6e6.json;probes_2025_20260804T144857-a65442.json
floor_types,reflection,refl.CompoundStructure.OpeningWrapping,property,CompoundStructure,,,3,ok,Integer,0,0,0,2025,2026-08-04T14:03:14.300203,2026-08-04T14:48:57.764674,3,probes_2025_20260804T140314-c44dde.json;probes_2025_20260804T144211-baf6e6.json;probes_2025_20260804T144857-a65442.json
floor_types,reflection,refl.CompoundStructure.SampleHeight,property,CompoundStructure,,,0,,,,,,2025,2026-08-04T14:03:14.300203,2026-08-04T14:48:57.764674,3,probes_2025_20260804T140314-c44dde.json;probes_2025_20260804T144211-baf6e6.json;probes_2025_20260804T144857-a65442.json
floor_types,reflection,refl.CompoundStructure.StructuralMaterialIndex,property,CompoundStructure,,,7,ok,Integer,0,0,0,2025,2026-08-04T14:03:14.300203,2026-08-04T14:48:57.764674,3,probes_2025_20260804T140314-c44dde.json;probes_2025_20260804T144211-baf6e6.json;probes_2025_20260804T144857-a65442.json
floor_types,reflection,refl.CompoundStructure.VariableLayerIndex,property,CompoundStructure,,,5,ok,Integer,-1,-1,-1,2025,2026-08-04T14:03:14.300203,2026-08-04T14:48:57.764674,3,probes_2025_20260804T140314-c44dde.json;probes_2025_20260804T144211-baf6e6.json;probes_2025_20260804T144857-a65442.json
floor_types,reflection,refl.CompoundStructureLayer.DeckEmbeddingType,property,CompoundStructureLayer,,,6,ok,Integer,-1,-1,-1,2025,2026-08-04T14:03:14.300203,2026-08-04T14:48:57.764674,3,probes_2025_20260804T140314-c44dde.json;probes_2025_20260804T144211-baf6e6.json;probes_2025_20260804T144857-a65442.json
floor_types,reflection,refl.CompoundStructureLayer.DeckProfileId,property,CompoundStructureLayer,,,7,ok,ElementId,-1,-1,-1,2025,2026-08-04T14:03:14.300203,2026-08-04T14:48:57.764674,3,probes_2025_20260804T140314-c44dde.json;probes_2025_20260804T144211-baf6e6.json;probes_2025_20260804T144857-a65442.json
floor_types,reflection,refl.CompoundStructureLayer.Function,property,CompoundStructureLayer,,,9,ok,Integer,1,1,1,2025,2026-08-04T14:03:14.300203,2026-08-04T14:48:57.764674,3,probes_2025_20260804T140314-c44dde.json;probes_2025_20260804T144211-baf6e6.json;probes_2025_20260804T144857-a65442.json
floor_types,reflection,refl.CompoundStructureLayer.IsValidObject,property,CompoundStructureLayer,,,3,ok,Integer,1,True,1,2025,2026-08-04T14:03:14.300203,2026-08-04T14:48:57.764674,3,probes_2025_20260804T140314-c44dde.json;probes_2025_20260804T144211-baf6e6.json;probes_2025_20260804T144857-a65442.json
floor_types,reflection,refl.CompoundStructureLayer.LayerCapFlag,property,CompoundStructureLayer,,,3,ok,Integer,1,True,1,2025,2026-08-04T14:03:14.300203,2026-08-04T14:48:57.764674,3,probes_2025_20260804T140314-c44dde.json;probes_2025_20260804T144211-baf6e6.json;probes_2025_20260804T144857-a65442.json
floor_types,reflection,refl.CompoundStructureLayer.LayerId,property,CompoundStructureLayer,,,6,ok,Integer,0,0,0,2025,2026-08-04T14:03:14.300203,2026-08-04T14:48:57.764674,3,probes_2025_20260804T140314-c44dde.json;probes_2025_20260804T144211-baf6e6.json;probes_2025_20260804T144857-a65442.json
floor_types,reflection,refl.CompoundStructureLayer.MaterialId,property,CompoundStructureLayer,,,40,ok,ElementId,-1,-1,-1,2025,2026-08-04T14:03:14.300203,2026-08-04T14:48:57.764674,3,probes_2025_20260804T140314-c44dde.json;probes_2025_20260804T144211-baf6e6.json;probes_2025_20260804T144857-a65442.json
floor_types,reflection,refl.CompoundStructureLayer.Width,property,CompoundStructureLayer,,,30,ok,Double,0.5,0.5,0.5,2025,2026-08-04T14:03:14.300203,2026-08-04T14:48:57.764674,3,probes_2025_20260804T140314-c44dde.json;probes_2025_20260804T144211-baf6e6.json;probes_2025_20260804T144857-a65442.json
floor_types,reflection,refl.FloorType.ArePhasesModifiable,method,FloorType,,,3,ok,String,<method not invoked>,<method not invoked>,<method not invoked>,2025,2026-08-04T14:03:14.300203,2026-08-04T14:48:57.764674,3,probes_2025_20260804T140314-c44dde.json;probes_2025_20260804T144211-baf6e6.json;probes_2025_20260804T144857-a65442.json
floor_types,reflection,refl.FloorType.AssemblyInstanceId,property,FloorType,,,3,ok,ElementId,-1,-1,-1,2025,2026-08-04T14:03:14.300203,2026-08-04T14:48:57.764674,3,probes_2025_20260804T140314-c44dde.json;probes_2025_20260804T144211-baf6e6.json;probes_2025_20260804T144857-a65442.json
floor_types,reflection,refl.FloorType.CanBeCopied,property,FloorType,,,3,ok,Integer,1,True,1,2025,2026-08-04T14:03:14.300203,2026-08-04T14:48:57.764674,3,probes_2025_20260804T140314-c44dde.json;probes_2025_20260804T144211-baf6e6.json;probes_2025_20260804T144857-a65442.json
floor_types,reflection,refl.FloorType.CanBeDeleted,property,FloorType,,,3,ok,Integer,1,True,1,2025,2026-08-04T14:03:14.300203,2026-08-04T14:48:57.764674,3,probes_2025_20260804T140314-c44dde.json;probes_2025_20260804T144211-baf6e6.json;probes_2025_20260804T144857-a65442.json
floor_types,reflection,refl.FloorType.CanBeLocked,method,FloorType,,,3,ok,String,<method not invoked>,<method not invoked>,<method not invoked>,2025,2026-08-04T14:03:14.300203,2026-08-04T14:48:57.764674,3,probes_2025_20260804T140314-c44dde.json;probes_2025_20260804T144211-baf6e6.json;probes_2025_20260804T144857-a65442.json
floor_types,reflection,refl.FloorType.CanBeRenamed,property,FloorType,,,3,ok,Integer,1,True,1,2025,2026-08-04T14:03:14.300203,2026-08-04T14:48:57.764674,3,probes_2025_20260804T140314-c44dde.json;probes_2025_20260804T144211-baf6e6.json;probes_2025_20260804T144857-a65442.json
floor_types,reflection,refl.FloorType.CanHaveTypeAssigned,method,FloorType,,,3,ok,String,<method not invoked>,<method not invoked>,<method not invoked>,2025,2026-08-04T14:03:14.300203,2026-08-04T14:48:57.764674,3,probes_2025_20260804T140314-c44dde.json;probes_2025_20260804T144211-baf6e6.json;probes_2025_20260804T144857-a65442.json
floor_types,reflection,refl.FloorType.Category,property,FloorType,,,3,unsupported,None,,,,2025,2026-08-04T14:03:14.300203,2026-08-04T14:48:57.764674,3,probes_2025_20260804T140314-c44dde.json;probes_2025_20260804T144211-baf6e6.json;probes_2025_20260804T144857-a65442.json
floor_types,reflection,refl.FloorType.CreatedPhaseId,property,FloorType,,,3,ok,ElementId,-1,-1,-1,2025,2026-08-04T14:03:14.300203,2026-08-04T14:48:57.764674,3,probes_2025_20260804T140314-c44dde.json;probes_2025_20260804T144211-baf6e6.json;probes_2025_20260804T144857-a65442.json
floor_types,reflection,refl.FloorType.DemolishedPhaseId,property,FloorType,,,3,ok,ElementId,-1,-1,-1,2025,2026-08-04T14:03:14.300203,2026-08-04T14:48:57.764674,3,probes_2025_20260804T140314-c44dde.json;probes_2025_20260804T144211-baf6e6.json;probes_2025_20260804T144857-a65442.json
floor_types,reflection,refl.FloorType.DesignOption,property,FloorType,,,3,missing,None,,,,2025,2026-08-04T14:03:14.300203,2026-08-04T14:48:57.764674,3,probes_2025_20260804T140314-c44dde.json;probes_2025_20260804T144211-baf6e6.json;probes_2025_20260804T144857-a65442.json
floor_types,reflection,refl.FloorType.Document,property,FloorType,,,3,unsupported,None,,,,2025,2026-08-04T14:03:14.300203,2026-08-04T14:48:57.764674,3,probes_2025_20260804T140314-c44dde.json;probes_2025_20260804T144211-baf6e6.json;probes_2025_20260804T144857-a65442.json
floor_types,reflection,refl.FloorType.EvaluateAllParameterValues,method,FloorType,,,3,ok,String,<method not invoked>,<method not invoked>,<method not invoked>,2025,2026-08-04T14:03:14.300203,2026-08-04T14:48:57.764674,3,probes_2025_20260804T140314-c44dde.json;probes_2025_20260804T144211-baf6e6.json;probes_2025_20260804T144857-a65442.json
floor_types,reflection,refl.FloorType.FamilyName,property,FloorType,,,6,ok,String,Foundation Slab,Foundation Slab,Foundation Slab,2025,2026-08-04T14:03:14.300203,2026-08-04T14:48:57.764674,3,probes_2025_20260804T140314-c44dde.json;probes_2025_20260804T144211-baf6e6.json;probes_2025_20260804T144857-a65442.json
floor_types,reflection,refl.FloorType.GetCompoundStructure,method,FloorType,,,3,ok,String,<method not invoked>,<method not invoked>,<method not invoked>,2025,2026-08-04T14:03:14.300203,2026-08-04T14:48:57.764674,3,probes_2025_20260804T140314-c44dde.json;probes_2025_20260804T144211-baf6e6.json;probes_2025_20260804T144857-a65442.json
floor_types,reflection,refl.FloorType.GetEntitySchemaGuids,method,FloorType,,,3,ok,String,<method not invoked>,<method not invoked>,<method not invoked>,2025,2026-08-04T14:03:14.300203,2026-08-04T14:48:57.764674,3,probes_2025_20260804T140314-c44dde.json;probes_2025_20260804T144211-baf6e6.json;probes_2025_20260804T144857-a65442.json
floor_types,reflection,refl.FloorType.GetExternalFileReference,method,FloorType,,,3,ok,String,<method not invoked>,<method not invoked>,<method not invoked>,2025,2026-08-04T14:03:14.300203,2026-08-04T14:48:57.764674,3,probes_2025_20260804T140314-c44dde.json;probes_2025_20260804T144211-baf6e6.json;probes_2025_20260804T144857-a65442.json
floor_types,reflection,refl.FloorType.GetExternalResourceReferences,method,FloorType,,,3,ok,String,<method not invoked>,<method not invoked>,<method not invoked>,2025,2026-08-04T14:03:14.300203,2026-08-04T14:48:57.764674,3,probes_2025_20260804T140314-c44dde.json;probes_2025_20260804T144211-baf6e6.json;probes_2025_20260804T144857-a65442.json
floor_types,reflection,refl.FloorType.GetExternalResourceReferencesExpanded,method,FloorType,,,3,ok,String,<method not invoked>,<method not invoked>,<method not invoked>,2025,2026-08-04T14:03:14.300203,2026-08-04T14:48:57.764674,3,probes_2025_20260804T140314-c44dde.json;probes_2025_20260804T144211-baf6e6.json;probes_2025_20260804T144857-a65442.json
floor_types,reflection,refl.FloorType.GetMonitoredLinkElementIds,method,FloorType,,,3,ok,String,<method not invoked>,<method not invoked>,<method not invoked>,2025,2026-08-04T14:03:14.300203,2026-08-04T14:48:57.764674,3,probes_2025_20260804T140314-c44dde.json;probes_2025_20260804T144211-baf6e6.json;probes_2025_20260804T144857-a65442.json
floor_types,reflection,refl.FloorType.GetMonitoredLocalElementIds,method,FloorType,,,3,ok,String,<method not invoked>,<method not invoked>,<method not invoked>,2025,2026-08-04T14:03:14.300203,2026-08-04T14:48:57.764674,3,probes_2025_20260804T140314-c44dde.json;probes_2025_20260804T144211-baf6e6.json;probes_2025_20260804T144857-a65442.json
floor_types,reflection,refl.FloorType.GetOrderedParameters,method,FloorType,,,3,ok,String,<method not invoked>,<method not invoked>,<method not invoked>,2025,2026-08-04T14:03:14.300203,2026-08-04T14:48:57.764674,3,probes_2025_20260804T140314-c44dde.json;probes_2025_20260804T144211-baf6e6.json;probes_2025_20260804T144857-a65442.json
floor_types,reflection,refl.FloorType.GetSimilarTypes,method,FloorType,,,3,ok,String,<method not invoked>,<method not invoked>,<method not invoked>,2025,2026-08-04T14:03:14.300203,2026-08-04T14:48:57.764674,3,probes_2025_20260804T140314-c44dde.json;probes_2025_20260804T144211-baf6e6.json;probes_2025_20260804T144857-a65442.json
floor_types,reflection,refl.FloorType.GetSubelements,method,FloorType,,,3,ok,String,<method not invoked>,<method not invoked>,<method not invoked>,2025,2026-08-04T14:03:14.300203,2026-08-04T14:48:57.764674,3,probes_2025_20260804T140314-c44dde.json;probes_2025_20260804T144211-baf6e6.json;probes_2025_20260804T144857-a65442.json
floor_types,reflection,refl.FloorType.GetTypeId,method,FloorType,,,3,ok,String,<method not invoked>,<method not invoked>,<method not invoked>,2025,2026-08-04T14:03:14.300203,2026-08-04T14:48:57.764674,3,probes_2025_20260804T140314-c44dde.json;probes_2025_20260804T144211-baf6e6.json;probes_2025_20260804T144857-a65442.json
floor_types,reflection,refl.FloorType.GetValidTypes,method,FloorType,,,3,ok,String,<method not invoked>,<method not invoked>,<method not invoked>,2025,2026-08-04T14:03:14.300203,2026-08-04T14:48:57.764674,3,probes_2025_20260804T140314-c44dde.json;probes_2025_20260804T144211-baf6e6.json;probes_2025_20260804T144857-a65442.json
floor_types,reflection,refl.FloorType.GroupId,property,FloorType,,,3,ok,ElementId,-1,-1,-1,2025,2026-08-04T14:03:14.300203,2026-08-04T14:48:57.764674,3,probes_2025_20260804T140314-c44dde.json;probes_2025_20260804T144211-baf6e6.json;probes_2025_20260804T144857-a65442.json
floor_types,reflection,refl.FloorType.HasPhases,method,FloorType,,,3,ok,String,<method not invoked>,<method not invoked>,<method not invoked>,2025,2026-08-04T14:03:14.300203,2026-08-04T14:48:57.764674,3,probes_2025_20260804T140314-c44dde.json;probes_2025_20260804T144211-baf6e6.json;probes_2025_20260804T144857-a65442.json
floor_types,reflection,refl.FloorType.Id,property,FloorType,,,45,ok,ElementId,117725,117725,117725,2025,2026-08-04T14:03:14.300203,2026-08-04T14:48:57.764674,3,probes_2025_20260804T140314-c44dde.json;probes_2025_20260804T144211-baf6e6.json;probes_2025_20260804T144857-a65442.json
floor_types,reflection,refl.FloorType.IsExternalFileReference,method,FloorType,,,3,ok,String,<method not invoked>,<method not invoked>,<method not invoked>,2025,2026-08-04T14:03:14.300203,2026-08-04T14:48:57.764674,3,probes_2025_20260804T140314-c44dde.json;probes_2025_20260804T144211-baf6e6.json;probes_2025_20260804T144857-a65442.json
floor_types,reflection,refl.FloorType.IsFoundationSlab,property,FloorType,,,6,ok,Integer,1,True,1,2025,2026-08-04T14:03:14.300203,2026-08-04T14:48:57.764674,3,probes_2025_20260804T140314-c44dde.json;probes_2025_20260804T144211-baf6e6.json;probes_2025_20260804T144857-a65442.json
floor_types,reflection,refl.FloorType.IsModifiable,property,FloorType,,,3,ok,Integer,1,True,1,2025,2026-08-04T14:03:14.300203,2026-08-04T14:48:57.764674,3,probes_2025_20260804T140314-c44dde.json;probes_2025_20260804T144211-baf6e6.json;probes_2025_20260804T144857-a65442.json
floor_types,reflection,refl.FloorType.IsMonitoringLinkElement,method,FloorType,,,3,ok,String,<method not invoked>,<method not invoked>,<method not invoked>,2025,2026-08-04T14:03:14.300203,2026-08-04T14:48:57.764674,3,probes_2025_20260804T140314-c44dde.json;probes_2025_20260804T144211-baf6e6.json;probes_2025_20260804T144857-a65442.json
floor_types,reflection,refl.FloorType.IsMonitoringLocalElement,method,FloorType,,,3,ok,String,<method not invoked>,<method not invoked>,<method not invoked>,2025,2026-08-04T14:03:14.300203,2026-08-04T14:48:57.764674,3,probes_2025_20260804T140314-c44dde.json;probes_2025_20260804T144211-baf6e6.json;probes_2025_20260804T144857-a65442.json
floor_types,reflection,refl.FloorType.IsTransient,property,FloorType,,,3,ok,Integer,0,False,0,2025,2026-08-04T14:03:14.300203,2026-08-04T14:48:57.764674,3,probes_2025_20260804T140314-c44dde.json;probes_2025_20260804T144211-baf6e6.json;probes_2025_20260804T144857-a65442.json
floor_types,reflection,refl.FloorType.IsValidObject,property,FloorType,,,3,ok,Integer,1,True,1,2025,2026-08-04T14:03:14.300203,2026-08-04T14:48:57.764674,3,probes_2025_20260804T140314-c44dde.json;probes_2025_20260804T144211-baf6e6.json;probes_2025_20260804T144857-a65442.json
floor_types,reflection,refl.FloorType.LevelId,property,FloorType,,,3,ok,ElementId,-1,-1,-1,2025,2026-08-04T14:03:14.300203,2026-08-04T14:48:57.764674,3,probes_2025_20260804T140314-c44dde.json;probes_2025_20260804T144211-baf6e6.json;probes_2025_20260804T144857-a65442.json
floor_types,reflection,refl.FloorType.Location,property,FloorType,,,3,missing,None,,,,2025,2026-08-04T14:03:14.300203,2026-08-04T14:48:57.764674,3,probes_2025_20260804T140314-c44dde.json;probes_2025_20260804T144211-baf6e6.json;probes_2025_20260804T144857-a65442.json
floor_types,reflection,refl.FloorType.Name,property,FloorType,,,0,,,,,,2025,2026-08-04T14:03:14.300203,2026-08-04T14:48:57.764674,3,probes_2025_20260804T140314-c44dde.json;probes_2025_20260804T144211-baf6e6.json;probes_2025_20260804T144857-a65442.json
floor_types,reflection,refl.FloorType.OwnerViewId,property,FloorType,,,3,ok,ElementId,-1,-1,-1,2025,2026-08-04T14:03:14.300203,2026-08-04T14:48:57.764674,3,probes_2025_20260804T140314-c44dde.json;probes_2025_20260804T144211-baf6e6.json;probes_2025_20260804T144857-a65442.json
floor_types,reflection,refl.FloorType.Parameters,property,FloorType,,,3,unsupported,None,,,,2025,2026-08-04T14:03:14.300203,2026-08-04T14:48:57.764674,3,probes_2025_20260804T140314-c44dde.json;probes_2025_20260804T144211-baf6e6.json;probes_2025_20260804T144857-a65442.json
floor_types,reflection,refl.FloorType.ParametersMap,property,FloorType,,,3,unsupported,None,,,,2025,2026-08-04T14:03:14.300203,2026-08-04T14:48:57.764674,3,probes_2025_20260804T140314-c44dde.json;probes_2025_20260804T144211-baf6e6.json;probes_2025_20260804T144857-a65442.json
floor_types,reflection,refl.FloorType.Pinned,property,FloorType,,,3,ok,Integer,0,False,0,2025,2026-08-04T14:03:14.300203,2026-08-04T14:48:57.764674,3,probes_2025_20260804T140314-c44dde.json;probes_2025_20260804T144211-baf6e6.json;probes_2025_20260804T144857-a65442.json
floor_types,reflection,refl.FloorType.RefersToExternalResourceReferences,method,FloorType,,,3,ok,String,<method not invoked>,<method not invoked>,<method not invoked>,2025,2026-08-04T14:03:14.300203,2026-08-04T14:48:57.764674,3,probes_2025_20260804T140314-c44dde.json;probes_2025_20260804T144211-baf6e6.json;probes_2025_20260804T144857-a65442.json
floor_types,reflection,refl.FloorType.StructuralMaterialId,property,FloorType,,,31,ok,ElementId,-1,-1,-1,2025,2026-08-04T14:03:14.300203,2026-08-04T14:48:57.764674,3,probes_2025_20260804T140314-c44dde.json;probes_2025_20260804T144211-baf6e6.json;probes_2025_20260804T144857-a65442.json
floor_types,reflection,refl.FloorType.ThermalProperties,property,FloorType,,,3,unsupported,None,,,,2025,2026-08-04T14:03:14.300203,2026-08-04T14:48:57.764674,3,probes_2025_20260804T140314-c44dde.json;probes_2025_20260804T144211-baf6e6.json;probes_2025_20260804T144857-a65442.json
floor_types,reflection,refl.FloorType.UniqueId,property,FloorType,,,45,ok,String,4a9aba0d-9eeb-43ed-8785-1828bf2f329b-0001cbdd,4a9aba0d-9eeb-43ed-8785-1828bf2f329b-0001cbdd,4a9aba0d-9eeb-43ed-8785-1828bf2f329b-0001cbdd,2025,2026-08-04T14:03:14.300203,2026-08-04T14:48:57.764674,3,probes_2025_20260804T140314-c44dde.json;probes_2025_20260804T144211-baf6e6.json;probes_2025_20260804T144857-a65442.json
floor_types,reflection,refl.FloorType.VersionGuid,property,FloorType,,,16,ok,None,,59c17d6e-2868-4486-9c62-cc9167dbdfa0,59c17d6e-2868-4486-9c62-cc9167dbdfa0,2025,2026-08-04T14:03:14.300203,2026-08-04T14:48:57.764674,3,probes_2025_20260804T140314-c44dde.json;probes_2025_20260804T144211-baf6e6.json;probes_2025_20260804T144857-a65442.json
floor_types,reflection,refl.FloorType.ViewSpecific,property,FloorType,,,3,ok,Integer,0,False,0,2025,2026-08-04T14:03:14.300203,2026-08-04T14:48:57.764674,3,probes_2025_20260804T140314-c44dde.json;probes_2025_20260804T144211-baf6e6.json;probes_2025_20260804T144857-a65442.json
floor_types,reflection,refl.FloorType.WorksetId,property,FloorType,,,6,ok,ElementId,84,84,84,2025,2026-08-04T14:03:14.300203,2026-08-04T14:48:57.764674,3,probes_2025_20260804T140314-c44dde.json;probes_2025_20260804T144211-baf6e6.json;probes_2025_20260804T144857-a65442.json
identity,param,app.username,,,String,missing=0;ok=3;unreadable=0;unsupported=0,0,ok,String,Greg.McDowellJr,Greg.McDowellJr,Greg.McDowellJr,2025,2026-08-04T14:03:14.300203,2026-08-04T14:48:57.764674,3,probes_2025_20260804T140314-c44dde.json;probes_2025_20260804T144211-baf6e6.json;probes_2025_20260804T144857-a65442.json
identity,param,app.version_build,,,String,missing=0;ok=3;unreadable=0;unsupported=0,0,ok,String,25.4.41.14,25.4.41.14,25.4.41.14,2025,2026-08-04T14:03:14.300203,2026-08-04T14:48:57.764674,3,probes_2025_20260804T140314-c44dde.json;probes_2025_20260804T144211-baf6e6.json;probes_2025_20260804T144857-a65442.json
identity,param,app.version_name,,,String,missing=0;ok=3;unreadable=0;unsupported=0,0,ok,String,Autodesk Revit 2025,Autodesk Revit 2025,Autodesk Revit 2025,2025,2026-08-04T14:03:14.300203,2026-08-04T14:48:57.764674,3,probes_2025_20260804T140314-c44dde.json;probes_2025_20260804T144211-baf6e6.json;probes_2025_20260804T144857-a65442.json
identity,param,app.version_number,,,String,missing=0;ok=3;unreadable=0;unsupported=0,0,ok,String,2025,2025,2025,2025,2026-08-04T14:03:14.300203,2026-08-04T14:48:57.764674,3,probes_2025_20260804T140314-c44dde.json;probes_2025_20260804T144211-baf6e6.json;probes_2025_20260804T144857-a65442.json
identity,param,doc.central_path,,,String,missing=0;ok=3;unreadable=0;unsupported=0,0,ok,String,C:\Users\gmcdowell\Downloads\FVOT_ BLDG 1_ Arch25.rvt,C:\Users\gmcdowell\Downloads\FVOT_ BLDG 1_ Arch25.rvt,C:\Users\gmcdowell\Downloads\FVOT_ BLDG 1_ Arch25.rvt,2025,2026-08-04T14:03:14.300203,2026-08-04T14:48:57.764674,3,probes_2025_20260804T140314-c44dde.json;probes_2025_20260804T144211-baf6e6.json;probes_2025_20260804T144857-a65442.json
identity,param,doc.is_workshared,,,Integer,missing=0;ok=3;unreadable=0;unsupported=0,0,ok,Integer,1,True,1,2025,2026-08-04T14:03:14.300203,2026-08-04T14:48:57.764674,3,probes_2025_20260804T140314-c44dde.json;probes_2025_20260804T144211-baf6e6.json;probes_2025_20260804T144857-a65442.json
identity,param,doc.path_name,,,String,missing=0;ok=3;unreadable=0;unsupported=0,0,ok,String,C:\Users\Public\Documents\Local_Revit_Files\FVOT_ BLDG 1_ Arch25_Greg.McDowellJr.rvt,C:\Users\Public\Documents\Local_Revit_Files\FVOT_ BLDG 1_ Arch25_Greg.McDowellJr.rvt,C:\Users\Public\Documents\Local_Revit_Files\FVOT_ BLDG 1_ Arch25_Greg.McDowellJr.rvt,2025,2026-08-04T14:03:14.300203,2026-08-04T14:48:57.764674,3,probes_2025_20260804T140314-c44dde.json;probes_2025_20260804T144211-baf6e6.json;probes_2025_20260804T144857-a65442.json
identity,param,doc.title,,,String,missing=0;ok=3;unreadable=0;unsupported=0,0,ok,String,FVOT_ BLDG 1_ Arch25_Greg.McDowellJr,FVOT_ BLDG 1_ Arch25_Greg.McDowellJr,FVOT_ BLDG 1_ Arch25_Greg.McDowellJr,2025,2026-08-04T14:03:14.300203,2026-08-04T14:48:57.764674,3,probes_2025_20260804T140314-c44dde.json;probes_2025_20260804T144211-baf6e6.json;probes_2025_20260804T144857-a65442.json
identity,param,project_info.element_id,,,Integer,missing=0;ok=3;unreadable=0;unsupported=0,0,ok,Integer,76675,76675,76675,2025,2026-08-04T14:03:14.300203,2026-08-04T14:48:57.764674,3,probes_2025_20260804T140314-c44dde.json;probes_2025_20260804T144211-baf6e6.json;probes_2025_20260804T144857-a65442.json
identity,param,project_info.name,,,String,missing=0;ok=3;unreadable=0;unsupported=0,0,ok,String,FRIENDSHIP VILLAGE TEMPE - IL APARTMENTS,FRIENDSHIP VILLAGE TEMPE - IL APARTMENTS,FRIENDSHIP VILLAGE TEMPE - IL APARTMENTS,2025,2026-08-04T14:03:14.300203,2026-08-04T14:48:57.764674,3,probes_2025_20260804T140314-c44dde.json;probes_2025_20260804T144211-baf6e6.json;probes_2025_20260804T144857-a65442.json
identity,param,project_info.p.AreaCalculationInternationalBuildNumber,,,String,missing=0;ok=1;unreadable=0;unsupported=0,0,ok,String,ZgA=BAAAAA==2016BgFlAAAAAQgAAAABAQAAAAYBZAAAAAHgBwAABAQAAAABigMAAAcH0,ZgA=BAAAAA==2016BgFlAAAAAQgAAAABAQAAAAYBZAAAAAHgBwAABAQAAAABigMAAAcH0,ZgA=BAAAAA==2016BgFlAAAAAQgAAAABAQAAAAYBZAAAAAHgBwAABAQAAAABigMAAAcH0,2025,2026-08-04T14:03:14.300203,2026-08-04T14:03:14.300203,1,probes_2025_20260804T140314-c44dde.json
identity,param,project_info.p.Author,,,String,missing=0;ok=3;unreadable=0;unsupported=0,0,ok,String,,,,2025,2026-08-04T14:03:14.300203,2026-08-04T14:48:57.764674,3,probes_2025_20260804T140314-c44dde.json;probes_2025_20260804T144211-baf6e6.json;probes_2025_20260804T144857-a65442.json
identity,param,project_info.p.Building Name,,,String,missing=0;ok=3;unreadable=0;unsupported=0,0,ok,String,BUILDING NAME,BUILDING NAME,BUILDING NAME,2025,2026-08-04T14:03:14.300203,2026-08-04T14:48:57.764674,3,probes_2025_20260804T140314-c44dde.json;probes_2025_20260804T144211-baf6e6.json;probes_2025_20260804T144857-a65442.json
identity,param,project_info.p.Client Name,,,String,missing=0;ok=3;unreadable=0;unsupported=0,0,ok,String,Owner,Owner,Owner,2025,2026-08-04T14:03:14.300203,2026-08-04T14:48:57.764674,3,probes_2025_20260804T140314-c44dde.json;probes_2025_20260804T144211-baf6e6.json;probes_2025_20260804T144857-a65442.json
identity,param,project_info.p.Comments_ Varies by Group,,,String,missing=0;ok=1;unreadable=0;unsupported=0,0,ok,String,,,,2025,2026-08-04T14:03:14.300203,2026-08-04T14:03:14.300203,1,probes_2025_20260804T140314-c44dde.json
identity,param,project_info.p.Comments_Vary by Group,,,String,missing=0;ok=1;unreadable=0;unsupported=0,0,ok,String,,,,2025,2026-08-04T14:03:14.300203,2026-08-04T14:03:14.300203,1,probes_2025_20260804T140314-c44dde.json
identity,param,project_info.p.Design Option,,,String,missing=0;ok=1;unreadable=0;unsupported=0,0,ok,String,Main Model,Main Model,Main Model,2025,2026-08-04T14:03:14.300203,2026-08-04T14:03:14.300203,1,probes_2025_20260804T140314-c44dde.json
identity,param,project_info.p.Edited by,,,String,missing=0;ok=3;unreadable=0;unsupported=0,0,ok,String,Greg.McDowellJr,Greg.McDowellJr,Greg.McDowellJr,2025,2026-08-04T14:03:14.300203,2026-08-04T14:48:57.764674,3,probes_2025_20260804T140314-c44dde.json;probes_2025_20260804T144211-baf6e6.json;probes_2025_20260804T144857-a65442.json
identity,param,project_info.p.EganBIM_VN_Disable,,,String,missing=0;ok=1;unreadable=0;unsupported=0,0,ok,String,,,,2025,2026-08-04T14:03:14.300203,2026-08-04T14:03:14.300203,1,probes_2025_20260804T140314-c44dde.json
identity,param,project_info.p.Group Type Mark,,,String,missing=0;ok=1;unreadable=0;unsupported=0,0,ok,String,,,,2025,2026-08-04T14:03:14.300203,2026-08-04T14:03:14.300203,1,probes_2025_20260804T140314-c44dde.json
identity,param,project_info.p.IfcBuilding GUID,,,String,missing=0;ok=3;unreadable=0;unsupported=0,0,ok,String,,,,2025,2026-08-04T14:03:14.300203,2026-08-04T14:48:57.764674,3,probes_2025_20260804T140314-c44dde.json;probes_2025_20260804T144211-baf6e6.json;probes_2025_20260804T144857-a65442.json
identity,param,project_info.p.IfcProject GUID,,,String,missing=0;ok=3;unreadable=0;unsupported=0,0,ok,String,,,,2025,2026-08-04T14:03:14.300203,2026-08-04T14:48:57.764674,3,probes_2025_20260804T140314-c44dde.json;probes_2025_20260804T144211-baf6e6.json;probes_2025_20260804T144857-a65442.json
identity,param,project_info.p.IfcSite GUID,,,String,missing=0;ok=3;unreadable=0;unsupported=0,0,ok,String,,,,2025,2026-08-04T14:03:14.300203,2026-08-04T14:48:57.764674,3,probes_2025_20260804T140314-c44dde.json;probes_2025_20260804T144211-baf6e6.json;probes_2025_20260804T144857-a65442.json
identity,param,project_info.p.In Unit Cloud,,,String,missing=0;ok=1;unreadable=0;unsupported=0,0,ok,String,,,,2025,2026-08-04T14:03:14.300203,2026-08-04T14:03:14.300203,1,probes_2025_20260804T140314-c44dde.json
identity,param,project_info.p.Length Unit Converter,,,Double,missing=0;ok=1;unreadable=0;unsupported=0,0,ok,Double,0.0,,0.0,2025,2026-08-04T14:03:14.300203,2026-08-04T14:03:14.300203,1,probes_2025_20260804T140314-c44dde.json
identity,param,project_info.p.Office,,,String,missing=0;ok=2;unreadable=0;unsupported=0,0,ok,String,Philadelphia PA,Philadelphia PA,Philadelphia PA,2025,2026-08-04T14:42:11.384534,2026-08-04T14:48:57.764674,2,probes_2025_20260804T144211-baf6e6.json;probes_2025_20260804T144857-a65442.json
identity,param,project_info.p.Office Address Line 1,,,String,missing=0;ok=2;unreadable=0;unsupported=0,0,ok,String,1779,1779,1779,2025,2026-08-04T14:42:11.384534,2026-08-04T14:48:57.764674,2,probes_2025_20260804T144211-baf6e6.json;probes_2025_20260804T144857-a65442.json
identity,param,project_info.p.Office Address Line 2,,,String,missing=0;ok=2;unreadable=0;unsupported=0,0,ok,String,,,,2025,2026-08-04T14:42:11.384534,2026-08-04T14:48:57.764674,2,probes_2025_20260804T144211-baf6e6.json;probes_2025_20260804T144857-a65442.json
identity,param,project_info.p.Office Address Line 3,,,String,missing=0;ok=2;unreadable=0;unsupported=0,0,ok,String,,,,2025,2026-08-04T14:42:11.384534,2026-08-04T14:48:57.764674,2,probes_2025_20260804T144211-baf6e6.json;probes_2025_20260804T144857-a65442.json
identity,param,project_info.p.Office Address Line 4,,,String,missing=0;ok=2;unreadable=0;unsupported=0,0,ok,String,,,,2025,2026-08-04T14:42:11.384534,2026-08-04T14:48:57.764674,2,probes_2025_20260804T144211-baf6e6.json;probes_2025_20260804T144857-a65442.json
identity,param,project_info.p.Office City,,,String,missing=0;ok=2;unreadable=0;unsupported=0,0,ok,String,San Francisco,San Francisco,San Francisco,2025,2026-08-04T14:42:11.384534,2026-08-04T14:48:57.764674,2,probes_2025_20260804T144211-baf6e6.json;probes_2025_20260804T144857-a65442.json
identity,param,project_info.p.Office Country,,,String,missing=0;ok=2;unreadable=0;unsupported=0,0,ok,String,United States,United States,United States,2025,2026-08-04T14:42:11.384534,2026-08-04T14:48:57.764674,2,probes_2025_20260804T144211-baf6e6.json;probes_2025_20260804T144857-a65442.json
identity,param,project_info.p.Office Fax,,,String,missing=0;ok=2;unreadable=0;unsupported=0,0,ok,String,(215) 665-7001,(215) 665-7001,(215) 665-7001,2025,2026-08-04T14:42:11.384534,2026-08-04T14:48:57.764674,2,probes_2025_20260804T144211-baf6e6.json;probes_2025_20260804T144857-a65442.json
identity,param,project_info.p.Office Legal Entity,,,String,missing=0;ok=2;unreadable=0;unsupported=0,0,ok,String,Stantec Consulting Services Inc.,Stantec Consulting Services Inc.,Stantec Consulting Services Inc.,2025,2026-08-04T14:42:11.384534,2026-08-04T14:48:57.764674,2,probes_2025_20260804T144211-baf6e6.json;probes_2025_20260804T144857-a65442.json
identity,param,project_info.p.Office State/Province,,,String,missing=0;ok=2;unreadable=0;unsupported=0,0,ok,String,CA,CA,CA,2025,2026-08-04T14:42:11.384534,2026-08-04T14:48:57.764674,2,probes_2025_20260804T144211-baf6e6.json;probes_2025_20260804T144857-a65442.json
identity,param,project_info.p.Office Telephone,,,String,missing=0;ok=2;unreadable=0;unsupported=0,0,ok,String,(215) 665-7000,(215) 665-7000,(215) 665-7000,2025,2026-08-04T14:42:11.384534,2026-08-04T14:48:57.764674,2,probes_2025_20260804T144211-baf6e6.json;probes_2025_20260804T144857-a65442.json
identity,param,project_info.p.Office Zip/Postal Code,,,String,missing=0;ok=2;unreadable=0;unsupported=0,0,ok,String,94104-1914,94104-1914,94104-1914,2025,2026-08-04T14:42:11.384534,2026-08-04T14:48:57.764674,2,probes_2025_20260804T144211-baf6e6.json;probes_2025_20260804T144857-a65442.json
identity,param,project_info.p.Organization Description,,,String,missing=0;ok=3;unreadable=0;unsupported=0,0,ok,String,,,,2025,2026-08-04T14:03:14.300203,2026-08-04T14:48:57.764674,3,probes_2025_20260804T140314-c44dde.json;probes_2025_20260804T144211-baf6e6.json;probes_2025_20260804T144857-a65442.json
identity,param,project_info.p.Organization Name,,,String,missing=0;ok=3;unreadable=0;unsupported=0,0,ok,String,Stantec,Stantec,Stantec,2025,2026-08-04T14:03:14.300203,2026-08-04T14:48:57.764674,3,probes_2025_20260804T140314-c44dde.json;probes_2025_20260804T144211-baf6e6.json;probes_2025_20260804T144857-a65442.json
identity,param,project_info.p.PE_01_ApprovedBy,,,String,missing=0;ok=1;unreadable=0;unsupported=0,0,ok,String,,,,2025,2026-08-04T14:48:57.764674,2026-08-04T14:48:57.764674,1,probes_2025_20260804T144857-a65442.json
identity,param,project_info.p.PE_01_Date,,,String,missing=0;ok=1;unreadable=0;unsupported=0,0,ok,String,,,,2025,2026-08-04T14:48:57.764674,2026-08-04T14:48:57.764674,1,probes_2025_20260804T144857-a65442.json
identity,param,project_info.p.PE_01_IssueBy,,,String,missing=0;ok=1;unreadable=0;unsupported=0,0,ok,String,,,,2025,2026-08-04T14:48:57.764674,2026-08-04T14:48:57.764674,1,probes_2025_20260804T144857-a65442.json
identity,param,project_info.p.PE_01_IssueStatus,,,String,missing=0;ok=1;unreadable=0;unsupported=0,0,ok,String,,,,2025,2026-08-04T14:48:57.764674,2026-08-04T14:48:57.764674,1,probes_2025_20260804T144857-a65442.json
identity,param,project_info.p.PE_01_Name,,,String,missing=0;ok=2;unreadable=0;unsupported=0,0,ok,String,PACKAGE A,PACKAGE A,PACKAGE A,2025,2026-08-04T14:42:11.384534,2026-08-04T14:48:57.764674,2,probes_2025_20260804T144211-baf6e6.json;probes_2025_20260804T144857-a65442.json
identity,param,project_info.p.PE_01_Number,,,String,missing=0;ok=1;unreadable=0;unsupported=0,0,ok,String,01,01,01,2025,2026-08-04T14:48:57.764674,2026-08-04T14:48:57.764674,1,probes_2025_20260804T144857-a65442.json
identity,param,project_info.p.PE_02_ApprovedBy,,,String,missing=0;ok=1;unreadable=0;unsupported=0,0,ok,String,,,,2025,2026-08-04T14:48:57.764674,2026-08-04T14:48:57.764674,1,probes_2025_20260804T144857-a65442.json
identity,param,project_info.p.PE_02_Date,,,String,missing=0;ok=1;unreadable=0;unsupported=0,0,ok,String,,,,2025,2026-08-04T14:48:57.764674,2026-08-04T14:48:57.764674,1,probes_2025_20260804T144857-a65442.json
identity,param,project_info.p.PE_02_IssueBy,,,String,missing=0;ok=1;unreadable=0;unsupported=0,0,ok,String,,,,2025,2026-08-04T14:48:57.764674,2026-08-04T14:48:57.764674,1,probes_2025_20260804T144857-a65442.json
identity,param,project_info.p.PE_02_IssueStatus,,,String,missing=0;ok=1;unreadable=0;unsupported=0,0,ok,String,,,,2025,2026-08-04T14:48:57.764674,2026-08-04T14:48:57.764674,1,probes_2025_20260804T144857-a65442.json
identity,param,project_info.p.PE_02_Name,,,String,missing=0;ok=2;unreadable=0;unsupported=0,0,ok,String,PACKAGE B,PACKAGE B,PACKAGE B,2025,2026-08-04T14:42:11.384534,2026-08-04T14:48:57.764674,2,probes_2025_20260804T144211-baf6e6.json;probes_2025_20260804T144857-a65442.json
identity,param,project_info.p.PE_02_Number,,,String,missing=0;ok=1;unreadable=0;unsupported=0,0,ok,String,02,02,02,2025,2026-08-04T14:48:57.764674,2026-08-04T14:48:57.764674,1,probes_2025_20260804T144857-a65442.json
identity,param,project_info.p.PE_03_ApprovedBy,,,String,missing=0;ok=1;unreadable=0;unsupported=0,0,ok,String,,,,2025,2026-08-04T14:48:57.764674,2026-08-04T14:48:57.764674,1,probes_2025_20260804T144857-a65442.json
identity,param,project_info.p.PE_03_Date,,,String,missing=0;ok=1;unreadable=0;unsupported=0,0,ok,String,,,,2025,2026-08-04T14:48:57.764674,2026-08-04T14:48:57.764674,1,probes_2025_20260804T144857-a65442.json
identity,param,project_info.p.PE_03_IssueBy,,,String,missing=0;ok=1;unreadable=0;unsupported=0,0,ok,String,,,,2025,2026-08-04T14:48:57.764674,2026-08-04T14:48:57.764674,1,probes_2025_20260804T144857-a65442.json
identity,param,project_info.p.PE_03_IssueStatus,,,String,missing=0;ok=1;unreadable=0;unsupported=0,0,ok,String,,,,2025,2026-08-04T14:48:57.764674,2026-08-04T14:48:57.764674,1,probes_2025_20260804T144857-a65442.json
identity,param,project_info.p.PE_03_Name,,,String,missing=0;ok=2;unreadable=0;unsupported=0,0,ok,String,PACKAGE C,PACKAGE C,PACKAGE C,2025,2026-08-04T14:42:11.384534,2026-08-04T14:48:57.764674,2,probes_2025_20260804T144211-baf6e6.json;probes_2025_20260804T144857-a65442.json
identity,param,project_info.p.PE_03_Number,,,String,missing=0;ok=1;unreadable=0;unsupported=0,0,ok,String,03,03,03,2025,2026-08-04T14:48:57.764674,2026-08-04T14:48:57.764674,1,probes_2025_20260804T144857-a65442.json
identity,param,project_info.p.PE_04_ApprovedBy,,,String,missing=0;ok=1;unreadable=0;unsupported=0,0,ok,String,,,,2025,2026-08-04T14:48:57.764674,2026-08-04T14:48:57.764674,1,probes_2025_20260804T144857-a65442.json
identity,param,project_info.p.PE_04_Date,,,String,missing=0;ok=1;unreadable=0;unsupported=0,0,ok,String,,,,2025,2026-08-04T14:48:57.764674,2026-08-04T14:48:57.764674,1,probes_2025_20260804T144857-a65442.json
identity,param,project_info.p.PE_04_IssueBy,,,String,missing=0;ok=1;unreadable=0;unsupported=0,0,ok,String,,,,2025,2026-08-04T14:48:57.764674,2026-08-04T14:48:57.764674,1,probes_2025_20260804T144857-a65442.json
identity,param,project_info.p.PE_04_IssueStatus,,,String,missing=0;ok=1;unreadable=0;unsupported=0,0,ok,String,,,,2025,2026-08-04T14:48:57.764674,2026-08-04T14:48:57.764674,1,probes_2025_20260804T144857-a65442.json
identity,param,project_info.p.PE_04_Name,,,String,missing=0;ok=2;unreadable=0;unsupported=0,0,ok,String,PACKAGE D,PACKAGE D,PACKAGE D,2025,2026-08-04T14:42:11.384534,2026-08-04T14:48:57.764674,2,probes_2025_20260804T144211-baf6e6.json;probes_2025_20260804T144857-a65442.json
identity,param,project_info.p.PE_04_Number,,,String,missing=0;ok=1;unreadable=0;unsupported=0,0,ok,String,04,04,04,2025,2026-08-04T14:48:57.764674,2026-08-04T14:48:57.764674,1,probes_2025_20260804T144857-a65442.json
identity,param,project_info.p.PE_05_ApprovedBy,,,String,missing=0;ok=1;unreadable=0;unsupported=0,0,ok,String,,,,2025,2026-08-04T14:48:57.764674,2026-08-04T14:48:57.764674,1,probes_2025_20260804T144857-a65442.json
identity,param,project_info.p.PE_05_Date,,,String,missing=0;ok=1;unreadable=0;unsupported=0,0,ok,String,,,,2025,2026-08-04T14:48:57.764674,2026-08-04T14:48:57.764674,1,probes_2025_20260804T144857-a65442.json
identity,param,project_info.p.PE_05_IssueBy,,,String,missing=0;ok=1;unreadable=0;unsupported=0,0,ok,String,,,,2025,2026-08-04T14:48:57.764674,2026-08-04T14:48:57.764674,1,probes_2025_20260804T144857-a65442.json
identity,param,project_info.p.PE_05_IssueStatus,,,String,missing=0;ok=1;unreadable=0;unsupported=0,0,ok,String,,,,2025,2026-08-04T14:48:57.764674,2026-08-04T14:48:57.764674,1,probes_2025_20260804T144857-a65442.json
identity,param,project_info.p.PE_05_Name,,,String,missing=0;ok=2;unreadable=0;unsupported=0,0,ok,String,PACKAGE E,PACKAGE E,PACKAGE E,2025,2026-08-04T14:42:11.384534,2026-08-04T14:48:57.764674,2,probes_2025_20260804T144211-baf6e6.json;probes_2025_20260804T144857-a65442.json
identity,param,project_info.p.PE_05_Number,,,String,missing=0;ok=1;unreadable=0;unsupported=0,0,ok,String,05,05,05,2025,2026-08-04T14:48:57.764674,2026-08-04T14:48:57.764674,1,probes_2025_20260804T144857-a65442.json
identity,param,project_info.p.PE_06_ApprovedBy,,,String,missing=0;ok=1;unreadable=0;unsupported=0,0,ok,String,,,,2025,2026-08-04T14:48:57.764674,2026-08-04T14:48:57.764674,1,probes_2025_20260804T144857-a65442.json
identity,param,project_info.p.PE_06_Date,,,String,missing=0;ok=1;unreadable=0;unsupported=0,0,ok,String,,,,2025,2026-08-04T14:48:57.764674,2026-08-04T14:48:57.764674,1,probes_2025_20260804T144857-a65442.json
identity,param,project_info.p.PE_06_IssueBy,,,String,missing=0;ok=1;unreadable=0;unsupported=0,0,ok,String,,,,2025,2026-08-04T14:48:57.764674,2026-08-04T14:48:57.764674,1,probes_2025_20260804T144857-a65442.json
identity,param,project_info.p.PE_06_IssueStatus,,,String,missing=0;ok=1;unreadable=0;unsupported=0,0,ok,String,,,,2025,2026-08-04T14:48:57.764674,2026-08-04T14:48:57.764674,1,probes_2025_20260804T144857-a65442.json
identity,param,project_info.p.PE_06_Name,,,String,missing=0;ok=2;unreadable=0;unsupported=0,0,ok,String,PACKAGE F,PACKAGE F,PACKAGE F,2025,2026-08-04T14:42:11.384534,2026-08-04T14:48:57.764674,2,probes_2025_20260804T144211-baf6e6.json;probes_2025_20260804T144857-a65442.json
identity,param,project_info.p.PE_06_Number,,,String,missing=0;ok=1;unreadable=0;unsupported=0,0,ok,String,06,06,06,2025,2026-08-04T14:48:57.764674,2026-08-04T14:48:57.764674,1,probes_2025_20260804T144857-a65442.json
identity,param,project_info.p.PE_07_ApprovedBy,,,String,missing=0;ok=1;unreadable=0;unsupported=0,0,ok,String,,,,2025,2026-08-04T14:48:57.764674,2026-08-04T14:48:57.764674,1,probes_2025_20260804T144857-a65442.json
identity,param,project_info.p.PE_07_Date,,,String,missing=0;ok=1;unreadable=0;unsupported=0,0,ok,String,,,,2025,2026-08-04T14:48:57.764674,2026-08-04T14:48:57.764674,1,probes_2025_20260804T144857-a65442.json
identity,param,project_info.p.PE_07_IssueBy,,,String,missing=0;ok=1;unreadable=0;unsupported=0,0,ok,String,,,,2025,2026-08-04T14:48:57.764674,2026-08-04T14:48:57.764674,1,probes_2025_20260804T144857-a65442.json
identity,param,project_info.p.PE_07_IssueStatus,,,String,missing=0;ok=1;unreadable=0;unsupported=0,0,ok,String,,,,2025,2026-08-04T14:48:57.764674,2026-08-04T14:48:57.764674,1,probes_2025_20260804T144857-a65442.json
identity,param,project_info.p.PE_07_Name,,,String,missing=0;ok=2;unreadable=0;unsupported=0,0,ok,String,PACKAGE G,PACKAGE G,PACKAGE G,2025,2026-08-04T14:42:11.384534,2026-08-04T14:48:57.764674,2,probes_2025_20260804T144211-baf6e6.json;probes_2025_20260804T144857-a65442.json
identity,param,project_info.p.PE_07_Number,,,String,missing=0;ok=1;unreadable=0;unsupported=0,0,ok,String,07,07,07,2025,2026-08-04T14:48:57.764674,2026-08-04T14:48:57.764674,1,probes_2025_20260804T144857-a65442.json
identity,param,project_info.p.PE_Active_Date,,,String,missing=0;ok=2;unreadable=0;unsupported=0,0,ok,String,,,,2025,2026-08-04T14:42:11.384534,2026-08-04T14:48:57.764674,2,probes_2025_20260804T144211-baf6e6.json;probes_2025_20260804T144857-a65442.json
identity,param,project_info.p.PE_Active_Name,,,String,missing=0;ok=2;unreadable=0;unsupported=0,0,ok,String,PACKAGE A,PACKAGE A,PACKAGE A,2025,2026-08-04T14:42:11.384534,2026-08-04T14:48:57.764674,2,probes_2025_20260804T144211-baf6e6.json;probes_2025_20260804T144857-a65442.json
identity,param,project_info.p.PE_Active_Number,,,String,missing=0;ok=2;unreadable=0;unsupported=0,0,ok,String,01,01,01,2025,2026-08-04T14:42:11.384534,2026-08-04T14:48:57.764674,2,probes_2025_20260804T144211-baf6e6.json;probes_2025_20260804T144857-a65442.json
identity,param,project_info.p.PE_SPFile,,,String,missing=0;ok=2;unreadable=0;unsupported=0,0,ok,String,\\corp.ads\data\Content\CONTENT\SHARED\REVIT\SHARED PARAMETERS\STN_PE_Shared Parameters.txt,\\corp.ads\data\Content\CONTENT\SHARED\REVIT\SHARED PARAMETERS\STN_PE_Shared Parameters.txt,\\corp.ads\data\Content\CONTENT\SHARED\REVIT\SHARED PARAMETERS\STN_PE_Shared Parameters.txt,2025,2026-08-04T14:42:11.384534,2026-08-04T14:48:57.764674,2,probes_2025_20260804T144211-baf6e6.json;probes_2025_20260804T144857-a65442.json
identity,param,project_info.p.PE_Symbol_Issued,,,String,missing=0;ok=2;unreadable=0;unsupported=0,0,ok,String,●,●,●,2025,2026-08-04T14:42:11.384534,2026-08-04T14:48:57.764674,2,probes_2025_20260804T144211-baf6e6.json;probes_2025_20260804T144857-a65442.json
identity,param,project_info.p.PE_Symbol_IssuedforRef,,,String,missing=0;ok=2;unreadable=0;unsupported=0,0,ok,String,○,○,○,2025,2026-08-04T14:42:11.384534,2026-08-04T14:48:57.764674,2,probes_2025_20260804T144211-baf6e6.json;probes_2025_20260804T144857-a65442.json
identity,param,project_info.p.PE_Symbol_NotIssued,,,String,missing=0;ok=2;unreadable=0;unsupported=0,0,ok,String,─,─,─,2025,2026-08-04T14:42:11.384534,2026-08-04T14:48:57.764674,2,probes_2025_20260804T144211-baf6e6.json;probes_2025_20260804T144857-a65442.json
identity,param,project_info.p.PJI OSHPD No,,,String,missing=0;ok=1;unreadable=0;unsupported=0,0,ok,String,,,,2025,2026-08-04T14:48:57.764674,2026-08-04T14:48:57.764674,1,probes_2025_20260804T144857-a65442.json
identity,param,project_info.p.Project Address,,,String,missing=0;ok=3;unreadable=0;unsupported=0,0,ok,String,"2645 E Southern Ave
Tempe, AZ 85282","2645 E Southern Ave
Tempe, AZ 85282","2645 E Southern Ave
Tempe, AZ 85282",2025,2026-08-04T14:03:14.300203,2026-08-04T14:48:57.764674,3,probes_2025_20260804T140314-c44dde.json;probes_2025_20260804T144211-baf6e6.json;probes_2025_20260804T144857-a65442.json
identity,param,project_info.p.Project Issue Date,,,String,missing=0;ok=3;unreadable=0;unsupported=0,0,ok,String,11/27/2019,11/27/2019,11/27/2019,2025,2026-08-04T14:03:14.300203,2026-08-04T14:48:57.764674,3,probes_2025_20260804T140314-c44dde.json;probes_2025_20260804T144211-baf6e6.json;probes_2025_20260804T144857-a65442.json
identity,param,project_info.p.Project Name,,,String,missing=0;ok=3;unreadable=0;unsupported=0,0,ok,String,FRIENDSHIP VILLAGE TEMPE - IL APARTMENTS,FRIENDSHIP VILLAGE TEMPE - IL APARTMENTS,FRIENDSHIP VILLAGE TEMPE - IL APARTMENTS,2025,2026-08-04T14:03:14.300203,2026-08-04T14:48:57.764674,3,probes_2025_20260804T140314-c44dde.json;probes_2025_20260804T144211-baf6e6.json;probes_2025_20260804T144857-a65442.json
identity,param,project_info.p.Project Number,,,String,missing=0;ok=3;unreadable=0;unsupported=0,0,ok,String,700-370,700-370,700-370,2025,2026-08-04T14:03:14.300203,2026-08-04T14:48:57.764674,3,probes_2025_20260804T140314-c44dde.json;probes_2025_20260804T144211-baf6e6.json;probes_2025_20260804T144857-a65442.json
identity,param,project_info.p.Project Status,,,String,missing=0;ok=3;unreadable=0;unsupported=0,0,ok,String,Project Status,Project Status,Project Status,2025,2026-08-04T14:03:14.300203,2026-08-04T14:48:57.764674,3,probes_2025_20260804T140314-c44dde.json;probes_2025_20260804T144211-baf6e6.json;probes_2025_20260804T144857-a65442.json
identity,param,project_info.p.Project_Template_Revision_By,,,String,missing=0;ok=2;unreadable=0;unsupported=0,0,ok,String,Taichi Ohno,Taichi Ohno,Taichi Ohno,2025,2026-08-04T14:42:11.384534,2026-08-04T14:48:57.764674,2,probes_2025_20260804T144211-baf6e6.json;probes_2025_20260804T144857-a65442.json
identity,param,project_info.p.Project_Template_Revision_Date,,,String,missing=0;ok=2;unreadable=0;unsupported=0,0,ok,String,2025.05.11,2025.05.11,2025.05.11,2025,2026-08-04T14:42:11.384534,2026-08-04T14:48:57.764674,2,probes_2025_20260804T144211-baf6e6.json;probes_2025_20260804T144857-a65442.json
identity,param,project_info.p.Room Association,,,String,missing=0;ok=1;unreadable=0;unsupported=0,0,ok,String,,,,2025,2026-08-04T14:48:57.764674,2026-08-04T14:48:57.764674,1,probes_2025_20260804T144857-a65442.json
identity,param,project_info.p.RoomBookInternationalBuildNumber,,,String,missing=0;ok=1;unreadable=0;unsupported=0,0,ok,String,ZgA=BAAAAA==2016BgFlAAAAAQQAAAABAQAAAAYBZAAAAAHgBwAABAQAAAABigMAAAcH1,ZgA=BAAAAA==2016BgFlAAAAAQQAAAABAQAAAAYBZAAAAAHgBwAABAQAAAABigMAAAcH1,ZgA=BAAAAA==2016BgFlAAAAAQQAAAABAQAAAAYBZAAAAAHgBwAABAQAAAABigMAAAcH1,2025,2026-08-04T14:03:14.300203,2026-08-04T14:03:14.300203,1,probes_2025_20260804T140314-c44dde.json
identity,param,project_info.p.Route Analysis Settings,,,0,missing=0;ok=0;unreadable=0;unsupported=3,0,unsupported,0,,,,2025,2026-08-04T14:03:14.300203,2026-08-04T14:48:57.764674,3,probes_2025_20260804T140314-c44dde.json;probes_2025_20260804T144211-baf6e6.json;probes_2025_20260804T144857-a65442.json
identity,param,project_info.p.SR Document GUID,,,String,missing=0;ok=4;unreadable=0;unsupported=0,0,ok,String,5f60483d-b307-4156-a0c8-c9c8c677f1a7,5f60483d-b307-4156-a0c8-c9c8c677f1a7,5f60483d-b307-4156-a0c8-c9c8c677f1a7,2025,2026-08-04T14:03:14.300203,2026-08-04T14:48:57.764674,3,probes_2025_20260804T140314-c44dde.json;probes_2025_20260804T144211-baf6e6.json;probes_2025_20260804T144857-a65442.json
identity,param,project_info.p.Total Number of Sheets,,,Double,missing=0;ok=2;unreadable=0;unsupported=0,0,ok,Double,99.0,99,99.0,2025,2026-08-04T14:42:11.384534,2026-08-04T14:48:57.764674,2,probes_2025_20260804T144211-baf6e6.json;probes_2025_20260804T144857-a65442.json
identity,param,project_info.p.Workset,,,Integer,missing=0;ok=3;unreadable=0;unsupported=0,0,ok,Integer,4,Project Info,4,2025,2026-08-04T14:03:14.300203,2026-08-04T14:48:57.764674,3,probes_2025_20260804T140314-c44dde.json;probes_2025_20260804T144211-baf6e6.json;probes_2025_20260804T144857-a65442.json
identity,param,project_info.p._Benchmarking_Schema,,,String,missing=0;ok=1;unreadable=0;unsupported=0,0,ok,String,,,,2025,2026-08-04T14:48:57.764674,2026-08-04T14:48:57.764674,1,probes_2025_20260804T144857-a65442.json
identity,param,project_info.p._Company_Website,,,String,missing=0;ok=2;unreadable=0;unsupported=0,0,ok,String,www.stantec.com,www.stantec.com,www.stantec.com,2025,2026-08-04T14:42:11.384534,2026-08-04T14:48:57.764674,2,probes_2025_20260804T144211-baf6e6.json;probes_2025_20260804T144857-a65442.json
identity,param,project_info.p._Important_Dates,,,String,missing=0;ok=2;unreadable=0;unsupported=0,0,ok,String,"YYYY.MM.DD, Issued for SD
YYYY.MM.DD, Issued for DD
YYYY.MM.DD, Issued for 60% CD
YYYY.MM.DD, Issued for 90% CD
YYYY.MM.DD, Issued for Construction/Tender","YYYY.MM.DD, Issued for SD
YYYY.MM.DD, Issued for DD
YYYY.MM.DD, Issued for 60% CD
YYYY.MM.DD, Issued for 90% CD
YYYY.MM.DD, Issued for Construction/Tender","YYYY.MM.DD, Issued for SD
YYYY.MM.DD, Issued for DD
YYYY.MM.DD, Issued for 60% CD
YYYY.MM.DD, Issued for 90% CD
YYYY.MM.DD, Issued for Construction/Tender",2025,2026-08-04T14:42:11.384534,2026-08-04T14:48:57.764674,2,probes_2025_20260804T144211-baf6e6.json;probes_2025_20260804T144857-a65442.json
identity,param,project_info.p._Linked_Model_Managers,,,String,missing=0;ok=2;unreadable=0;unsupported=0,0,ok,String,"First Last, Phone, Timezone
First Last, Phone, Timezone","First Last, Phone, Timezone
First Last, Phone, Timezone","First Last, Phone, Timezone
First Last, Phone, Timezone",2025,2026-08-04T14:42:11.384534,2026-08-04T14:48:57.764674,2,probes_2025_20260804T144211-baf6e6.json;probes_2025_20260804T144857-a65442.json
identity,param,project_info.p._Model_Description,,,String,missing=0;ok=2;unreadable=0;unsupported=0,0,ok,String,,,,2025,2026-08-04T14:42:11.384534,2026-08-04T14:48:57.764674,2,probes_2025_20260804T144211-baf6e6.json;probes_2025_20260804T144857-a65442.json
identity,param,project_info.p._Model_File_Path,,,String,missing=0;ok=2;unreadable=0;unsupported=0,0,ok,String,<Pick location in Project Information>,<Pick location in Project Information>,<Pick location in Project Information>,2025,2026-08-04T14:42:11.384534,2026-08-04T14:48:57.764674,2,probes_2025_20260804T144211-baf6e6.json;probes_2025_20260804T144857-a65442.json
identity,param,project_info.p._Model_Manager,,,String,missing=0;ok=2;unreadable=0;unsupported=0,0,ok,String,"First Last, Phone, Timezone","First Last, Phone, Timezone","First Last, Phone, Timezone",2025,2026-08-04T14:42:11.384534,2026-08-04T14:48:57.764674,2,probes_2025_20260804T144211-baf6e6.json;probes_2025_20260804T144857-a65442.json
identity,param,project_info.p._Team_Members,,,String,missing=0;ok=2;unreadable=0;unsupported=0,0,ok,String,"First Last, Phone, Timezone
First Last, Phone, Timezone","First Last, Phone, Timezone
First Last, Phone, Timezone","First Last, Phone, Timezone
First Last, Phone, Timezone",2025,2026-08-04T14:42:11.384534,2026-08-04T14:48:57.764674,2,probes_2025_20260804T144211-baf6e6.json;probes_2025_20260804T144857-a65442.json
identity,param,project_info.p.hsbCompanyFolder,,,String,missing=0;ok=1;unreadable=0;unsupported=0,0,ok,String,,,,2025,2026-08-04T14:03:14.300203,2026-08-04T14:03:14.300203,1,probes_2025_20260804T140314-c44dde.json
identity,param,project_info.p.hsbStickFrameName,,,String,missing=0;ok=1;unreadable=0;unsupported=0,0,ok,String,,,,2025,2026-08-04T14:03:14.300203,2026-08-04T14:03:14.300203,1,probes_2025_20260804T140314-c44dde.json
identity,reflection,refl.Application.ActiveAddInId,property,Application,,,3,unsupported,None,,,,2025,2026-08-04T14:03:14.300203,2026-08-04T14:48:57.764674,3,probes_2025_20260804T140314-c44dde.json;probes_2025_20260804T144211-baf6e6.json;probes_2025_20260804T144857-a65442.json
identity,reflection,refl.Application.AllUsersAddinsLocation,property,Application,,,3,ok,String,C:\ProgramData\Autodesk\Revit\Addins\2025,C:\ProgramData\Autodesk\Revit\Addins\2025,C:\ProgramData\Autodesk\Revit\Addins\2025,2025,2026-08-04T14:03:14.300203,2026-08-04T14:48:57.764674,3,probes_2025_20260804T140314-c44dde.json;probes_2025_20260804T144211-baf6e6.json;probes_2025_20260804T144857-a65442.json
identity,reflection,refl.Application.AllowNavigationDuringRedraw,property,Application,,,3,ok,Integer,1,True,1,2025,2026-08-04T14:03:14.300203,2026-08-04T14:48:57.764674,3,probes_2025_20260804T140314-c44dde.json;probes_2025_20260804T144211-baf6e6.json;probes_2025_20260804T144857-a65442.json
identity,reflection,refl.Application.AngleTolerance,property,Application,,,3,ok,Double,0.0017453292519943279,0.0017453292519943279,0.0017453292519943279,2025,2026-08-04T14:03:14.300203,2026-08-04T14:48:57.764674,3,probes_2025_20260804T140314-c44dde.json;probes_2025_20260804T144211-baf6e6.json;probes_2025_20260804T144857-a65442.json
identity,reflection,refl.Application.BackgroundColor,property,Application,,,3,unsupported,None,,,,2025,2026-08-04T14:03:14.300203,2026-08-04T14:48:57.764674,3,probes_2025_20260804T140314-c44dde.json;probes_2025_20260804T144211-baf6e6.json;probes_2025_20260804T144857-a65442.json
identity,reflection,refl.Application.Cities,property,Application,,,3,unsupported,None,,,,2025,2026-08-04T14:03:14.300203,2026-08-04T14:48:57.764674,3,probes_2025_20260804T140314-c44dde.json;probes_2025_20260804T144211-baf6e6.json;probes_2025_20260804T144857-a65442.json
identity,reflection,refl.Application.Create,property,Application,,,3,unsupported,None,,,,2025,2026-08-04T14:03:14.300203,2026-08-04T14:48:57.764674,3,probes_2025_20260804T140314-c44dde.json;probes_2025_20260804T144211-baf6e6.json;probes_2025_20260804T144857-a65442.json
identity,reflection,refl.Application.CurrentRevitServerAccelerator,property,Application,,,3,ok,String,,,,2025,2026-08-04T14:03:14.300203,2026-08-04T14:48:57.764674,3,probes_2025_20260804T140314-c44dde.json;probes_2025_20260804T144211-baf6e6.json;probes_2025_20260804T144857-a65442.json
identity,reflection,refl.Application.CurrentUserAddinsLocation,property,Application,,,3,ok,String,C:\Users\gmcdowell\AppData\Roaming\Autodesk\Revit\Addins\2025,C:\Users\gmcdowell\AppData\Roaming\Autodesk\Revit\Addins\2025,C:\Users\gmcdowell\AppData\Roaming\Autodesk\Revit\Addins\2025,2025,2026-08-04T14:03:14.300203,2026-08-04T14:48:57.764674,3,probes_2025_20260804T140314-c44dde.json;probes_2025_20260804T144211-baf6e6.json;probes_2025_20260804T144857-a65442.json
identity,reflection,refl.Application.CurrentUsersAddinsDataFolderPath,property,Application,,,3,ok,String,C:\Users\gmcdowell\AppData\Roaming\Autodesk\Revit\Autodesk Revit 2025\AddinsData,C:\Users\gmcdowell\AppData\Roaming\Autodesk\Revit\Autodesk Revit 2025\AddinsData,C:\Users\gmcdowell\AppData\Roaming\Autodesk\Revit\Autodesk Revit 2025\AddinsData,2025,2026-08-04T14:03:14.300203,2026-08-04T14:48:57.764674,3,probes_2025_20260804T140314-c44dde.json;probes_2025_20260804T144211-baf6e6.json;probes_2025_20260804T144857-a65442.json
identity,reflection,refl.Application.CurrentUsersDataFolderPath,property,Application,,,3,ok,String,C:\Users\gmcdowell\AppData\Roaming\Autodesk\Revit\Autodesk Revit 2025,C:\Users\gmcdowell\AppData\Roaming\Autodesk\Revit\Autodesk Revit 2025,C:\Users\gmcdowell\AppData\Roaming\Autodesk\Revit\Autodesk Revit 2025,2025,2026-08-04T14:03:14.300203,2026-08-04T14:48:57.764674,3,probes_2025_20260804T140314-c44dde.json;probes_2025_20260804T144211-baf6e6.json;probes_2025_20260804T144857-a65442.json
identity,reflection,refl.Application.DefaultIFCProjectTemplate,property,Application,,,3,ok,String,,,,2025,2026-08-04T14:03:14.300203,2026-08-04T14:48:57.764674,3,probes_2025_20260804T140314-c44dde.json;probes_2025_20260804T144211-baf6e6.json;probes_2025_20260804T144857-a65442.json
identity,reflection,refl.Application.DefaultProjectTemplate,property,Application,,,3,ok,String,\\corp.ads\data\Cad_common\Content\Shared\Revit\2025\NA-EN\Project_Templates\do_not_use_me.rte,\\corp.ads\data\Cad_common\Content\Shared\Revit\2025\NA-EN\Project_Templates\do_not_use_me.rte,\\corp.ads\data\Cad_common\Content\Shared\Revit\2025\NA-EN\Project_Templates\do_not_use_me.rte,2025,2026-08-04T14:03:14.300203,2026-08-04T14:48:57.764674,3,probes_2025_20260804T140314-c44dde.json;probes_2025_20260804T144211-baf6e6.json;probes_2025_20260804T144857-a65442.json
identity,reflection,refl.Application.DefaultViewDiscipline,property,Application,,,3,ok,Integer,4095,4095,4095,2025,2026-08-04T14:03:14.300203,2026-08-04T14:48:57.764674,3,probes_2025_20260804T140314-c44dde.json;probes_2025_20260804T144211-baf6e6.json;probes_2025_20260804T144857-a65442.json
identity,reflection,refl.Application.Documents,property,Application,,,3,unsupported,None,,,,2025,2026-08-04T14:03:14.300203,2026-08-04T14:48:57.764674,3,probes_2025_20260804T140314-c44dde.json;probes_2025_20260804T144211-baf6e6.json;probes_2025_20260804T144857-a65442.json
identity,reflection,refl.Application.ExportIFCCategoryTable,property,Application,,,3,ok,String,C:\ProgramData\Autodesk\RVT 2024\exportlayers-ifc-IAI.txt,C:\ProgramData\Autodesk\RVT 2024\exportlayers-ifc-IAI.txt,C:\ProgramData\Autodesk\RVT 2024\exportlayers-ifc-IAI.txt,2025,2026-08-04T14:03:14.300203,2026-08-04T14:48:57.764674,3,probes_2025_20260804T140314-c44dde.json;probes_2025_20260804T144211-baf6e6.json;probes_2025_20260804T144857-a65442.json
identity,reflection,refl.Application.FamilyTemplatePath,property,Application,,,3,ok,String,\\corp.ads\data\Cad_common\Content\Shared\Revit\2025\NA-EN\Family_Templates,\\corp.ads\data\Cad_common\Content\Shared\Revit\2025\NA-EN\Family_Templates,\\corp.ads\data\Cad_common\Content\Shared\Revit\2025\NA-EN\Family_Templates,2025,2026-08-04T14:03:14.300203,2026-08-04T14:48:57.764674,3,probes_2025_20260804T140314-c44dde.json;probes_2025_20260804T144211-baf6e6.json;probes_2025_20260804T144857-a65442.json
identity,reflection,refl.Application.GetFailureDefinitionRegistry,method,Application,,,3,ok,String,<method not invoked>,<method not invoked>,<method not invoked>,2025,2026-08-04T14:03:14.300203,2026-08-04T14:48:57.764674,3,probes_2025_20260804T140314-c44dde.json;probes_2025_20260804T144211-baf6e6.json;probes_2025_20260804T144857-a65442.json
identity,reflection,refl.Application.GetLibraryPaths,method,Application,,,3,ok,String,<method not invoked>,<method not invoked>,<method not invoked>,2025,2026-08-04T14:03:14.300203,2026-08-04T14:48:57.764674,3,probes_2025_20260804T140314-c44dde.json;probes_2025_20260804T144211-baf6e6.json;probes_2025_20260804T144857-a65442.json
identity,reflection,refl.Application.GetRevitServerNetworkHosts,method,Application,,,3,ok,String,<method not invoked>,<method not invoked>,<method not invoked>,2025,2026-08-04T14:03:14.300203,2026-08-04T14:48:57.764674,3,probes_2025_20260804T140314-c44dde.json;probes_2025_20260804T144211-baf6e6.json;probes_2025_20260804T144857-a65442.json
identity,reflection,refl.Application.GetSystemsAnalysisWorkflowNames,method,Application,,,3,ok,String,<method not invoked>,<method not invoked>,<method not invoked>,2025,2026-08-04T14:03:14.300203,2026-08-04T14:48:57.764674,3,probes_2025_20260804T140314-c44dde.json;probes_2025_20260804T144211-baf6e6.json;probes_2025_20260804T144857-a65442.json
identity,reflection,refl.Application.GetSystemsAnalysisWorkflows,method,Application,,,3,ok,String,<method not invoked>,<method not invoked>,<method not invoked>,2025,2026-08-04T14:03:14.300203,2026-08-04T14:48:57.764674,3,probes_2025_20260804T140314-c44dde.json;probes_2025_20260804T144211-baf6e6.json;probes_2025_20260804T144857-a65442.json
identity,reflection,refl.Application.ImportIFCCategoryTable,property,Application,,,3,ok,String,,,,2025,2026-08-04T14:03:14.300203,2026-08-04T14:48:57.764674,3,probes_2025_20260804T140314-c44dde.json;probes_2025_20260804T144211-baf6e6.json;probes_2025_20260804T144857-a65442.json
identity,reflection,refl.Application.IsArchitectureEnabled,property,Application,,,3,ok,Integer,1,True,1,2025,2026-08-04T14:03:14.300203,2026-08-04T14:48:57.764674,3,probes_2025_20260804T140314-c44dde.json;probes_2025_20260804T144211-baf6e6.json;probes_2025_20260804T144857-a65442.json
identity,reflection,refl.Application.IsElectricalAnalysisEnabled,property,Application,,,3,ok,Integer,1,True,1,2025,2026-08-04T14:03:14.300203,2026-08-04T14:48:57.764674,3,probes_2025_20260804T140314-c44dde.json;probes_2025_20260804T144211-baf6e6.json;probes_2025_20260804T144857-a65442.json
identity,reflection,refl.Application.IsElectricalEnabled,property,Application,,,3,ok,Integer,1,True,1,2025,2026-08-04T14:03:14.300203,2026-08-04T14:48:57.764674,3,probes_2025_20260804T140314-c44dde.json;probes_2025_20260804T144211-baf6e6.json;probes_2025_20260804T144857-a65442.json
identity,reflection,refl.Application.IsEnergyAnalysisEnabled,property,Application,,,3,ok,Integer,1,True,1,2025,2026-08-04T14:03:14.300203,2026-08-04T14:48:57.764674,3,probes_2025_20260804T140314-c44dde.json;probes_2025_20260804T144211-baf6e6.json;probes_2025_20260804T144857-a65442.json
identity,reflection,refl.Application.IsInfrastructureEnabled,property,Application,,,3,ok,Integer,0,False,0,2025,2026-08-04T14:03:14.300203,2026-08-04T14:48:57.764674,3,probes_2025_20260804T140314-c44dde.json;probes_2025_20260804T144211-baf6e6.json;probes_2025_20260804T144857-a65442.json
identity,reflection,refl.Application.IsJournalPlaying,method,Application,,,3,ok,String,<method not invoked>,<method not invoked>,<method not invoked>,2025,2026-08-04T14:03:14.300203,2026-08-04T14:48:57.764674,3,probes_2025_20260804T140314-c44dde.json;probes_2025_20260804T144211-baf6e6.json;probes_2025_20260804T144857-a65442.json
identity,reflection,refl.Application.IsLoggedIn,property,Application,,,3,ok,Integer,1,True,1,2025,2026-08-04T14:03:14.300203,2026-08-04T14:48:57.764674,3,probes_2025_20260804T140314-c44dde.json;probes_2025_20260804T144211-baf6e6.json;probes_2025_20260804T144857-a65442.json
identity,reflection,refl.Application.IsMassingEnabled,property,Application,,,3,ok,Integer,1,True,1,2025,2026-08-04T14:03:14.300203,2026-08-04T14:48:57.764674,3,probes_2025_20260804T140314-c44dde.json;probes_2025_20260804T144211-baf6e6.json;probes_2025_20260804T144857-a65442.json
identity,reflection,refl.Application.IsMechanicalAnalysisEnabled,property,Application,,,3,ok,Integer,1,True,1,2025,2026-08-04T14:03:14.300203,2026-08-04T14:48:57.764674,3,probes_2025_20260804T140314-c44dde.json;probes_2025_20260804T144211-baf6e6.json;probes_2025_20260804T144857-a65442.json
identity,reflection,refl.Application.IsMechanicalEnabled,property,Application,,,3,ok,Integer,1,True,1,2025,2026-08-04T14:03:14.300203,2026-08-04T14:48:57.764674,3,probes_2025_20260804T140314-c44dde.json;probes_2025_20260804T144211-baf6e6.json;probes_2025_20260804T144857-a65442.json
identity,reflection,refl.Application.IsPipingAnalysisEnabled,property,Application,,,3,ok,Integer,1,True,1,2025,2026-08-04T14:03:14.300203,2026-08-04T14:48:57.764674,3,probes_2025_20260804T140314-c44dde.json;probes_2025_20260804T144211-baf6e6.json;probes_2025_20260804T144857-a65442.json
identity,reflection,refl.Application.IsPipingEnabled,property,Application,,,3,ok,Integer,1,True,1,2025,2026-08-04T14:03:14.300203,2026-08-04T14:48:57.764674,3,probes_2025_20260804T140314-c44dde.json;probes_2025_20260804T144211-baf6e6.json;probes_2025_20260804T144857-a65442.json
identity,reflection,refl.Application.IsRouteAnalysisEnabled,property,Application,,,3,ok,Integer,1,True,1,2025,2026-08-04T14:03:14.300203,2026-08-04T14:48:57.764674,3,probes_2025_20260804T140314-c44dde.json;probes_2025_20260804T144211-baf6e6.json;probes_2025_20260804T144857-a65442.json
identity,reflection,refl.Application.IsStructuralAnalysisEnabled,property,Application,,,3,ok,Integer,1,True,1,2025,2026-08-04T14:03:14.300203,2026-08-04T14:48:57.764674,3,probes_2025_20260804T140314-c44dde.json;probes_2025_20260804T144211-baf6e6.json;probes_2025_20260804T144857-a65442.json
identity,reflection,refl.Application.IsStructureEnabled,property,Application,,,3,ok,Integer,1,True,1,2025,2026-08-04T14:03:14.300203,2026-08-04T14:48:57.764674,3,probes_2025_20260804T140314-c44dde.json;probes_2025_20260804T144211-baf6e6.json;probes_2025_20260804T144857-a65442.json
identity,reflection,refl.Application.IsSystemsEnabled,property,Application,,,3,ok,Integer,1,True,1,2025,2026-08-04T14:03:14.300203,2026-08-04T14:48:57.764674,3,probes_2025_20260804T140314-c44dde.json;probes_2025_20260804T144211-baf6e6.json;probes_2025_20260804T144857-a65442.json
identity,reflection,refl.Application.IsValidObject,property,Application,,,3,ok,Integer,1,True,1,2025,2026-08-04T14:03:14.300203,2026-08-04T14:48:57.764674,3,probes_2025_20260804T140314-c44dde.json;probes_2025_20260804T144211-baf6e6.json;probes_2025_20260804T144857-a65442.json
identity,reflection,refl.Application.Language,property,Application,,,3,ok,Integer,0,0,0,2025,2026-08-04T14:03:14.300203,2026-08-04T14:48:57.764674,3,probes_2025_20260804T140314-c44dde.json;probes_2025_20260804T144211-baf6e6.json;probes_2025_20260804T144857-a65442.json
identity,reflection,refl.Application.LoginUserId,property,Application,,,3,ok,String,FXW2CCK9PVXHSHNK,FXW2CCK9PVXHSHNK,FXW2CCK9PVXHSHNK,2025,2026-08-04T14:03:14.300203,2026-08-04T14:48:57.764674,3,probes_2025_20260804T140314-c44dde.json;probes_2025_20260804T144211-baf6e6.json;probes_2025_20260804T144857-a65442.json
identity,reflection,refl.Application.MinimumThickness,property,Application,,,3,ok,Double,0.0026041666666666665,0.0026041666666666665,0.0026041666666666665,2025,2026-08-04T14:03:14.300203,2026-08-04T14:48:57.764674,3,probes_2025_20260804T140314-c44dde.json;probes_2025_20260804T144211-baf6e6.json;probes_2025_20260804T144857-a65442.json
identity,reflection,refl.Application.OpenSharedParameterFile,method,Application,,,3,ok,String,<method not invoked>,<method not invoked>,<method not invoked>,2025,2026-08-04T14:03:14.300203,2026-08-04T14:48:57.764674,3,probes_2025_20260804T140314-c44dde.json;probes_2025_20260804T144211-baf6e6.json;probes_2025_20260804T144857-a65442.json
identity,reflection,refl.Application.PointCloudsRootPath,property,Application,,,3,ok,String,C:\Users\Public\Documents\Point_Clouds,C:\Users\Public\Documents\Point_Clouds,C:\Users\Public\Documents\Point_Clouds,2025,2026-08-04T14:03:14.300203,2026-08-04T14:48:57.764674,3,probes_2025_20260804T140314-c44dde.json;probes_2025_20260804T144211-baf6e6.json;probes_2025_20260804T144857-a65442.json
identity,reflection,refl.Application.Product,property,Application,,,3,ok,Integer,3,3,3,2025,2026-08-04T14:03:14.300203,2026-08-04T14:48:57.764674,3,probes_2025_20260804T140314-c44dde.json;probes_2025_20260804T144211-baf6e6.json;probes_2025_20260804T144857-a65442.json
identity,reflection,refl.Application.PurgeReleasedAPIObjects,method,Application,,,3,ok,String,<method not invoked>,<method not invoked>,<method not invoked>,2025,2026-08-04T14:03:14.300203,2026-08-04T14:48:57.764674,3,probes_2025_20260804T140314-c44dde.json;probes_2025_20260804T144211-baf6e6.json;probes_2025_20260804T144857-a65442.json
identity,reflection,refl.Application.RecordingJournalFilename,property,Application,,,3,ok,String,C:\Users\gmcdowell\AppData\Local\Autodesk\Revit\Autodesk Revit 2025\Journals\journal.0040.txt,C:\Users\gmcdowell\AppData\Local\Autodesk\Revit\Autodesk Revit 2025\Journals\journal.0040.txt,C:\Users\gmcdowell\AppData\Local\Autodesk\Revit\Autodesk Revit 2025\Journals\journal.0040.txt,2025,2026-08-04T14:03:14.300203,2026-08-04T14:48:57.764674,3,probes_2025_20260804T140314-c44dde.json;probes_2025_20260804T144211-baf6e6.json;probes_2025_20260804T144857-a65442.json
identity,reflection,refl.Application.SharedParametersFilename,property,Application,,,3,ok,String,C:\Users\gmcdowell\OneDrive - Stantec\Documents\UCH LOB Chem Lab.txt,C:\Users\gmcdowell\OneDrive - Stantec\Documents\UCH LOB Chem Lab.txt,C:\Users\gmcdowell\OneDrive - Stantec\Documents\UCH LOB Chem Lab.txt,2025,2026-08-04T14:03:14.300203,2026-08-04T14:48:57.764674,3,probes_2025_20260804T140314-c44dde.json;probes_2025_20260804T144211-baf6e6.json;probes_2025_20260804T144857-a65442.json
identity,reflection,refl.Application.ShortCurveTolerance,property,Application,,,3,ok,Double,0.0025602645572916664,0.0025602645572916664,0.0025602645572916664,2025,2026-08-04T14:03:14.300203,2026-08-04T14:48:57.764674,3,probes_2025_20260804T140314-c44dde.json;probes_2025_20260804T144211-baf6e6.json;probes_2025_20260804T144857-a65442.json
identity,reflection,refl.Application.ShowGraphicalOpenEndsAreaBasedLoadBoundaryDisconnects,property,Application,,,3,ok,Integer,1,True,1,2025,2026-08-04T14:03:14.300203,2026-08-04T14:48:57.764674,3,probes_2025_20260804T140314-c44dde.json;probes_2025_20260804T144211-baf6e6.json;probes_2025_20260804T144857-a65442.json
identity,reflection,refl.Application.ShowGraphicalWarningCableTrayConduitDisconnects,property,Application,,,3,ok,Integer,0,False,0,2025,2026-08-04T14:03:14.300203,2026-08-04T14:48:57.764674,3,probes_2025_20260804T140314-c44dde.json;probes_2025_20260804T144211-baf6e6.json;probes_2025_20260804T144857-a65442.json
identity,reflection,refl.Application.ShowGraphicalWarningDuctDisconnects,property,Application,,,3,ok,Integer,0,False,0,2025,2026-08-04T14:03:14.300203,2026-08-04T14:48:57.764674,3,probes_2025_20260804T140314-c44dde.json;probes_2025_20260804T144211-baf6e6.json;probes_2025_20260804T144857-a65442.json
identity,reflection,refl.Application.ShowGraphicalWarningElectricalDisconnects,property,Application,,,3,ok,Integer,0,False,0,2025,2026-08-04T14:03:14.300203,2026-08-04T14:48:57.764674,3,probes_2025_20260804T140314-c44dde.json;probes_2025_20260804T144211-baf6e6.json;probes_2025_20260804T144857-a65442.json
identity,reflection,refl.Application.ShowGraphicalWarningHangerDisconnects,property,Application,,,3,ok,Integer,0,False,0,2025,2026-08-04T14:03:14.300203,2026-08-04T14:48:57.764674,3,probes_2025_20260804T140314-c44dde.json;probes_2025_20260804T144211-baf6e6.json;probes_2025_20260804T144857-a65442.json
identity,reflection,refl.Application.ShowGraphicalWarningPipeDisconnects,property,Application,,,3,ok,Integer,0,False,0,2025,2026-08-04T14:03:14.300203,2026-08-04T14:48:57.764674,3,probes_2025_20260804T140314-c44dde.json;probes_2025_20260804T144211-baf6e6.json;probes_2025_20260804T144857-a65442.json
identity,reflection,refl.Application.SubVersionNumber,property,Application,,,3,ok,String,2025.4.40,2025.4.40,2025.4.40,2025,2026-08-04T14:03:14.300203,2026-08-04T14:48:57.764674,3,probes_2025_20260804T140314-c44dde.json;probes_2025_20260804T144211-baf6e6.json;probes_2025_20260804T144857-a65442.json
identity,reflection,refl.Application.SystemsAnalysisWorkfilesRootPath,property,Application,,,3,ok,String,C:\Program Files\NREL\OpenStudio CLI For Revit 2025\workflows,C:\Program Files\NREL\OpenStudio CLI For Revit 2025\workflows,C:\Program Files\NREL\OpenStudio CLI For Revit 2025\workflows,2025,2026-08-04T14:03:14.300203,2026-08-04T14:48:57.764674,3,probes_2025_20260804T140314-c44dde.json;probes_2025_20260804T144211-baf6e6.json;probes_2025_20260804T144857-a65442.json
identity,reflection,refl.Application.UpdateRenderAppearanceLibrary,method,Application,,,3,ok,String,<method not invoked>,<method not invoked>,<method not invoked>,2025,2026-08-04T14:03:14.300203,2026-08-04T14:48:57.764674,3,probes_2025_20260804T140314-c44dde.json;probes_2025_20260804T144211-baf6e6.json;probes_2025_20260804T144857-a65442.json
identity,reflection,refl.Application.Username,property,Application,,,3,ok,String,Greg.McDowellJr,Greg.McDowellJr,Greg.McDowellJr,2025,2026-08-04T14:03:14.300203,2026-08-04T14:48:57.764674,3,probes_2025_20260804T140314-c44dde.json;probes_2025_20260804T144211-baf6e6.json;probes_2025_20260804T144857-a65442.json
identity,reflection,refl.Application.VersionBuild,property,Application,,,3,ok,String,25.4.41.14,25.4.41.14,25.4.41.14,2025,2026-08-04T14:03:14.300203,2026-08-04T14:48:57.764674,3,probes_2025_20260804T140314-c44dde.json;probes_2025_20260804T144211-baf6e6.json;probes_2025_20260804T144857-a65442.json
identity,reflection,refl.Application.VersionName,property,Application,,,3,ok,String,Autodesk Revit 2025,Autodesk Revit 2025,Autodesk Revit 2025,2025,2026-08-04T14:03:14.300203,2026-08-04T14:48:57.764674,3,probes_2025_20260804T140314-c44dde.json;probes_2025_20260804T144211-baf6e6.json;probes_2025_20260804T144857-a65442.json
identity,reflection,refl.Application.VersionNumber,property,Application,,,3,ok,String,2025,2025,2025,2025,2026-08-04T14:03:14.300203,2026-08-04T14:48:57.764674,3,probes_2025_20260804T140314-c44dde.json;probes_2025_20260804T144211-baf6e6.json;probes_2025_20260804T144857-a65442.json
identity,reflection,refl.Application.VertexTolerance,property,Application,,,3,ok,Double,0.0005233832795,0.0005233832795,0.0005233832795,2025,2026-08-04T14:03:14.300203,2026-08-04T14:48:57.764674,3,probes_2025_20260804T140314-c44dde.json;probes_2025_20260804T144211-baf6e6.json;probes_2025_20260804T144857-a65442.json
identity,reflection,refl.Document.ActiveProjectLocation,property,Document,,,3,unsupported,None,,,,2025,2026-08-04T14:03:14.300203,2026-08-04T14:48:57.764674,3,probes_2025_20260804T140314-c44dde.json;probes_2025_20260804T144211-baf6e6.json;probes_2025_20260804T144857-a65442.json
identity,reflection,refl.Document.ActiveView,property,Document,,,3,unsupported,None,,,,2025,2026-08-04T14:03:14.300203,2026-08-04T14:48:57.764674,3,probes_2025_20260804T140314-c44dde.json;probes_2025_20260804T144211-baf6e6.json;probes_2025_20260804T144857-a65442.json
identity,reflection,refl.Document.Application,property,Document,,,3,unsupported,None,,,,2025,2026-08-04T14:03:14.300203,2026-08-04T14:48:57.764674,3,probes_2025_20260804T140314-c44dde.json;probes_2025_20260804T144211-baf6e6.json;probes_2025_20260804T144857-a65442.json
identity,reflection,refl.Document.AutoJoinElements,method,Document,,,3,ok,String,<method not invoked>,<method not invoked>,<method not invoked>,2025,2026-08-04T14:03:14.300203,2026-08-04T14:48:57.764674,3,probes_2025_20260804T140314-c44dde.json;probes_2025_20260804T144211-baf6e6.json;probes_2025_20260804T144857-a65442.json
identity,reflection,refl.Document.CanEnableCloudWorksharing,method,Document,,,3,ok,String,<method not invoked>,<method not invoked>,<method not invoked>,2025,2026-08-04T14:03:14.300203,2026-08-04T14:48:57.764674,3,probes_2025_20260804T140314-c44dde.json;probes_2025_20260804T144211-baf6e6.json;probes_2025_20260804T144857-a65442.json
identity,reflection,refl.Document.CanEnableWorksharing,method,Document,,,3,ok,String,<method not invoked>,<method not invoked>,<method not invoked>,2025,2026-08-04T14:03:14.300203,2026-08-04T14:48:57.764674,3,probes_2025_20260804T140314-c44dde.json;probes_2025_20260804T144211-baf6e6.json;probes_2025_20260804T144857-a65442.json
identity,reflection,refl.Document.Close,method,Document,,,3,ok,String,<method not invoked>,<method not invoked>,<method not invoked>,2025,2026-08-04T14:03:14.300203,2026-08-04T14:48:57.764674,3,probes_2025_20260804T140314-c44dde.json;probes_2025_20260804T144211-baf6e6.json;probes_2025_20260804T144857-a65442.json
identity,reflection,refl.Document.Create,property,Document,,,3,unsupported,None,,,,2025,2026-08-04T14:03:14.300203,2026-08-04T14:48:57.764674,3,probes_2025_20260804T140314-c44dde.json;probes_2025_20260804T144211-baf6e6.json;probes_2025_20260804T144857-a65442.json
identity,reflection,refl.Document.CreationGUID,property,Document,,,3,ok,None,,60e6b281-cd0e-4353-8776-60d80a04096d,60e6b281-cd0e-4353-8776-60d80a04096d,2025,2026-08-04T14:03:14.300203,2026-08-04T14:48:57.764674,3,probes_2025_20260804T140314-c44dde.json;probes_2025_20260804T144211-baf6e6.json;probes_2025_20260804T144857-a65442.json
identity,reflection,refl.Document.DisplayUnitSystem,property,Document,,,3,ok,Integer,1,1,1,2025,2026-08-04T14:03:14.300203,2026-08-04T14:48:57.764674,3,probes_2025_20260804T140314-c44dde.json;probes_2025_20260804T144211-baf6e6.json;probes_2025_20260804T144857-a65442.json
identity,reflection,refl.Document.EnableCloudWorksharing,method,Document,,,3,ok,String,<method not invoked>,<method not invoked>,<method not invoked>,2025,2026-08-04T14:03:14.300203,2026-08-04T14:48:57.764674,3,probes_2025_20260804T140314-c44dde.json;probes_2025_20260804T144211-baf6e6.json;probes_2025_20260804T144857-a65442.json
identity,reflection,refl.Document.FamilyCreate,property,Document,,,0,,,,,,2025,2026-08-04T14:03:14.300203,2026-08-04T14:48:57.764674,3,probes_2025_20260804T140314-c44dde.json;probes_2025_20260804T144211-baf6e6.json;probes_2025_20260804T144857-a65442.json
identity,reflection,refl.Document.FamilyManager,property,Document,,,0,,,,,,2025,2026-08-04T14:03:14.300203,2026-08-04T14:48:57.764674,3,probes_2025_20260804T140314-c44dde.json;probes_2025_20260804T144211-baf6e6.json;probes_2025_20260804T144857-a65442.json
identity,reflection,refl.Document.GetCloudModelPath,method,Document,,,3,ok,String,<method not invoked>,<method not invoked>,<method not invoked>,2025,2026-08-04T14:03:14.300203,2026-08-04T14:48:57.764674,3,probes_2025_20260804T140314-c44dde.json;probes_2025_20260804T144211-baf6e6.json;probes_2025_20260804T144857-a65442.json
identity,reflection,refl.Document.GetCloudModelUrn,method,Document,,,3,ok,String,<method not invoked>,<method not invoked>,<method not invoked>,2025,2026-08-04T14:03:14.300203,2026-08-04T14:48:57.764674,3,probes_2025_20260804T140314-c44dde.json;probes_2025_20260804T144211-baf6e6.json;probes_2025_20260804T144857-a65442.json
identity,reflection,refl.Document.GetDocumentPreviewSettings,method,Document,,,3,ok,String,<method not invoked>,<method not invoked>,<method not invoked>,2025,2026-08-04T14:03:14.300203,2026-08-04T14:48:57.764674,3,probes_2025_20260804T140314-c44dde.json;probes_2025_20260804T144211-baf6e6.json;probes_2025_20260804T144857-a65442.json
identity,reflection,refl.Document.GetHubId,method,Document,,,3,ok,String,<method not invoked>,<method not invoked>,<method not invoked>,2025,2026-08-04T14:03:14.300203,2026-08-04T14:48:57.764674,3,probes_2025_20260804T140314-c44dde.json;probes_2025_20260804T144211-baf6e6.json;probes_2025_20260804T144857-a65442.json
identity,reflection,refl.Document.GetPrintSettingIds,method,Document,,,3,ok,String,<method not invoked>,<method not invoked>,<method not invoked>,2025,2026-08-04T14:03:14.300203,2026-08-04T14:48:57.764674,3,probes_2025_20260804T140314-c44dde.json;probes_2025_20260804T144211-baf6e6.json;probes_2025_20260804T144857-a65442.json
identity,reflection,refl.Document.GetProjectId,method,Document,,,3,ok,String,<method not invoked>,<method not invoked>,<method not invoked>,2025,2026-08-04T14:03:14.300203,2026-08-04T14:48:57.764674,3,probes_2025_20260804T140314-c44dde.json;probes_2025_20260804T144211-baf6e6.json;probes_2025_20260804T144857-a65442.json
identity,reflection,refl.Document.GetUnits,method,Document,,,3,ok,String,<method not invoked>,<method not invoked>,<method not invoked>,2025,2026-08-04T14:03:14.300203,2026-08-04T14:48:57.764674,3,probes_2025_20260804T140314-c44dde.json;probes_2025_20260804T144211-baf6e6.json;probes_2025_20260804T144857-a65442.json
identity,reflection,refl.Document.GetWarnings,method,Document,,,3,ok,String,<method not invoked>,<method not invoked>,<method not invoked>,2025,2026-08-04T14:03:14.300203,2026-08-04T14:48:57.764674,3,probes_2025_20260804T140314-c44dde.json;probes_2025_20260804T144211-baf6e6.json;probes_2025_20260804T144857-a65442.json
identity,reflection,refl.Document.GetWorksetTable,method,Document,,,3,ok,String,<method not invoked>,<method not invoked>,<method not invoked>,2025,2026-08-04T14:03:14.300203,2026-08-04T14:48:57.764674,3,probes_2025_20260804T140314-c44dde.json;probes_2025_20260804T144211-baf6e6.json;probes_2025_20260804T144857-a65442.json
identity,reflection,refl.Document.GetWorksharingCentralModelPath,method,Document,,,3,ok,String,<method not invoked>,<method not invoked>,<method not invoked>,2025,2026-08-04T14:03:14.300203,2026-08-04T14:48:57.764674,3,probes_2025_20260804T140314-c44dde.json;probes_2025_20260804T144211-baf6e6.json;probes_2025_20260804T144857-a65442.json
identity,reflection,refl.Document.HasAllChangesFromCentral,method,Document,,,3,ok,String,<method not invoked>,<method not invoked>,<method not invoked>,2025,2026-08-04T14:03:14.300203,2026-08-04T14:48:57.764674,3,probes_2025_20260804T140314-c44dde.json;probes_2025_20260804T144211-baf6e6.json;probes_2025_20260804T144857-a65442.json
identity,reflection,refl.Document.IsBackgroundCalculationInProgress,method,Document,,,3,ok,String,<method not invoked>,<method not invoked>,<method not invoked>,2025,2026-08-04T14:03:14.300203,2026-08-04T14:48:57.764674,3,probes_2025_20260804T140314-c44dde.json;probes_2025_20260804T144211-baf6e6.json;probes_2025_20260804T144857-a65442.json
identity,reflection,refl.Document.IsDetached,property,Document,,,3,ok,Integer,0,False,0,2025,2026-08-04T14:03:14.300203,2026-08-04T14:48:57.764674,3,probes_2025_20260804T140314-c44dde.json;probes_2025_20260804T144211-baf6e6.json;probes_2025_20260804T144857-a65442.json
identity,reflection,refl.Document.IsFamilyDocument,property,Document,,,3,ok,Integer,0,False,0,2025,2026-08-04T14:03:14.300203,2026-08-04T14:48:57.764674,3,probes_2025_20260804T140314-c44dde.json;probes_2025_20260804T144211-baf6e6.json;probes_2025_20260804T144857-a65442.json
identity,reflection,refl.Document.IsInEditMode,method,Document,,,3,ok,String,<method not invoked>,<method not invoked>,<method not invoked>,2025,2026-08-04T14:03:14.300203,2026-08-04T14:48:57.764674,3,probes_2025_20260804T140314-c44dde.json;probes_2025_20260804T144211-baf6e6.json;probes_2025_20260804T144857-a65442.json
identity,reflection,refl.Document.IsLinked,property,Document,,,3,ok,Integer,0,False,0,2025,2026-08-04T14:03:14.300203,2026-08-04T14:48:57.764674,3,probes_2025_20260804T140314-c44dde.json;probes_2025_20260804T144211-baf6e6.json;probes_2025_20260804T144857-a65442.json
identity,reflection,refl.Document.IsModelInCloud,property,Document,,,3,ok,Integer,0,False,0,2025,2026-08-04T14:03:14.300203,2026-08-04T14:48:57.764674,3,probes_2025_20260804T140314-c44dde.json;probes_2025_20260804T144211-baf6e6.json;probes_2025_20260804T144857-a65442.json
identity,reflection,refl.Document.IsModifiable,property,Document,,,3,ok,Integer,0,False,0,2025,2026-08-04T14:03:14.300203,2026-08-04T14:48:57.764674,3,probes_2025_20260804T140314-c44dde.json;probes_2025_20260804T144211-baf6e6.json;probes_2025_20260804T144857-a65442.json
identity,reflection,refl.Document.IsModified,property,Document,,,3,ok,Integer,0,False,0,2025,2026-08-04T14:03:14.300203,2026-08-04T14:48:57.764674,3,probes_2025_20260804T140314-c44dde.json;probes_2025_20260804T144211-baf6e6.json;probes_2025_20260804T144857-a65442.json
identity,reflection,refl.Document.IsReadOnly,property,Document,,,3,ok,Integer,0,False,0,2025,2026-08-04T14:03:14.300203,2026-08-04T14:48:57.764674,3,probes_2025_20260804T140314-c44dde.json;probes_2025_20260804T144211-baf6e6.json;probes_2025_20260804T144857-a65442.json
identity,reflection,refl.Document.IsReadOnlyFile,property,Document,,,3,ok,Integer,0,False,0,2025,2026-08-04T14:03:14.300203,2026-08-04T14:48:57.764674,3,probes_2025_20260804T140314-c44dde.json;probes_2025_20260804T144211-baf6e6.json;probes_2025_20260804T144857-a65442.json
identity,reflection,refl.Document.IsValidObject,property,Document,,,3,ok,Integer,1,True,1,2025,2026-08-04T14:03:14.300203,2026-08-04T14:48:57.764674,3,probes_2025_20260804T140314-c44dde.json;probes_2025_20260804T144211-baf6e6.json;probes_2025_20260804T144857-a65442.json
identity,reflection,refl.Document.IsWorkshared,property,Document,,,3,ok,Integer,1,True,1,2025,2026-08-04T14:03:14.300203,2026-08-04T14:48:57.764674,3,probes_2025_20260804T140314-c44dde.json;probes_2025_20260804T144211-baf6e6.json;probes_2025_20260804T144857-a65442.json
identity,reflection,refl.Document.MassDisplayTemporaryOverride,property,Document,,,3,ok,Integer,0,0,0,2025,2026-08-04T14:03:14.300203,2026-08-04T14:48:57.764674,3,probes_2025_20260804T140314-c44dde.json;probes_2025_20260804T144211-baf6e6.json;probes_2025_20260804T144857-a65442.json
identity,reflection,refl.Document.MullionTypes,property,Document,,,3,unsupported,None,,,,2025,2026-08-04T14:03:14.300203,2026-08-04T14:48:57.764674,3,probes_2025_20260804T140314-c44dde.json;probes_2025_20260804T144211-baf6e6.json;probes_2025_20260804T144857-a65442.json
identity,reflection,refl.Document.OwnerFamily,property,Document,,,3,missing,None,,,,2025,2026-08-04T14:03:14.300203,2026-08-04T14:48:57.764674,3,probes_2025_20260804T140314-c44dde.json;probes_2025_20260804T144211-baf6e6.json;probes_2025_20260804T144857-a65442.json
identity,reflection,refl.Document.PanelTypes,property,Document,,,3,unsupported,None,,,,2025,2026-08-04T14:03:14.300203,2026-08-04T14:48:57.764674,3,probes_2025_20260804T140314-c44dde.json;probes_2025_20260804T144211-baf6e6.json;probes_2025_20260804T144857-a65442.json
identity,reflection,refl.Document.ParameterBindings,property,Document,,,3,unsupported,None,,,,2025,2026-08-04T14:03:14.300203,2026-08-04T14:48:57.764674,3,probes_2025_20260804T140314-c44dde.json;probes_2025_20260804T144211-baf6e6.json;probes_2025_20260804T144857-a65442.json
identity,reflection,refl.Document.PathName,property,Document,,,3,ok,String,C:\Users\Public\Documents\Local_Revit_Files\FVOT_ BLDG 1_ Arch25_Greg.McDowellJr.rvt,C:\Users\Public\Documents\Local_Revit_Files\FVOT_ BLDG 1_ Arch25_Greg.McDowellJr.rvt,C:\Users\Public\Documents\Local_Revit_Files\FVOT_ BLDG 1_ Arch25_Greg.McDowellJr.rvt,2025,2026-08-04T14:03:14.300203,2026-08-04T14:48:57.764674,3,probes_2025_20260804T140314-c44dde.json;probes_2025_20260804T144211-baf6e6.json;probes_2025_20260804T144857-a65442.json
identity,reflection,refl.Document.Phases,property,Document,,,3,unsupported,None,,,,2025,2026-08-04T14:03:14.300203,2026-08-04T14:48:57.764674,3,probes_2025_20260804T140314-c44dde.json;probes_2025_20260804T144211-baf6e6.json;probes_2025_20260804T144857-a65442.json
identity,reflection,refl.Document.PlanTopologies,property,Document,,,0,,,,,,2025,2026-08-04T14:03:14.300203,2026-08-04T14:48:57.764674,3,probes_2025_20260804T140314-c44dde.json;probes_2025_20260804T144211-baf6e6.json;probes_2025_20260804T144857-a65442.json
identity,reflection,refl.Document.PrintManager,property,Document,,,3,unsupported,None,,,,2025,2026-08-04T14:03:14.300203,2026-08-04T14:48:57.764674,3,probes_2025_20260804T140314-c44dde.json;probes_2025_20260804T144211-baf6e6.json;probes_2025_20260804T144857-a65442.json
identity,reflection,refl.Document.ProjectInformation,property,Document,,,3,unsupported,None,,,,2025,2026-08-04T14:03:14.300203,2026-08-04T14:48:57.764674,3,probes_2025_20260804T140314-c44dde.json;probes_2025_20260804T144211-baf6e6.json;probes_2025_20260804T144857-a65442.json
identity,reflection,refl.Document.ProjectLocations,property,Document,,,3,unsupported,None,,,,2025,2026-08-04T14:03:14.300203,2026-08-04T14:48:57.764674,3,probes_2025_20260804T140314-c44dde.json;probes_2025_20260804T144211-baf6e6.json;probes_2025_20260804T144857-a65442.json
identity,reflection,refl.Document.ReactionsAreUpToDate,property,Document,,,3,ok,Integer,1,True,1,2025,2026-08-04T14:03:14.300203,2026-08-04T14:48:57.764674,3,probes_2025_20260804T140314-c44dde.json;probes_2025_20260804T144211-baf6e6.json;probes_2025_20260804T144857-a65442.json
identity,reflection,refl.Document.Regenerate,method,Document,,,3,ok,String,<method not invoked>,<method not invoked>,<method not invoked>,2025,2026-08-04T14:03:14.300203,2026-08-04T14:48:57.764674,3,probes_2025_20260804T140314-c44dde.json;probes_2025_20260804T144211-baf6e6.json;probes_2025_20260804T144857-a65442.json
identity,reflection,refl.Document.ResetSharedCoordinates,method,Document,,,3,ok,String,<method not invoked>,<method not invoked>,<method not invoked>,2025,2026-08-04T14:03:14.300203,2026-08-04T14:48:57.764674,3,probes_2025_20260804T140314-c44dde.json;probes_2025_20260804T144211-baf6e6.json;probes_2025_20260804T144857-a65442.json
identity,reflection,refl.Document.Save,method,Document,,,3,ok,String,<method not invoked>,<method not invoked>,<method not invoked>,2025,2026-08-04T14:03:14.300203,2026-08-04T14:48:57.764674,3,probes_2025_20260804T140314-c44dde.json;probes_2025_20260804T144211-baf6e6.json;probes_2025_20260804T144857-a65442.json
identity,reflection,refl.Document.SaveCloudModel,method,Document,,,3,ok,String,<method not invoked>,<method not invoked>,<method not invoked>,2025,2026-08-04T14:03:14.300203,2026-08-04T14:48:57.764674,3,probes_2025_20260804T140314-c44dde.json;probes_2025_20260804T144211-baf6e6.json;probes_2025_20260804T144857-a65442.json
identity,reflection,refl.Document.Settings,property,Document,,,3,unsupported,None,,,,2025,2026-08-04T14:03:14.300203,2026-08-04T14:48:57.764674,3,probes_2025_20260804T140314-c44dde.json;probes_2025_20260804T144211-baf6e6.json;probes_2025_20260804T144857-a65442.json
identity,reflection,refl.Document.SiteLocation,property,Document,,,3,unsupported,None,,,,2025,2026-08-04T14:03:14.300203,2026-08-04T14:48:57.764674,3,probes_2025_20260804T140314-c44dde.json;probes_2025_20260804T144211-baf6e6.json;probes_2025_20260804T144857-a65442.json
identity,reflection,refl.Document.Title,property,Document,,,3,ok,String,FVOT_ BLDG 1_ Arch25_Greg.McDowellJr,FVOT_ BLDG 1_ Arch25_Greg.McDowellJr,FVOT_ BLDG 1_ Arch25_Greg.McDowellJr,2025,2026-08-04T14:03:14.300203,2026-08-04T14:48:57.764674,3,probes_2025_20260804T140314-c44dde.json;probes_2025_20260804T144211-baf6e6.json;probes_2025_20260804T144857-a65442.json
identity,reflection,refl.Document.WorksharingCentralGUID,property,Document,,,2,ok,None,,2b735e6c-a47f-4ddc-8b4d-1b2d8b4bb9da,2b735e6c-a47f-4ddc-8b4d-1b2d8b4bb9da,2025,2026-08-04T14:03:14.300203,2026-08-04T14:48:57.764674,3,probes_2025_20260804T140314-c44dde.json;probes_2025_20260804T144211-baf6e6.json;probes_2025_20260804T144857-a65442.json
identity,reflection,refl.ProjectInformation.Address,property,ProjectInformation,,,3,ok,String,"2645 E Southern Ave
Tempe, AZ 85282","2645 E Southern Ave
Tempe, AZ 85282","2645 E Southern Ave
Tempe, AZ 85282",2025,2026-08-04T14:03:14.300203,2026-08-04T14:48:57.764674,3,probes_2025_20260804T140314-c44dde.json;probes_2025_20260804T144211-baf6e6.json;probes_2025_20260804T144857-a65442.json
identity,reflection,refl.ProjectInformation.ArePhasesModifiable,method,ProjectInformation,,,3,ok,String,<method not invoked>,<method not invoked>,<method not invoked>,2025,2026-08-04T14:03:14.300203,2026-08-04T14:48:57.764674,3,probes_2025_20260804T140314-c44dde.json;probes_2025_20260804T144211-baf6e6.json;probes_2025_20260804T144857-a65442.json
identity,reflection,refl.ProjectInformation.AssemblyInstanceId,property,ProjectInformation,,,3,ok,ElementId,-1,-1,-1,2025,2026-08-04T14:03:14.300203,2026-08-04T14:48:57.764674,3,probes_2025_20260804T140314-c44dde.json;probes_2025_20260804T144211-baf6e6.json;probes_2025_20260804T144857-a65442.json
identity,reflection,refl.ProjectInformation.Author,property,ProjectInformation,,,3,ok,String,,,,2025,2026-08-04T14:03:14.300203,2026-08-04T14:48:57.764674,3,probes_2025_20260804T140314-c44dde.json;probes_2025_20260804T144211-baf6e6.json;probes_2025_20260804T144857-a65442.json
identity,reflection,refl.ProjectInformation.BuildingName,property,ProjectInformation,,,3,ok,String,BUILDING NAME,BUILDING NAME,BUILDING NAME,2025,2026-08-04T14:03:14.300203,2026-08-04T14:48:57.764674,3,probes_2025_20260804T140314-c44dde.json;probes_2025_20260804T144211-baf6e6.json;probes_2025_20260804T144857-a65442.json
identity,reflection,refl.ProjectInformation.CanBeLocked,method,ProjectInformation,,,3,ok,String,<method not invoked>,<method not invoked>,<method not invoked>,2025,2026-08-04T14:03:14.300203,2026-08-04T14:48:57.764674,3,probes_2025_20260804T140314-c44dde.json;probes_2025_20260804T144211-baf6e6.json;probes_2025_20260804T144857-a65442.json
identity,reflection,refl.ProjectInformation.CanHaveTypeAssigned,method,ProjectInformation,,,3,ok,String,<method not invoked>,<method not invoked>,<method not invoked>,2025,2026-08-04T14:03:14.300203,2026-08-04T14:48:57.764674,3,probes_2025_20260804T140314-c44dde.json;probes_2025_20260804T144211-baf6e6.json;probes_2025_20260804T144857-a65442.json
identity,reflection,refl.ProjectInformation.Category,property,ProjectInformation,,,3,unsupported,None,,,,2025,2026-08-04T14:03:14.300203,2026-08-04T14:48:57.764674,3,probes_2025_20260804T140314-c44dde.json;probes_2025_20260804T144211-baf6e6.json;probes_2025_20260804T144857-a65442.json
identity,reflection,refl.ProjectInformation.ClientName,property,ProjectInformation,,,3,ok,String,Owner,Owner,Owner,2025,2026-08-04T14:03:14.300203,2026-08-04T14:48:57.764674,3,probes_2025_20260804T140314-c44dde.json;probes_2025_20260804T144211-baf6e6.json;probes_2025_20260804T144857-a65442.json
identity,reflection,refl.ProjectInformation.CreatedPhaseId,property,ProjectInformation,,,3,ok,ElementId,-1,-1,-1,2025,2026-08-04T14:03:14.300203,2026-08-04T14:48:57.764674,3,probes_2025_20260804T140314-c44dde.json;probes_2025_20260804T144211-baf6e6.json;probes_2025_20260804T144857-a65442.json
identity,reflection,refl.ProjectInformation.DemolishedPhaseId,property,ProjectInformation,,,3,ok,ElementId,-1,-1,-1,2025,2026-08-04T14:03:14.300203,2026-08-04T14:48:57.764674,3,probes_2025_20260804T140314-c44dde.json;probes_2025_20260804T144211-baf6e6.json;probes_2025_20260804T144857-a65442.json
identity,reflection,refl.ProjectInformation.DesignOption,property,ProjectInformation,,,3,missing,None,,,,2025,2026-08-04T14:03:14.300203,2026-08-04T14:48:57.764674,3,probes_2025_20260804T140314-c44dde.json;probes_2025_20260804T144211-baf6e6.json;probes_2025_20260804T144857-a65442.json
identity,reflection,refl.ProjectInformation.Document,property,ProjectInformation,,,3,unsupported,None,,,,2025,2026-08-04T14:03:14.300203,2026-08-04T14:48:57.764674,3,probes_2025_20260804T140314-c44dde.json;probes_2025_20260804T144211-baf6e6.json;probes_2025_20260804T144857-a65442.json
identity,reflection,refl.ProjectInformation.EvaluateAllParameterValues,method,ProjectInformation,,,3,ok,String,<method not invoked>,<method not invoked>,<method not invoked>,2025,2026-08-04T14:03:14.300203,2026-08-04T14:48:57.764674,3,probes_2025_20260804T140314-c44dde.json;probes_2025_20260804T144211-baf6e6.json;probes_2025_20260804T144857-a65442.json
identity,reflection,refl.ProjectInformation.GetEntitySchemaGuids,method,ProjectInformation,,,3,ok,String,<method not invoked>,<method not invoked>,<method not invoked>,2025,2026-08-04T14:03:14.300203,2026-08-04T14:48:57.764674,3,probes_2025_20260804T140314-c44dde.json;probes_2025_20260804T144211-baf6e6.json;probes_2025_20260804T144857-a65442.json
identity,reflection,refl.ProjectInformation.GetExternalFileReference,method,ProjectInformation,,,3,ok,String,<method not invoked>,<method not invoked>,<method not invoked>,2025,2026-08-04T14:03:14.300203,2026-08-04T14:48:57.764674,3,probes_2025_20260804T140314-c44dde.json;probes_2025_20260804T144211-baf6e6.json;probes_2025_20260804T144857-a65442.json
identity,reflection,refl.ProjectInformation.GetExternalResourceReferences,method,ProjectInformation,,,3,ok,String,<method not invoked>,<method not invoked>,<method not invoked>,2025,2026-08-04T14:03:14.300203,2026-08-04T14:48:57.764674,3,probes_2025_20260804T140314-c44dde.json;probes_2025_20260804T144211-baf6e6.json;probes_2025_20260804T144857-a65442.json
identity,reflection,refl.ProjectInformation.GetExternalResourceReferencesExpanded,method,ProjectInformation,,,3,ok,String,<method not invoked>,<method not invoked>,<method not invoked>,2025,2026-08-04T14:03:14.300203,2026-08-04T14:48:57.764674,3,probes_2025_20260804T140314-c44dde.json;probes_2025_20260804T144211-baf6e6.json;probes_2025_20260804T144857-a65442.json
identity,reflection,refl.ProjectInformation.GetMonitoredLinkElementIds,method,ProjectInformation,,,3,ok,String,<method not invoked>,<method not invoked>,<method not invoked>,2025,2026-08-04T14:03:14.300203,2026-08-04T14:48:57.764674,3,probes_2025_20260804T140314-c44dde.json;probes_2025_20260804T144211-baf6e6.json;probes_2025_20260804T144857-a65442.json
identity,reflection,refl.ProjectInformation.GetMonitoredLocalElementIds,method,ProjectInformation,,,3,ok,String,<method not invoked>,<method not invoked>,<method not invoked>,2025,2026-08-04T14:03:14.300203,2026-08-04T14:48:57.764674,3,probes_2025_20260804T140314-c44dde.json;probes_2025_20260804T144211-baf6e6.json;probes_2025_20260804T144857-a65442.json
identity,reflection,refl.ProjectInformation.GetOrderedParameters,method,ProjectInformation,,,3,ok,String,<method not invoked>,<method not invoked>,<method not invoked>,2025,2026-08-04T14:03:14.300203,2026-08-04T14:48:57.764674,3,probes_2025_20260804T140314-c44dde.json;probes_2025_20260804T144211-baf6e6.json;probes_2025_20260804T144857-a65442.json
identity,reflection,refl.ProjectInformation.GetSubelements,method,ProjectInformation,,,3,ok,String,<method not invoked>,<method not invoked>,<method not invoked>,2025,2026-08-04T14:03:14.300203,2026-08-04T14:48:57.764674,3,probes_2025_20260804T140314-c44dde.json;probes_2025_20260804T144211-baf6e6.json;probes_2025_20260804T144857-a65442.json
identity,reflection,refl.ProjectInformation.GetTypeId,method,ProjectInformation,,,3,ok,String,<method not invoked>,<method not invoked>,<method not invoked>,2025,2026-08-04T14:03:14.300203,2026-08-04T14:48:57.764674,3,probes_2025_20260804T140314-c44dde.json;probes_2025_20260804T144211-baf6e6.json;probes_2025_20260804T144857-a65442.json
identity,reflection,refl.ProjectInformation.GetValidTypes,method,ProjectInformation,,,3,ok,String,<method not invoked>,<method not invoked>,<method not invoked>,2025,2026-08-04T14:03:14.300203,2026-08-04T14:48:57.764674,3,probes_2025_20260804T140314-c44dde.json;probes_2025_20260804T144211-baf6e6.json;probes_2025_20260804T144857-a65442.json
identity,reflection,refl.ProjectInformation.GroupId,property,ProjectInformation,,,3,ok,ElementId,-1,-1,-1,2025,2026-08-04T14:03:14.300203,2026-08-04T14:48:57.764674,3,probes_2025_20260804T140314-c44dde.json;probes_2025_20260804T144211-baf6e6.json;probes_2025_20260804T144857-a65442.json
identity,reflection,refl.ProjectInformation.HasPhases,method,ProjectInformation,,,3,ok,String,<method not invoked>,<method not invoked>,<method not invoked>,2025,2026-08-04T14:03:14.300203,2026-08-04T14:48:57.764674,3,probes_2025_20260804T140314-c44dde.json;probes_2025_20260804T144211-baf6e6.json;probes_2025_20260804T144857-a65442.json
identity,reflection,refl.ProjectInformation.Id,property,ProjectInformation,,,3,ok,ElementId,76675,76675,76675,2025,2026-08-04T14:03:14.300203,2026-08-04T14:48:57.764674,3,probes_2025_20260804T140314-c44dde.json;probes_2025_20260804T144211-baf6e6.json;probes_2025_20260804T144857-a65442.json
identity,reflection,refl.ProjectInformation.IsExternalFileReference,method,ProjectInformation,,,3,ok,String,<method not invoked>,<method not invoked>,<method not invoked>,2025,2026-08-04T14:03:14.300203,2026-08-04T14:48:57.764674,3,probes_2025_20260804T140314-c44dde.json;probes_2025_20260804T144211-baf6e6.json;probes_2025_20260804T144857-a65442.json
identity,reflection,refl.ProjectInformation.IsModifiable,property,ProjectInformation,,,3,ok,Integer,1,True,1,2025,2026-08-04T14:03:14.300203,2026-08-04T14:48:57.764674,3,probes_2025_20260804T140314-c44dde.json;probes_2025_20260804T144211-baf6e6.json;probes_2025_20260804T144857-a65442.json
identity,reflection,refl.ProjectInformation.IsMonitoringLinkElement,method,ProjectInformation,,,3,ok,String,<method not invoked>,<method not invoked>,<method not invoked>,2025,2026-08-04T14:03:14.300203,2026-08-04T14:48:57.764674,3,probes_2025_20260804T140314-c44dde.json;probes_2025_20260804T144211-baf6e6.json;probes_2025_20260804T144857-a65442.json
identity,reflection,refl.ProjectInformation.IsMonitoringLocalElement,method,ProjectInformation,,,3,ok,String,<method not invoked>,<method not invoked>,<method not invoked>,2025,2026-08-04T14:03:14.300203,2026-08-04T14:48:57.764674,3,probes_2025_20260804T140314-c44dde.json;probes_2025_20260804T144211-baf6e6.json;probes_2025_20260804T144857-a65442.json
identity,reflection,refl.ProjectInformation.IsTransient,property,ProjectInformation,,,3,ok,Integer,0,False,0,2025,2026-08-04T14:03:14.300203,2026-08-04T14:48:57.764674,3,probes_2025_20260804T140314-c44dde.json;probes_2025_20260804T144211-baf6e6.json;probes_2025_20260804T144857-a65442.json
identity,reflection,refl.ProjectInformation.IsValidObject,property,ProjectInformation,,,3,ok,Integer,1,True,1,2025,2026-08-04T14:03:14.300203,2026-08-04T14:48:57.764674,3,probes_2025_20260804T140314-c44dde.json;probes_2025_20260804T144211-baf6e6.json;probes_2025_20260804T144857-a65442.json
identity,reflection,refl.ProjectInformation.IssueDate,property,ProjectInformation,,,3,ok,String,11/27/2019,11/27/2019,11/27/2019,2025,2026-08-04T14:03:14.300203,2026-08-04T14:48:57.764674,3,probes_2025_20260804T140314-c44dde.json;probes_2025_20260804T144211-baf6e6.json;probes_2025_20260804T144857-a65442.json
identity,reflection,refl.ProjectInformation.LevelId,property,ProjectInformation,,,3,ok,ElementId,-1,-1,-1,2025,2026-08-04T14:03:14.300203,2026-08-04T14:48:57.764674,3,probes_2025_20260804T140314-c44dde.json;probes_2025_20260804T144211-baf6e6.json;probes_2025_20260804T144857-a65442.json
identity,reflection,refl.ProjectInformation.Location,property,ProjectInformation,,,3,missing,None,,,,2025,2026-08-04T14:03:14.300203,2026-08-04T14:48:57.764674,3,probes_2025_20260804T140314-c44dde.json;probes_2025_20260804T144211-baf6e6.json;probes_2025_20260804T144857-a65442.json
identity,reflection,refl.ProjectInformation.Name,property,ProjectInformation,,,3,ok,String,FRIENDSHIP VILLAGE TEMPE - IL APARTMENTS,FRIENDSHIP VILLAGE TEMPE - IL APARTMENTS,FRIENDSHIP VILLAGE TEMPE - IL APARTMENTS,2025,2026-08-04T14:03:14.300203,2026-08-04T14:48:57.764674,3,probes_2025_20260804T140314-c44dde.json;probes_2025_20260804T144211-baf6e6.json;probes_2025_20260804T144857-a65442.json
identity,reflection,refl.ProjectInformation.Number,property,ProjectInformation,,,3,ok,String,700-370,700-370,700-370,2025,2026-08-04T14:03:14.300203,2026-08-04T14:48:57.764674,3,probes_2025_20260804T140314-c44dde.json;probes_2025_20260804T144211-baf6e6.json;probes_2025_20260804T144857-a65442.json
identity,reflection,refl.ProjectInformation.OrganizationDescription,property,ProjectInformation,,,3,ok,String,,,,2025,2026-08-04T14:03:14.300203,2026-08-04T14:48:57.764674,3,probes_2025_20260804T140314-c44dde.json;probes_2025_20260804T144211-baf6e6.json;probes_2025_20260804T144857-a65442.json
identity,reflection,refl.ProjectInformation.OrganizationName,property,ProjectInformation,,,3,ok,String,Stantec,Stantec,Stantec,2025,2026-08-04T14:03:14.300203,2026-08-04T14:48:57.764674,3,probes_2025_20260804T140314-c44dde.json;probes_2025_20260804T144211-baf6e6.json;probes_2025_20260804T144857-a65442.json
identity,reflection,refl.ProjectInformation.OwnerViewId,property,ProjectInformation,,,3,ok,ElementId,-1,-1,-1,2025,2026-08-04T14:03:14.300203,2026-08-04T14:48:57.764674,3,probes_2025_20260804T140314-c44dde.json;probes_2025_20260804T144211-baf6e6.json;probes_2025_20260804T144857-a65442.json
identity,reflection,refl.ProjectInformation.Parameters,property,ProjectInformation,,,3,unsupported,None,,,,2025,2026-08-04T14:03:14.300203,2026-08-04T14:48:57.764674,3,probes_2025_20260804T140314-c44dde.json;probes_2025_20260804T144211-baf6e6.json;probes_2025_20260804T144857-a65442.json
identity,reflection,refl.ProjectInformation.ParametersMap,property,ProjectInformation,,,3,unsupported,None,,,,2025,2026-08-04T14:03:14.300203,2026-08-04T14:48:57.764674,3,probes_2025_20260804T140314-c44dde.json;probes_2025_20260804T144211-baf6e6.json;probes_2025_20260804T144857-a65442.json
identity,reflection,refl.ProjectInformation.Pinned,property,ProjectInformation,,,3,ok,Integer,0,False,0,2025,2026-08-04T14:03:14.300203,2026-08-04T14:48:57.764674,3,probes_2025_20260804T140314-c44dde.json;probes_2025_20260804T144211-baf6e6.json;probes_2025_20260804T144857-a65442.json
identity,reflection,refl.ProjectInformation.RefersToExternalResourceReferences,method,ProjectInformation,,,3,ok,String,<method not invoked>,<method not invoked>,<method not invoked>,2025,2026-08-04T14:03:14.300203,2026-08-04T14:48:57.764674,3,probes_2025_20260804T140314-c44dde.json;probes_2025_20260804T144211-baf6e6.json;probes_2025_20260804T144857-a65442.json
identity,reflection,refl.ProjectInformation.Status,property,ProjectInformation,,,3,ok,String,Project Status,Project Status,Project Status,2025,2026-08-04T14:03:14.300203,2026-08-04T14:48:57.764674,3,probes_2025_20260804T140314-c44dde.json;probes_2025_20260804T144211-baf6e6.json;probes_2025_20260804T144857-a65442.json
identity,reflection,refl.ProjectInformation.UniqueId,property,ProjectInformation,,,3,ok,String,7cacd49c-ac17-4591-ad0a-cbc9bb40015a-00012b83,7cacd49c-ac17-4591-ad0a-cbc9bb40015a-00012b83,7cacd49c-ac17-4591-ad0a-cbc9bb40015a-00012b83,2025,2026-08-04T14:03:14.300203,2026-08-04T14:48:57.764674,3,probes_2025_20260804T140314-c44dde.json;probes_2025_20260804T144211-baf6e6.json;probes_2025_20260804T144857-a65442.json
identity,reflection,refl.ProjectInformation.VersionGuid,property,ProjectInformation,,,3,ok,None,,26e412fb-5885-4538-9832-41794a75a2b9,26e412fb-5885-4538-9832-41794a75a2b9,2025,2026-08-04T14:03:14.300203,2026-08-04T14:48:57.764674,3,probes_2025_20260804T140314-c44dde.json;probes_2025_20260804T144211-baf6e6.json;probes_2025_20260804T144857-a65442.json
identity,reflection,refl.ProjectInformation.ViewSpecific,property,ProjectInformation,,,3,ok,Integer,0,False,0,2025,2026-08-04T14:03:14.300203,2026-08-04T14:48:57.764674,3,probes_2025_20260804T140314-c44dde.json;probes_2025_20260804T144211-baf6e6.json;probes_2025_20260804T144857-a65442.json
identity,reflection,refl.ProjectInformation.WorksetId,property,ProjectInformation,,,3,ok,ElementId,4,4,4,2025,2026-08-04T14:03:14.300203,2026-08-04T14:48:57.764674,3,probes_2025_20260804T140314-c44dde.json;probes_2025_20260804T144211-baf6e6.json;probes_2025_20260804T144857-a65442.json
line_patterns,param,p.Design Option,,,String,missing=0;ok=81;unreadable=0;unsupported=0,0,ok,String,Main Model,Main Model,Main Model,2025,2026-08-04T14:03:14.300203,2026-08-04T14:03:14.300203,1,probes_2025_20260804T140314-c44dde.json
line_patterns,param,p.Edited by,,,String,missing=0;ok=167;unreadable=0;unsupported=0,0,ok,String,,,,2025,2026-08-04T14:03:14.300203,2026-08-04T14:48:57.764674,3,probes_2025_20260804T140314-c44dde.json;probes_2025_20260804T144211-baf6e6.json;probes_2025_20260804T144857-a65442.json
line_patterns,param,p.Workset,,,Integer,missing=0;ok=167;unreadable=0;unsupported=0,0,ok,Integer,9,Line Patterns,9,2025,2026-08-04T14:03:14.300203,2026-08-04T14:48:57.764674,3,probes_2025_20260804T140314-c44dde.json;probes_2025_20260804T144211-baf6e6.json;probes_2025_20260804T144857-a65442.json
line_patterns,param,prop.is_solid,,,Integer,missing=0;ok=167;unreadable=0;unsupported=0,0,ok,Integer,0,False,0,2025,2026-08-04T14:03:14.300203,2026-08-04T14:48:57.764674,3,probes_2025_20260804T140314-c44dde.json;probes_2025_20260804T144211-baf6e6.json;probes_2025_20260804T144857-a65442.json
line_patterns,param,prop.name,,,String,missing=0;ok=167;unreadable=0;unsupported=0,0,ok,String,"Aligning Line 1/8""","Aligning Line 1/8""","Aligning Line 1/8""",2025,2026-08-04T14:03:14.300203,2026-08-04T14:48:57.764674,3,probes_2025_20260804T140314-c44dde.json;probes_2025_20260804T144211-baf6e6.json;probes_2025_20260804T144857-a65442.json
line_patterns,param,prop.segment_count,,,Integer,missing=0;ok=167;unreadable=0;unsupported=0,0,ok,Integer,2,2,2,2025,2026-08-04T14:03:14.300203,2026-08-04T14:48:57.764674,3,probes_2025_20260804T140314-c44dde.json;probes_2025_20260804T144211-baf6e6.json;probes_2025_20260804T144857-a65442.json
line_patterns,param,prop.sequence,,,String,missing=0;ok=167;unreadable=0;unsupported=0,0,ok,String,seg[000].kind=0;len=0.125000|seg[001].kind=1;len=0.125000,seg[000].kind=0;len=0.125000|seg[001].kind=1;len=0.125000,seg[000].kind=0;len=0.125000|seg[001].kind=1;len=0.125000,2025,2026-08-04T14:03:14.300203,2026-08-04T14:48:57.764674,3,probes_2025_20260804T140314-c44dde.json;probes_2025_20260804T144211-baf6e6.json;probes_2025_20260804T144857-a65442.json
line_patterns,param,prop.sequence_hash,,,String,missing=0;ok=167;unreadable=0;unsupported=0,0,ok,String,d85baa0a20b08fd96569d5f6c2bd3335,d85baa0a20b08fd96569d5f6c2bd3335,d85baa0a20b08fd96569d5f6c2bd3335,2025,2026-08-04T14:03:14.300203,2026-08-04T14:48:57.764674,3,probes_2025_20260804T140314-c44dde.json;probes_2025_20260804T144211-baf6e6.json;probes_2025_20260804T144857-a65442.json
line_patterns,reflection,refl.LinePatternElement.ArePhasesModifiable,method,LinePatternElement,,,3,ok,String,<method not invoked>,<method not invoked>,<method not invoked>,2025,2026-08-04T14:03:14.300203,2026-08-04T14:48:57.764674,3,probes_2025_20260804T140314-c44dde.json;probes_2025_20260804T144211-baf6e6.json;probes_2025_20260804T144857-a65442.json
line_patterns,reflection,refl.LinePatternElement.AssemblyInstanceId,property,LinePatternElement,,,3,ok,ElementId,-1,-1,-1,2025,2026-08-04T14:03:14.300203,2026-08-04T14:48:57.764674,3,probes_2025_20260804T140314-c44dde.json;probes_2025_20260804T144211-baf6e6.json;probes_2025_20260804T144857-a65442.json
line_patterns,reflection,refl.LinePatternElement.CanBeLocked,method,LinePatternElement,,,3,ok,String,<method not invoked>,<method not invoked>,<method not invoked>,2025,2026-08-04T14:03:14.300203,2026-08-04T14:48:57.764674,3,probes_2025_20260804T140314-c44dde.json;probes_2025_20260804T144211-baf6e6.json;probes_2025_20260804T144857-a65442.json
line_patterns,reflection,refl.LinePatternElement.CanHaveTypeAssigned,method,LinePatternElement,,,3,ok,String,<method not invoked>,<method not invoked>,<method not invoked>,2025,2026-08-04T14:03:14.300203,2026-08-04T14:48:57.764674,3,probes_2025_20260804T140314-c44dde.json;probes_2025_20260804T144211-baf6e6.json;probes_2025_20260804T144857-a65442.json
line_patterns,reflection,refl.LinePatternElement.Category,property,LinePatternElement,,,3,missing,None,,,,2025,2026-08-04T14:03:14.300203,2026-08-04T14:48:57.764674,3,probes_2025_20260804T140314-c44dde.json;probes_2025_20260804T144211-baf6e6.json;probes_2025_20260804T144857-a65442.json
line_patterns,reflection,refl.LinePatternElement.CreatedPhaseId,property,LinePatternElement,,,3,ok,ElementId,-1,-1,-1,2025,2026-08-04T14:03:14.300203,2026-08-04T14:48:57.764674,3,probes_2025_20260804T140314-c44dde.json;probes_2025_20260804T144211-baf6e6.json;probes_2025_20260804T144857-a65442.json
line_patterns,reflection,refl.LinePatternElement.DemolishedPhaseId,property,LinePatternElement,,,3,ok,ElementId,-1,-1,-1,2025,2026-08-04T14:03:14.300203,2026-08-04T14:48:57.764674,3,probes_2025_20260804T140314-c44dde.json;probes_2025_20260804T144211-baf6e6.json;probes_2025_20260804T144857-a65442.json
line_patterns,reflection,refl.LinePatternElement.DesignOption,property,LinePatternElement,,,3,missing,None,,,,2025,2026-08-04T14:03:14.300203,2026-08-04T14:48:57.764674,3,probes_2025_20260804T140314-c44dde.json;probes_2025_20260804T144211-baf6e6.json;probes_2025_20260804T144857-a65442.json
line_patterns,reflection,refl.LinePatternElement.Document,property,LinePatternElement,,,3,unsupported,None,,,,2025,2026-08-04T14:03:14.300203,2026-08-04T14:48:57.764674,3,probes_2025_20260804T140314-c44dde.json;probes_2025_20260804T144211-baf6e6.json;probes_2025_20260804T144857-a65442.json
line_patterns,reflection,refl.LinePatternElement.EvaluateAllParameterValues,method,LinePatternElement,,,3,ok,String,<method not invoked>,<method not invoked>,<method not invoked>,2025,2026-08-04T14:03:14.300203,2026-08-04T14:48:57.764674,3,probes_2025_20260804T140314-c44dde.json;probes_2025_20260804T144211-baf6e6.json;probes_2025_20260804T144857-a65442.json
line_patterns,reflection,refl.LinePatternElement.GetEntitySchemaGuids,method,LinePatternElement,,,3,ok,String,<method not invoked>,<method not invoked>,<method not invoked>,2025,2026-08-04T14:03:14.300203,2026-08-04T14:48:57.764674,3,probes_2025_20260804T140314-c44dde.json;probes_2025_20260804T144211-baf6e6.json;probes_2025_20260804T144857-a65442.json
line_patterns,reflection,refl.LinePatternElement.GetExternalFileReference,method,LinePatternElement,,,3,ok,String,<method not invoked>,<method not invoked>,<method not invoked>,2025,2026-08-04T14:03:14.300203,2026-08-04T14:48:57.764674,3,probes_2025_20260804T140314-c44dde.json;probes_2025_20260804T144211-baf6e6.json;probes_2025_20260804T144857-a65442.json
line_patterns,reflection,refl.LinePatternElement.GetExternalResourceReferences,method,LinePatternElement,,,3,ok,String,<method not invoked>,<method not invoked>,<method not invoked>,2025,2026-08-04T14:03:14.300203,2026-08-04T14:48:57.764674,3,probes_2025_20260804T140314-c44dde.json;probes_2025_20260804T144211-baf6e6.json;probes_2025_20260804T144857-a65442.json
line_patterns,reflection,refl.LinePatternElement.GetExternalResourceReferencesExpanded,method,LinePatternElement,,,3,ok,String,<method not invoked>,<method not invoked>,<method not invoked>,2025,2026-08-04T14:03:14.300203,2026-08-04T14:48:57.764674,3,probes_2025_20260804T140314-c44dde.json;probes_2025_20260804T144211-baf6e6.json;probes_2025_20260804T144857-a65442.json
line_patterns,reflection,refl.LinePatternElement.GetLinePattern,method,LinePatternElement,,,3,ok,String,<method not invoked>,<method not invoked>,<method not invoked>,2025,2026-08-04T14:03:14.300203,2026-08-04T14:48:57.764674,3,probes_2025_20260804T140314-c44dde.json;probes_2025_20260804T144211-baf6e6.json;probes_2025_20260804T144857-a65442.json
line_patterns,reflection,refl.LinePatternElement.GetMonitoredLinkElementIds,method,LinePatternElement,,,3,ok,String,<method not invoked>,<method not invoked>,<method not invoked>,2025,2026-08-04T14:03:14.300203,2026-08-04T14:48:57.764674,3,probes_2025_20260804T140314-c44dde.json;probes_2025_20260804T144211-baf6e6.json;probes_2025_20260804T144857-a65442.json
line_patterns,reflection,refl.LinePatternElement.GetMonitoredLocalElementIds,method,LinePatternElement,,,3,ok,String,<method not invoked>,<method not invoked>,<method not invoked>,2025,2026-08-04T14:03:14.300203,2026-08-04T14:48:57.764674,3,probes_2025_20260804T140314-c44dde.json;probes_2025_20260804T144211-baf6e6.json;probes_2025_20260804T144857-a65442.json
line_patterns,reflection,refl.LinePatternElement.GetOrderedParameters,method,LinePatternElement,,,3,ok,String,<method not invoked>,<method not invoked>,<method not invoked>,2025,2026-08-04T14:03:14.300203,2026-08-04T14:48:57.764674,3,probes_2025_20260804T140314-c44dde.json;probes_2025_20260804T144211-baf6e6.json;probes_2025_20260804T144857-a65442.json
line_patterns,reflection,refl.LinePatternElement.GetSolidPatternId,method,LinePatternElement,,,3,ok,String,<method not invoked>,<method not invoked>,<method not invoked>,2025,2026-08-04T14:03:14.300203,2026-08-04T14:48:57.764674,3,probes_2025_20260804T140314-c44dde.json;probes_2025_20260804T144211-baf6e6.json;probes_2025_20260804T144857-a65442.json
line_patterns,reflection,refl.LinePatternElement.GetSubelements,method,LinePatternElement,,,3,ok,String,<method not invoked>,<method not invoked>,<method not invoked>,2025,2026-08-04T14:03:14.300203,2026-08-04T14:48:57.764674,3,probes_2025_20260804T140314-c44dde.json;probes_2025_20260804T144211-baf6e6.json;probes_2025_20260804T144857-a65442.json
line_patterns,reflection,refl.LinePatternElement.GetTypeId,method,LinePatternElement,,,3,ok,String,<method not invoked>,<method not invoked>,<method not invoked>,2025,2026-08-04T14:03:14.300203,2026-08-04T14:48:57.764674,3,probes_2025_20260804T140314-c44dde.json;probes_2025_20260804T144211-baf6e6.json;probes_2025_20260804T144857-a65442.json
line_patterns,reflection,refl.LinePatternElement.GetValidTypes,method,LinePatternElement,,,3,ok,String,<method not invoked>,<method not invoked>,<method not invoked>,2025,2026-08-04T14:03:14.300203,2026-08-04T14:48:57.764674,3,probes_2025_20260804T140314-c44dde.json;probes_2025_20260804T144211-baf6e6.json;probes_2025_20260804T144857-a65442.json
line_patterns,reflection,refl.LinePatternElement.GroupId,property,LinePatternElement,,,3,ok,ElementId,-1,-1,-1,2025,2026-08-04T14:03:14.300203,2026-08-04T14:48:57.764674,3,probes_2025_20260804T140314-c44dde.json;probes_2025_20260804T144211-baf6e6.json;probes_2025_20260804T144857-a65442.json
line_patterns,reflection,refl.LinePatternElement.HasPhases,method,LinePatternElement,,,3,ok,String,<method not invoked>,<method not invoked>,<method not invoked>,2025,2026-08-04T14:03:14.300203,2026-08-04T14:48:57.764674,3,probes_2025_20260804T140314-c44dde.json;probes_2025_20260804T144211-baf6e6.json;probes_2025_20260804T144857-a65442.json
line_patterns,reflection,refl.LinePatternElement.Id,property,LinePatternElement,,,167,ok,ElementId,22042,22042,22042,2025,2026-08-04T14:03:14.300203,2026-08-04T14:48:57.764674,3,probes_2025_20260804T140314-c44dde.json;probes_2025_20260804T144211-baf6e6.json;probes_2025_20260804T144857-a65442.json
line_patterns,reflection,refl.LinePatternElement.IsExternalFileReference,method,LinePatternElement,,,3,ok,String,<method not invoked>,<method not invoked>,<method not invoked>,2025,2026-08-04T14:03:14.300203,2026-08-04T14:48:57.764674,3,probes_2025_20260804T140314-c44dde.json;probes_2025_20260804T144211-baf6e6.json;probes_2025_20260804T144857-a65442.json
line_patterns,reflection,refl.LinePatternElement.IsModifiable,property,LinePatternElement,,,3,ok,Integer,1,True,1,2025,2026-08-04T14:03:14.300203,2026-08-04T14:48:57.764674,3,probes_2025_20260804T140314-c44dde.json;probes_2025_20260804T144211-baf6e6.json;probes_2025_20260804T144857-a65442.json
line_patterns,reflection,refl.LinePatternElement.IsMonitoringLinkElement,method,LinePatternElement,,,3,ok,String,<method not invoked>,<method not invoked>,<method not invoked>,2025,2026-08-04T14:03:14.300203,2026-08-04T14:48:57.764674,3,probes_2025_20260804T140314-c44dde.json;probes_2025_20260804T144211-baf6e6.json;probes_2025_20260804T144857-a65442.json
line_patterns,reflection,refl.LinePatternElement.IsMonitoringLocalElement,method,LinePatternElement,,,3,ok,String,<method not invoked>,<method not invoked>,<method not invoked>,2025,2026-08-04T14:03:14.300203,2026-08-04T14:48:57.764674,3,probes_2025_20260804T140314-c44dde.json;probes_2025_20260804T144211-baf6e6.json;probes_2025_20260804T144857-a65442.json
line_patterns,reflection,refl.LinePatternElement.IsTransient,property,LinePatternElement,,,3,ok,Integer,0,False,0,2025,2026-08-04T14:03:14.300203,2026-08-04T14:48:57.764674,3,probes_2025_20260804T140314-c44dde.json;probes_2025_20260804T144211-baf6e6.json;probes_2025_20260804T144857-a65442.json
line_patterns,reflection,refl.LinePatternElement.IsValidObject,property,LinePatternElement,,,3,ok,Integer,1,True,1,2025,2026-08-04T14:03:14.300203,2026-08-04T14:48:57.764674,3,probes_2025_20260804T140314-c44dde.json;probes_2025_20260804T144211-baf6e6.json;probes_2025_20260804T144857-a65442.json
line_patterns,reflection,refl.LinePatternElement.LevelId,property,LinePatternElement,,,3,ok,ElementId,-1,-1,-1,2025,2026-08-04T14:03:14.300203,2026-08-04T14:48:57.764674,3,probes_2025_20260804T140314-c44dde.json;probes_2025_20260804T144211-baf6e6.json;probes_2025_20260804T144857-a65442.json
line_patterns,reflection,refl.LinePatternElement.Location,property,LinePatternElement,,,3,missing,None,,,,2025,2026-08-04T14:03:14.300203,2026-08-04T14:48:57.764674,3,probes_2025_20260804T140314-c44dde.json;probes_2025_20260804T144211-baf6e6.json;probes_2025_20260804T144857-a65442.json
line_patterns,reflection,refl.LinePatternElement.Name,property,LinePatternElement,,,167,ok,String,"Aligning Line 1/8""","Aligning Line 1/8""","Aligning Line 1/8""",2025,2026-08-04T14:03:14.300203,2026-08-04T14:48:57.764674,3,probes_2025_20260804T140314-c44dde.json;probes_2025_20260804T144211-baf6e6.json;probes_2025_20260804T144857-a65442.json
line_patterns,reflection,refl.LinePatternElement.OwnerViewId,property,LinePatternElement,,,3,ok,ElementId,-1,-1,-1,2025,2026-08-04T14:03:14.300203,2026-08-04T14:48:57.764674,3,probes_2025_20260804T140314-c44dde.json;probes_2025_20260804T144211-baf6e6.json;probes_2025_20260804T144857-a65442.json
line_patterns,reflection,refl.LinePatternElement.Parameters,property,LinePatternElement,,,3,unsupported,None,,,,2025,2026-08-04T14:03:14.300203,2026-08-04T14:48:57.764674,3,probes_2025_20260804T140314-c44dde.json;probes_2025_20260804T144211-baf6e6.json;probes_2025_20260804T144857-a65442.json
line_patterns,reflection,refl.LinePatternElement.ParametersMap,property,LinePatternElement,,,3,unsupported,None,,,,2025,2026-08-04T14:03:14.300203,2026-08-04T14:48:57.764674,3,probes_2025_20260804T140314-c44dde.json;probes_2025_20260804T144211-baf6e6.json;probes_2025_20260804T144857-a65442.json
line_patterns,reflection,refl.LinePatternElement.Pinned,property,LinePatternElement,,,3,ok,Integer,0,False,0,2025,2026-08-04T14:03:14.300203,2026-08-04T14:48:57.764674,3,probes_2025_20260804T140314-c44dde.json;probes_2025_20260804T144211-baf6e6.json;probes_2025_20260804T144857-a65442.json
line_patterns,reflection,refl.LinePatternElement.RefersToExternalResourceReferences,method,LinePatternElement,,,3,ok,String,<method not invoked>,<method not invoked>,<method not invoked>,2025,2026-08-04T14:03:14.300203,2026-08-04T14:48:57.764674,3,probes_2025_20260804T140314-c44dde.json;probes_2025_20260804T144211-baf6e6.json;probes_2025_20260804T144857-a65442.json
line_patterns,reflection,refl.LinePatternElement.UniqueId,property,LinePatternElement,,,167,ok,String,b0b76196-1902-482f-b464-0488e33408cc-0000561a,b0b76196-1902-482f-b464-0488e33408cc-0000561a,b0b76196-1902-482f-b464-0488e33408cc-0000561a,2025,2026-08-04T14:03:14.300203,2026-08-04T14:48:57.764674,3,probes_2025_20260804T140314-c44dde.json;probes_2025_20260804T144211-baf6e6.json;probes_2025_20260804T144857-a65442.json
line_patterns,reflection,refl.LinePatternElement.VersionGuid,property,LinePatternElement,,,23,ok,None,,59c17d6e-2868-4486-9c62-cc9167dbdfa0,59c17d6e-2868-4486-9c62-cc9167dbdfa0,2025,2026-08-04T14:03:14.300203,2026-08-04T14:48:57.764674,3,probes_2025_20260804T140314-c44dde.json;probes_2025_20260804T144211-baf6e6.json;probes_2025_20260804T144857-a65442.json
line_patterns,reflection,refl.LinePatternElement.ViewSpecific,property,LinePatternElement,,,3,ok,Integer,0,False,0,2025,2026-08-04T14:03:14.300203,2026-08-04T14:48:57.764674,3,probes_2025_20260804T140314-c44dde.json;probes_2025_20260804T144211-baf6e6.json;probes_2025_20260804T144857-a65442.json
line_patterns,reflection,refl.LinePatternElement.WorksetId,property,LinePatternElement,,,3,ok,ElementId,9,9,9,2025,2026-08-04T14:03:14.300203,2026-08-04T14:48:57.764674,3,probes_2025_20260804T140314-c44dde.json;probes_2025_20260804T144211-baf6e6.json;probes_2025_20260804T144857-a65442.json
line_styles,param,p.Design Option,,,String,missing=0;ok=50;unreadable=0;unsupported=0,0,ok,String,Main Model,Main Model,Main Model,2025,2026-08-04T14:03:14.300203,2026-08-04T14:03:14.300203,1,probes_2025_20260804T140314-c44dde.json
line_styles,param,p.Edited by,,,String,missing=0;ok=150;unreadable=0;unsupported=0,0,ok,String,,,,2025,2026-08-04T14:03:14.300203,2026-08-04T14:48:57.764674,3,probes_2025_20260804T140314-c44dde.json;probes_2025_20260804T144211-baf6e6.json;probes_2025_20260804T144857-a65442.json
line_styles,param,p.Workset,,,Integer,missing=0;ok=150;unreadable=0;unsupported=0,0,ok,Integer,8,Line Styles,8,2025,2026-08-04T14:03:14.300203,2026-08-04T14:48:57.764674,3,probes_2025_20260804T140314-c44dde.json;probes_2025_20260804T144211-baf6e6.json;probes_2025_20260804T144857-a65442.json
line_styles,param,v.cat.id,,,Integer,missing=0;ok=150;unreadable=0;unsupported=0,0,ok,Integer,-2000066,-2000066,-2000066,2025,2026-08-04T14:03:14.300203,2026-08-04T14:48:57.764674,3,probes_2025_20260804T140314-c44dde.json;probes_2025_20260804T144211-baf6e6.json;probes_2025_20260804T144857-a65442.json
line_styles,param,v.cat.name,,,String,missing=0;ok=150;unreadable=0;unsupported=0,0,ok,String,<Room Separation>,<Room Separation>,<Room Separation>,2025,2026-08-04T14:03:14.300203,2026-08-04T14:48:57.764674,3,probes_2025_20260804T140314-c44dde.json;probes_2025_20260804T144211-baf6e6.json;probes_2025_20260804T144857-a65442.json
line_styles,param,v.gs.id,,,Integer,missing=0;ok=150;unreadable=0;unsupported=0,0,ok,Integer,17830,17830,17830,2025,2026-08-04T14:03:14.300203,2026-08-04T14:48:57.764674,3,probes_2025_20260804T140314-c44dde.json;probes_2025_20260804T144211-baf6e6.json;probes_2025_20260804T144857-a65442.json
line_styles,param,v.gs.name,,,String,missing=0;ok=150;unreadable=0;unsupported=0,0,ok,String,<Room Separation>,<Room Separation>,<Room Separation>,2025,2026-08-04T14:03:14.300203,2026-08-04T14:48:57.764674,3,probes_2025_20260804T140314-c44dde.json;probes_2025_20260804T144211-baf6e6.json;probes_2025_20260804T144857-a65442.json
line_styles,param,v.gs.type,,,String,missing=0;ok=150;unreadable=0;unsupported=0,0,ok,String,1,1,1,2025,2026-08-04T14:03:14.300203,2026-08-04T14:48:57.764674,3,probes_2025_20260804T140314-c44dde.json;probes_2025_20260804T144211-baf6e6.json;probes_2025_20260804T144857-a65442.json
line_styles,param,v.line_color.hex,,,String,missing=4;ok=146;unreadable=0;unsupported=0,0,ok,String,#FF8000,#FF8000,#FF8000,2025,2026-08-04T14:03:14.300203,2026-08-04T14:48:57.764674,3,probes_2025_20260804T140314-c44dde.json;probes_2025_20260804T144211-baf6e6.json;probes_2025_20260804T144857-a65442.json
line_styles,param,v.line_color.rgb,,,String,missing=4;ok=146;unreadable=0;unsupported=0,0,ok,String,255|128|0,255|128|0,255|128|0,2025,2026-08-04T14:03:14.300203,2026-08-04T14:48:57.764674,3,probes_2025_20260804T140314-c44dde.json;probes_2025_20260804T144211-baf6e6.json;probes_2025_20260804T144857-a65442.json
line_styles,param,v.line_pattern.id,,,ElementId,missing=0;ok=150;unreadable=0;unsupported=0,0,ok,ElementId,-3000010,-3000010,-3000010,2025,2026-08-04T14:03:14.300203,2026-08-04T14:48:57.764674,3,probes_2025_20260804T140314-c44dde.json;probes_2025_20260804T144211-baf6e6.json;probes_2025_20260804T144857-a65442.json
line_styles,param,v.line_pattern.name,,,String,missing=0;ok=150;unreadable=0;unsupported=0,0,ok,String,Dash,Dash,Dash,2025,2026-08-04T14:03:14.300203,2026-08-04T14:48:57.764674,3,probes_2025_20260804T140314-c44dde.json;probes_2025_20260804T144211-baf6e6.json;probes_2025_20260804T144857-a65442.json
line_styles,param,v.line_weight.projection,,,Integer,missing=0;ok=150;unreadable=0;unsupported=0,0,ok,Integer,1,1,1,2025,2026-08-04T14:03:14.300203,2026-08-04T14:48:57.764674,3,probes_2025_20260804T140314-c44dde.json;probes_2025_20260804T144211-baf6e6.json;probes_2025_20260804T144857-a65442.json
line_styles,param,v.parent_cat.id,,,Integer,missing=0;ok=150;unreadable=0;unsupported=0,0,ok,Integer,-2000051,-2000051,-2000051,2025,2026-08-04T14:03:14.300203,2026-08-04T14:48:57.764674,3,probes_2025_20260804T140314-c44dde.json;probes_2025_20260804T144211-baf6e6.json;probes_2025_20260804T144857-a65442.json
line_styles,param,v.parent_cat.name,,,String,missing=0;ok=150;unreadable=0;unsupported=0,0,ok,String,Lines,Lines,Lines,2025,2026-08-04T14:03:14.300203,2026-08-04T14:48:57.764674,3,probes_2025_20260804T140314-c44dde.json;probes_2025_20260804T144211-baf6e6.json;probes_2025_20260804T144857-a65442.json
line_styles,reflection,refl.GraphicsStyle.ArePhasesModifiable,method,GraphicsStyle,,,3,ok,String,<method not invoked>,<method not invoked>,<method not invoked>,2025,2026-08-04T14:03:14.300203,2026-08-04T14:48:57.764674,3,probes_2025_20260804T140314-c44dde.json;probes_2025_20260804T144211-baf6e6.json;probes_2025_20260804T144857-a65442.json
line_styles,reflection,refl.GraphicsStyle.AssemblyInstanceId,property,GraphicsStyle,,,3,ok,ElementId,-1,-1,-1,2025,2026-08-04T14:03:14.300203,2026-08-04T14:48:57.764674,3,probes_2025_20260804T140314-c44dde.json;probes_2025_20260804T144211-baf6e6.json;probes_2025_20260804T144857-a65442.json
line_styles,reflection,refl.GraphicsStyle.CanBeLocked,method,GraphicsStyle,,,3,ok,String,<method not invoked>,<method not invoked>,<method not invoked>,2025,2026-08-04T14:03:14.300203,2026-08-04T14:48:57.764674,3,probes_2025_20260804T140314-c44dde.json;probes_2025_20260804T144211-baf6e6.json;probes_2025_20260804T144857-a65442.json
line_styles,reflection,refl.GraphicsStyle.CanHaveTypeAssigned,method,GraphicsStyle,,,3,ok,String,<method not invoked>,<method not invoked>,<method not invoked>,2025,2026-08-04T14:03:14.300203,2026-08-04T14:48:57.764674,3,probes_2025_20260804T140314-c44dde.json;probes_2025_20260804T144211-baf6e6.json;probes_2025_20260804T144857-a65442.json
line_styles,reflection,refl.GraphicsStyle.Category,property,GraphicsStyle,,,3,missing,None,,,,2025,2026-08-04T14:03:14.300203,2026-08-04T14:48:57.764674,3,probes_2025_20260804T140314-c44dde.json;probes_2025_20260804T144211-baf6e6.json;probes_2025_20260804T144857-a65442.json
line_styles,reflection,refl.GraphicsStyle.CreatedPhaseId,property,GraphicsStyle,,,3,ok,ElementId,-1,-1,-1,2025,2026-08-04T14:03:14.300203,2026-08-04T14:48:57.764674,3,probes_2025_20260804T140314-c44dde.json;probes_2025_20260804T144211-baf6e6.json;probes_2025_20260804T144857-a65442.json
line_styles,reflection,refl.GraphicsStyle.DemolishedPhaseId,property,GraphicsStyle,,,3,ok,ElementId,-1,-1,-1,2025,2026-08-04T14:03:14.300203,2026-08-04T14:48:57.764674,3,probes_2025_20260804T140314-c44dde.json;probes_2025_20260804T144211-baf6e6.json;probes_2025_20260804T144857-a65442.json
line_styles,reflection,refl.GraphicsStyle.DesignOption,property,GraphicsStyle,,,3,missing,None,,,,2025,2026-08-04T14:03:14.300203,2026-08-04T14:48:57.764674,3,probes_2025_20260804T140314-c44dde.json;probes_2025_20260804T144211-baf6e6.json;probes_2025_20260804T144857-a65442.json
line_styles,reflection,refl.GraphicsStyle.Document,property,GraphicsStyle,,,3,unsupported,None,,,,2025,2026-08-04T14:03:14.300203,2026-08-04T14:48:57.764674,3,probes_2025_20260804T140314-c44dde.json;probes_2025_20260804T144211-baf6e6.json;probes_2025_20260804T144857-a65442.json
line_styles,reflection,refl.GraphicsStyle.EvaluateAllParameterValues,method,GraphicsStyle,,,3,ok,String,<method not invoked>,<method not invoked>,<method not invoked>,2025,2026-08-04T14:03:14.300203,2026-08-04T14:48:57.764674,3,probes_2025_20260804T140314-c44dde.json;probes_2025_20260804T144211-baf6e6.json;probes_2025_20260804T144857-a65442.json
line_styles,reflection,refl.GraphicsStyle.GetEntitySchemaGuids,method,GraphicsStyle,,,3,ok,String,<method not invoked>,<method not invoked>,<method not invoked>,2025,2026-08-04T14:03:14.300203,2026-08-04T14:48:57.764674,3,probes_2025_20260804T140314-c44dde.json;probes_2025_20260804T144211-baf6e6.json;probes_2025_20260804T144857-a65442.json
line_styles,reflection,refl.GraphicsStyle.GetExternalFileReference,method,GraphicsStyle,,,3,ok,String,<method not invoked>,<method not invoked>,<method not invoked>,2025,2026-08-04T14:03:14.300203,2026-08-04T14:48:57.764674,3,probes_2025_20260804T140314-c44dde.json;probes_2025_20260804T144211-baf6e6.json;probes_2025_20260804T144857-a65442.json
line_styles,reflection,refl.GraphicsStyle.GetExternalResourceReferences,method,GraphicsStyle,,,3,ok,String,<method not invoked>,<method not invoked>,<method not invoked>,2025,2026-08-04T14:03:14.300203,2026-08-04T14:48:57.764674,3,probes_2025_20260804T140314-c44dde.json;probes_2025_20260804T144211-baf6e6.json;probes_2025_20260804T144857-a65442.json
line_styles,reflection,refl.GraphicsStyle.GetExternalResourceReferencesExpanded,method,GraphicsStyle,,,3,ok,String,<method not invoked>,<method not invoked>,<method not invoked>,2025,2026-08-04T14:03:14.300203,2026-08-04T14:48:57.764674,3,probes_2025_20260804T140314-c44dde.json;probes_2025_20260804T144211-baf6e6.json;probes_2025_20260804T144857-a65442.json
line_styles,reflection,refl.GraphicsStyle.GetMonitoredLinkElementIds,method,GraphicsStyle,,,3,ok,String,<method not invoked>,<method not invoked>,<method not invoked>,2025,2026-08-04T14:03:14.300203,2026-08-04T14:48:57.764674,3,probes_2025_20260804T140314-c44dde.json;probes_2025_20260804T144211-baf6e6.json;probes_2025_20260804T144857-a65442.json
line_styles,reflection,refl.GraphicsStyle.GetMonitoredLocalElementIds,method,GraphicsStyle,,,3,ok,String,<method not invoked>,<method not invoked>,<method not invoked>,2025,2026-08-04T14:03:14.300203,2026-08-04T14:48:57.764674,3,probes_2025_20260804T140314-c44dde.json;probes_2025_20260804T144211-baf6e6.json;probes_2025_20260804T144857-a65442.json
line_styles,reflection,refl.GraphicsStyle.GetOrderedParameters,method,GraphicsStyle,,,3,ok,String,<method not invoked>,<method not invoked>,<method not invoked>,2025,2026-08-04T14:03:14.300203,2026-08-04T14:48:57.764674,3,probes_2025_20260804T140314-c44dde.json;probes_2025_20260804T144211-baf6e6.json;probes_2025_20260804T144857-a65442.json
line_styles,reflection,refl.GraphicsStyle.GetSubelements,method,GraphicsStyle,,,3,ok,String,<method not invoked>,<method not invoked>,<method not invoked>,2025,2026-08-04T14:03:14.300203,2026-08-04T14:48:57.764674,3,probes_2025_20260804T140314-c44dde.json;probes_2025_20260804T144211-baf6e6.json;probes_2025_20260804T144857-a65442.json
line_styles,reflection,refl.GraphicsStyle.GetTypeId,method,GraphicsStyle,,,3,ok,String,<method not invoked>,<method not invoked>,<method not invoked>,2025,2026-08-04T14:03:14.300203,2026-08-04T14:48:57.764674,3,probes_2025_20260804T140314-c44dde.json;probes_2025_20260804T144211-baf6e6.json;probes_2025_20260804T144857-a65442.json
line_styles,reflection,refl.GraphicsStyle.GetValidTypes,method,GraphicsStyle,,,3,ok,String,<method not invoked>,<method not invoked>,<method not invoked>,2025,2026-08-04T14:03:14.300203,2026-08-04T14:48:57.764674,3,probes_2025_20260804T140314-c44dde.json;probes_2025_20260804T144211-baf6e6.json;probes_2025_20260804T144857-a65442.json
line_styles,reflection,refl.GraphicsStyle.GraphicsStyleCategory,property,GraphicsStyle,,,3,unsupported,None,,,,2025,2026-08-04T14:03:14.300203,2026-08-04T14:48:57.764674,3,probes_2025_20260804T140314-c44dde.json;probes_2025_20260804T144211-baf6e6.json;probes_2025_20260804T144857-a65442.json
line_styles,reflection,refl.GraphicsStyle.GraphicsStyleType,property,GraphicsStyle,,,3,ok,Integer,1,1,1,2025,2026-08-04T14:03:14.300203,2026-08-04T14:48:57.764674,3,probes_2025_20260804T140314-c44dde.json;probes_2025_20260804T144211-baf6e6.json;probes_2025_20260804T144857-a65442.json
line_styles,reflection,refl.GraphicsStyle.GroupId,property,GraphicsStyle,,,3,ok,ElementId,-1,-1,-1,2025,2026-08-04T14:03:14.300203,2026-08-04T14:48:57.764674,3,probes_2025_20260804T140314-c44dde.json;probes_2025_20260804T144211-baf6e6.json;probes_2025_20260804T144857-a65442.json
line_styles,reflection,refl.GraphicsStyle.HasPhases,method,GraphicsStyle,,,3,ok,String,<method not invoked>,<method not invoked>,<method not invoked>,2025,2026-08-04T14:03:14.300203,2026-08-04T14:48:57.764674,3,probes_2025_20260804T140314-c44dde.json;probes_2025_20260804T144211-baf6e6.json;probes_2025_20260804T144857-a65442.json
line_styles,reflection,refl.GraphicsStyle.Id,property,GraphicsStyle,,,150,ok,ElementId,17830,17830,17830,2025,2026-08-04T14:03:14.300203,2026-08-04T14:48:57.764674,3,probes_2025_20260804T140314-c44dde.json;probes_2025_20260804T144211-baf6e6.json;probes_2025_20260804T144857-a65442.json
line_styles,reflection,refl.GraphicsStyle.IsExternalFileReference,method,GraphicsStyle,,,3,ok,String,<method not invoked>,<method not invoked>,<method not invoked>,2025,2026-08-04T14:03:14.300203,2026-08-04T14:48:57.764674,3,probes_2025_20260804T140314-c44dde.json;probes_2025_20260804T144211-baf6e6.json;probes_2025_20260804T144857-a65442.json
line_styles,reflection,refl.GraphicsStyle.IsModifiable,property,GraphicsStyle,,,3,ok,Integer,1,True,1,2025,2026-08-04T14:03:14.300203,2026-08-04T14:48:57.764674,3,probes_2025_20260804T140314-c44dde.json;probes_2025_20260804T144211-baf6e6.json;probes_2025_20260804T144857-a65442.json
line_styles,reflection,refl.GraphicsStyle.IsMonitoringLinkElement,method,GraphicsStyle,,,3,ok,String,<method not invoked>,<method not invoked>,<method not invoked>,2025,2026-08-04T14:03:14.300203,2026-08-04T14:48:57.764674,3,probes_2025_20260804T140314-c44dde.json;probes_2025_20260804T144211-baf6e6.json;probes_2025_20260804T144857-a65442.json
line_styles,reflection,refl.GraphicsStyle.IsMonitoringLocalElement,method,GraphicsStyle,,,3,ok,String,<method not invoked>,<method not invoked>,<method not invoked>,2025,2026-08-04T14:03:14.300203,2026-08-04T14:48:57.764674,3,probes_2025_20260804T140314-c44dde.json;probes_2025_20260804T144211-baf6e6.json;probes_2025_20260804T144857-a65442.json
line_styles,reflection,refl.GraphicsStyle.IsTransient,property,GraphicsStyle,,,3,ok,Integer,0,False,0,2025,2026-08-04T14:03:14.300203,2026-08-04T14:48:57.764674,3,probes_2025_20260804T140314-c44dde.json;probes_2025_20260804T144211-baf6e6.json;probes_2025_20260804T144857-a65442.json
line_styles,reflection,refl.GraphicsStyle.IsValidObject,property,GraphicsStyle,,,3,ok,Integer,1,True,1,2025,2026-08-04T14:03:14.300203,2026-08-04T14:48:57.764674,3,probes_2025_20260804T140314-c44dde.json;probes_2025_20260804T144211-baf6e6.json;probes_2025_20260804T144857-a65442.json
line_styles,reflection,refl.GraphicsStyle.LevelId,property,GraphicsStyle,,,3,ok,ElementId,-1,-1,-1,2025,2026-08-04T14:03:14.300203,2026-08-04T14:48:57.764674,3,probes_2025_20260804T140314-c44dde.json;probes_2025_20260804T144211-baf6e6.json;probes_2025_20260804T144857-a65442.json
line_styles,reflection,refl.GraphicsStyle.Location,property,GraphicsStyle,,,3,missing,None,,,,2025,2026-08-04T14:03:14.300203,2026-08-04T14:48:57.764674,3,probes_2025_20260804T140314-c44dde.json;probes_2025_20260804T144211-baf6e6.json;probes_2025_20260804T144857-a65442.json
line_styles,reflection,refl.GraphicsStyle.Name,property,GraphicsStyle,,,141,ok,String,<Room Separation>,<Room Separation>,<Room Separation>,2025,2026-08-04T14:03:14.300203,2026-08-04T14:48:57.764674,3,probes_2025_20260804T140314-c44dde.json;probes_2025_20260804T144211-baf6e6.json;probes_2025_20260804T144857-a65442.json
line_styles,reflection,refl.GraphicsStyle.OwnerViewId,property,GraphicsStyle,,,3,ok,ElementId,-1,-1,-1,2025,2026-08-04T14:03:14.300203,2026-08-04T14:48:57.764674,3,probes_2025_20260804T140314-c44dde.json;probes_2025_20260804T144211-baf6e6.json;probes_2025_20260804T144857-a65442.json
line_styles,reflection,refl.GraphicsStyle.Parameters,property,GraphicsStyle,,,3,unsupported,None,,,,2025,2026-08-04T14:03:14.300203,2026-08-04T14:48:57.764674,3,probes_2025_20260804T140314-c44dde.json;probes_2025_20260804T144211-baf6e6.json;probes_2025_20260804T144857-a65442.json
line_styles,reflection,refl.GraphicsStyle.ParametersMap,property,GraphicsStyle,,,3,unsupported,None,,,,2025,2026-08-04T14:03:14.300203,2026-08-04T14:48:57.764674,3,probes_2025_20260804T140314-c44dde.json;probes_2025_20260804T144211-baf6e6.json;probes_2025_20260804T144857-a65442.json
line_styles,reflection,refl.GraphicsStyle.Pinned,property,GraphicsStyle,,,3,ok,Integer,0,False,0,2025,2026-08-04T14:03:14.300203,2026-08-04T14:48:57.764674,3,probes_2025_20260804T140314-c44dde.json;probes_2025_20260804T144211-baf6e6.json;probes_2025_20260804T144857-a65442.json
line_styles,reflection,refl.GraphicsStyle.RefersToExternalResourceReferences,method,GraphicsStyle,,,3,ok,String,<method not invoked>,<method not invoked>,<method not invoked>,2025,2026-08-04T14:03:14.300203,2026-08-04T14:48:57.764674,3,probes_2025_20260804T140314-c44dde.json;probes_2025_20260804T144211-baf6e6.json;probes_2025_20260804T144857-a65442.json
line_styles,reflection,refl.GraphicsStyle.UniqueId,property,GraphicsStyle,,,150,ok,String,d3516a40-06bf-11d4-91b5-0000863f27ad-000045a6,d3516a40-06bf-11d4-91b5-0000863f27ad-000045a6,d3516a40-06bf-11d4-91b5-0000863f27ad-000045a6,2025,2026-08-04T14:03:14.300203,2026-08-04T14:48:57.764674,3,probes_2025_20260804T140314-c44dde.json;probes_2025_20260804T144211-baf6e6.json;probes_2025_20260804T144857-a65442.json
line_styles,reflection,refl.GraphicsStyle.VersionGuid,property,GraphicsStyle,,,6,ok,None,,59c17d6e-2868-4486-9c62-cc9167dbdfa0,59c17d6e-2868-4486-9c62-cc9167dbdfa0,2025,2026-08-04T14:03:14.300203,2026-08-04T14:48:57.764674,3,probes_2025_20260804T140314-c44dde.json;probes_2025_20260804T144211-baf6e6.json;probes_2025_20260804T144857-a65442.json
line_styles,reflection,refl.GraphicsStyle.ViewSpecific,property,GraphicsStyle,,,3,ok,Integer,0,False,0,2025,2026-08-04T14:03:14.300203,2026-08-04T14:48:57.764674,3,probes_2025_20260804T140314-c44dde.json;probes_2025_20260804T144211-baf6e6.json;probes_2025_20260804T144857-a65442.json
line_styles,reflection,refl.GraphicsStyle.WorksetId,property,GraphicsStyle,,,3,ok,ElementId,8,8,8,2025,2026-08-04T14:03:14.300203,2026-08-04T14:48:57.764674,3,probes_2025_20260804T140314-c44dde.json;probes_2025_20260804T144211-baf6e6.json;probes_2025_20260804T144857-a65442.json
loaded_family_types,reflection,refl.FamilySymbol.Activate,method,FamilySymbol,,,3,ok,String,<method not invoked>,<method not invoked>,<method not invoked>,2025,2026-08-04T14:03:14.300203,2026-08-04T14:48:57.764674,3,probes_2025_20260804T140314-c44dde.json;probes_2025_20260804T144211-baf6e6.json;probes_2025_20260804T144857-a65442.json
loaded_family_types,reflection,refl.FamilySymbol.ArePhasesModifiable,method,FamilySymbol,,,3,ok,String,<method not invoked>,<method not invoked>,<method not invoked>,2025,2026-08-04T14:03:14.300203,2026-08-04T14:48:57.764674,3,probes_2025_20260804T140314-c44dde.json;probes_2025_20260804T144211-baf6e6.json;probes_2025_20260804T144857-a65442.json
loaded_family_types,reflection,refl.FamilySymbol.AssemblyInstanceId,property,FamilySymbol,,,3,ok,ElementId,-1,-1,-1,2025,2026-08-04T14:03:14.300203,2026-08-04T14:48:57.764674,3,probes_2025_20260804T140314-c44dde.json;probes_2025_20260804T144211-baf6e6.json;probes_2025_20260804T144857-a65442.json
loaded_family_types,reflection,refl.FamilySymbol.CanBeCopied,property,FamilySymbol,,,3,ok,Integer,1,True,1,2025,2026-08-04T14:03:14.300203,2026-08-04T14:48:57.764674,3,probes_2025_20260804T140314-c44dde.json;probes_2025_20260804T144211-baf6e6.json;probes_2025_20260804T144857-a65442.json
loaded_family_types,reflection,refl.FamilySymbol.CanBeDeleted,property,FamilySymbol,,,3,ok,Integer,1,True,1,2025,2026-08-04T14:03:14.300203,2026-08-04T14:48:57.764674,3,probes_2025_20260804T140314-c44dde.json;probes_2025_20260804T144211-baf6e6.json;probes_2025_20260804T144857-a65442.json
loaded_family_types,reflection,refl.FamilySymbol.CanBeLocked,method,FamilySymbol,,,3,ok,String,<method not invoked>,<method not invoked>,<method not invoked>,2025,2026-08-04T14:03:14.300203,2026-08-04T14:48:57.764674,3,probes_2025_20260804T140314-c44dde.json;probes_2025_20260804T144211-baf6e6.json;probes_2025_20260804T144857-a65442.json
loaded_family_types,reflection,refl.FamilySymbol.CanBeRenamed,property,FamilySymbol,,,3,ok,Integer,1,True,1,2025,2026-08-04T14:03:14.300203,2026-08-04T14:48:57.764674,3,probes_2025_20260804T140314-c44dde.json;probes_2025_20260804T144211-baf6e6.json;probes_2025_20260804T144857-a65442.json
loaded_family_types,reflection,refl.FamilySymbol.CanHaveStructuralSection,method,FamilySymbol,,,3,ok,String,<method not invoked>,<method not invoked>,<method not invoked>,2025,2026-08-04T14:03:14.300203,2026-08-04T14:48:57.764674,3,probes_2025_20260804T140314-c44dde.json;probes_2025_20260804T144211-baf6e6.json;probes_2025_20260804T144857-a65442.json
loaded_family_types,reflection,refl.FamilySymbol.CanHaveTypeAssigned,method,FamilySymbol,,,3,ok,String,<method not invoked>,<method not invoked>,<method not invoked>,2025,2026-08-04T14:03:14.300203,2026-08-04T14:48:57.764674,3,probes_2025_20260804T140314-c44dde.json;probes_2025_20260804T144211-baf6e6.json;probes_2025_20260804T144857-a65442.json
loaded_family_types,reflection,refl.FamilySymbol.Category,property,FamilySymbol,,,3,unsupported,None,,,,2025,2026-08-04T14:03:14.300203,2026-08-04T14:48:57.764674,3,probes_2025_20260804T140314-c44dde.json;probes_2025_20260804T144211-baf6e6.json;probes_2025_20260804T144857-a65442.json
loaded_family_types,reflection,refl.FamilySymbol.CreatedPhaseId,property,FamilySymbol,,,3,ok,ElementId,-1,-1,-1,2025,2026-08-04T14:03:14.300203,2026-08-04T14:48:57.764674,3,probes_2025_20260804T140314-c44dde.json;probes_2025_20260804T144211-baf6e6.json;probes_2025_20260804T144857-a65442.json
loaded_family_types,reflection,refl.FamilySymbol.DemolishedPhaseId,property,FamilySymbol,,,3,ok,ElementId,-1,-1,-1,2025,2026-08-04T14:03:14.300203,2026-08-04T14:48:57.764674,3,probes_2025_20260804T140314-c44dde.json;probes_2025_20260804T144211-baf6e6.json;probes_2025_20260804T144857-a65442.json
loaded_family_types,reflection,refl.FamilySymbol.DesignOption,property,FamilySymbol,,,3,missing,None,,,,2025,2026-08-04T14:03:14.300203,2026-08-04T14:48:57.764674,3,probes_2025_20260804T140314-c44dde.json;probes_2025_20260804T144211-baf6e6.json;probes_2025_20260804T144857-a65442.json
loaded_family_types,reflection,refl.FamilySymbol.Document,property,FamilySymbol,,,3,unsupported,None,,,,2025,2026-08-04T14:03:14.300203,2026-08-04T14:48:57.764674,3,probes_2025_20260804T140314-c44dde.json;probes_2025_20260804T144211-baf6e6.json;probes_2025_20260804T144857-a65442.json
loaded_family_types,reflection,refl.FamilySymbol.EvaluateAllParameterValues,method,FamilySymbol,,,3,ok,String,<method not invoked>,<method not invoked>,<method not invoked>,2025,2026-08-04T14:03:14.300203,2026-08-04T14:48:57.764674,3,probes_2025_20260804T140314-c44dde.json;probes_2025_20260804T144211-baf6e6.json;probes_2025_20260804T144857-a65442.json
loaded_family_types,reflection,refl.FamilySymbol.Family,property,FamilySymbol,,,3,unsupported,None,,,,2025,2026-08-04T14:03:14.300203,2026-08-04T14:48:57.764674,3,probes_2025_20260804T140314-c44dde.json;probes_2025_20260804T144211-baf6e6.json;probes_2025_20260804T144857-a65442.json
loaded_family_types,reflection,refl.FamilySymbol.FamilyName,property,FamilySymbol,,,138,ok,String,---,---,---,2025,2026-08-04T14:03:14.300203,2026-08-04T14:48:57.764674,3,probes_2025_20260804T140314-c44dde.json;probes_2025_20260804T144211-baf6e6.json;probes_2025_20260804T144857-a65442.json
loaded_family_types,reflection,refl.FamilySymbol.GetEntitySchemaGuids,method,FamilySymbol,,,3,ok,String,<method not invoked>,<method not invoked>,<method not invoked>,2025,2026-08-04T14:03:14.300203,2026-08-04T14:48:57.764674,3,probes_2025_20260804T140314-c44dde.json;probes_2025_20260804T144211-baf6e6.json;probes_2025_20260804T144857-a65442.json
loaded_family_types,reflection,refl.FamilySymbol.GetExternalFileReference,method,FamilySymbol,,,3,ok,String,<method not invoked>,<method not invoked>,<method not invoked>,2025,2026-08-04T14:03:14.300203,2026-08-04T14:48:57.764674,3,probes_2025_20260804T140314-c44dde.json;probes_2025_20260804T144211-baf6e6.json;probes_2025_20260804T144857-a65442.json
loaded_family_types,reflection,refl.FamilySymbol.GetExternalResourceReferences,method,FamilySymbol,,,3,ok,String,<method not invoked>,<method not invoked>,<method not invoked>,2025,2026-08-04T14:03:14.300203,2026-08-04T14:48:57.764674,3,probes_2025_20260804T140314-c44dde.json;probes_2025_20260804T144211-baf6e6.json;probes_2025_20260804T144857-a65442.json
loaded_family_types,reflection,refl.FamilySymbol.GetExternalResourceReferencesExpanded,method,FamilySymbol,,,3,ok,String,<method not invoked>,<method not invoked>,<method not invoked>,2025,2026-08-04T14:03:14.300203,2026-08-04T14:48:57.764674,3,probes_2025_20260804T140314-c44dde.json;probes_2025_20260804T144211-baf6e6.json;probes_2025_20260804T144857-a65442.json
loaded_family_types,reflection,refl.FamilySymbol.GetFamilyPointLocations,method,FamilySymbol,,,3,ok,String,<method not invoked>,<method not invoked>,<method not invoked>,2025,2026-08-04T14:03:14.300203,2026-08-04T14:48:57.764674,3,probes_2025_20260804T140314-c44dde.json;probes_2025_20260804T144211-baf6e6.json;probes_2025_20260804T144857-a65442.json
loaded_family_types,reflection,refl.FamilySymbol.GetMonitoredLinkElementIds,method,FamilySymbol,,,3,ok,String,<method not invoked>,<method not invoked>,<method not invoked>,2025,2026-08-04T14:03:14.300203,2026-08-04T14:48:57.764674,3,probes_2025_20260804T140314-c44dde.json;probes_2025_20260804T144211-baf6e6.json;probes_2025_20260804T144857-a65442.json
loaded_family_types,reflection,refl.FamilySymbol.GetMonitoredLocalElementIds,method,FamilySymbol,,,3,ok,String,<method not invoked>,<method not invoked>,<method not invoked>,2025,2026-08-04T14:03:14.300203,2026-08-04T14:48:57.764674,3,probes_2025_20260804T140314-c44dde.json;probes_2025_20260804T144211-baf6e6.json;probes_2025_20260804T144857-a65442.json
loaded_family_types,reflection,refl.FamilySymbol.GetOrderedParameters,method,FamilySymbol,,,3,ok,String,<method not invoked>,<method not invoked>,<method not invoked>,2025,2026-08-04T14:03:14.300203,2026-08-04T14:48:57.764674,3,probes_2025_20260804T140314-c44dde.json;probes_2025_20260804T144211-baf6e6.json;probes_2025_20260804T144857-a65442.json
loaded_family_types,reflection,refl.FamilySymbol.GetSimilarTypes,method,FamilySymbol,,,3,ok,String,<method not invoked>,<method not invoked>,<method not invoked>,2025,2026-08-04T14:03:14.300203,2026-08-04T14:48:57.764674,3,probes_2025_20260804T140314-c44dde.json;probes_2025_20260804T144211-baf6e6.json;probes_2025_20260804T144857-a65442.json
loaded_family_types,reflection,refl.FamilySymbol.GetStructuralSection,method,FamilySymbol,,,3,ok,String,<method not invoked>,<method not invoked>,<method not invoked>,2025,2026-08-04T14:03:14.300203,2026-08-04T14:48:57.764674,3,probes_2025_20260804T140314-c44dde.json;probes_2025_20260804T144211-baf6e6.json;probes_2025_20260804T144857-a65442.json
loaded_family_types,reflection,refl.FamilySymbol.GetSubelements,method,FamilySymbol,,,3,ok,String,<method not invoked>,<method not invoked>,<method not invoked>,2025,2026-08-04T14:03:14.300203,2026-08-04T14:48:57.764674,3,probes_2025_20260804T140314-c44dde.json;probes_2025_20260804T144211-baf6e6.json;probes_2025_20260804T144857-a65442.json
loaded_family_types,reflection,refl.FamilySymbol.GetThermalProperties,method,FamilySymbol,,,3,ok,String,<method not invoked>,<method not invoked>,<method not invoked>,2025,2026-08-04T14:03:14.300203,2026-08-04T14:48:57.764674,3,probes_2025_20260804T140314-c44dde.json;probes_2025_20260804T144211-baf6e6.json;probes_2025_20260804T144857-a65442.json
loaded_family_types,reflection,refl.FamilySymbol.GetTypeId,method,FamilySymbol,,,3,ok,String,<method not invoked>,<method not invoked>,<method not invoked>,2025,2026-08-04T14:03:14.300203,2026-08-04T14:48:57.764674,3,probes_2025_20260804T140314-c44dde.json;probes_2025_20260804T144211-baf6e6.json;probes_2025_20260804T144857-a65442.json
loaded_family_types,reflection,refl.FamilySymbol.GetValidTypes,method,FamilySymbol,,,3,ok,String,<method not invoked>,<method not invoked>,<method not invoked>,2025,2026-08-04T14:03:14.300203,2026-08-04T14:48:57.764674,3,probes_2025_20260804T140314-c44dde.json;probes_2025_20260804T144211-baf6e6.json;probes_2025_20260804T144857-a65442.json
loaded_family_types,reflection,refl.FamilySymbol.GroupId,property,FamilySymbol,,,3,ok,ElementId,-1,-1,-1,2025,2026-08-04T14:03:14.300203,2026-08-04T14:48:57.764674,3,probes_2025_20260804T140314-c44dde.json;probes_2025_20260804T144211-baf6e6.json;probes_2025_20260804T144857-a65442.json
loaded_family_types,reflection,refl.FamilySymbol.HasPhases,method,FamilySymbol,,,3,ok,String,<method not invoked>,<method not invoked>,<method not invoked>,2025,2026-08-04T14:03:14.300203,2026-08-04T14:48:57.764674,3,probes_2025_20260804T140314-c44dde.json;probes_2025_20260804T144211-baf6e6.json;probes_2025_20260804T144857-a65442.json
loaded_family_types,reflection,refl.FamilySymbol.HasThermalProperties,method,FamilySymbol,,,3,ok,String,<method not invoked>,<method not invoked>,<method not invoked>,2025,2026-08-04T14:03:14.300203,2026-08-04T14:48:57.764674,3,probes_2025_20260804T140314-c44dde.json;probes_2025_20260804T144211-baf6e6.json;probes_2025_20260804T144857-a65442.json
loaded_family_types,reflection,refl.FamilySymbol.Id,property,FamilySymbol,,,180,ok,ElementId,6850316,6850316,6850316,2025,2026-08-04T14:03:14.300203,2026-08-04T14:48:57.764674,3,probes_2025_20260804T140314-c44dde.json;probes_2025_20260804T144211-baf6e6.json;probes_2025_20260804T144857-a65442.json
loaded_family_types,reflection,refl.FamilySymbol.IsActive,property,FamilySymbol,,,4,ok,Integer,1,True,1,2025,2026-08-04T14:03:14.300203,2026-08-04T14:48:57.764674,3,probes_2025_20260804T140314-c44dde.json;probes_2025_20260804T144211-baf6e6.json;probes_2025_20260804T144857-a65442.json
loaded_family_types,reflection,refl.FamilySymbol.IsExternalFileReference,method,FamilySymbol,,,3,ok,String,<method not invoked>,<method not invoked>,<method not invoked>,2025,2026-08-04T14:03:14.300203,2026-08-04T14:48:57.764674,3,probes_2025_20260804T140314-c44dde.json;probes_2025_20260804T144211-baf6e6.json;probes_2025_20260804T144857-a65442.json
loaded_family_types,reflection,refl.FamilySymbol.IsModifiable,property,FamilySymbol,,,3,ok,Integer,1,True,1,2025,2026-08-04T14:03:14.300203,2026-08-04T14:48:57.764674,3,probes_2025_20260804T140314-c44dde.json;probes_2025_20260804T144211-baf6e6.json;probes_2025_20260804T144857-a65442.json
loaded_family_types,reflection,refl.FamilySymbol.IsMonitoringLinkElement,method,FamilySymbol,,,3,ok,String,<method not invoked>,<method not invoked>,<method not invoked>,2025,2026-08-04T14:03:14.300203,2026-08-04T14:48:57.764674,3,probes_2025_20260804T140314-c44dde.json;probes_2025_20260804T144211-baf6e6.json;probes_2025_20260804T144857-a65442.json
loaded_family_types,reflection,refl.FamilySymbol.IsMonitoringLocalElement,method,FamilySymbol,,,3,ok,String,<method not invoked>,<method not invoked>,<method not invoked>,2025,2026-08-04T14:03:14.300203,2026-08-04T14:48:57.764674,3,probes_2025_20260804T140314-c44dde.json;probes_2025_20260804T144211-baf6e6.json;probes_2025_20260804T144857-a65442.json
loaded_family_types,reflection,refl.FamilySymbol.IsTransient,property,FamilySymbol,,,3,ok,Integer,0,False,0,2025,2026-08-04T14:03:14.300203,2026-08-04T14:48:57.764674,3,probes_2025_20260804T140314-c44dde.json;probes_2025_20260804T144211-baf6e6.json;probes_2025_20260804T144857-a65442.json
loaded_family_types,reflection,refl.FamilySymbol.IsValidObject,property,FamilySymbol,,,3,ok,Integer,1,True,1,2025,2026-08-04T14:03:14.300203,2026-08-04T14:48:57.764674,3,probes_2025_20260804T140314-c44dde.json;probes_2025_20260804T144211-baf6e6.json;probes_2025_20260804T144857-a65442.json
loaded_family_types,reflection,refl.FamilySymbol.LevelId,property,FamilySymbol,,,3,ok,ElementId,-1,-1,-1,2025,2026-08-04T14:03:14.300203,2026-08-04T14:48:57.764674,3,probes_2025_20260804T140314-c44dde.json;probes_2025_20260804T144211-baf6e6.json;probes_2025_20260804T144857-a65442.json
loaded_family_types,reflection,refl.FamilySymbol.Location,property,FamilySymbol,,,3,missing,None,,,,2025,2026-08-04T14:03:14.300203,2026-08-04T14:48:57.764674,3,probes_2025_20260804T140314-c44dde.json;probes_2025_20260804T144211-baf6e6.json;probes_2025_20260804T144857-a65442.json
loaded_family_types,reflection,refl.FamilySymbol.Name,property,FamilySymbol,,,0,,,,,,2025,2026-08-04T14:03:14.300203,2026-08-04T14:48:57.764674,3,probes_2025_20260804T140314-c44dde.json;probes_2025_20260804T144211-baf6e6.json;probes_2025_20260804T144857-a65442.json
loaded_family_types,reflection,refl.FamilySymbol.OwnerViewId,property,FamilySymbol,,,3,ok,ElementId,-1,-1,-1,2025,2026-08-04T14:03:14.300203,2026-08-04T14:48:57.764674,3,probes_2025_20260804T140314-c44dde.json;probes_2025_20260804T144211-baf6e6.json;probes_2025_20260804T144857-a65442.json
loaded_family_types,reflection,refl.FamilySymbol.Parameters,property,FamilySymbol,,,3,unsupported,None,,,,2025,2026-08-04T14:03:14.300203,2026-08-04T14:48:57.764674,3,probes_2025_20260804T140314-c44dde.json;probes_2025_20260804T144211-baf6e6.json;probes_2025_20260804T144857-a65442.json
loaded_family_types,reflection,refl.FamilySymbol.ParametersMap,property,FamilySymbol,,,3,unsupported,None,,,,2025,2026-08-04T14:03:14.300203,2026-08-04T14:48:57.764674,3,probes_2025_20260804T140314-c44dde.json;probes_2025_20260804T144211-baf6e6.json;probes_2025_20260804T144857-a65442.json
loaded_family_types,reflection,refl.FamilySymbol.Pinned,property,FamilySymbol,,,3,ok,Integer,0,False,0,2025,2026-08-04T14:03:14.300203,2026-08-04T14:48:57.764674,3,probes_2025_20260804T140314-c44dde.json;probes_2025_20260804T144211-baf6e6.json;probes_2025_20260804T144857-a65442.json
loaded_family_types,reflection,refl.FamilySymbol.RefersToExternalResourceReferences,method,FamilySymbol,,,3,ok,String,<method not invoked>,<method not invoked>,<method not invoked>,2025,2026-08-04T14:03:14.300203,2026-08-04T14:48:57.764674,3,probes_2025_20260804T140314-c44dde.json;probes_2025_20260804T144211-baf6e6.json;probes_2025_20260804T144857-a65442.json
loaded_family_types,reflection,refl.FamilySymbol.StructuralMaterialType,property,FamilySymbol,,,3,ok,Integer,0,0,0,2025,2026-08-04T14:03:14.300203,2026-08-04T14:48:57.764674,3,probes_2025_20260804T140314-c44dde.json;probes_2025_20260804T144211-baf6e6.json;probes_2025_20260804T144857-a65442.json
loaded_family_types,reflection,refl.FamilySymbol.UniqueId,property,FamilySymbol,,,180,ok,String,673dff8d-d6fe-4b10-9cc1-90683b892513-00688278,673dff8d-d6fe-4b10-9cc1-90683b892513-00688278,673dff8d-d6fe-4b10-9cc1-90683b892513-00688278,2025,2026-08-04T14:03:14.300203,2026-08-04T14:48:57.764674,3,probes_2025_20260804T140314-c44dde.json;probes_2025_20260804T144211-baf6e6.json;probes_2025_20260804T144857-a65442.json
loaded_family_types,reflection,refl.FamilySymbol.VersionGuid,property,FamilySymbol,,,18,ok,None,,c5b0c447-117d-4b10-875b-c3f46ee5698e,c5b0c447-117d-4b10-875b-c3f46ee5698e,2025,2026-08-04T14:03:14.300203,2026-08-04T14:48:57.764674,3,probes_2025_20260804T140314-c44dde.json;probes_2025_20260804T144211-baf6e6.json;probes_2025_20260804T144857-a65442.json
loaded_family_types,reflection,refl.FamilySymbol.ViewSpecific,property,FamilySymbol,,,3,ok,Integer,0,False,0,2025,2026-08-04T14:03:14.300203,2026-08-04T14:48:57.764674,3,probes_2025_20260804T140314-c44dde.json;probes_2025_20260804T144211-baf6e6.json;probes_2025_20260804T144857-a65442.json
loaded_family_types,reflection,refl.FamilySymbol.WorksetId,property,FamilySymbol,,,138,ok,ElementId,8792,8792,8792,2025,2026-08-04T14:03:14.300203,2026-08-04T14:48:57.764674,3,probes_2025_20260804T140314-c44dde.json;probes_2025_20260804T144211-baf6e6.json;probes_2025_20260804T144857-a65442.json
materials,param,p.Behavior,,,Integer,missing=0;ok=3;unreadable=0;unsupported=0,3,ok,Integer,0,0,0,2025,2026-08-04T14:03:14.300203,2026-08-04T14:48:57.764674,3,probes_2025_20260804T140314-c44dde.json;probes_2025_20260804T144211-baf6e6.json;probes_2025_20260804T144857-a65442.json
materials,param,p.Bending,,,Double,missing=0;ok=2;unreadable=0;unsupported=0,2,ok,Double,0.0,0.00 ksi,0.0,2025,2026-08-04T14:03:14.300203,2026-08-04T14:42:11.384534,2,probes_2025_20260804T140314-c44dde.json;probes_2025_20260804T144211-baf6e6.json
materials,param,p.Class,,,Integer,missing=0;ok=3;unreadable=0;unsupported=0,3,ok,Integer,0,0,0,2025,2026-08-04T14:03:14.300203,2026-08-04T14:48:57.764674,3,probes_2025_20260804T140314-c44dde.json;probes_2025_20260804T144211-baf6e6.json;probes_2025_20260804T144857-a65442.json
materials,param,p.Color,,,Integer;String,missing=0;ok=227;unreadable=0;unsupported=0,227,ok,Integer,15381900,15381900,15381900,2025,2026-08-04T14:03:14.300203,2026-08-04T14:48:57.764674,3,probes_2025_20260804T140314-c44dde.json;probes_2025_20260804T144211-baf6e6.json;probes_2025_20260804T144857-a65442.json
materials,param,p.Comments,,,String,missing=0;ok=22;unreadable=0;unsupported=0,22,ok,String,,,,2025,2026-08-04T14:03:14.300203,2026-08-04T14:48:57.764674,3,probes_2025_20260804T140314-c44dde.json;probes_2025_20260804T144211-baf6e6.json;probes_2025_20260804T144857-a65442.json
materials,param,p.Comments_ Varies by Group,,,String,missing=0;ok=1;unreadable=0;unsupported=0,1,ok,String,,,,2025,2026-08-04T14:03:14.300203,2026-08-04T14:03:14.300203,1,probes_2025_20260804T140314-c44dde.json
materials,param,p.Comments_Vary by Group,,,String,missing=0;ok=1;unreadable=0;unsupported=0,1,ok,String,,,,2025,2026-08-04T14:03:14.300203,2026-08-04T14:03:14.300203,1,probes_2025_20260804T140314-c44dde.json
materials,param,p.Compression parallel to grain,,,Double,missing=0;ok=2;unreadable=0;unsupported=0,2,ok,Double,0.0,0.00 ksi,0.0,2025,2026-08-04T14:03:14.300203,2026-08-04T14:42:11.384534,2,probes_2025_20260804T140314-c44dde.json;probes_2025_20260804T144211-baf6e6.json
materials,param,p.Compression perpendicular to grain,,,Double,missing=0;ok=2;unreadable=0;unsupported=0,2,ok,Double,0.0,0.00 ksi,0.0,2025,2026-08-04T14:03:14.300203,2026-08-04T14:42:11.384534,2,probes_2025_20260804T140314-c44dde.json;probes_2025_20260804T144211-baf6e6.json
materials,param,p.Concrete compression,,,Double,missing=0;ok=3;unreadable=0;unsupported=0,3,ok,Double,0.0,0.00 ksi,0.0,2025,2026-08-04T14:03:14.300203,2026-08-04T14:48:57.764674,3,probes_2025_20260804T140314-c44dde.json;probes_2025_20260804T144211-baf6e6.json;probes_2025_20260804T144857-a65442.json
materials,param,p.Contact,,,String,missing=0;ok=1;unreadable=0;unsupported=0,1,ok,String,,,,2025,2026-08-04T14:42:11.384534,2026-08-04T14:42:11.384534,1,probes_2025_20260804T144211-baf6e6.json
materials,param,p.Cost,,,Double,missing=0;ok=3;unreadable=0;unsupported=0,3,ok,Double,0.0,0,0.0,2025,2026-08-04T14:03:14.300203,2026-08-04T14:48:57.764674,3,probes_2025_20260804T140314-c44dde.json;probes_2025_20260804T144211-baf6e6.json;probes_2025_20260804T144857-a65442.json
materials,param,p.Description,,,String,missing=0;ok=169;unreadable=0;unsupported=0,169,ok,String,Glass,Glass,Glass,2025,2026-08-04T14:03:14.300203,2026-08-04T14:48:57.764674,3,probes_2025_20260804T140314-c44dde.json;probes_2025_20260804T144211-baf6e6.json;probes_2025_20260804T144857-a65442.json
materials,param,p.Design Option,,,String,missing=0;ok=1;unreadable=0;unsupported=0,1,ok,String,Main Model,Main Model,Main Model,2025,2026-08-04T14:03:14.300203,2026-08-04T14:03:14.300203,1,probes_2025_20260804T140314-c44dde.json
materials,param,p.Edited by,,,String,missing=0;ok=3;unreadable=0;unsupported=0,3,ok,String,,,,2025,2026-08-04T14:03:14.300203,2026-08-04T14:48:57.764674,3,probes_2025_20260804T140314-c44dde.json;probes_2025_20260804T144211-baf6e6.json;probes_2025_20260804T144857-a65442.json
materials,param,p.Export to IFC,,,Integer,missing=0;ok=3;unreadable=0;unsupported=0,3,ok,Integer,0,By Type,0,2025,2026-08-04T14:03:14.300203,2026-08-04T14:48:57.764674,3,probes_2025_20260804T140314-c44dde.json;probes_2025_20260804T144211-baf6e6.json;probes_2025_20260804T144857-a65442.json
materials,param,p.Export to IFC As,,,String,missing=0;ok=3;unreadable=0;unsupported=0,3,ok,String,,,,2025,2026-08-04T14:03:14.300203,2026-08-04T14:48:57.764674,3,probes_2025_20260804T140314-c44dde.json;probes_2025_20260804T144211-baf6e6.json;probes_2025_20260804T144857-a65442.json
materials,param,p.Finish/Size/Specs,,,String,missing=0;ok=1;unreadable=0;unsupported=0,1,ok,String,,,,2025,2026-08-04T14:42:11.384534,2026-08-04T14:42:11.384534,1,probes_2025_20260804T144211-baf6e6.json
materials,param,p.Glow,,,Integer,missing=0;ok=5;unreadable=0;unsupported=0,5,ok,Integer,0,No,0,2025,2026-08-04T14:03:14.300203,2026-08-04T14:48:57.764674,3,probes_2025_20260804T140314-c44dde.json;probes_2025_20260804T144211-baf6e6.json;probes_2025_20260804T144857-a65442.json
materials,param,p.Grade,,,String,missing=0;ok=2;unreadable=0;unsupported=0,2,ok,String,,,,2025,2026-08-04T14:03:14.300203,2026-08-04T14:42:11.384534,2,probes_2025_20260804T140314-c44dde.json;probes_2025_20260804T144211-baf6e6.json
materials,param,p.Group Type Mark,,,String,missing=0;ok=1;unreadable=0;unsupported=0,1,ok,String,,,,2025,2026-08-04T14:03:14.300203,2026-08-04T14:03:14.300203,1,probes_2025_20260804T140314-c44dde.json
materials,param,p.IFC Predefined Type,,,String,missing=0;ok=3;unreadable=0;unsupported=0,3,ok,String,,,,2025,2026-08-04T14:03:14.300203,2026-08-04T14:48:57.764674,3,probes_2025_20260804T140314-c44dde.json;probes_2025_20260804T144211-baf6e6.json;probes_2025_20260804T144857-a65442.json
materials,param,p.IfcGUID,,,String,missing=0;ok=343;unreadable=0;unsupported=0,343,ok,String,3IqejkPNj4Ihus7ZWTAf9K,3IqejkPNj4Ihus7ZWTAf9K,3IqejkPNj4Ihus7ZWTAf9K,2025,2026-08-04T14:03:14.300203,2026-08-04T14:48:57.764674,3,probes_2025_20260804T140314-c44dde.json;probes_2025_20260804T144211-baf6e6.json;probes_2025_20260804T144857-a65442.json
materials,param,p.Image,,,ElementId,missing=0;ok=3;unreadable=0;unsupported=0,3,ok,ElementId,,,,2025,2026-08-04T14:03:14.300203,2026-08-04T14:48:57.764674,3,probes_2025_20260804T140314-c44dde.json;probes_2025_20260804T144211-baf6e6.json;probes_2025_20260804T144857-a65442.json
materials,param,p.In Unit Cloud,,,String,missing=0;ok=1;unreadable=0;unsupported=0,1,ok,String,,,,2025,2026-08-04T14:03:14.300203,2026-08-04T14:03:14.300203,1,probes_2025_20260804T140314-c44dde.json
materials,param,p.Include in Schedule,,,Integer,missing=0;ok=1;unreadable=0;unsupported=0,1,ok,Integer,0,0,0,2025,2026-08-04T14:48:57.764674,2026-08-04T14:48:57.764674,1,probes_2025_20260804T144857-a65442.json
materials,param,p.Keynote,,,String,missing=0;ok=20;unreadable=0;unsupported=0,20,ok,String,,,,2025,2026-08-04T14:03:14.300203,2026-08-04T14:48:57.764674,3,probes_2025_20260804T140314-c44dde.json;probes_2025_20260804T144211-baf6e6.json;probes_2025_20260804T144857-a65442.json
materials,param,p.Lightweight,,,Integer,missing=0;ok=3;unreadable=0;unsupported=0,3,ok,Integer,0,0,0,2025,2026-08-04T14:03:14.300203,2026-08-04T14:48:57.764674,3,probes_2025_20260804T140314-c44dde.json;probes_2025_20260804T144211-baf6e6.json;probes_2025_20260804T144857-a65442.json
materials,param,p.Location,,,String,missing=0;ok=1;unreadable=0;unsupported=0,1,ok,String,,,,2025,2026-08-04T14:42:11.384534,2026-08-04T14:42:11.384534,1,probes_2025_20260804T144211-baf6e6.json
materials,param,p.Manufacturer,,,String,missing=0;ok=14;unreadable=0;unsupported=0,14,ok,String,,,,2025,2026-08-04T14:03:14.300203,2026-08-04T14:48:57.764674,3,probes_2025_20260804T140314-c44dde.json;probes_2025_20260804T144211-baf6e6.json;probes_2025_20260804T144857-a65442.json
materials,param,p.Mark,,,String,missing=0;ok=11;unreadable=0;unsupported=0,11,ok,String,,,,2025,2026-08-04T14:03:14.300203,2026-08-04T14:48:57.764674,3,probes_2025_20260804T140314-c44dde.json;probes_2025_20260804T144211-baf6e6.json;probes_2025_20260804T144857-a65442.json
materials,param,p.Material Name,,,String,missing=0;ok=1;unreadable=0;unsupported=0,1,ok,String,,,,2025,2026-08-04T14:42:11.384534,2026-08-04T14:42:11.384534,1,probes_2025_20260804T144211-baf6e6.json
materials,param,p.Material Type,,,Integer,missing=0;ok=13;unreadable=0;unsupported=0,13,ok,Integer,1,Steel,1,2025,2026-08-04T14:03:14.300203,2026-08-04T14:48:57.764674,3,probes_2025_20260804T140314-c44dde.json;probes_2025_20260804T144211-baf6e6.json;probes_2025_20260804T144857-a65442.json
materials,param,p.Minimum tensile strength,,,Double,missing=0;ok=3;unreadable=0;unsupported=0,3,ok,Double,0.0,0.00 ksi,0.0,2025,2026-08-04T14:03:14.300203,2026-08-04T14:48:57.764674,3,probes_2025_20260804T140314-c44dde.json;probes_2025_20260804T144211-baf6e6.json;probes_2025_20260804T144857-a65442.json
materials,param,p.Minimum yield stress,,,Double,missing=0;ok=3;unreadable=0;unsupported=0,3,ok,Double,0.0,0.00 ksi,0.0,2025,2026-08-04T14:03:14.300203,2026-08-04T14:48:57.764674,3,probes_2025_20260804T140314-c44dde.json;probes_2025_20260804T144211-baf6e6.json;probes_2025_20260804T144857-a65442.json
materials,param,p.Model,,,String,missing=0;ok=10;unreadable=0;unsupported=0,10,ok,String,,,,2025,2026-08-04T14:03:14.300203,2026-08-04T14:48:57.764674,3,probes_2025_20260804T140314-c44dde.json;probes_2025_20260804T144211-baf6e6.json;probes_2025_20260804T144857-a65442.json
materials,param,p.Name,,,String,missing=0;ok=343;unreadable=0;unsupported=0,343,ok,String,GLASS,GLASS,GLASS,2025,2026-08-04T14:03:14.300203,2026-08-04T14:48:57.764674,3,probes_2025_20260804T140314-c44dde.json;probes_2025_20260804T144211-baf6e6.json;probes_2025_20260804T144857-a65442.json
materials,param,p.Poisson ratio,,,Double,missing=0;ok=2;unreadable=0;unsupported=0,2,ok,Double,0.0,0,0.0,2025,2026-08-04T14:03:14.300203,2026-08-04T14:42:11.384534,2,probes_2025_20260804T140314-c44dde.json;probes_2025_20260804T144211-baf6e6.json
materials,param,p.Poisson ratio X,,,Double,missing=0;ok=3;unreadable=0;unsupported=0,3,ok,Double,0.0,0,0.0,2025,2026-08-04T14:03:14.300203,2026-08-04T14:48:57.764674,3,probes_2025_20260804T140314-c44dde.json;probes_2025_20260804T144211-baf6e6.json;probes_2025_20260804T144857-a65442.json
materials,param,p.Poisson ratio Y,,,Double,missing=0;ok=3;unreadable=0;unsupported=0,3,ok,Double,0.0,0,0.0,2025,2026-08-04T14:03:14.300203,2026-08-04T14:48:57.764674,3,probes_2025_20260804T140314-c44dde.json;probes_2025_20260804T144211-baf6e6.json;probes_2025_20260804T144857-a65442.json
materials,param,p.Poisson ratio Z,,,Double,missing=0;ok=3;unreadable=0;unsupported=0,3,ok,Double,0.0,0,0.0,2025,2026-08-04T14:03:14.300203,2026-08-04T14:48:57.764674,3,probes_2025_20260804T140314-c44dde.json;probes_2025_20260804T144211-baf6e6.json;probes_2025_20260804T144857-a65442.json
materials,param,p.Reduction factor for shear,,,Double,missing=0;ok=2;unreadable=0;unsupported=0,2,ok,Double,0.0,0,0.0,2025,2026-08-04T14:03:14.300203,2026-08-04T14:48:57.764674,2,probes_2025_20260804T140314-c44dde.json;probes_2025_20260804T144857-a65442.json
materials,param,p.Room Association,,,String,missing=0;ok=1;unreadable=0;unsupported=0,1,ok,String,,,,2025,2026-08-04T14:48:57.764674,2026-08-04T14:48:57.764674,1,probes_2025_20260804T144857-a65442.json
materials,param,p.SPEC SECTION,,,String,missing=0;ok=5;unreadable=0;unsupported=0,5,ok,String,,,,2025,2026-08-04T14:03:14.300203,2026-08-04T14:03:14.300203,1,probes_2025_20260804T140314-c44dde.json
materials,param,p.Shear modulus,,,Double,missing=0;ok=2;unreadable=0;unsupported=0,2,ok,Double,0.0,0.00 ksi,0.0,2025,2026-08-04T14:03:14.300203,2026-08-04T14:42:11.384534,2,probes_2025_20260804T140314-c44dde.json;probes_2025_20260804T144211-baf6e6.json
materials,param,p.Shear modulus X,,,Double,missing=0;ok=3;unreadable=0;unsupported=0,3,ok,Double,0.0,0.00 ksi,0.0,2025,2026-08-04T14:03:14.300203,2026-08-04T14:48:57.764674,3,probes_2025_20260804T140314-c44dde.json;probes_2025_20260804T144211-baf6e6.json;probes_2025_20260804T144857-a65442.json
materials,param,p.Shear modulus Y,,,Double,missing=0;ok=3;unreadable=0;unsupported=0,3,ok,Double,0.0,0.00 ksi,0.0,2025,2026-08-04T14:03:14.300203,2026-08-04T14:48:57.764674,3,probes_2025_20260804T140314-c44dde.json;probes_2025_20260804T144211-baf6e6.json;probes_2025_20260804T144857-a65442.json
materials,param,p.Shear modulus Z,,,Double,missing=0;ok=3;unreadable=0;unsupported=0,3,ok,Double,0.0,0.00 ksi,0.0,2025,2026-08-04T14:03:14.300203,2026-08-04T14:48:57.764674,3,probes_2025_20260804T140314-c44dde.json;probes_2025_20260804T144211-baf6e6.json;probes_2025_20260804T144857-a65442.json
materials,param,p.Shear parallel to grain,,,Double,missing=0;ok=2;unreadable=0;unsupported=0,2,ok,Double,0.0,0.00 ksi,0.0,2025,2026-08-04T14:03:14.300203,2026-08-04T14:42:11.384534,2,probes_2025_20260804T140314-c44dde.json;probes_2025_20260804T144211-baf6e6.json
materials,param,p.Shear perpendicular to grain,,,Double,missing=0;ok=2;unreadable=0;unsupported=0,2,ok,Double,0.0,0.00 ksi,0.0,2025,2026-08-04T14:03:14.300203,2026-08-04T14:42:11.384534,2,probes_2025_20260804T140314-c44dde.json;probes_2025_20260804T144211-baf6e6.json
materials,param,p.Shear strength modification,,,Double,missing=0;ok=3;unreadable=0;unsupported=0,3,ok,Double,0.0,0,0.0,2025,2026-08-04T14:03:14.300203,2026-08-04T14:48:57.764674,3,probes_2025_20260804T140314-c44dde.json;probes_2025_20260804T144211-baf6e6.json;probes_2025_20260804T144857-a65442.json
materials,param,p.Shininess,,,Integer,missing=0;ok=12;unreadable=0;unsupported=0,12,ok,Integer,64,64,64,2025,2026-08-04T14:03:14.300203,2026-08-04T14:48:57.764674,3,probes_2025_20260804T140314-c44dde.json;probes_2025_20260804T144211-baf6e6.json;probes_2025_20260804T144857-a65442.json
materials,param,p.Smoothness,,,Integer,missing=0;ok=4;unreadable=0;unsupported=0,4,ok,Integer,50,50,50,2025,2026-08-04T14:03:14.300203,2026-08-04T14:48:57.764674,3,probes_2025_20260804T140314-c44dde.json;probes_2025_20260804T144211-baf6e6.json;probes_2025_20260804T144857-a65442.json
materials,param,p.Species,,,String,missing=0;ok=2;unreadable=0;unsupported=0,2,ok,String,,,,2025,2026-08-04T14:03:14.300203,2026-08-04T14:42:11.384534,2,probes_2025_20260804T140314-c44dde.json;probes_2025_20260804T144211-baf6e6.json
materials,param,p.Subclass,,,String,missing=0;ok=3;unreadable=0;unsupported=0,3,ok,String,,,,2025,2026-08-04T14:03:14.300203,2026-08-04T14:48:57.764674,3,probes_2025_20260804T140314-c44dde.json;probes_2025_20260804T144211-baf6e6.json;probes_2025_20260804T144857-a65442.json
materials,param,p.Thermal expansion coefficient,,,Double,missing=0;ok=2;unreadable=0;unsupported=0,2,ok,Double,0.0,0.00000 1/°F,0.0,2025,2026-08-04T14:03:14.300203,2026-08-04T14:42:11.384534,2,probes_2025_20260804T140314-c44dde.json;probes_2025_20260804T144211-baf6e6.json
materials,param,p.Thermal expansion coefficient X,,,Double,missing=0;ok=3;unreadable=0;unsupported=0,3,ok,Double,0.0,0.00000 1/°F,0.0,2025,2026-08-04T14:03:14.300203,2026-08-04T14:48:57.764674,3,probes_2025_20260804T140314-c44dde.json;probes_2025_20260804T144211-baf6e6.json;probes_2025_20260804T144857-a65442.json
materials,param,p.Thermal expansion coefficient Y,,,Double,missing=0;ok=3;unreadable=0;unsupported=0,3,ok,Double,0.0,0.00000 1/°F,0.0,2025,2026-08-04T14:03:14.300203,2026-08-04T14:48:57.764674,3,probes_2025_20260804T140314-c44dde.json;probes_2025_20260804T144211-baf6e6.json;probes_2025_20260804T144857-a65442.json
materials,param,p.Thermal expansion coefficient Z,,,Double,missing=0;ok=3;unreadable=0;unsupported=0,3,ok,Double,0.0,0.00000 1/°F,0.0,2025,2026-08-04T14:03:14.300203,2026-08-04T14:48:57.764674,3,probes_2025_20260804T140314-c44dde.json;probes_2025_20260804T144211-baf6e6.json;probes_2025_20260804T144857-a65442.json
materials,param,p.Thermally Treated,,,Integer,missing=0;ok=2;unreadable=0;unsupported=0,2,ok,Integer,0,0,0,2025,2026-08-04T14:03:14.300203,2026-08-04T14:48:57.764674,2,probes_2025_20260804T140314-c44dde.json;probes_2025_20260804T144857-a65442.json
materials,param,p.Transparency,,,Integer,missing=0;ok=29;unreadable=0;unsupported=0,29,ok,Integer,70,70,70,2025,2026-08-04T14:03:14.300203,2026-08-04T14:48:57.764674,3,probes_2025_20260804T140314-c44dde.json;probes_2025_20260804T144211-baf6e6.json;probes_2025_20260804T144857-a65442.json
materials,param,p.UNIFORMAT,,,String,missing=0;ok=5;unreadable=0;unsupported=0,5,ok,String,,,,2025,2026-08-04T14:03:14.300203,2026-08-04T14:03:14.300203,1,probes_2025_20260804T140314-c44dde.json
materials,param,p.URL,,,String,missing=0;ok=10;unreadable=0;unsupported=0,10,ok,String,,,,2025,2026-08-04T14:03:14.300203,2026-08-04T14:48:57.764674,3,probes_2025_20260804T140314-c44dde.json;probes_2025_20260804T144211-baf6e6.json;probes_2025_20260804T144857-a65442.json
materials,param,p.Unit weight,,,Double,missing=0;ok=3;unreadable=0;unsupported=0,3,ok,Double,0.0,0.00 lb/ft³,0.0,2025,2026-08-04T14:03:14.300203,2026-08-04T14:48:57.764674,3,probes_2025_20260804T140314-c44dde.json;probes_2025_20260804T144211-baf6e6.json;probes_2025_20260804T144857-a65442.json
materials,param,p.Use (interior/exterior),,,String,missing=0;ok=1;unreadable=0;unsupported=0,1,ok,String,,,,2025,2026-08-04T14:42:11.384534,2026-08-04T14:42:11.384534,1,probes_2025_20260804T144211-baf6e6.json
materials,param,p.Workset,,,Integer,missing=0;ok=3;unreadable=0;unsupported=0,3,ok,Integer,10,Materials,10,2025,2026-08-04T14:03:14.300203,2026-08-04T14:48:57.764674,3,probes_2025_20260804T140314-c44dde.json;probes_2025_20260804T144211-baf6e6.json;probes_2025_20260804T144857-a65442.json
materials,param,p.Young modulus,,,Double,missing=0;ok=2;unreadable=0;unsupported=0,2,ok,Double,0.0,0.00 ksi,0.0,2025,2026-08-04T14:03:14.300203,2026-08-04T14:42:11.384534,2,probes_2025_20260804T140314-c44dde.json;probes_2025_20260804T144211-baf6e6.json
materials,param,p.Young modulus X,,,Double,missing=0;ok=3;unreadable=0;unsupported=0,3,ok,Double,0.0,0.00 ksi,0.0,2025,2026-08-04T14:03:14.300203,2026-08-04T14:48:57.764674,3,probes_2025_20260804T140314-c44dde.json;probes_2025_20260804T144211-baf6e6.json;probes_2025_20260804T144857-a65442.json
materials,param,p.Young modulus Y,,,Double,missing=0;ok=3;unreadable=0;unsupported=0,3,ok,Double,0.0,0.00 ksi,0.0,2025,2026-08-04T14:03:14.300203,2026-08-04T14:48:57.764674,3,probes_2025_20260804T140314-c44dde.json;probes_2025_20260804T144211-baf6e6.json;probes_2025_20260804T144857-a65442.json
materials,param,p.Young modulus Z,,,Double,missing=0;ok=3;unreadable=0;unsupported=0,3,ok,Double,0.0,0.00 ksi,0.0,2025,2026-08-04T14:03:14.300203,2026-08-04T14:48:57.764674,3,probes_2025_20260804T140314-c44dde.json;probes_2025_20260804T144211-baf6e6.json;probes_2025_20260804T144857-a65442.json
materials,param,p._BIFMA,,,Integer,missing=0;ok=1;unreadable=0;unsupported=0,1,ok,Integer,0,0,0,2025,2026-08-04T14:48:57.764674,2026-08-04T14:48:57.764674,1,probes_2025_20260804T144857-a65442.json
materials,param,p._CRI_Green_Label_Plus,,,Integer,missing=0;ok=1;unreadable=0;unsupported=0,1,ok,Integer,0,0,0,2025,2026-08-04T14:48:57.764674,2026-08-04T14:48:57.764674,1,probes_2025_20260804T144857-a65442.json
materials,param,p._Cradle_to_Cradle,,,Integer,missing=0;ok=1;unreadable=0;unsupported=0,1,ok,Integer,0,0,0,2025,2026-08-04T14:48:57.764674,2026-08-04T14:48:57.764674,1,probes_2025_20260804T144857-a65442.json
materials,param,p._Declare_Label,,,Integer,missing=0;ok=1;unreadable=0;unsupported=0,1,ok,Integer,0,0,0,2025,2026-08-04T14:48:57.764674,2026-08-04T14:48:57.764674,1,probes_2025_20260804T144857-a65442.json
materials,param,p._Environmental_Product_Declaration,,,Integer,missing=0;ok=1;unreadable=0;unsupported=0,1,ok,Integer,0,0,0,2025,2026-08-04T14:48:57.764674,2026-08-04T14:48:57.764674,1,probes_2025_20260804T144857-a65442.json
materials,param,p._Estimated_Lead_Time,,,String,missing=0;ok=1;unreadable=0;unsupported=0,1,ok,String,,,,2025,2026-08-04T14:48:57.764674,2026-08-04T14:48:57.764674,1,probes_2025_20260804T144857-a65442.json
materials,param,p._Finish_Category,,,String,missing=0;ok=1;unreadable=0;unsupported=0,1,ok,String,,,,2025,2026-08-04T14:48:57.764674,2026-08-04T14:48:57.764674,1,probes_2025_20260804T144857-a65442.json
materials,param,p._Floor_Score_Certified,,,Integer,missing=0;ok=1;unreadable=0;unsupported=0,1,ok,Integer,0,0,0,2025,2026-08-04T14:48:57.764674,2026-08-04T14:48:57.764674,1,probes_2025_20260804T144857-a65442.json
materials,param,p._Forest_Stewardship_Council,,,Integer,missing=0;ok=1;unreadable=0;unsupported=0,1,ok,Integer,0,0,0,2025,2026-08-04T14:48:57.764674,2026-08-04T14:48:57.764674,1,probes_2025_20260804T144857-a65442.json
materials,param,p._Green_Circle,,,Integer,missing=0;ok=1;unreadable=0;unsupported=0,1,ok,Integer,0,0,0,2025,2026-08-04T14:48:57.764674,2026-08-04T14:48:57.764674,1,probes_2025_20260804T144857-a65442.json
materials,param,p._Green_Guard_Gold,,,Integer,missing=0;ok=1;unreadable=0;unsupported=0,1,ok,Integer,0,0,0,2025,2026-08-04T14:48:57.764674,2026-08-04T14:48:57.764674,1,probes_2025_20260804T144857-a65442.json
materials,param,p._Green_Screen,,,Integer,missing=0;ok=1;unreadable=0;unsupported=0,1,ok,Integer,0,0,0,2025,2026-08-04T14:48:57.764674,2026-08-04T14:48:57.764674,1,probes_2025_20260804T144857-a65442.json
materials,param,p._Health_Product_Declaration,,,Integer,missing=0;ok=1;unreadable=0;unsupported=0,1,ok,Integer,0,0,0,2025,2026-08-04T14:48:57.764674,2026-08-04T14:48:57.764674,1,probes_2025_20260804T144857-a65442.json
materials,param,p._Internal_Comments,,,String,missing=0;ok=1;unreadable=0;unsupported=0,1,ok,String,,,,2025,2026-08-04T14:48:57.764674,2026-08-04T14:48:57.764674,1,probes_2025_20260804T144857-a65442.json
materials,param,p._Just_Label,,,Integer,missing=0;ok=1;unreadable=0;unsupported=0,1,ok,Integer,0,0,0,2025,2026-08-04T14:48:57.764674,2026-08-04T14:48:57.764674,1,probes_2025_20260804T144857-a65442.json
materials,param,p._Living_Product_Challenge,,,Integer,missing=0;ok=1;unreadable=0;unsupported=0,1,ok,Integer,0,0,0,2025,2026-08-04T14:48:57.764674,2026-08-04T14:48:57.764674,1,probes_2025_20260804T144857-a65442.json
materials,param,p._Material_Classification,,,String,missing=0;ok=1;unreadable=0;unsupported=0,1,ok,String,,,,2025,2026-08-04T14:48:57.764674,2026-08-04T14:48:57.764674,1,probes_2025_20260804T144857-a65442.json
materials,param,p._Material_Quantity_Area,,,Double,missing=0;ok=1;unreadable=0;unsupported=0,1,ok,Double,0.0,0 SF,0.0,2025,2026-08-04T14:48:57.764674,2026-08-04T14:48:57.764674,1,probes_2025_20260804T144857-a65442.json
materials,param,p._Material_Quantity_Length,,,Double,missing=0;ok=1;unreadable=0;unsupported=0,1,ok,Double,0.0,"0' - 0""",0.0,2025,2026-08-04T14:48:57.764674,2026-08-04T14:48:57.764674,1,probes_2025_20260804T144857-a65442.json
materials,param,p._Red_List_Free,,,Integer,missing=0;ok=1;unreadable=0;unsupported=0,1,ok,Integer,0,0,0,2025,2026-08-04T14:48:57.764674,2026-08-04T14:48:57.764674,1,probes_2025_20260804T144857-a65442.json
materials,param,p._Rep_Contact_Info,,,String,missing=0;ok=1;unreadable=0;unsupported=0,1,ok,String,,,,2025,2026-08-04T14:48:57.764674,2026-08-04T14:48:57.764674,1,probes_2025_20260804T144857-a65442.json
materials,reflection,refl.AppearanceAssetElement.ArePhasesModifiable,method,AppearanceAssetElement,,,3,ok,String,<method not invoked>,<method not invoked>,<method not invoked>,2025,2026-08-04T14:03:14.300203,2026-08-04T14:48:57.764674,3,probes_2025_20260804T140314-c44dde.json;probes_2025_20260804T144211-baf6e6.json;probes_2025_20260804T144857-a65442.json
materials,reflection,refl.AppearanceAssetElement.AssemblyInstanceId,property,AppearanceAssetElement,,,3,ok,ElementId,-1,-1,-1,2025,2026-08-04T14:03:14.300203,2026-08-04T14:48:57.764674,3,probes_2025_20260804T140314-c44dde.json;probes_2025_20260804T144211-baf6e6.json;probes_2025_20260804T144857-a65442.json
materials,reflection,refl.AppearanceAssetElement.CanBeLocked,method,AppearanceAssetElement,,,3,ok,String,<method not invoked>,<method not invoked>,<method not invoked>,2025,2026-08-04T14:03:14.300203,2026-08-04T14:48:57.764674,3,probes_2025_20260804T140314-c44dde.json;probes_2025_20260804T144211-baf6e6.json;probes_2025_20260804T144857-a65442.json
materials,reflection,refl.AppearanceAssetElement.CanHaveTypeAssigned,method,AppearanceAssetElement,,,3,ok,String,<method not invoked>,<method not invoked>,<method not invoked>,2025,2026-08-04T14:03:14.300203,2026-08-04T14:48:57.764674,3,probes_2025_20260804T140314-c44dde.json;probes_2025_20260804T144211-baf6e6.json;probes_2025_20260804T144857-a65442.json
materials,reflection,refl.AppearanceAssetElement.Category,property,AppearanceAssetElement,,,3,missing,None,,,,2025,2026-08-04T14:03:14.300203,2026-08-04T14:48:57.764674,3,probes_2025_20260804T140314-c44dde.json;probes_2025_20260804T144211-baf6e6.json;probes_2025_20260804T144857-a65442.json
materials,reflection,refl.AppearanceAssetElement.CreatedPhaseId,property,AppearanceAssetElement,,,3,ok,ElementId,-1,-1,-1,2025,2026-08-04T14:03:14.300203,2026-08-04T14:48:57.764674,3,probes_2025_20260804T140314-c44dde.json;probes_2025_20260804T144211-baf6e6.json;probes_2025_20260804T144857-a65442.json
materials,reflection,refl.AppearanceAssetElement.DemolishedPhaseId,property,AppearanceAssetElement,,,3,ok,ElementId,-1,-1,-1,2025,2026-08-04T14:03:14.300203,2026-08-04T14:48:57.764674,3,probes_2025_20260804T140314-c44dde.json;probes_2025_20260804T144211-baf6e6.json;probes_2025_20260804T144857-a65442.json
materials,reflection,refl.AppearanceAssetElement.DesignOption,property,AppearanceAssetElement,,,3,missing,None,,,,2025,2026-08-04T14:03:14.300203,2026-08-04T14:48:57.764674,3,probes_2025_20260804T140314-c44dde.json;probes_2025_20260804T144211-baf6e6.json;probes_2025_20260804T144857-a65442.json
materials,reflection,refl.AppearanceAssetElement.Document,property,AppearanceAssetElement,,,3,unsupported,None,,,,2025,2026-08-04T14:03:14.300203,2026-08-04T14:48:57.764674,3,probes_2025_20260804T140314-c44dde.json;probes_2025_20260804T144211-baf6e6.json;probes_2025_20260804T144857-a65442.json
materials,reflection,refl.AppearanceAssetElement.EvaluateAllParameterValues,method,AppearanceAssetElement,,,3,ok,String,<method not invoked>,<method not invoked>,<method not invoked>,2025,2026-08-04T14:03:14.300203,2026-08-04T14:48:57.764674,3,probes_2025_20260804T140314-c44dde.json;probes_2025_20260804T144211-baf6e6.json;probes_2025_20260804T144857-a65442.json
materials,reflection,refl.AppearanceAssetElement.GetEntitySchemaGuids,method,AppearanceAssetElement,,,3,ok,String,<method not invoked>,<method not invoked>,<method not invoked>,2025,2026-08-04T14:03:14.300203,2026-08-04T14:48:57.764674,3,probes_2025_20260804T140314-c44dde.json;probes_2025_20260804T144211-baf6e6.json;probes_2025_20260804T144857-a65442.json
materials,reflection,refl.AppearanceAssetElement.GetExternalFileReference,method,AppearanceAssetElement,,,3,ok,String,<method not invoked>,<method not invoked>,<method not invoked>,2025,2026-08-04T14:03:14.300203,2026-08-04T14:48:57.764674,3,probes_2025_20260804T140314-c44dde.json;probes_2025_20260804T144211-baf6e6.json;probes_2025_20260804T144857-a65442.json
materials,reflection,refl.AppearanceAssetElement.GetExternalResourceReferences,method,AppearanceAssetElement,,,3,ok,String,<method not invoked>,<method not invoked>,<method not invoked>,2025,2026-08-04T14:03:14.300203,2026-08-04T14:48:57.764674,3,probes_2025_20260804T140314-c44dde.json;probes_2025_20260804T144211-baf6e6.json;probes_2025_20260804T144857-a65442.json
materials,reflection,refl.AppearanceAssetElement.GetExternalResourceReferencesExpanded,method,AppearanceAssetElement,,,3,ok,String,<method not invoked>,<method not invoked>,<method not invoked>,2025,2026-08-04T14:03:14.300203,2026-08-04T14:48:57.764674,3,probes_2025_20260804T140314-c44dde.json;probes_2025_20260804T144211-baf6e6.json;probes_2025_20260804T144857-a65442.json
materials,reflection,refl.AppearanceAssetElement.GetMonitoredLinkElementIds,method,AppearanceAssetElement,,,3,ok,String,<method not invoked>,<method not invoked>,<method not invoked>,2025,2026-08-04T14:03:14.300203,2026-08-04T14:48:57.764674,3,probes_2025_20260804T140314-c44dde.json;probes_2025_20260804T144211-baf6e6.json;probes_2025_20260804T144857-a65442.json
materials,reflection,refl.AppearanceAssetElement.GetMonitoredLocalElementIds,method,AppearanceAssetElement,,,3,ok,String,<method not invoked>,<method not invoked>,<method not invoked>,2025,2026-08-04T14:03:14.300203,2026-08-04T14:48:57.764674,3,probes_2025_20260804T140314-c44dde.json;probes_2025_20260804T144211-baf6e6.json;probes_2025_20260804T144857-a65442.json
materials,reflection,refl.AppearanceAssetElement.GetOrderedParameters,method,AppearanceAssetElement,,,3,ok,String,<method not invoked>,<method not invoked>,<method not invoked>,2025,2026-08-04T14:03:14.300203,2026-08-04T14:48:57.764674,3,probes_2025_20260804T140314-c44dde.json;probes_2025_20260804T144211-baf6e6.json;probes_2025_20260804T144857-a65442.json
materials,reflection,refl.AppearanceAssetElement.GetRenderingAsset,method,AppearanceAssetElement,,,3,ok,String,<method not invoked>,<method not invoked>,<method not invoked>,2025,2026-08-04T14:03:14.300203,2026-08-04T14:48:57.764674,3,probes_2025_20260804T140314-c44dde.json;probes_2025_20260804T144211-baf6e6.json;probes_2025_20260804T144857-a65442.json
materials,reflection,refl.AppearanceAssetElement.GetSubelements,method,AppearanceAssetElement,,,3,ok,String,<method not invoked>,<method not invoked>,<method not invoked>,2025,2026-08-04T14:03:14.300203,2026-08-04T14:48:57.764674,3,probes_2025_20260804T140314-c44dde.json;probes_2025_20260804T144211-baf6e6.json;probes_2025_20260804T144857-a65442.json
materials,reflection,refl.AppearanceAssetElement.GetTypeId,method,AppearanceAssetElement,,,3,ok,String,<method not invoked>,<method not invoked>,<method not invoked>,2025,2026-08-04T14:03:14.300203,2026-08-04T14:48:57.764674,3,probes_2025_20260804T140314-c44dde.json;probes_2025_20260804T144211-baf6e6.json;probes_2025_20260804T144857-a65442.json
materials,reflection,refl.AppearanceAssetElement.GetValidTypes,method,AppearanceAssetElement,,,3,ok,String,<method not invoked>,<method not invoked>,<method not invoked>,2025,2026-08-04T14:03:14.300203,2026-08-04T14:48:57.764674,3,probes_2025_20260804T140314-c44dde.json;probes_2025_20260804T144211-baf6e6.json;probes_2025_20260804T144857-a65442.json
materials,reflection,refl.AppearanceAssetElement.GroupId,property,AppearanceAssetElement,,,3,ok,ElementId,-1,-1,-1,2025,2026-08-04T14:03:14.300203,2026-08-04T14:48:57.764674,3,probes_2025_20260804T140314-c44dde.json;probes_2025_20260804T144211-baf6e6.json;probes_2025_20260804T144857-a65442.json
materials,reflection,refl.AppearanceAssetElement.HasPhases,method,AppearanceAssetElement,,,3,ok,String,<method not invoked>,<method not invoked>,<method not invoked>,2025,2026-08-04T14:03:14.300203,2026-08-04T14:48:57.764674,3,probes_2025_20260804T140314-c44dde.json;probes_2025_20260804T144211-baf6e6.json;probes_2025_20260804T144857-a65442.json
materials,reflection,refl.AppearanceAssetElement.Id,property,AppearanceAssetElement,,,177,ok,ElementId,185714,185714,185714,2025,2026-08-04T14:03:14.300203,2026-08-04T14:48:57.764674,3,probes_2025_20260804T140314-c44dde.json;probes_2025_20260804T144211-baf6e6.json;probes_2025_20260804T144857-a65442.json
materials,reflection,refl.AppearanceAssetElement.IsExternalFileReference,method,AppearanceAssetElement,,,3,ok,String,<method not invoked>,<method not invoked>,<method not invoked>,2025,2026-08-04T14:03:14.300203,2026-08-04T14:48:57.764674,3,probes_2025_20260804T140314-c44dde.json;probes_2025_20260804T144211-baf6e6.json;probes_2025_20260804T144857-a65442.json
materials,reflection,refl.AppearanceAssetElement.IsModifiable,property,AppearanceAssetElement,,,3,ok,Integer,1,True,1,2025,2026-08-04T14:03:14.300203,2026-08-04T14:48:57.764674,3,probes_2025_20260804T140314-c44dde.json;probes_2025_20260804T144211-baf6e6.json;probes_2025_20260804T144857-a65442.json
materials,reflection,refl.AppearanceAssetElement.IsMonitoringLinkElement,method,AppearanceAssetElement,,,3,ok,String,<method not invoked>,<method not invoked>,<method not invoked>,2025,2026-08-04T14:03:14.300203,2026-08-04T14:48:57.764674,3,probes_2025_20260804T140314-c44dde.json;probes_2025_20260804T144211-baf6e6.json;probes_2025_20260804T144857-a65442.json
materials,reflection,refl.AppearanceAssetElement.IsMonitoringLocalElement,method,AppearanceAssetElement,,,3,ok,String,<method not invoked>,<method not invoked>,<method not invoked>,2025,2026-08-04T14:03:14.300203,2026-08-04T14:48:57.764674,3,probes_2025_20260804T140314-c44dde.json;probes_2025_20260804T144211-baf6e6.json;probes_2025_20260804T144857-a65442.json
materials,reflection,refl.AppearanceAssetElement.IsTransient,property,AppearanceAssetElement,,,3,ok,Integer,0,False,0,2025,2026-08-04T14:03:14.300203,2026-08-04T14:48:57.764674,3,probes_2025_20260804T140314-c44dde.json;probes_2025_20260804T144211-baf6e6.json;probes_2025_20260804T144857-a65442.json
materials,reflection,refl.AppearanceAssetElement.IsValidObject,property,AppearanceAssetElement,,,3,ok,Integer,1,True,1,2025,2026-08-04T14:03:14.300203,2026-08-04T14:48:57.764674,3,probes_2025_20260804T140314-c44dde.json;probes_2025_20260804T144211-baf6e6.json;probes_2025_20260804T144857-a65442.json
materials,reflection,refl.AppearanceAssetElement.LevelId,property,AppearanceAssetElement,,,3,ok,ElementId,-1,-1,-1,2025,2026-08-04T14:03:14.300203,2026-08-04T14:48:57.764674,3,probes_2025_20260804T140314-c44dde.json;probes_2025_20260804T144211-baf6e6.json;probes_2025_20260804T144857-a65442.json
materials,reflection,refl.AppearanceAssetElement.Location,property,AppearanceAssetElement,,,3,missing,None,,,,2025,2026-08-04T14:03:14.300203,2026-08-04T14:48:57.764674,3,probes_2025_20260804T140314-c44dde.json;probes_2025_20260804T144211-baf6e6.json;probes_2025_20260804T144857-a65442.json
materials,reflection,refl.AppearanceAssetElement.Name,property,AppearanceAssetElement,,,177,ok,String,GLASS (1),GLASS (1),GLASS (1),2025,2026-08-04T14:03:14.300203,2026-08-04T14:48:57.764674,3,probes_2025_20260804T140314-c44dde.json;probes_2025_20260804T144211-baf6e6.json;probes_2025_20260804T144857-a65442.json
materials,reflection,refl.AppearanceAssetElement.OwnerViewId,property,AppearanceAssetElement,,,3,ok,ElementId,-1,-1,-1,2025,2026-08-04T14:03:14.300203,2026-08-04T14:48:57.764674,3,probes_2025_20260804T140314-c44dde.json;probes_2025_20260804T144211-baf6e6.json;probes_2025_20260804T144857-a65442.json
materials,reflection,refl.AppearanceAssetElement.Parameters,property,AppearanceAssetElement,,,3,unsupported,None,,,,2025,2026-08-04T14:03:14.300203,2026-08-04T14:48:57.764674,3,probes_2025_20260804T140314-c44dde.json;probes_2025_20260804T144211-baf6e6.json;probes_2025_20260804T144857-a65442.json
materials,reflection,refl.AppearanceAssetElement.ParametersMap,property,AppearanceAssetElement,,,3,unsupported,None,,,,2025,2026-08-04T14:03:14.300203,2026-08-04T14:48:57.764674,3,probes_2025_20260804T140314-c44dde.json;probes_2025_20260804T144211-baf6e6.json;probes_2025_20260804T144857-a65442.json
materials,reflection,refl.AppearanceAssetElement.Pinned,property,AppearanceAssetElement,,,3,ok,Integer,0,False,0,2025,2026-08-04T14:03:14.300203,2026-08-04T14:48:57.764674,3,probes_2025_20260804T140314-c44dde.json;probes_2025_20260804T144211-baf6e6.json;probes_2025_20260804T144857-a65442.json
materials,reflection,refl.AppearanceAssetElement.RefersToExternalResourceReferences,method,AppearanceAssetElement,,,3,ok,String,<method not invoked>,<method not invoked>,<method not invoked>,2025,2026-08-04T14:03:14.300203,2026-08-04T14:48:57.764674,3,probes_2025_20260804T140314-c44dde.json;probes_2025_20260804T144211-baf6e6.json;probes_2025_20260804T144857-a65442.json
materials,reflection,refl.AppearanceAssetElement.UniqueId,property,AppearanceAssetElement,,,177,ok,String,383c2d4f-e40c-4504-a0ed-8998879bbacd-0002d572,383c2d4f-e40c-4504-a0ed-8998879bbacd-0002d572,383c2d4f-e40c-4504-a0ed-8998879bbacd-0002d572,2025,2026-08-04T14:03:14.300203,2026-08-04T14:48:57.764674,3,probes_2025_20260804T140314-c44dde.json;probes_2025_20260804T144211-baf6e6.json;probes_2025_20260804T144857-a65442.json
materials,reflection,refl.AppearanceAssetElement.VersionGuid,property,AppearanceAssetElement,,,26,ok,None,,9da8e3f9-e7a0-4092-9b08-ffb0a78bb586,9da8e3f9-e7a0-4092-9b08-ffb0a78bb586,2025,2026-08-04T14:03:14.300203,2026-08-04T14:48:57.764674,3,probes_2025_20260804T140314-c44dde.json;probes_2025_20260804T144211-baf6e6.json;probes_2025_20260804T144857-a65442.json
materials,reflection,refl.AppearanceAssetElement.ViewSpecific,property,AppearanceAssetElement,,,3,ok,Integer,0,False,0,2025,2026-08-04T14:03:14.300203,2026-08-04T14:48:57.764674,3,probes_2025_20260804T140314-c44dde.json;probes_2025_20260804T144211-baf6e6.json;probes_2025_20260804T144857-a65442.json
materials,reflection,refl.AppearanceAssetElement.WorksetId,property,AppearanceAssetElement,,,3,ok,ElementId,10,10,10,2025,2026-08-04T14:03:14.300203,2026-08-04T14:48:57.764674,3,probes_2025_20260804T140314-c44dde.json;probes_2025_20260804T144211-baf6e6.json;probes_2025_20260804T144857-a65442.json
materials,reflection,refl.Material.AppearanceAssetId,property,Material,,,324,ok,ElementId,185714,185714,185714,2025,2026-08-04T14:03:14.300203,2026-08-04T14:48:57.764674,3,probes_2025_20260804T140314-c44dde.json;probes_2025_20260804T144211-baf6e6.json;probes_2025_20260804T144857-a65442.json
materials,reflection,refl.Material.ArePhasesModifiable,method,Material,,,3,ok,String,<method not invoked>,<method not invoked>,<method not invoked>,2025,2026-08-04T14:03:14.300203,2026-08-04T14:48:57.764674,3,probes_2025_20260804T140314-c44dde.json;probes_2025_20260804T144211-baf6e6.json;probes_2025_20260804T144857-a65442.json
materials,reflection,refl.Material.AssemblyInstanceId,property,Material,,,3,ok,ElementId,-1,-1,-1,2025,2026-08-04T14:03:14.300203,2026-08-04T14:48:57.764674,3,probes_2025_20260804T140314-c44dde.json;probes_2025_20260804T144211-baf6e6.json;probes_2025_20260804T144857-a65442.json
materials,reflection,refl.Material.CanBeLocked,method,Material,,,3,ok,String,<method not invoked>,<method not invoked>,<method not invoked>,2025,2026-08-04T14:03:14.300203,2026-08-04T14:48:57.764674,3,probes_2025_20260804T140314-c44dde.json;probes_2025_20260804T144211-baf6e6.json;probes_2025_20260804T144857-a65442.json
materials,reflection,refl.Material.CanHaveTypeAssigned,method,Material,,,3,ok,String,<method not invoked>,<method not invoked>,<method not invoked>,2025,2026-08-04T14:03:14.300203,2026-08-04T14:48:57.764674,3,probes_2025_20260804T140314-c44dde.json;probes_2025_20260804T144211-baf6e6.json;probes_2025_20260804T144857-a65442.json
materials,reflection,refl.Material.Category,property,Material,,,3,unsupported,None,,,,2025,2026-08-04T14:03:14.300203,2026-08-04T14:48:57.764674,3,probes_2025_20260804T140314-c44dde.json;probes_2025_20260804T144211-baf6e6.json;probes_2025_20260804T144857-a65442.json
materials,reflection,refl.Material.Color,property,Material,,,226,ok,None,,140|181|234,140|181|234,2025,2026-08-04T14:03:14.300203,2026-08-04T14:48:57.764674,3,probes_2025_20260804T140314-c44dde.json;probes_2025_20260804T144211-baf6e6.json;probes_2025_20260804T144857-a65442.json
materials,reflection,refl.Material.CreatedPhaseId,property,Material,,,3,ok,ElementId,-1,-1,-1,2025,2026-08-04T14:03:14.300203,2026-08-04T14:48:57.764674,3,probes_2025_20260804T140314-c44dde.json;probes_2025_20260804T144211-baf6e6.json;probes_2025_20260804T144857-a65442.json
materials,reflection,refl.Material.CutBackgroundPatternColor,property,Material,,,8,ok,None,,0|0|0,0|0|0,2025,2026-08-04T14:03:14.300203,2026-08-04T14:48:57.764674,3,probes_2025_20260804T140314-c44dde.json;probes_2025_20260804T144211-baf6e6.json;probes_2025_20260804T144857-a65442.json
materials,reflection,refl.Material.CutBackgroundPatternId,property,Material,,,5,ok,ElementId,-1,-1,-1,2025,2026-08-04T14:03:14.300203,2026-08-04T14:48:57.764674,3,probes_2025_20260804T140314-c44dde.json;probes_2025_20260804T144211-baf6e6.json;probes_2025_20260804T144857-a65442.json
materials,reflection,refl.Material.CutForegroundPatternColor,property,Material,,,25,ok,None,,0|0|0,0|0|0,2025,2026-08-04T14:03:14.300203,2026-08-04T14:48:57.764674,3,probes_2025_20260804T140314-c44dde.json;probes_2025_20260804T144211-baf6e6.json;probes_2025_20260804T144857-a65442.json
materials,reflection,refl.Material.CutForegroundPatternId,property,Material,,,55,ok,ElementId,-1,-1,-1,2025,2026-08-04T14:03:14.300203,2026-08-04T14:48:57.764674,3,probes_2025_20260804T140314-c44dde.json;probes_2025_20260804T144211-baf6e6.json;probes_2025_20260804T144857-a65442.json
materials,reflection,refl.Material.DemolishedPhaseId,property,Material,,,3,ok,ElementId,-1,-1,-1,2025,2026-08-04T14:03:14.300203,2026-08-04T14:48:57.764674,3,probes_2025_20260804T140314-c44dde.json;probes_2025_20260804T144211-baf6e6.json;probes_2025_20260804T144857-a65442.json
materials,reflection,refl.Material.DesignOption,property,Material,,,3,missing,None,,,,2025,2026-08-04T14:03:14.300203,2026-08-04T14:48:57.764674,3,probes_2025_20260804T140314-c44dde.json;probes_2025_20260804T144211-baf6e6.json;probes_2025_20260804T144857-a65442.json
materials,reflection,refl.Material.Document,property,Material,,,3,unsupported,None,,,,2025,2026-08-04T14:03:14.300203,2026-08-04T14:48:57.764674,3,probes_2025_20260804T140314-c44dde.json;probes_2025_20260804T144211-baf6e6.json;probes_2025_20260804T144857-a65442.json
materials,reflection,refl.Material.EvaluateAllParameterValues,method,Material,,,3,ok,String,<method not invoked>,<method not invoked>,<method not invoked>,2025,2026-08-04T14:03:14.300203,2026-08-04T14:48:57.764674,3,probes_2025_20260804T140314-c44dde.json;probes_2025_20260804T144211-baf6e6.json;probes_2025_20260804T144857-a65442.json
materials,reflection,refl.Material.GetEntitySchemaGuids,method,Material,,,3,ok,String,<method not invoked>,<method not invoked>,<method not invoked>,2025,2026-08-04T14:03:14.300203,2026-08-04T14:48:57.764674,3,probes_2025_20260804T140314-c44dde.json;probes_2025_20260804T144211-baf6e6.json;probes_2025_20260804T144857-a65442.json
materials,reflection,refl.Material.GetExternalFileReference,method,Material,,,3,ok,String,<method not invoked>,<method not invoked>,<method not invoked>,2025,2026-08-04T14:03:14.300203,2026-08-04T14:48:57.764674,3,probes_2025_20260804T140314-c44dde.json;probes_2025_20260804T144211-baf6e6.json;probes_2025_20260804T144857-a65442.json
materials,reflection,refl.Material.GetExternalResourceReferences,method,Material,,,3,ok,String,<method not invoked>,<method not invoked>,<method not invoked>,2025,2026-08-04T14:03:14.300203,2026-08-04T14:48:57.764674,3,probes_2025_20260804T140314-c44dde.json;probes_2025_20260804T144211-baf6e6.json;probes_2025_20260804T144857-a65442.json
materials,reflection,refl.Material.GetExternalResourceReferencesExpanded,method,Material,,,3,ok,String,<method not invoked>,<method not invoked>,<method not invoked>,2025,2026-08-04T14:03:14.300203,2026-08-04T14:48:57.764674,3,probes_2025_20260804T140314-c44dde.json;probes_2025_20260804T144211-baf6e6.json;probes_2025_20260804T144857-a65442.json
materials,reflection,refl.Material.GetMonitoredLinkElementIds,method,Material,,,3,ok,String,<method not invoked>,<method not invoked>,<method not invoked>,2025,2026-08-04T14:03:14.300203,2026-08-04T14:48:57.764674,3,probes_2025_20260804T140314-c44dde.json;probes_2025_20260804T144211-baf6e6.json;probes_2025_20260804T144857-a65442.json
materials,reflection,refl.Material.GetMonitoredLocalElementIds,method,Material,,,3,ok,String,<method not invoked>,<method not invoked>,<method not invoked>,2025,2026-08-04T14:03:14.300203,2026-08-04T14:48:57.764674,3,probes_2025_20260804T140314-c44dde.json;probes_2025_20260804T144211-baf6e6.json;probes_2025_20260804T144857-a65442.json
materials,reflection,refl.Material.GetOrderedParameters,method,Material,,,3,ok,String,<method not invoked>,<method not invoked>,<method not invoked>,2025,2026-08-04T14:03:14.300203,2026-08-04T14:48:57.764674,3,probes_2025_20260804T140314-c44dde.json;probes_2025_20260804T144211-baf6e6.json;probes_2025_20260804T144857-a65442.json
materials,reflection,refl.Material.GetSubelements,method,Material,,,3,ok,String,<method not invoked>,<method not invoked>,<method not invoked>,2025,2026-08-04T14:03:14.300203,2026-08-04T14:48:57.764674,3,probes_2025_20260804T140314-c44dde.json;probes_2025_20260804T144211-baf6e6.json;probes_2025_20260804T144857-a65442.json
materials,reflection,refl.Material.GetTypeId,method,Material,,,3,ok,String,<method not invoked>,<method not invoked>,<method not invoked>,2025,2026-08-04T14:03:14.300203,2026-08-04T14:48:57.764674,3,probes_2025_20260804T140314-c44dde.json;probes_2025_20260804T144211-baf6e6.json;probes_2025_20260804T144857-a65442.json
materials,reflection,refl.Material.GetValidTypes,method,Material,,,3,ok,String,<method not invoked>,<method not invoked>,<method not invoked>,2025,2026-08-04T14:03:14.300203,2026-08-04T14:48:57.764674,3,probes_2025_20260804T140314-c44dde.json;probes_2025_20260804T144211-baf6e6.json;probes_2025_20260804T144857-a65442.json
materials,reflection,refl.Material.GroupId,property,Material,,,3,ok,ElementId,-1,-1,-1,2025,2026-08-04T14:03:14.300203,2026-08-04T14:48:57.764674,3,probes_2025_20260804T140314-c44dde.json;probes_2025_20260804T144211-baf6e6.json;probes_2025_20260804T144857-a65442.json
materials,reflection,refl.Material.HasPhases,method,Material,,,3,ok,String,<method not invoked>,<method not invoked>,<method not invoked>,2025,2026-08-04T14:03:14.300203,2026-08-04T14:48:57.764674,3,probes_2025_20260804T140314-c44dde.json;probes_2025_20260804T144211-baf6e6.json;probes_2025_20260804T144857-a65442.json
materials,reflection,refl.Material.Id,property,Material,,,343,ok,ElementId,1456927,1456927,1456927,2025,2026-08-04T14:03:14.300203,2026-08-04T14:48:57.764674,3,probes_2025_20260804T140314-c44dde.json;probes_2025_20260804T144211-baf6e6.json;probes_2025_20260804T144857-a65442.json
materials,reflection,refl.Material.IsExternalFileReference,method,Material,,,3,ok,String,<method not invoked>,<method not invoked>,<method not invoked>,2025,2026-08-04T14:03:14.300203,2026-08-04T14:48:57.764674,3,probes_2025_20260804T140314-c44dde.json;probes_2025_20260804T144211-baf6e6.json;probes_2025_20260804T144857-a65442.json
materials,reflection,refl.Material.IsModifiable,property,Material,,,3,ok,Integer,1,True,1,2025,2026-08-04T14:03:14.300203,2026-08-04T14:48:57.764674,3,probes_2025_20260804T140314-c44dde.json;probes_2025_20260804T144211-baf6e6.json;probes_2025_20260804T144857-a65442.json
materials,reflection,refl.Material.IsMonitoringLinkElement,method,Material,,,3,ok,String,<method not invoked>,<method not invoked>,<method not invoked>,2025,2026-08-04T14:03:14.300203,2026-08-04T14:48:57.764674,3,probes_2025_20260804T140314-c44dde.json;probes_2025_20260804T144211-baf6e6.json;probes_2025_20260804T144857-a65442.json
materials,reflection,refl.Material.IsMonitoringLocalElement,method,Material,,,3,ok,String,<method not invoked>,<method not invoked>,<method not invoked>,2025,2026-08-04T14:03:14.300203,2026-08-04T14:48:57.764674,3,probes_2025_20260804T140314-c44dde.json;probes_2025_20260804T144211-baf6e6.json;probes_2025_20260804T144857-a65442.json
materials,reflection,refl.Material.IsTransient,property,Material,,,3,ok,Integer,0,False,0,2025,2026-08-04T14:03:14.300203,2026-08-04T14:48:57.764674,3,probes_2025_20260804T140314-c44dde.json;probes_2025_20260804T144211-baf6e6.json;probes_2025_20260804T144857-a65442.json
materials,reflection,refl.Material.IsValidObject,property,Material,,,3,ok,Integer,1,True,1,2025,2026-08-04T14:03:14.300203,2026-08-04T14:48:57.764674,3,probes_2025_20260804T140314-c44dde.json;probes_2025_20260804T144211-baf6e6.json;probes_2025_20260804T144857-a65442.json
materials,reflection,refl.Material.LevelId,property,Material,,,3,ok,ElementId,-1,-1,-1,2025,2026-08-04T14:03:14.300203,2026-08-04T14:48:57.764674,3,probes_2025_20260804T140314-c44dde.json;probes_2025_20260804T144211-baf6e6.json;probes_2025_20260804T144857-a65442.json
materials,reflection,refl.Material.Location,property,Material,,,3,missing,None,,,,2025,2026-08-04T14:03:14.300203,2026-08-04T14:48:57.764674,3,probes_2025_20260804T140314-c44dde.json;probes_2025_20260804T144211-baf6e6.json;probes_2025_20260804T144857-a65442.json
materials,reflection,refl.Material.MaterialCategory,property,Material,,,55,ok,String,Glass,Glass,Glass,2025,2026-08-04T14:03:14.300203,2026-08-04T14:48:57.764674,3,probes_2025_20260804T140314-c44dde.json;probes_2025_20260804T144211-baf6e6.json;probes_2025_20260804T144857-a65442.json
materials,reflection,refl.Material.MaterialClass,property,Material,,,64,ok,String,Glass,Glass,Glass,2025,2026-08-04T14:03:14.300203,2026-08-04T14:48:57.764674,3,probes_2025_20260804T140314-c44dde.json;probes_2025_20260804T144211-baf6e6.json;probes_2025_20260804T144857-a65442.json
materials,reflection,refl.Material.Name,property,Material,,,343,ok,String,GLASS,GLASS,GLASS,2025,2026-08-04T14:03:14.300203,2026-08-04T14:48:57.764674,3,probes_2025_20260804T140314-c44dde.json;probes_2025_20260804T144211-baf6e6.json;probes_2025_20260804T144857-a65442.json
materials,reflection,refl.Material.OwnerViewId,property,Material,,,3,ok,ElementId,-1,-1,-1,2025,2026-08-04T14:03:14.300203,2026-08-04T14:48:57.764674,3,probes_2025_20260804T140314-c44dde.json;probes_2025_20260804T144211-baf6e6.json;probes_2025_20260804T144857-a65442.json
materials,reflection,refl.Material.Parameters,property,Material,,,3,unsupported,None,,,,2025,2026-08-04T14:03:14.300203,2026-08-04T14:48:57.764674,3,probes_2025_20260804T140314-c44dde.json;probes_2025_20260804T144211-baf6e6.json;probes_2025_20260804T144857-a65442.json
materials,reflection,refl.Material.ParametersMap,property,Material,,,3,unsupported,None,,,,2025,2026-08-04T14:03:14.300203,2026-08-04T14:48:57.764674,3,probes_2025_20260804T140314-c44dde.json;probes_2025_20260804T144211-baf6e6.json;probes_2025_20260804T144857-a65442.json
materials,reflection,refl.Material.Pinned,property,Material,,,3,ok,Integer,0,False,0,2025,2026-08-04T14:03:14.300203,2026-08-04T14:48:57.764674,3,probes_2025_20260804T140314-c44dde.json;probes_2025_20260804T144211-baf6e6.json;probes_2025_20260804T144857-a65442.json
materials,reflection,refl.Material.RefersToExternalResourceReferences,method,Material,,,3,ok,String,<method not invoked>,<method not invoked>,<method not invoked>,2025,2026-08-04T14:03:14.300203,2026-08-04T14:48:57.764674,3,probes_2025_20260804T140314-c44dde.json;probes_2025_20260804T144211-baf6e6.json;probes_2025_20260804T144857-a65442.json
materials,reflection,refl.Material.Shininess,property,Material,,,12,ok,Integer,64,64,64,2025,2026-08-04T14:03:14.300203,2026-08-04T14:48:57.764674,3,probes_2025_20260804T140314-c44dde.json;probes_2025_20260804T144211-baf6e6.json;probes_2025_20260804T144857-a65442.json
materials,reflection,refl.Material.Smoothness,property,Material,,,4,ok,Integer,50,50,50,2025,2026-08-04T14:03:14.300203,2026-08-04T14:48:57.764674,3,probes_2025_20260804T140314-c44dde.json;probes_2025_20260804T144211-baf6e6.json;probes_2025_20260804T144857-a65442.json
materials,reflection,refl.Material.StructuralAssetId,property,Material,,,48,ok,ElementId,-1,-1,-1,2025,2026-08-04T14:03:14.300203,2026-08-04T14:48:57.764674,3,probes_2025_20260804T140314-c44dde.json;probes_2025_20260804T144211-baf6e6.json;probes_2025_20260804T144857-a65442.json
materials,reflection,refl.Material.SurfaceBackgroundPatternColor,property,Material,,,8,ok,None,,0|0|0,0|0|0,2025,2026-08-04T14:03:14.300203,2026-08-04T14:48:57.764674,3,probes_2025_20260804T140314-c44dde.json;probes_2025_20260804T144211-baf6e6.json;probes_2025_20260804T144857-a65442.json
materials,reflection,refl.Material.SurfaceBackgroundPatternId,property,Material,,,6,ok,ElementId,-1,-1,-1,2025,2026-08-04T14:03:14.300203,2026-08-04T14:48:57.764674,3,probes_2025_20260804T140314-c44dde.json;probes_2025_20260804T144211-baf6e6.json;probes_2025_20260804T144857-a65442.json
materials,reflection,refl.Material.SurfaceForegroundPatternColor,property,Material,,,19,ok,None,,0|0|0,0|0|0,2025,2026-08-04T14:03:14.300203,2026-08-04T14:48:57.764674,3,probes_2025_20260804T140314-c44dde.json;probes_2025_20260804T144211-baf6e6.json;probes_2025_20260804T144857-a65442.json
materials,reflection,refl.Material.SurfaceForegroundPatternId,property,Material,,,79,ok,ElementId,-1,-1,-1,2025,2026-08-04T14:03:14.300203,2026-08-04T14:48:57.764674,3,probes_2025_20260804T140314-c44dde.json;probes_2025_20260804T144211-baf6e6.json;probes_2025_20260804T144857-a65442.json
materials,reflection,refl.Material.ThermalAssetId,property,Material,,,43,ok,ElementId,-1,-1,-1,2025,2026-08-04T14:03:14.300203,2026-08-04T14:48:57.764674,3,probes_2025_20260804T140314-c44dde.json;probes_2025_20260804T144211-baf6e6.json;probes_2025_20260804T144857-a65442.json
materials,reflection,refl.Material.Transparency,property,Material,,,29,ok,Integer,70,70,70,2025,2026-08-04T14:03:14.300203,2026-08-04T14:48:57.764674,3,probes_2025_20260804T140314-c44dde.json;probes_2025_20260804T144211-baf6e6.json;probes_2025_20260804T144857-a65442.json
materials,reflection,refl.Material.UniqueId,property,Material,,,343,ok,String,d2d28b6e-657b-444a-be36-1e381d3ca94b-00163b1f,d2d28b6e-657b-444a-be36-1e381d3ca94b-00163b1f,d2d28b6e-657b-444a-be36-1e381d3ca94b-00163b1f,2025,2026-08-04T14:03:14.300203,2026-08-04T14:48:57.764674,3,probes_2025_20260804T140314-c44dde.json;probes_2025_20260804T144211-baf6e6.json;probes_2025_20260804T144857-a65442.json
materials,reflection,refl.Material.UseRenderAppearanceForShading,property,Material,,,6,ok,Integer,1,True,1,2025,2026-08-04T14:03:14.300203,2026-08-04T14:48:57.764674,3,probes_2025_20260804T140314-c44dde.json;probes_2025_20260804T144211-baf6e6.json;probes_2025_20260804T144857-a65442.json
materials,reflection,refl.Material.VersionGuid,property,Material,,,66,ok,None,,387bb9cf-eb29-4e31-8163-4b6a724ac93f,387bb9cf-eb29-4e31-8163-4b6a724ac93f,2025,2026-08-04T14:03:14.300203,2026-08-04T14:48:57.764674,3,probes_2025_20260804T140314-c44dde.json;probes_2025_20260804T144211-baf6e6.json;probes_2025_20260804T144857-a65442.json
materials,reflection,refl.Material.ViewSpecific,property,Material,,,3,ok,Integer,0,False,0,2025,2026-08-04T14:03:14.300203,2026-08-04T14:48:57.764674,3,probes_2025_20260804T140314-c44dde.json;probes_2025_20260804T144211-baf6e6.json;probes_2025_20260804T144857-a65442.json
materials,reflection,refl.Material.WorksetId,property,Material,,,3,ok,ElementId,10,10,10,2025,2026-08-04T14:03:14.300203,2026-08-04T14:48:57.764674,3,probes_2025_20260804T140314-c44dde.json;probes_2025_20260804T144211-baf6e6.json;probes_2025_20260804T144857-a65442.json
materials,reflection,refl.StructuralAsset.Behavior,property,StructuralAsset,,,5,ok,Integer,0,0,0,2025,2026-08-04T14:03:14.300203,2026-08-04T14:48:57.764674,3,probes_2025_20260804T140314-c44dde.json;probes_2025_20260804T144211-baf6e6.json;probes_2025_20260804T144857-a65442.json
materials,reflection,refl.StructuralAsset.ConcreteBendingReinforcement,property,StructuralAsset,,,3,ok,Double,126091321.37746297,126091321.37746297,126091321.37746297,2025,2026-08-04T14:03:14.300203,2026-08-04T14:48:57.764674,3,probes_2025_20260804T140314-c44dde.json;probes_2025_20260804T144211-baf6e6.json;probes_2025_20260804T144857-a65442.json
materials,reflection,refl.StructuralAsset.ConcreteCompression,property,StructuralAsset,,,7,ok,Double,8406088.091830865,8406088.091830865,8406088.091830865,2025,2026-08-04T14:03:14.300203,2026-08-04T14:48:57.764674,3,probes_2025_20260804T140314-c44dde.json;probes_2025_20260804T144211-baf6e6.json;probes_2025_20260804T144857-a65442.json
materials,reflection,refl.StructuralAsset.ConcreteShearReinforcement,property,StructuralAsset,,,3,ok,Double,126091321.37746297,126091321.37746297,126091321.37746297,2025,2026-08-04T14:03:14.300203,2026-08-04T14:48:57.764674,3,probes_2025_20260804T140314-c44dde.json;probes_2025_20260804T144211-baf6e6.json;probes_2025_20260804T144857-a65442.json
materials,reflection,refl.StructuralAsset.ConcreteShearStrengthReduction,property,StructuralAsset,,,4,ok,Double,1.0,1.0,1.0,2025,2026-08-04T14:03:14.300203,2026-08-04T14:48:57.764674,3,probes_2025_20260804T140314-c44dde.json;probes_2025_20260804T144211-baf6e6.json;probes_2025_20260804T144857-a65442.json
materials,reflection,refl.StructuralAsset.Copy,method,StructuralAsset,,,3,ok,String,<method not invoked>,<method not invoked>,<method not invoked>,2025,2026-08-04T14:03:14.300203,2026-08-04T14:48:57.764674,3,probes_2025_20260804T140314-c44dde.json;probes_2025_20260804T144211-baf6e6.json;probes_2025_20260804T144857-a65442.json
materials,reflection,refl.StructuralAsset.Density,property,StructuralAsset,,,37,ok,Double,76.73865426432,76.73865426432,76.73865426432,2025,2026-08-04T14:03:14.300203,2026-08-04T14:48:57.764674,3,probes_2025_20260804T140314-c44dde.json;probes_2025_20260804T144211-baf6e6.json;probes_2025_20260804T144857-a65442.json
materials,reflection,refl.StructuralAsset.IsValidObject,property,StructuralAsset,,,3,ok,Integer,1,True,1,2025,2026-08-04T14:03:14.300203,2026-08-04T14:48:57.764674,3,probes_2025_20260804T140314-c44dde.json;probes_2025_20260804T144211-baf6e6.json;probes_2025_20260804T144857-a65442.json
materials,reflection,refl.StructuralAsset.Lightweight,property,StructuralAsset,,,3,ok,Integer,0,False,0,2025,2026-08-04T14:03:14.300203,2026-08-04T14:48:57.764674,3,probes_2025_20260804T140314-c44dde.json;probes_2025_20260804T144211-baf6e6.json;probes_2025_20260804T144857-a65442.json
materials,reflection,refl.StructuralAsset.MetalReductionFactor,property,StructuralAsset,,,5,ok,Double,1.0,1.0,1.0,2025,2026-08-04T14:03:14.300203,2026-08-04T14:48:57.764674,3,probes_2025_20260804T140314-c44dde.json;probes_2025_20260804T144211-baf6e6.json;probes_2025_20260804T144857-a65442.json
materials,reflection,refl.StructuralAsset.MetalResistanceCalculationStrength,property,StructuralAsset,,,3,ok,Double,105076101.1478858,105076101.1478858,105076101.1478858,2025,2026-08-04T14:03:14.300203,2026-08-04T14:48:57.764674,3,probes_2025_20260804T140314-c44dde.json;probes_2025_20260804T144211-baf6e6.json;probes_2025_20260804T144857-a65442.json
materials,reflection,refl.StructuralAsset.MetalThermallyTreated,property,StructuralAsset,,,3,ok,Integer,0,False,0,2025,2026-08-04T14:03:14.300203,2026-08-04T14:48:57.764674,3,probes_2025_20260804T140314-c44dde.json;probes_2025_20260804T144211-baf6e6.json;probes_2025_20260804T144857-a65442.json
materials,reflection,refl.StructuralAsset.MinimumTensileStrength,property,StructuralAsset,,,26,ok,Double,94488000.0,94488000.0,94488000.0,2025,2026-08-04T14:03:14.300203,2026-08-04T14:48:57.764674,3,probes_2025_20260804T140314-c44dde.json;probes_2025_20260804T144211-baf6e6.json;probes_2025_20260804T144857-a65442.json
materials,reflection,refl.StructuralAsset.MinimumYieldStress,property,StructuralAsset,,,25,ok,Double,83820000.0,83820000.0,83820000.0,2025,2026-08-04T14:03:14.300203,2026-08-04T14:48:57.764674,3,probes_2025_20260804T140314-c44dde.json;probes_2025_20260804T144211-baf6e6.json;probes_2025_20260804T144857-a65442.json
materials,reflection,refl.StructuralAsset.Name,property,StructuralAsset,,,45,ok,String,Aluminum,Aluminum,Aluminum,2025,2026-08-04T14:03:14.300203,2026-08-04T14:48:57.764674,3,probes_2025_20260804T140314-c44dde.json;probes_2025_20260804T144211-baf6e6.json;probes_2025_20260804T144857-a65442.json
materials,reflection,refl.StructuralAsset.PoissonRatio,property,StructuralAsset,,,28,ok,None,,"(0.330000000, 0.330000000, 0.330000000)","(0.330000000, 0.330000000, 0.330000000)",2025,2026-08-04T14:03:14.300203,2026-08-04T14:48:57.764674,3,probes_2025_20260804T140314-c44dde.json;probes_2025_20260804T144211-baf6e6.json;probes_2025_20260804T144857-a65442.json
materials,reflection,refl.StructuralAsset.ShearModulus,property,StructuralAsset,,,33,ok,None,,"(7883347200.000000000, 7883347200.000000000, 7883347200.000000000)","(7883347200.000000000, 7883347200.000000000, 7883347200.000000000)",2025,2026-08-04T14:03:14.300203,2026-08-04T14:48:57.764674,3,probes_2025_20260804T140314-c44dde.json;probes_2025_20260804T144211-baf6e6.json;probes_2025_20260804T144857-a65442.json
materials,reflection,refl.StructuralAsset.StructuralAssetClass,property,StructuralAsset,,,14,ok,Integer,3,3,3,2025,2026-08-04T14:03:14.300203,2026-08-04T14:48:57.764674,3,probes_2025_20260804T140314-c44dde.json;probes_2025_20260804T144211-baf6e6.json;probes_2025_20260804T144857-a65442.json
materials,reflection,refl.StructuralAsset.SubClass,property,StructuralAsset,,,22,ok,String,Aluminum,Aluminum,Aluminum,2025,2026-08-04T14:03:14.300203,2026-08-04T14:48:57.764674,3,probes_2025_20260804T140314-c44dde.json;probes_2025_20260804T144211-baf6e6.json;probes_2025_20260804T144857-a65442.json
materials,reflection,refl.StructuralAsset.ThermalExpansionCoefficient,property,StructuralAsset,,,26,ok,None,,"(0.000023600, 0.000023600, 0.000023600)","(0.000023600, 0.000023600, 0.000023600)",2025,2026-08-04T14:03:14.300203,2026-08-04T14:48:57.764674,3,probes_2025_20260804T140314-c44dde.json;probes_2025_20260804T144211-baf6e6.json;probes_2025_20260804T144857-a65442.json
materials,reflection,refl.StructuralAsset.WoodBendingStrength,property,StructuralAsset,,,16,ok,Double,26479177.489267223,26479177.489267223,26479177.489267223,2025,2026-08-04T14:03:14.300203,2026-08-04T14:48:57.764674,3,probes_2025_20260804T140314-c44dde.json;probes_2025_20260804T144211-baf6e6.json;probes_2025_20260804T144857-a65442.json
materials,reflection,refl.StructuralAsset.WoodGrade,property,StructuralAsset,,,5,ok,String,Standard,Standard,Standard,2025,2026-08-04T14:03:14.300203,2026-08-04T14:48:57.764674,3,probes_2025_20260804T140314-c44dde.json;probes_2025_20260804T144211-baf6e6.json;probes_2025_20260804T144857-a65442.json
materials,reflection,refl.StructuralAsset.WoodParallelCompressionStrength,property,StructuralAsset,,,16,ok,Double,15614308.63057583,15614308.63057583,15614308.63057583,2025,2026-08-04T14:03:14.300203,2026-08-04T14:48:57.764674,3,probes_2025_20260804T140314-c44dde.json;probes_2025_20260804T144211-baf6e6.json;probes_2025_20260804T144857-a65442.json
materials,reflection,refl.StructuralAsset.WoodParallelShearStrength,property,StructuralAsset,,,16,ok,Double,2710963.409615454,2710963.409615454,2710963.409615454,2025,2026-08-04T14:03:14.300203,2026-08-04T14:48:57.764674,3,probes_2025_20260804T140314-c44dde.json;probes_2025_20260804T144211-baf6e6.json;probes_2025_20260804T144857-a65442.json
materials,reflection,refl.StructuralAsset.WoodPerpendicularCompressionStrength,property,StructuralAsset,,,15,ok,Double,1597156.7374478644,1597156.7374478644,1597156.7374478644,2025,2026-08-04T14:03:14.300203,2026-08-04T14:48:57.764674,3,probes_2025_20260804T140314-c44dde.json;probes_2025_20260804T144211-baf6e6.json;probes_2025_20260804T144857-a65442.json
materials,reflection,refl.StructuralAsset.WoodPerpendicularShearStrength,property,StructuralAsset,,,6,ok,Double,735532.7080352006,735532.7080352006,735532.7080352006,2025,2026-08-04T14:03:14.300203,2026-08-04T14:48:57.764674,3,probes_2025_20260804T140314-c44dde.json;probes_2025_20260804T144211-baf6e6.json;probes_2025_20260804T144857-a65442.json
materials,reflection,refl.StructuralAsset.WoodSpecies,property,StructuralAsset,,,13,ok,String,Douglas Fir (West),Douglas Fir (West),Douglas Fir (West),2025,2026-08-04T14:03:14.300203,2026-08-04T14:48:57.764674,3,probes_2025_20260804T140314-c44dde.json;probes_2025_20260804T144211-baf6e6.json;probes_2025_20260804T144857-a65442.json
materials,reflection,refl.StructuralAsset.YoungModulus,property,StructuralAsset,,,35,ok,None,,"(21000720000.000000000, 21000720000.000000000, 21000720000.000000000)","(21000720000.000000000, 21000720000.000000000, 21000720000.000000000)",2025,2026-08-04T14:03:14.300203,2026-08-04T14:48:57.764674,3,probes_2025_20260804T140314-c44dde.json;probes_2025_20260804T144211-baf6e6.json;probes_2025_20260804T144857-a65442.json
materials,reflection,refl.ThermalAsset.Behavior,property,ThermalAsset,,,4,ok,Integer,0,0,0,2025,2026-08-04T14:03:14.300203,2026-08-04T14:48:57.764674,3,probes_2025_20260804T140314-c44dde.json;probes_2025_20260804T144211-baf6e6.json;probes_2025_20260804T144857-a65442.json
materials,reflection,refl.ThermalAsset.Compressibility,property,ThermalAsset,,,3,ok,Double,0.0,0.0,0.0,2025,2026-08-04T14:03:14.300203,2026-08-04T14:48:57.764674,3,probes_2025_20260804T140314-c44dde.json;probes_2025_20260804T144211-baf6e6.json;probes_2025_20260804T144857-a65442.json
materials,reflection,refl.ThermalAsset.Copy,method,ThermalAsset,,,3,ok,String,<method not invoked>,<method not invoked>,<method not invoked>,2025,2026-08-04T14:03:14.300203,2026-08-04T14:48:57.764674,3,probes_2025_20260804T140314-c44dde.json;probes_2025_20260804T144211-baf6e6.json;probes_2025_20260804T144857-a65442.json
materials,reflection,refl.ThermalAsset.Density,property,ThermalAsset,,,27,ok,Double,76.4554857984,76.4554857984,76.4554857984,2025,2026-08-04T14:03:14.300203,2026-08-04T14:48:57.764674,3,probes_2025_20260804T140314-c44dde.json;probes_2025_20260804T144211-baf6e6.json;probes_2025_20260804T144857-a65442.json
materials,reflection,refl.ThermalAsset.ElectricalResistivity,property,ThermalAsset,,,19,ok,Double,35.314666721488585,35.314666721488585,35.314666721488585,2025,2026-08-04T14:03:14.300203,2026-08-04T14:48:57.764674,3,probes_2025_20260804T140314-c44dde.json;probes_2025_20260804T144211-baf6e6.json;probes_2025_20260804T144857-a65442.json
materials,reflection,refl.ThermalAsset.Emissivity,property,ThermalAsset,,,12,ok,Double,0.2,0.2,0.2,2025,2026-08-04T14:03:14.300203,2026-08-04T14:48:57.764674,3,probes_2025_20260804T140314-c44dde.json;probes_2025_20260804T144211-baf6e6.json;probes_2025_20260804T144857-a65442.json
materials,reflection,refl.ThermalAsset.GasViscosity,property,ThermalAsset,,,3,ok,Double,0.0,0.0,0.0,2025,2026-08-04T14:03:14.300203,2026-08-04T14:48:57.764674,3,probes_2025_20260804T140314-c44dde.json;probes_2025_20260804T144211-baf6e6.json;probes_2025_20260804T144857-a65442.json
materials,reflection,refl.ThermalAsset.IsValidObject,property,ThermalAsset,,,3,ok,Integer,1,True,1,2025,2026-08-04T14:03:14.300203,2026-08-04T14:48:57.764674,3,probes_2025_20260804T140314-c44dde.json;probes_2025_20260804T144211-baf6e6.json;probes_2025_20260804T144857-a65442.json
materials,reflection,refl.ThermalAsset.LiquidViscosity,property,ThermalAsset,,,3,ok,Double,0.0,0.0,0.0,2025,2026-08-04T14:03:14.300203,2026-08-04T14:48:57.764674,3,probes_2025_20260804T140314-c44dde.json;probes_2025_20260804T144211-baf6e6.json;probes_2025_20260804T144857-a65442.json
materials,reflection,refl.ThermalAsset.Name,property,ThermalAsset,,,40,ok,String,Aluminum,Aluminum,Aluminum,2025,2026-08-04T14:03:14.300203,2026-08-04T14:48:57.764674,3,probes_2025_20260804T140314-c44dde.json;probes_2025_20260804T144211-baf6e6.json;probes_2025_20260804T144857-a65442.json
materials,reflection,refl.ThermalAsset.Permeability,property,ThermalAsset,,,8,ok,Double,0.0,0.0,0.0,2025,2026-08-04T14:03:14.300203,2026-08-04T14:48:57.764674,3,probes_2025_20260804T140314-c44dde.json;probes_2025_20260804T144211-baf6e6.json;probes_2025_20260804T144857-a65442.json
materials,reflection,refl.ThermalAsset.Porosity,property,ThermalAsset,,,3,ok,Double,0.001,0.001,0.001,2025,2026-08-04T14:03:14.300203,2026-08-04T14:48:57.764674,3,probes_2025_20260804T140314-c44dde.json;probes_2025_20260804T144211-baf6e6.json;probes_2025_20260804T144857-a65442.json
materials,reflection,refl.ThermalAsset.Reflectivity,property,ThermalAsset,,,3,ok,Double,0.0,0.0,0.0,2025,2026-08-04T14:03:14.300203,2026-08-04T14:48:57.764674,3,probes_2025_20260804T140314-c44dde.json;probes_2025_20260804T144211-baf6e6.json;probes_2025_20260804T144857-a65442.json
materials,reflection,refl.ThermalAsset.SpecificHeat,property,ThermalAsset,,,24,ok,Double,9655.22764378862,9655.22764378862,9655.22764378862,2025,2026-08-04T14:03:14.300203,2026-08-04T14:48:57.764674,3,probes_2025_20260804T140314-c44dde.json;probes_2025_20260804T144211-baf6e6.json;probes_2025_20260804T144857-a65442.json
materials,reflection,refl.ThermalAsset.SpecificHeatOfVaporization,property,ThermalAsset,,,3,ok,Double,0.0,0.0,0.0,2025,2026-08-04T14:03:14.300203,2026-08-04T14:48:57.764674,3,probes_2025_20260804T140314-c44dde.json;probes_2025_20260804T144211-baf6e6.json;probes_2025_20260804T144857-a65442.json
materials,reflection,refl.ThermalAsset.ThermalConductivity,property,ThermalAsset,,,24,ok,Double,754.5931758530182,754.5931758530182,754.5931758530182,2025,2026-08-04T14:03:14.300203,2026-08-04T14:48:57.764674,3,probes_2025_20260804T140314-c44dde.json;probes_2025_20260804T144211-baf6e6.json;probes_2025_20260804T144857-a65442.json
materials,reflection,refl.ThermalAsset.ThermalMaterialType,property,ThermalAsset,,,3,ok,Integer,3,3,3,2025,2026-08-04T14:03:14.300203,2026-08-04T14:48:57.764674,3,probes_2025_20260804T140314-c44dde.json;probes_2025_20260804T144211-baf6e6.json;probes_2025_20260804T144857-a65442.json
materials,reflection,refl.ThermalAsset.TransmitsLight,property,ThermalAsset,,,6,ok,Integer,0,False,0,2025,2026-08-04T14:03:14.300203,2026-08-04T14:48:57.764674,3,probes_2025_20260804T140314-c44dde.json;probes_2025_20260804T144211-baf6e6.json;probes_2025_20260804T144857-a65442.json
materials,reflection,refl.ThermalAsset.VaporPressure,property,ThermalAsset,,,3,ok,Double,0.0,0.0,0.0,2025,2026-08-04T14:03:14.300203,2026-08-04T14:48:57.764674,3,probes_2025_20260804T140314-c44dde.json;probes_2025_20260804T144211-baf6e6.json;probes_2025_20260804T144857-a65442.json
object_styles,param,c.allows_visibility_control,,,Integer,missing=643;ok=0;unreadable=0;unsupported=0,0,missing,Integer,,,,2025,2026-08-04T14:03:14.300203,2026-08-04T14:48:57.764674,3,probes_2025_20260804T140314-c44dde.json;probes_2025_20260804T144211-baf6e6.json;probes_2025_20260804T144857-a65442.json
object_styles,param,c.builtin_category,,,String,missing=0;ok=643;unreadable=0;unsupported=0,0,ok,String,-2005250,-2005250,-2005250,2025,2026-08-04T14:03:14.300203,2026-08-04T14:48:57.764674,3,probes_2025_20260804T140314-c44dde.json;probes_2025_20260804T144211-baf6e6.json;probes_2025_20260804T144857-a65442.json
object_styles,param,c.can_add_subcategory,,,Integer,missing=0;ok=643;unreadable=0;unsupported=0,0,ok,Integer,1,True,1,2025,2026-08-04T14:03:14.300203,2026-08-04T14:48:57.764674,3,probes_2025_20260804T140314-c44dde.json;probes_2025_20260804T144211-baf6e6.json;probes_2025_20260804T144857-a65442.json
object_styles,param,c.category_type,,,String,missing=0;ok=643;unreadable=0;unsupported=0,0,ok,String,AnalyticalModel,AnalyticalModel,AnalyticalModel,2025,2026-08-04T14:03:14.300203,2026-08-04T14:48:57.764674,3,probes_2025_20260804T140314-c44dde.json;probes_2025_20260804T144211-baf6e6.json;probes_2025_20260804T144857-a65442.json
object_styles,param,c.has_material_quantities,,,Integer,missing=0;ok=643;unreadable=0;unsupported=0,0,ok,Integer,0,False,0,2025,2026-08-04T14:03:14.300203,2026-08-04T14:48:57.764674,3,probes_2025_20260804T140314-c44dde.json;probes_2025_20260804T144211-baf6e6.json;probes_2025_20260804T144857-a65442.json
object_styles,param,c.is_cuttable,,,Integer,missing=0;ok=643;unreadable=0;unsupported=0,0,ok,Integer,0,False,0,2025,2026-08-04T14:03:14.300203,2026-08-04T14:48:57.764674,3,probes_2025_20260804T140314-c44dde.json;probes_2025_20260804T144211-baf6e6.json;probes_2025_20260804T144857-a65442.json
object_styles,param,c.is_subcategory,,,Integer,missing=0;ok=643;unreadable=0;unsupported=0,0,ok,Integer,0,0,0,2025,2026-08-04T14:03:14.300203,2026-08-04T14:48:57.764674,3,probes_2025_20260804T140314-c44dde.json;probes_2025_20260804T144211-baf6e6.json;probes_2025_20260804T144857-a65442.json
object_styles,param,c.line_color.hex,,,String,missing=0;ok=643;unreadable=0;unsupported=0,0,ok,String,#000000,#000000,#000000,2025,2026-08-04T14:03:14.300203,2026-08-04T14:48:57.764674,3,probes_2025_20260804T140314-c44dde.json;probes_2025_20260804T144211-baf6e6.json;probes_2025_20260804T144857-a65442.json
object_styles,param,c.line_color.rgb,,,String,missing=0;ok=643;unreadable=0;unsupported=0,0,ok,String,0|0|0,0|0|0,0|0|0,2025,2026-08-04T14:03:14.300203,2026-08-04T14:48:57.764674,3,probes_2025_20260804T140314-c44dde.json;probes_2025_20260804T144211-baf6e6.json;probes_2025_20260804T144857-a65442.json
object_styles,param,c.line_pattern_cut,,,ElementId,missing=0;ok=643;unreadable=0;unsupported=0,0,ok,ElementId,,,,2025,2026-08-04T14:03:14.300203,2026-08-04T14:48:57.764674,3,probes_2025_20260804T140314-c44dde.json;probes_2025_20260804T144211-baf6e6.json;probes_2025_20260804T144857-a65442.json
object_styles,param,c.line_pattern_projection,,,ElementId,missing=0;ok=643;unreadable=0;unsupported=0,0,ok,ElementId,,,,2025,2026-08-04T14:03:14.300203,2026-08-04T14:48:57.764674,3,probes_2025_20260804T140314-c44dde.json;probes_2025_20260804T144211-baf6e6.json;probes_2025_20260804T144857-a65442.json
object_styles,param,c.line_weight_cut,,,Integer,missing=556;ok=87;unreadable=0;unsupported=0,0,ok,Integer,3,3,3,2025,2026-08-04T14:03:14.300203,2026-08-04T14:48:57.764674,3,probes_2025_20260804T140314-c44dde.json;probes_2025_20260804T144211-baf6e6.json;probes_2025_20260804T144857-a65442.json
object_styles,param,c.line_weight_projection,,,Integer,missing=0;ok=643;unreadable=0;unsupported=0,0,ok,Integer,1,1,1,2025,2026-08-04T14:03:14.300203,2026-08-04T14:48:57.764674,3,probes_2025_20260804T140314-c44dde.json;probes_2025_20260804T144211-baf6e6.json;probes_2025_20260804T144857-a65442.json
object_styles,param,c.material,,,ElementId,missing=490;ok=153;unreadable=0;unsupported=0,0,ok,ElementId,,,,2025,2026-08-04T14:03:14.300203,2026-08-04T14:48:57.764674,3,probes_2025_20260804T140314-c44dde.json;probes_2025_20260804T144211-baf6e6.json;probes_2025_20260804T144857-a65442.json
object_styles,param,c.name,,,String,missing=0;ok=643;unreadable=0;unsupported=0,0,ok,String,Point Load Tags,Point Load Tags,Point Load Tags,2025,2026-08-04T14:03:14.300203,2026-08-04T14:48:57.764674,3,probes_2025_20260804T140314-c44dde.json;probes_2025_20260804T144211-baf6e6.json;probes_2025_20260804T144857-a65442.json
object_styles,param,c.parent_name,,,String,missing=280;ok=363;unreadable=0;unsupported=0,0,ok,String,MEP Fabrication Ductwork,MEP Fabrication Ductwork,MEP Fabrication Ductwork,2025,2026-08-04T14:03:14.300203,2026-08-04T14:48:57.764674,3,probes_2025_20260804T140314-c44dde.json;probes_2025_20260804T144211-baf6e6.json;probes_2025_20260804T144857-a65442.json
object_styles,param,c.tab,,,String,missing=0;ok=643;unreadable=0;unsupported=0,0,ok,String,Analytical,Analytical,Analytical,2025,2026-08-04T14:03:14.300203,2026-08-04T14:48:57.764674,3,probes_2025_20260804T140314-c44dde.json;probes_2025_20260804T144211-baf6e6.json;probes_2025_20260804T144857-a65442.json
object_styles,reflection,refl.Category.AllowsBoundParameters,property,Category,,,6,ok,Integer,0,False,0,2025,2026-08-04T14:03:14.300203,2026-08-04T14:48:57.764674,3,probes_2025_20260804T140314-c44dde.json;probes_2025_20260804T144211-baf6e6.json;probes_2025_20260804T144857-a65442.json
object_styles,reflection,refl.Category.BuiltInCategory,property,Category,,,455,ok,Integer,-2005250,-2005250,-2005250,2025,2026-08-04T14:03:14.300203,2026-08-04T14:48:57.764674,3,probes_2025_20260804T140314-c44dde.json;probes_2025_20260804T144211-baf6e6.json;probes_2025_20260804T144857-a65442.json
object_styles,reflection,refl.Category.CanAddSubcategory,property,Category,,,6,ok,Integer,1,True,1,2025,2026-08-04T14:03:14.300203,2026-08-04T14:48:57.764674,3,probes_2025_20260804T140314-c44dde.json;probes_2025_20260804T144211-baf6e6.json;probes_2025_20260804T144857-a65442.json
object_styles,reflection,refl.Category.CategoryType,property,Category,,,12,ok,Integer,2,2,2,2025,2026-08-04T14:03:14.300203,2026-08-04T14:48:57.764674,3,probes_2025_20260804T140314-c44dde.json;probes_2025_20260804T144211-baf6e6.json;probes_2025_20260804T144857-a65442.json
object_styles,reflection,refl.Category.HasMaterialQuantities,property,Category,,,6,ok,Integer,0,False,0,2025,2026-08-04T14:03:14.300203,2026-08-04T14:48:57.764674,3,probes_2025_20260804T140314-c44dde.json;probes_2025_20260804T144211-baf6e6.json;probes_2025_20260804T144857-a65442.json
object_styles,reflection,refl.Category.Id,property,Category,,,643,ok,ElementId,-2005250,-2005250,-2005250,2025,2026-08-04T14:03:14.300203,2026-08-04T14:48:57.764674,3,probes_2025_20260804T140314-c44dde.json;probes_2025_20260804T144211-baf6e6.json;probes_2025_20260804T144857-a65442.json
object_styles,reflection,refl.Category.IsCuttable,property,Category,,,6,ok,Integer,0,False,0,2025,2026-08-04T14:03:14.300203,2026-08-04T14:48:57.764674,3,probes_2025_20260804T140314-c44dde.json;probes_2025_20260804T144211-baf6e6.json;probes_2025_20260804T144857-a65442.json
object_styles,reflection,refl.Category.IsReadOnly,property,Category,,,3,ok,Integer,0,False,0,2025,2026-08-04T14:03:14.300203,2026-08-04T14:48:57.764674,3,probes_2025_20260804T140314-c44dde.json;probes_2025_20260804T144211-baf6e6.json;probes_2025_20260804T144857-a65442.json
object_styles,reflection,refl.Category.IsTagCategory,property,Category,,,6,ok,Integer,1,True,1,2025,2026-08-04T14:03:14.300203,2026-08-04T14:48:57.764674,3,probes_2025_20260804T140314-c44dde.json;probes_2025_20260804T144211-baf6e6.json;probes_2025_20260804T144857-a65442.json
object_styles,reflection,refl.Category.IsValid,property,Category,,,3,ok,Integer,1,True,1,2025,2026-08-04T14:03:14.300203,2026-08-04T14:48:57.764674,3,probes_2025_20260804T140314-c44dde.json;probes_2025_20260804T144211-baf6e6.json;probes_2025_20260804T144857-a65442.json
object_styles,reflection,refl.Category.IsVisibleInUI,property,Category,,,6,ok,Integer,1,True,1,2025,2026-08-04T14:03:14.300203,2026-08-04T14:48:57.764674,3,probes_2025_20260804T140314-c44dde.json;probes_2025_20260804T144211-baf6e6.json;probes_2025_20260804T144857-a65442.json
object_styles,reflection,refl.Category.LineColor,property,Category,,,3,unsupported,None,,,,2025,2026-08-04T14:03:14.300203,2026-08-04T14:48:57.764674,3,probes_2025_20260804T140314-c44dde.json;probes_2025_20260804T144211-baf6e6.json;probes_2025_20260804T144857-a65442.json
object_styles,reflection,refl.Category.Material,property,Category,,,3,missing,None,,,,2025,2026-08-04T14:03:14.300203,2026-08-04T14:48:57.764674,3,probes_2025_20260804T140314-c44dde.json;probes_2025_20260804T144211-baf6e6.json;probes_2025_20260804T144857-a65442.json
object_styles,reflection,refl.Category.Name,property,Category,,,626,ok,String,Point Load Tags,Point Load Tags,Point Load Tags,2025,2026-08-04T14:03:14.300203,2026-08-04T14:48:57.764674,3,probes_2025_20260804T140314-c44dde.json;probes_2025_20260804T144211-baf6e6.json;probes_2025_20260804T144857-a65442.json
object_styles,reflection,refl.Category.Parent,property,Category,,,3,missing,None,,,,2025,2026-08-04T14:03:14.300203,2026-08-04T14:48:57.764674,3,probes_2025_20260804T140314-c44dde.json;probes_2025_20260804T144211-baf6e6.json;probes_2025_20260804T144857-a65442.json
object_styles,reflection,refl.Category.SubCategories,property,Category,,,3,unsupported,None,,,,2025,2026-08-04T14:03:14.300203,2026-08-04T14:48:57.764674,3,probes_2025_20260804T140314-c44dde.json;probes_2025_20260804T144211-baf6e6.json;probes_2025_20260804T144857-a65442.json
phase_filters,param,p.Design Option,,,String,missing=0;ok=4;unreadable=0;unsupported=0,0,ok,String,Main Model,Main Model,Main Model,2025,2026-08-04T14:03:14.300203,2026-08-04T14:03:14.300203,1,probes_2025_20260804T140314-c44dde.json
phase_filters,param,p.Edited by,,,String,missing=0;ok=12;unreadable=0;unsupported=0,0,ok,String,,,,2025,2026-08-04T14:03:14.300203,2026-08-04T14:48:57.764674,3,probes_2025_20260804T140314-c44dde.json;probes_2025_20260804T144211-baf6e6.json;probes_2025_20260804T144857-a65442.json
phase_filters,param,p.Workset,,,Integer,missing=0;ok=12;unreadable=0;unsupported=0,0,ok,Integer,13,Phase Settings,13,2025,2026-08-04T14:03:14.300203,2026-08-04T14:48:57.764674,3,probes_2025_20260804T140314-c44dde.json;probes_2025_20260804T144211-baf6e6.json;probes_2025_20260804T144857-a65442.json
phase_filters,param,phase_filter.demolished.presentation_id,,,String,missing=0;ok=3;unreadable=0;unsupported=0,0,ok,String,Overridden,Overridden,Overridden,2025,2026-08-04T14:03:14.300203,2026-08-04T14:48:57.764674,3,probes_2025_20260804T140314-c44dde.json;probes_2025_20260804T144211-baf6e6.json;probes_2025_20260804T144857-a65442.json
phase_filters,param,phase_filter.existing.presentation_id,,,String,missing=0;ok=3;unreadable=0;unsupported=0,0,ok,String,Overridden,Overridden,Overridden,2025,2026-08-04T14:03:14.300203,2026-08-04T14:48:57.764674,3,probes_2025_20260804T140314-c44dde.json;probes_2025_20260804T144211-baf6e6.json;probes_2025_20260804T144857-a65442.json
phase_filters,param,phase_filter.name,,,String,missing=0;ok=26;unreadable=0;unsupported=0,0,ok,String,Show Previous Phase,Show Previous Phase,Show Previous Phase,2025,2026-08-04T14:03:14.300203,2026-08-04T14:48:57.764674,3,probes_2025_20260804T140314-c44dde.json;probes_2025_20260804T144211-baf6e6.json;probes_2025_20260804T144857-a65442.json
phase_filters,param,phase_filter.new.presentation_id,,,String,missing=0;ok=3;unreadable=0;unsupported=0,0,ok,String,Overridden,Overridden,Overridden,2025,2026-08-04T14:03:14.300203,2026-08-04T14:48:57.764674,3,probes_2025_20260804T140314-c44dde.json;probes_2025_20260804T144211-baf6e6.json;probes_2025_20260804T144857-a65442.json
phase_filters,param,phase_filter.temporary.presentation_id,,,String,missing=0;ok=3;unreadable=0;unsupported=0,0,ok,String,Overridden,Overridden,Overridden,2025,2026-08-04T14:03:14.300203,2026-08-04T14:48:57.764674,3,probes_2025_20260804T140314-c44dde.json;probes_2025_20260804T144211-baf6e6.json;probes_2025_20260804T144857-a65442.json
phase_filters,reflection,refl.PhaseFilter.ArePhasesModifiable,method,PhaseFilter,,,3,ok,String,<method not invoked>,<method not invoked>,<method not invoked>,2025,2026-08-04T14:03:14.300203,2026-08-04T14:48:57.764674,3,probes_2025_20260804T140314-c44dde.json;probes_2025_20260804T144211-baf6e6.json;probes_2025_20260804T144857-a65442.json
phase_filters,reflection,refl.PhaseFilter.AssemblyInstanceId,property,PhaseFilter,,,3,ok,ElementId,-1,-1,-1,2025,2026-08-04T14:03:14.300203,2026-08-04T14:48:57.764674,3,probes_2025_20260804T140314-c44dde.json;probes_2025_20260804T144211-baf6e6.json;probes_2025_20260804T144857-a65442.json
phase_filters,reflection,refl.PhaseFilter.CanBeLocked,method,PhaseFilter,,,3,ok,String,<method not invoked>,<method not invoked>,<method not invoked>,2025,2026-08-04T14:03:14.300203,2026-08-04T14:48:57.764674,3,probes_2025_20260804T140314-c44dde.json;probes_2025_20260804T144211-baf6e6.json;probes_2025_20260804T144857-a65442.json
phase_filters,reflection,refl.PhaseFilter.CanHaveTypeAssigned,method,PhaseFilter,,,3,ok,String,<method not invoked>,<method not invoked>,<method not invoked>,2025,2026-08-04T14:03:14.300203,2026-08-04T14:48:57.764674,3,probes_2025_20260804T140314-c44dde.json;probes_2025_20260804T144211-baf6e6.json;probes_2025_20260804T144857-a65442.json
phase_filters,reflection,refl.PhaseFilter.Category,property,PhaseFilter,,,3,missing,None,,,,2025,2026-08-04T14:03:14.300203,2026-08-04T14:48:57.764674,3,probes_2025_20260804T140314-c44dde.json;probes_2025_20260804T144211-baf6e6.json;probes_2025_20260804T144857-a65442.json
phase_filters,reflection,refl.PhaseFilter.CreatedPhaseId,property,PhaseFilter,,,3,ok,ElementId,-1,-1,-1,2025,2026-08-04T14:03:14.300203,2026-08-04T14:48:57.764674,3,probes_2025_20260804T140314-c44dde.json;probes_2025_20260804T144211-baf6e6.json;probes_2025_20260804T144857-a65442.json
phase_filters,reflection,refl.PhaseFilter.DemolishedPhaseId,property,PhaseFilter,,,3,ok,ElementId,-1,-1,-1,2025,2026-08-04T14:03:14.300203,2026-08-04T14:48:57.764674,3,probes_2025_20260804T140314-c44dde.json;probes_2025_20260804T144211-baf6e6.json;probes_2025_20260804T144857-a65442.json
phase_filters,reflection,refl.PhaseFilter.DesignOption,property,PhaseFilter,,,3,missing,None,,,,2025,2026-08-04T14:03:14.300203,2026-08-04T14:48:57.764674,3,probes_2025_20260804T140314-c44dde.json;probes_2025_20260804T144211-baf6e6.json;probes_2025_20260804T144857-a65442.json
phase_filters,reflection,refl.PhaseFilter.Document,property,PhaseFilter,,,3,unsupported,None,,,,2025,2026-08-04T14:03:14.300203,2026-08-04T14:48:57.764674,3,probes_2025_20260804T140314-c44dde.json;probes_2025_20260804T144211-baf6e6.json;probes_2025_20260804T144857-a65442.json
phase_filters,reflection,refl.PhaseFilter.EvaluateAllParameterValues,method,PhaseFilter,,,3,ok,String,<method not invoked>,<method not invoked>,<method not invoked>,2025,2026-08-04T14:03:14.300203,2026-08-04T14:48:57.764674,3,probes_2025_20260804T140314-c44dde.json;probes_2025_20260804T144211-baf6e6.json;probes_2025_20260804T144857-a65442.json
phase_filters,reflection,refl.PhaseFilter.GetEntitySchemaGuids,method,PhaseFilter,,,3,ok,String,<method not invoked>,<method not invoked>,<method not invoked>,2025,2026-08-04T14:03:14.300203,2026-08-04T14:48:57.764674,3,probes_2025_20260804T140314-c44dde.json;probes_2025_20260804T144211-baf6e6.json;probes_2025_20260804T144857-a65442.json
phase_filters,reflection,refl.PhaseFilter.GetExternalFileReference,method,PhaseFilter,,,3,ok,String,<method not invoked>,<method not invoked>,<method not invoked>,2025,2026-08-04T14:03:14.300203,2026-08-04T14:48:57.764674,3,probes_2025_20260804T140314-c44dde.json;probes_2025_20260804T144211-baf6e6.json;probes_2025_20260804T144857-a65442.json
phase_filters,reflection,refl.PhaseFilter.GetExternalResourceReferences,method,PhaseFilter,,,3,ok,String,<method not invoked>,<method not invoked>,<method not invoked>,2025,2026-08-04T14:03:14.300203,2026-08-04T14:48:57.764674,3,probes_2025_20260804T140314-c44dde.json;probes_2025_20260804T144211-baf6e6.json;probes_2025_20260804T144857-a65442.json
phase_filters,reflection,refl.PhaseFilter.GetExternalResourceReferencesExpanded,method,PhaseFilter,,,3,ok,String,<method not invoked>,<method not invoked>,<method not invoked>,2025,2026-08-04T14:03:14.300203,2026-08-04T14:48:57.764674,3,probes_2025_20260804T140314-c44dde.json;probes_2025_20260804T144211-baf6e6.json;probes_2025_20260804T144857-a65442.json
phase_filters,reflection,refl.PhaseFilter.GetMonitoredLinkElementIds,method,PhaseFilter,,,3,ok,String,<method not invoked>,<method not invoked>,<method not invoked>,2025,2026-08-04T14:03:14.300203,2026-08-04T14:48:57.764674,3,probes_2025_20260804T140314-c44dde.json;probes_2025_20260804T144211-baf6e6.json;probes_2025_20260804T144857-a65442.json
phase_filters,reflection,refl.PhaseFilter.GetMonitoredLocalElementIds,method,PhaseFilter,,,3,ok,String,<method not invoked>,<method not invoked>,<method not invoked>,2025,2026-08-04T14:03:14.300203,2026-08-04T14:48:57.764674,3,probes_2025_20260804T140314-c44dde.json;probes_2025_20260804T144211-baf6e6.json;probes_2025_20260804T144857-a65442.json
phase_filters,reflection,refl.PhaseFilter.GetOrderedParameters,method,PhaseFilter,,,3,ok,String,<method not invoked>,<method not invoked>,<method not invoked>,2025,2026-08-04T14:03:14.300203,2026-08-04T14:48:57.764674,3,probes_2025_20260804T140314-c44dde.json;probes_2025_20260804T144211-baf6e6.json;probes_2025_20260804T144857-a65442.json
phase_filters,reflection,refl.PhaseFilter.GetSubelements,method,PhaseFilter,,,3,ok,String,<method not invoked>,<method not invoked>,<method not invoked>,2025,2026-08-04T14:03:14.300203,2026-08-04T14:48:57.764674,3,probes_2025_20260804T140314-c44dde.json;probes_2025_20260804T144211-baf6e6.json;probes_2025_20260804T144857-a65442.json
phase_filters,reflection,refl.PhaseFilter.GetTypeId,method,PhaseFilter,,,3,ok,String,<method not invoked>,<method not invoked>,<method not invoked>,2025,2026-08-04T14:03:14.300203,2026-08-04T14:48:57.764674,3,probes_2025_20260804T140314-c44dde.json;probes_2025_20260804T144211-baf6e6.json;probes_2025_20260804T144857-a65442.json
phase_filters,reflection,refl.PhaseFilter.GetValidTypes,method,PhaseFilter,,,3,ok,String,<method not invoked>,<method not invoked>,<method not invoked>,2025,2026-08-04T14:03:14.300203,2026-08-04T14:48:57.764674,3,probes_2025_20260804T140314-c44dde.json;probes_2025_20260804T144211-baf6e6.json;probes_2025_20260804T144857-a65442.json
phase_filters,reflection,refl.PhaseFilter.GroupId,property,PhaseFilter,,,3,ok,ElementId,-1,-1,-1,2025,2026-08-04T14:03:14.300203,2026-08-04T14:48:57.764674,3,probes_2025_20260804T140314-c44dde.json;probes_2025_20260804T144211-baf6e6.json;probes_2025_20260804T144857-a65442.json
phase_filters,reflection,refl.PhaseFilter.HasPhases,method,PhaseFilter,,,3,ok,String,<method not invoked>,<method not invoked>,<method not invoked>,2025,2026-08-04T14:03:14.300203,2026-08-04T14:48:57.764674,3,probes_2025_20260804T140314-c44dde.json;probes_2025_20260804T144211-baf6e6.json;probes_2025_20260804T144857-a65442.json
phase_filters,reflection,refl.PhaseFilter.Id,property,PhaseFilter,,,26,ok,ElementId,22793,22793,22793,2025,2026-08-04T14:03:14.300203,2026-08-04T14:48:57.764674,3,probes_2025_20260804T140314-c44dde.json;probes_2025_20260804T144211-baf6e6.json;probes_2025_20260804T144857-a65442.json
phase_filters,reflection,refl.PhaseFilter.IsDefault,property,PhaseFilter,,,6,ok,Integer,0,False,0,2025,2026-08-04T14:03:14.300203,2026-08-04T14:48:57.764674,3,probes_2025_20260804T140314-c44dde.json;probes_2025_20260804T144211-baf6e6.json;probes_2025_20260804T144857-a65442.json
phase_filters,reflection,refl.PhaseFilter.IsExternalFileReference,method,PhaseFilter,,,3,ok,String,<method not invoked>,<method not invoked>,<method not invoked>,2025,2026-08-04T14:03:14.300203,2026-08-04T14:48:57.764674,3,probes_2025_20260804T140314-c44dde.json;probes_2025_20260804T144211-baf6e6.json;probes_2025_20260804T144857-a65442.json
phase_filters,reflection,refl.PhaseFilter.IsModifiable,property,PhaseFilter,,,3,ok,Integer,1,True,1,2025,2026-08-04T14:03:14.300203,2026-08-04T14:48:57.764674,3,probes_2025_20260804T140314-c44dde.json;probes_2025_20260804T144211-baf6e6.json;probes_2025_20260804T144857-a65442.json
phase_filters,reflection,refl.PhaseFilter.IsMonitoringLinkElement,method,PhaseFilter,,,3,ok,String,<method not invoked>,<method not invoked>,<method not invoked>,2025,2026-08-04T14:03:14.300203,2026-08-04T14:48:57.764674,3,probes_2025_20260804T140314-c44dde.json;probes_2025_20260804T144211-baf6e6.json;probes_2025_20260804T144857-a65442.json
phase_filters,reflection,refl.PhaseFilter.IsMonitoringLocalElement,method,PhaseFilter,,,3,ok,String,<method not invoked>,<method not invoked>,<method not invoked>,2025,2026-08-04T14:03:14.300203,2026-08-04T14:48:57.764674,3,probes_2025_20260804T140314-c44dde.json;probes_2025_20260804T144211-baf6e6.json;probes_2025_20260804T144857-a65442.json
phase_filters,reflection,refl.PhaseFilter.IsTransient,property,PhaseFilter,,,3,ok,Integer,0,False,0,2025,2026-08-04T14:03:14.300203,2026-08-04T14:48:57.764674,3,probes_2025_20260804T140314-c44dde.json;probes_2025_20260804T144211-baf6e6.json;probes_2025_20260804T144857-a65442.json
phase_filters,reflection,refl.PhaseFilter.IsValidObject,property,PhaseFilter,,,3,ok,Integer,1,True,1,2025,2026-08-04T14:03:14.300203,2026-08-04T14:48:57.764674,3,probes_2025_20260804T140314-c44dde.json;probes_2025_20260804T144211-baf6e6.json;probes_2025_20260804T144857-a65442.json
phase_filters,reflection,refl.PhaseFilter.LevelId,property,PhaseFilter,,,3,ok,ElementId,-1,-1,-1,2025,2026-08-04T14:03:14.300203,2026-08-04T14:48:57.764674,3,probes_2025_20260804T140314-c44dde.json;probes_2025_20260804T144211-baf6e6.json;probes_2025_20260804T144857-a65442.json
phase_filters,reflection,refl.PhaseFilter.Location,property,PhaseFilter,,,3,missing,None,,,,2025,2026-08-04T14:03:14.300203,2026-08-04T14:48:57.764674,3,probes_2025_20260804T140314-c44dde.json;probes_2025_20260804T144211-baf6e6.json;probes_2025_20260804T144857-a65442.json
phase_filters,reflection,refl.PhaseFilter.Name,property,PhaseFilter,,,26,ok,String,Show Previous Phase,Show Previous Phase,Show Previous Phase,2025,2026-08-04T14:03:14.300203,2026-08-04T14:48:57.764674,3,probes_2025_20260804T140314-c44dde.json;probes_2025_20260804T144211-baf6e6.json;probes_2025_20260804T144857-a65442.json
phase_filters,reflection,refl.PhaseFilter.OwnerViewId,property,PhaseFilter,,,3,ok,ElementId,-1,-1,-1,2025,2026-08-04T14:03:14.300203,2026-08-04T14:48:57.764674,3,probes_2025_20260804T140314-c44dde.json;probes_2025_20260804T144211-baf6e6.json;probes_2025_20260804T144857-a65442.json
phase_filters,reflection,refl.PhaseFilter.Parameters,property,PhaseFilter,,,3,unsupported,None,,,,2025,2026-08-04T14:03:14.300203,2026-08-04T14:48:57.764674,3,probes_2025_20260804T140314-c44dde.json;probes_2025_20260804T144211-baf6e6.json;probes_2025_20260804T144857-a65442.json
phase_filters,reflection,refl.PhaseFilter.ParametersMap,property,PhaseFilter,,,3,unsupported,None,,,,2025,2026-08-04T14:03:14.300203,2026-08-04T14:48:57.764674,3,probes_2025_20260804T140314-c44dde.json;probes_2025_20260804T144211-baf6e6.json;probes_2025_20260804T144857-a65442.json
phase_filters,reflection,refl.PhaseFilter.Pinned,property,PhaseFilter,,,3,ok,Integer,0,False,0,2025,2026-08-04T14:03:14.300203,2026-08-04T14:48:57.764674,3,probes_2025_20260804T140314-c44dde.json;probes_2025_20260804T144211-baf6e6.json;probes_2025_20260804T144857-a65442.json
phase_filters,reflection,refl.PhaseFilter.RefersToExternalResourceReferences,method,PhaseFilter,,,3,ok,String,<method not invoked>,<method not invoked>,<method not invoked>,2025,2026-08-04T14:03:14.300203,2026-08-04T14:48:57.764674,3,probes_2025_20260804T140314-c44dde.json;probes_2025_20260804T144211-baf6e6.json;probes_2025_20260804T144857-a65442.json
phase_filters,reflection,refl.PhaseFilter.UniqueId,property,PhaseFilter,,,26,ok,String,b0b76196-1902-482f-b464-0488e33408cc-00005909,b0b76196-1902-482f-b464-0488e33408cc-00005909,b0b76196-1902-482f-b464-0488e33408cc-00005909,2025,2026-08-04T14:03:14.300203,2026-08-04T14:48:57.764674,3,probes_2025_20260804T140314-c44dde.json;probes_2025_20260804T144211-baf6e6.json;probes_2025_20260804T144857-a65442.json
phase_filters,reflection,refl.PhaseFilter.VersionGuid,property,PhaseFilter,,,5,ok,None,,4c11d8c2-9cca-430f-aec0-30054d0aef2a,4c11d8c2-9cca-430f-aec0-30054d0aef2a,2025,2026-08-04T14:03:14.300203,2026-08-04T14:48:57.764674,3,probes_2025_20260804T140314-c44dde.json;probes_2025_20260804T144211-baf6e6.json;probes_2025_20260804T144857-a65442.json
phase_filters,reflection,refl.PhaseFilter.ViewSpecific,property,PhaseFilter,,,3,ok,Integer,0,False,0,2025,2026-08-04T14:03:14.300203,2026-08-04T14:48:57.764674,3,probes_2025_20260804T140314-c44dde.json;probes_2025_20260804T144211-baf6e6.json;probes_2025_20260804T144857-a65442.json
phase_filters,reflection,refl.PhaseFilter.WorksetId,property,PhaseFilter,,,3,ok,ElementId,13,13,13,2025,2026-08-04T14:03:14.300203,2026-08-04T14:48:57.764674,3,probes_2025_20260804T140314-c44dde.json;probes_2025_20260804T144211-baf6e6.json;probes_2025_20260804T144857-a65442.json
phase_graphics,param,p.100% CD_yesno,,,Integer,missing=0;ok=13;unreadable=0;unsupported=0,0,ok,Integer,0,0,0,2025,2026-08-04T14:42:11.384534,2026-08-04T14:42:11.384534,1,probes_2025_20260804T144211-baf6e6.json
phase_graphics,param,p.Annotation Crop,,,Integer,missing=0;ok=23;unreadable=0;unsupported=0,0,ok,Integer,1,Yes,1,2025,2026-08-04T14:03:14.300203,2026-08-04T14:48:57.764674,3,probes_2025_20260804T140314-c44dde.json;probes_2025_20260804T144211-baf6e6.json;probes_2025_20260804T144857-a65442.json
phase_graphics,param,p.Appearance,,,None,missing=0;ok=45;unreadable=0;unsupported=0,0,ok,None,,,,2025,2026-08-04T14:03:14.300203,2026-08-04T14:48:57.764674,3,probes_2025_20260804T140314-c44dde.json;probes_2025_20260804T144211-baf6e6.json;probes_2025_20260804T144857-a65442.json
phase_graphics,param,p.Appears In Sheet List,,,Integer,missing=0;ok=59;unreadable=0;unsupported=0,0,ok,Integer,0,No,0,2025,2026-08-04T14:03:14.300203,2026-08-04T14:48:57.764674,3,probes_2025_20260804T140314-c44dde.json;probes_2025_20260804T144211-baf6e6.json;probes_2025_20260804T144857-a65442.json
phase_graphics,param,p.Approved By,,,String,missing=0;ok=59;unreadable=0;unsupported=0,0,ok,String,Approver,Approver,Approver,2025,2026-08-04T14:03:14.300203,2026-08-04T14:48:57.764674,3,probes_2025_20260804T140314-c44dde.json;probes_2025_20260804T144211-baf6e6.json;probes_2025_20260804T144857-a65442.json
phase_graphics,param,p.Associated Level,,,String,missing=0;ok=23;unreadable=0;unsupported=0,0,ok,String,LEVEL 1,LEVEL 1,LEVEL 1,2025,2026-08-04T14:03:14.300203,2026-08-04T14:48:57.764674,3,probes_2025_20260804T140314-c44dde.json;probes_2025_20260804T144211-baf6e6.json;probes_2025_20260804T144857-a65442.json
phase_graphics,param,p.Background,,,None,missing=0;ok=36;unreadable=0;unsupported=0,0,ok,None,,,,2025,2026-08-04T14:03:14.300203,2026-08-04T14:48:57.764674,3,probes_2025_20260804T140314-c44dde.json;probes_2025_20260804T144211-baf6e6.json;probes_2025_20260804T144857-a65442.json
phase_graphics,param,p.Browser_View Category,,,String,missing=0;ok=60;unreadable=0;unsupported=0,0,ok,String,,,,2025,2026-08-04T14:42:11.384534,2026-08-04T14:42:11.384534,1,probes_2025_20260804T144211-baf6e6.json
phase_graphics,param,p.Browser_View Group,,,String,missing=0;ok=60;unreadable=0;unsupported=0,0,ok,String,,,,2025,2026-08-04T14:42:11.384534,2026-08-04T14:42:11.384534,1,probes_2025_20260804T144211-baf6e6.json
phase_graphics,param,p.Browser_View Sub Series,,,String,missing=0;ok=60;unreadable=0;unsupported=0,0,ok,String,,,,2025,2026-08-04T14:42:11.384534,2026-08-04T14:42:11.384534,1,probes_2025_20260804T144211-baf6e6.json
phase_graphics,param,p.Browser_View Subcategory,,,String,missing=0;ok=60;unreadable=0;unsupported=0,0,ok,String,,,,2025,2026-08-04T14:42:11.384534,2026-08-04T14:42:11.384534,1,probes_2025_20260804T144211-baf6e6.json
phase_graphics,param,p.Checked By,,,String,missing=0;ok=59;unreadable=0;unsupported=0,0,ok,String,Checker,Checker,Checker,2025,2026-08-04T14:03:14.300203,2026-08-04T14:48:57.764674,3,probes_2025_20260804T140314-c44dde.json;probes_2025_20260804T144211-baf6e6.json;probes_2025_20260804T144857-a65442.json
phase_graphics,param,p.Color Scheme,,,None,missing=0;ok=138;unreadable=0;unsupported=0,0,ok,None,,,,2025,2026-08-04T14:03:14.300203,2026-08-04T14:48:57.764674,3,probes_2025_20260804T140314-c44dde.json;probes_2025_20260804T144211-baf6e6.json;probes_2025_20260804T144857-a65442.json
phase_graphics,param,p.Color Scheme Location,,,Integer,missing=0;ok=138;unreadable=0;unsupported=0,0,ok,Integer,1,Background,1,2025,2026-08-04T14:03:14.300203,2026-08-04T14:48:57.764674,3,probes_2025_20260804T140314-c44dde.json;probes_2025_20260804T144211-baf6e6.json;probes_2025_20260804T144857-a65442.json
phase_graphics,param,p.Column Symbolic Offset,,,Double,missing=0;ok=14;unreadable=0;unsupported=0,0,ok,Double,1.0,"1'-0""",11.999999999999998,2025,2026-08-04T14:03:14.300203,2026-08-04T14:48:57.764674,3,probes_2025_20260804T140314-c44dde.json;probes_2025_20260804T144211-baf6e6.json;probes_2025_20260804T144857-a65442.json
phase_graphics,param,p.Comments_ Varies by Group,,,String,missing=0;ok=98;unreadable=0;unsupported=0,0,ok,String,,,,2025,2026-08-04T14:03:14.300203,2026-08-04T14:03:14.300203,1,probes_2025_20260804T140314-c44dde.json
phase_graphics,param,p.Comments_Vary by Group,,,String,missing=0;ok=94;unreadable=0;unsupported=0,0,ok,String,,,,2025,2026-08-04T14:03:14.300203,2026-08-04T14:03:14.300203,1,probes_2025_20260804T140314-c44dde.json
phase_graphics,param,p.Crop Region Visible,,,Integer,missing=0;ok=23;unreadable=0;unsupported=0,0,ok,Integer,1,Yes,1,2025,2026-08-04T14:03:14.300203,2026-08-04T14:48:57.764674,3,probes_2025_20260804T140314-c44dde.json;probes_2025_20260804T144211-baf6e6.json;probes_2025_20260804T144857-a65442.json
phase_graphics,param,p.Crop View,,,Integer,missing=0;ok=23;unreadable=0;unsupported=0,0,ok,Integer,1,Yes,1,2025,2026-08-04T14:03:14.300203,2026-08-04T14:48:57.764674,3,probes_2025_20260804T140314-c44dde.json;probes_2025_20260804T144211-baf6e6.json;probes_2025_20260804T144857-a65442.json
phase_graphics,param,p.Current Revision,,,String,missing=0;ok=59;unreadable=0;unsupported=0,0,ok,String,,,,2025,2026-08-04T14:03:14.300203,2026-08-04T14:48:57.764674,3,probes_2025_20260804T140314-c44dde.json;probes_2025_20260804T144211-baf6e6.json;probes_2025_20260804T144857-a65442.json
phase_graphics,param,p.Current Revision Date,,,String,missing=0;ok=59;unreadable=0;unsupported=0,0,ok,String,,,,2025,2026-08-04T14:03:14.300203,2026-08-04T14:48:57.764674,3,probes_2025_20260804T140314-c44dde.json;probes_2025_20260804T144211-baf6e6.json;probes_2025_20260804T144857-a65442.json
phase_graphics,param,p.Current Revision Description,,,String,missing=0;ok=59;unreadable=0;unsupported=0,0,ok,String,,,,2025,2026-08-04T14:03:14.300203,2026-08-04T14:48:57.764674,3,probes_2025_20260804T140314-c44dde.json;probes_2025_20260804T144211-baf6e6.json;probes_2025_20260804T144857-a65442.json
phase_graphics,param,p.Current Revision Issued,,,Integer,missing=0;ok=59;unreadable=0;unsupported=0,0,ok,Integer,0,No,0,2025,2026-08-04T14:03:14.300203,2026-08-04T14:48:57.764674,3,probes_2025_20260804T140314-c44dde.json;probes_2025_20260804T144211-baf6e6.json;probes_2025_20260804T144857-a65442.json
phase_graphics,param,p.Current Revision Issued By,,,String,missing=0;ok=59;unreadable=0;unsupported=0,0,ok,String,,,,2025,2026-08-04T14:03:14.300203,2026-08-04T14:48:57.764674,3,probes_2025_20260804T140314-c44dde.json;probes_2025_20260804T144211-baf6e6.json;probes_2025_20260804T144857-a65442.json
phase_graphics,param,p.Current Revision Issued To,,,String,missing=0;ok=59;unreadable=0;unsupported=0,0,ok,String,,,,2025,2026-08-04T14:03:14.300203,2026-08-04T14:48:57.764674,3,probes_2025_20260804T140314-c44dde.json;probes_2025_20260804T144211-baf6e6.json;probes_2025_20260804T144857-a65442.json
phase_graphics,param,p.DTL NOTE,,,String,missing=0;ok=64;unreadable=0;unsupported=0,0,ok,String,,,,2025,2026-08-04T14:48:57.764674,2026-08-04T14:48:57.764674,1,probes_2025_20260804T144857-a65442.json
phase_graphics,param,p.Default Analysis Display Style,,,ElementId,missing=0;ok=23;unreadable=0;unsupported=0,0,ok,ElementId,,,,2025,2026-08-04T14:03:14.300203,2026-08-04T14:48:57.764674,3,probes_2025_20260804T140314-c44dde.json;probes_2025_20260804T144211-baf6e6.json;probes_2025_20260804T144857-a65442.json
phase_graphics,param,p.Dependency,,,String,missing=0;ok=150;unreadable=0;unsupported=0,0,ok,String,Independent,Independent,Independent,2025,2026-08-04T14:03:14.300203,2026-08-04T14:48:57.764674,3,probes_2025_20260804T140314-c44dde.json;probes_2025_20260804T144211-baf6e6.json;probes_2025_20260804T144857-a65442.json
phase_graphics,param,p.Depth Clipping,,,Integer,missing=0;ok=125;unreadable=0;unsupported=0,0,ok,Integer,0,0,0,2025,2026-08-04T14:03:14.300203,2026-08-04T14:48:57.764674,3,probes_2025_20260804T140314-c44dde.json;probes_2025_20260804T144211-baf6e6.json;probes_2025_20260804T144857-a65442.json
phase_graphics,param,p.Depth Cueing,,,None,missing=0;ok=27;unreadable=0;unsupported=0,0,ok,None,,,,2025,2026-08-04T14:03:14.300203,2026-08-04T14:48:57.764674,3,probes_2025_20260804T140314-c44dde.json;probes_2025_20260804T144211-baf6e6.json;probes_2025_20260804T144857-a65442.json
phase_graphics,param,p.Design Option,,,String,missing=0;ok=12;unreadable=0;unsupported=0,0,ok,String,Main Model,Main Model,Main Model,2025,2026-08-04T14:03:14.300203,2026-08-04T14:03:14.300203,1,probes_2025_20260804T140314-c44dde.json
phase_graphics,param,p.Designed By,,,String,missing=0;ok=59;unreadable=0;unsupported=0,0,ok,String,Designer,Designer,Designer,2025,2026-08-04T14:03:14.300203,2026-08-04T14:48:57.764674,3,probes_2025_20260804T140314-c44dde.json;probes_2025_20260804T144211-baf6e6.json;probes_2025_20260804T144857-a65442.json
phase_graphics,param,p.Detail Level,,,Integer,missing=0;ok=190;unreadable=0;unsupported=0,0,ok,Integer,1,Coarse,1,2025,2026-08-04T14:03:14.300203,2026-08-04T14:48:57.764674,3,probes_2025_20260804T140314-c44dde.json;probes_2025_20260804T144211-baf6e6.json;probes_2025_20260804T144857-a65442.json
phase_graphics,param,p.Detail Number,,,String,missing=0;ok=7;unreadable=0;unsupported=0,0,ok,String,1,1,1,2025,2026-08-04T14:03:14.300203,2026-08-04T14:42:11.384534,2,probes_2025_20260804T140314-c44dde.json;probes_2025_20260804T144211-baf6e6.json
phase_graphics,param,p.Discipline,,,Integer;String,missing=0;ok=227;unreadable=0;unsupported=0,0,ok,Integer,1,Architectural,1,2025,2026-08-04T14:03:14.300203,2026-08-04T14:48:57.764674,3,probes_2025_20260804T140314-c44dde.json;probes_2025_20260804T144211-baf6e6.json;probes_2025_20260804T144857-a65442.json
phase_graphics,param,p.Discipline Sort Order,,,Double,missing=0;ok=31;unreadable=0;unsupported=0,0,ok,Double,0.0,0,0.0,2025,2026-08-04T14:42:11.384534,2026-08-04T14:48:57.764674,2,probes_2025_20260804T144211-baf6e6.json;probes_2025_20260804T144857-a65442.json
phase_graphics,param,p.Discipline Sub-Sort Order,,,Double,missing=0;ok=31;unreadable=0;unsupported=0,0,ok,Double,0.0,0,0.0,2025,2026-08-04T14:42:11.384534,2026-08-04T14:48:57.764674,2,probes_2025_20260804T144211-baf6e6.json;probes_2025_20260804T144857-a65442.json
phase_graphics,param,p.Display Model,,,Integer,missing=0;ok=152;unreadable=0;unsupported=0,0,ok,Integer,0,Normal,0,2025,2026-08-04T14:03:14.300203,2026-08-04T14:48:57.764674,3,probes_2025_20260804T140314-c44dde.json;probes_2025_20260804T144211-baf6e6.json;probes_2025_20260804T144857-a65442.json
phase_graphics,param,p.Drawing Author,,,String,missing=0;ok=82;unreadable=0;unsupported=0,0,ok,String,,,,2025,2026-08-04T14:48:57.764674,2026-08-04T14:48:57.764674,1,probes_2025_20260804T144857-a65442.json
phase_graphics,param,p.Drawing Number - Discipline,,,String,missing=0;ok=18;unreadable=0;unsupported=0,0,ok,String,,,,2025,2026-08-04T14:48:57.764674,2026-08-04T14:48:57.764674,1,probes_2025_20260804T144857-a65442.json
phase_graphics,param,p.Drawing Number - Form,,,String,missing=0;ok=18;unreadable=0;unsupported=0,0,ok,String,,,,2025,2026-08-04T14:48:57.764674,2026-08-04T14:48:57.764674,1,probes_2025_20260804T144857-a65442.json
phase_graphics,param,p.Drawing Number - Functional Breakdown,,,String,missing=0;ok=18;unreadable=0;unsupported=0,0,ok,String,,,,2025,2026-08-04T14:48:57.764674,2026-08-04T14:48:57.764674,1,probes_2025_20260804T144857-a65442.json
phase_graphics,param,p.Drawing Number - Originator,,,String,missing=0;ok=18;unreadable=0;unsupported=0,0,ok,String,,,,2025,2026-08-04T14:48:57.764674,2026-08-04T14:48:57.764674,1,probes_2025_20260804T144857-a65442.json
phase_graphics,param,p.Drawing Number - Project Number,,,String,missing=0;ok=18;unreadable=0;unsupported=0,0,ok,String,,,,2025,2026-08-04T14:48:57.764674,2026-08-04T14:48:57.764674,1,probes_2025_20260804T144857-a65442.json
phase_graphics,param,p.Drawing Number - Spatial Breakdown,,,String,missing=0;ok=18;unreadable=0;unsupported=0,0,ok,String,,,,2025,2026-08-04T14:48:57.764674,2026-08-04T14:48:57.764674,1,probes_2025_20260804T144857-a65442.json
phase_graphics,param,p.Drawing Number - Status Code,,,String,missing=0;ok=18;unreadable=0;unsupported=0,0,ok,String,,,,2025,2026-08-04T14:48:57.764674,2026-08-04T14:48:57.764674,1,probes_2025_20260804T144857-a65442.json
phase_graphics,param,p.Drawing Number - Status Description,,,String,missing=0;ok=18;unreadable=0;unsupported=0,0,ok,String,,,,2025,2026-08-04T14:48:57.764674,2026-08-04T14:48:57.764674,1,probes_2025_20260804T144857-a65442.json
phase_graphics,param,p.Drawing Number Levels/Locations,,,String,missing=0;ok=13;unreadable=0;unsupported=0,0,ok,String,,,,2025,2026-08-04T14:42:11.384534,2026-08-04T14:42:11.384534,1,probes_2025_20260804T144211-baf6e6.json
phase_graphics,param,p.Drawing Number Originator,,,String,missing=0;ok=13;unreadable=0;unsupported=0,0,ok,String,,,,2025,2026-08-04T14:42:11.384534,2026-08-04T14:42:11.384534,1,probes_2025_20260804T144211-baf6e6.json
phase_graphics,param,p.Drawing Number Project Number,,,String,missing=0;ok=13;unreadable=0;unsupported=0,0,ok,String,,,,2025,2026-08-04T14:42:11.384534,2026-08-04T14:42:11.384534,1,probes_2025_20260804T144211-baf6e6.json
phase_graphics,param,p.Drawing Number Role,,,String,missing=0;ok=13;unreadable=0;unsupported=0,0,ok,String,,,,2025,2026-08-04T14:42:11.384534,2026-08-04T14:42:11.384534,1,probes_2025_20260804T144211-baf6e6.json
phase_graphics,param,p.Drawing Number Status Code,,,String,missing=0;ok=13;unreadable=0;unsupported=0,0,ok,String,,,,2025,2026-08-04T14:42:11.384534,2026-08-04T14:42:11.384534,1,probes_2025_20260804T144211-baf6e6.json
phase_graphics,param,p.Drawing Number Status Description,,,String,missing=0;ok=13;unreadable=0;unsupported=0,0,ok,String,,,,2025,2026-08-04T14:42:11.384534,2026-08-04T14:42:11.384534,1,probes_2025_20260804T144211-baf6e6.json
phase_graphics,param,p.Drawing Number Type,,,String,missing=0;ok=13;unreadable=0;unsupported=0,0,ok,String,,,,2025,2026-08-04T14:42:11.384534,2026-08-04T14:42:11.384534,1,probes_2025_20260804T144211-baf6e6.json
phase_graphics,param,p.Drawing Number Volume/System,,,String,missing=0;ok=31;unreadable=0;unsupported=0,0,ok,String,,,,2025,2026-08-04T14:42:11.384534,2026-08-04T14:48:57.764674,2,probes_2025_20260804T144211-baf6e6.json;probes_2025_20260804T144857-a65442.json
phase_graphics,param,p.Drawing Type,,,String,missing=0;ok=66;unreadable=0;unsupported=0,0,ok,String,,,,2025,2026-08-04T14:03:14.300203,2026-08-04T14:03:14.300203,1,probes_2025_20260804T140314-c44dde.json
phase_graphics,param,p.Drawing_Included_In_Set,,,Integer,missing=0;ok=31;unreadable=0;unsupported=0,0,ok,Integer,0,No,0,2025,2026-08-04T14:42:11.384534,2026-08-04T14:48:57.764674,2,probes_2025_20260804T144211-baf6e6.json;probes_2025_20260804T144857-a65442.json
phase_graphics,param,p.Drawn By,,,String,missing=0;ok=59;unreadable=0;unsupported=0,0,ok,String,Author,Author,Author,2025,2026-08-04T14:03:14.300203,2026-08-04T14:48:57.764674,3,probes_2025_20260804T140314-c44dde.json;probes_2025_20260804T144211-baf6e6.json;probes_2025_20260804T144857-a65442.json
phase_graphics,param,p.Edited by,,,String,missing=0;ok=315;unreadable=0;unsupported=0,0,ok,String,,,,2025,2026-08-04T14:03:14.300203,2026-08-04T14:48:57.764674,3,probes_2025_20260804T140314-c44dde.json;probes_2025_20260804T144211-baf6e6.json;probes_2025_20260804T144857-a65442.json
phase_graphics,param,p.Embedded Schedule,,,None,missing=0;ok=4;unreadable=0;unsupported=0,0,ok,None,,,,2025,2026-08-04T14:42:11.384534,2026-08-04T14:48:57.764674,2,probes_2025_20260804T144211-baf6e6.json;probes_2025_20260804T144857-a65442.json
phase_graphics,param,p.Enscape.View.IsFavorite,,,Integer,missing=0;ok=66;unreadable=0;unsupported=0,0,ok,Integer,0,0,0,2025,2026-08-04T14:03:14.300203,2026-08-04T14:03:14.300203,1,probes_2025_20260804T140314-c44dde.json
phase_graphics,param,p.Export to IFC,,,Integer,missing=0;ok=34;unreadable=0;unsupported=0,0,ok,Integer,0,By Type,0,2025,2026-08-04T14:03:14.300203,2026-08-04T14:48:57.764674,3,probes_2025_20260804T140314-c44dde.json;probes_2025_20260804T144211-baf6e6.json;probes_2025_20260804T144857-a65442.json
phase_graphics,param,p.Far Clipping,,,Integer,missing=0;ok=27;unreadable=0;unsupported=0,0,ok,Integer,0,0,0,2025,2026-08-04T14:03:14.300203,2026-08-04T14:48:57.764674,3,probes_2025_20260804T140314-c44dde.json;probes_2025_20260804T144211-baf6e6.json;probes_2025_20260804T144857-a65442.json
phase_graphics,param,p.Fields,,,None,missing=0;ok=38;unreadable=0;unsupported=0,0,ok,None,,,,2025,2026-08-04T14:03:14.300203,2026-08-04T14:48:57.764674,3,probes_2025_20260804T140314-c44dde.json;probes_2025_20260804T144211-baf6e6.json;probes_2025_20260804T144857-a65442.json
phase_graphics,param,p.File Path,,,String,missing=0;ok=59;unreadable=0;unsupported=0,0,ok,String,C:\Users\Public\Documents\Local_Revit_Files\FVOT_ BLDG 1_ Arch25_Greg.McDowellJr.rvt,C:\Users\Public\Documents\Local_Revit_Files\FVOT_ BLDG 1_ Arch25_Greg.McDowellJr.rvt,C:\Users\Public\Documents\Local_Revit_Files\FVOT_ BLDG 1_ Arch25_Greg.McDowellJr.rvt,2025,2026-08-04T14:03:14.300203,2026-08-04T14:48:57.764674,3,probes_2025_20260804T140314-c44dde.json;probes_2025_20260804T144211-baf6e6.json;probes_2025_20260804T144857-a65442.json
phase_graphics,param,p.Filter,,,None,missing=0;ok=36;unreadable=0;unsupported=0,0,ok,None,,,,2025,2026-08-04T14:03:14.300203,2026-08-04T14:48:57.764674,3,probes_2025_20260804T140314-c44dde.json;probes_2025_20260804T144211-baf6e6.json;probes_2025_20260804T144857-a65442.json
phase_graphics,param,p.Folder,,,String,missing=0;ok=60;unreadable=0;unsupported=0,0,ok,String,,,,2025,2026-08-04T14:42:11.384534,2026-08-04T14:42:11.384534,1,probes_2025_20260804T144211-baf6e6.json
phase_graphics,param,p.Formatting,,,None,missing=0;ok=38;unreadable=0;unsupported=0,0,ok,None,,,,2025,2026-08-04T14:03:14.300203,2026-08-04T14:48:57.764674,3,probes_2025_20260804T140314-c44dde.json;probes_2025_20260804T144211-baf6e6.json;probes_2025_20260804T144857-a65442.json
phase_graphics,param,p.Graphic Display Options,,,None,missing=0;ok=23;unreadable=0;unsupported=0,0,ok,None,,,,2025,2026-08-04T14:03:14.300203,2026-08-04T14:48:57.764674,3,probes_2025_20260804T140314-c44dde.json;probes_2025_20260804T144211-baf6e6.json;probes_2025_20260804T144857-a65442.json
phase_graphics,param,p.Group Type Mark,,,String,missing=0;ok=98;unreadable=0;unsupported=0,0,ok,String,,,,2025,2026-08-04T14:03:14.300203,2026-08-04T14:03:14.300203,1,probes_2025_20260804T140314-c44dde.json
phase_graphics,param,p.Guide Grid,,,ElementId,missing=0;ok=59;unreadable=0;unsupported=0,0,ok,ElementId,,,,2025,2026-08-04T14:03:14.300203,2026-08-04T14:48:57.764674,3,probes_2025_20260804T140314-c44dde.json;probes_2025_20260804T144211-baf6e6.json;probes_2025_20260804T144857-a65442.json
phase_graphics,param,p.In Unit Cloud,,,String,missing=0;ok=98;unreadable=0;unsupported=0,0,ok,String,,,,2025,2026-08-04T14:03:14.300203,2026-08-04T14:03:14.300203,1,probes_2025_20260804T140314-c44dde.json
phase_graphics,param,p.Issued For,,,String,missing=0;ok=28;unreadable=0;unsupported=0,0,ok,String,,,,2025,2026-08-04T14:03:14.300203,2026-08-04T14:03:14.300203,1,probes_2025_20260804T140314-c44dde.json
phase_graphics,param,p.KP_Department,,,String,missing=0;ok=18;unreadable=0;unsupported=0,0,ok,String,,,,2025,2026-08-04T14:48:57.764674,2026-08-04T14:48:57.764674,1,probes_2025_20260804T144857-a65442.json
phase_graphics,param,p.KP_Room Code,,,String,missing=0;ok=36;unreadable=0;unsupported=0,0,ok,String,,,,2025,2026-08-04T14:48:57.764674,2026-08-04T14:48:57.764674,1,probes_2025_20260804T144857-a65442.json
phase_graphics,param,p.KP_Room Name,,,String,missing=0;ok=18;unreadable=0;unsupported=0,0,ok,String,,,,2025,2026-08-04T14:48:57.764674,2026-08-04T14:48:57.764674,1,probes_2025_20260804T144857-a65442.json
phase_graphics,param,p.KP_Sub Code,,,String,missing=0;ok=18;unreadable=0;unsupported=0,0,ok,String,,,,2025,2026-08-04T14:48:57.764674,2026-08-04T14:48:57.764674,1,probes_2025_20260804T144857-a65442.json
phase_graphics,param,p.KP_Version,,,String,missing=0;ok=18;unreadable=0;unsupported=0,0,ok,String,,,,2025,2026-08-04T14:48:57.764674,2026-08-04T14:48:57.764674,1,probes_2025_20260804T144857-a65442.json
phase_graphics,param,p.Lighting,,,None,missing=0;ok=138;unreadable=0;unsupported=0,0,ok,None,,,,2025,2026-08-04T14:03:14.300203,2026-08-04T14:48:57.764674,3,probes_2025_20260804T140314-c44dde.json;probes_2025_20260804T144211-baf6e6.json;probes_2025_20260804T144857-a65442.json
phase_graphics,param,p.Model Display,,,None,missing=0;ok=138;unreadable=0;unsupported=0,0,ok,None,,,,2025,2026-08-04T14:03:14.300203,2026-08-04T14:48:57.764674,3,probes_2025_20260804T140314-c44dde.json;probes_2025_20260804T144211-baf6e6.json;probes_2025_20260804T144857-a65442.json
phase_graphics,param,p.None,,,ElementId,missing=0;ok=150;unreadable=0;unsupported=0,0,ok,ElementId,18074221,LEVEL 1 PLAN,18074221,2025,2026-08-04T14:03:14.300203,2026-08-04T14:48:57.764674,3,probes_2025_20260804T140314-c44dde.json;probes_2025_20260804T144211-baf6e6.json;probes_2025_20260804T144857-a65442.json
phase_graphics,param,p.Orientation,,,Integer,missing=0;ok=125;unreadable=0;unsupported=0,0,ok,Integer,0,Project North,0,2025,2026-08-04T14:03:14.300203,2026-08-04T14:48:57.764674,3,probes_2025_20260804T140314-c44dde.json;probes_2025_20260804T144211-baf6e6.json;probes_2025_20260804T144857-a65442.json
phase_graphics,param,p.PE_01_IssueStatus,,,String,missing=0;ok=18;unreadable=0;unsupported=0,0,ok,String,,,,2025,2026-08-04T14:48:57.764674,2026-08-04T14:48:57.764674,1,probes_2025_20260804T144857-a65442.json
phase_graphics,param,p.PE_01_Name,,,String,missing=0;ok=13;unreadable=0;unsupported=0,0,ok,String,,,,2025,2026-08-04T14:42:11.384534,2026-08-04T14:42:11.384534,1,probes_2025_20260804T144211-baf6e6.json
phase_graphics,param,p.PE_02_IssueStatus,,,String,missing=0;ok=18;unreadable=0;unsupported=0,0,ok,String,,,,2025,2026-08-04T14:48:57.764674,2026-08-04T14:48:57.764674,1,probes_2025_20260804T144857-a65442.json
phase_graphics,param,p.PE_02_Name,,,String,missing=0;ok=13;unreadable=0;unsupported=0,0,ok,String,,,,2025,2026-08-04T14:42:11.384534,2026-08-04T14:42:11.384534,1,probes_2025_20260804T144211-baf6e6.json
phase_graphics,param,p.PE_03_IssueStatus,,,String,missing=0;ok=18;unreadable=0;unsupported=0,0,ok,String,,,,2025,2026-08-04T14:48:57.764674,2026-08-04T14:48:57.764674,1,probes_2025_20260804T144857-a65442.json
phase_graphics,param,p.PE_03_Name,,,String,missing=0;ok=13;unreadable=0;unsupported=0,0,ok,String,,,,2025,2026-08-04T14:42:11.384534,2026-08-04T14:42:11.384534,1,probes_2025_20260804T144211-baf6e6.json
phase_graphics,param,p.PE_04_IssueStatus,,,String,missing=0;ok=18;unreadable=0;unsupported=0,0,ok,String,,,,2025,2026-08-04T14:48:57.764674,2026-08-04T14:48:57.764674,1,probes_2025_20260804T144857-a65442.json
phase_graphics,param,p.PE_04_Name,,,String,missing=0;ok=13;unreadable=0;unsupported=0,0,ok,String,,,,2025,2026-08-04T14:42:11.384534,2026-08-04T14:42:11.384534,1,probes_2025_20260804T144211-baf6e6.json
phase_graphics,param,p.PE_05_IssueStatus,,,String,missing=0;ok=18;unreadable=0;unsupported=0,0,ok,String,,,,2025,2026-08-04T14:48:57.764674,2026-08-04T14:48:57.764674,1,probes_2025_20260804T144857-a65442.json
phase_graphics,param,p.PE_05_Name,,,String,missing=0;ok=13;unreadable=0;unsupported=0,0,ok,String,,,,2025,2026-08-04T14:42:11.384534,2026-08-04T14:42:11.384534,1,probes_2025_20260804T144211-baf6e6.json
phase_graphics,param,p.PE_06_IssueStatus,,,String,missing=0;ok=18;unreadable=0;unsupported=0,0,ok,String,,,,2025,2026-08-04T14:48:57.764674,2026-08-04T14:48:57.764674,1,probes_2025_20260804T144857-a65442.json
phase_graphics,param,p.PE_06_Name,,,String,missing=0;ok=13;unreadable=0;unsupported=0,0,ok,String,,,,2025,2026-08-04T14:42:11.384534,2026-08-04T14:42:11.384534,1,probes_2025_20260804T144211-baf6e6.json
phase_graphics,param,p.PE_07_IssueStatus,,,String,missing=0;ok=18;unreadable=0;unsupported=0,0,ok,String,,,,2025,2026-08-04T14:48:57.764674,2026-08-04T14:48:57.764674,1,probes_2025_20260804T144857-a65442.json
phase_graphics,param,p.PE_07_Name,,,String,missing=0;ok=13;unreadable=0;unsupported=0,0,ok,String,,,,2025,2026-08-04T14:42:11.384534,2026-08-04T14:42:11.384534,1,probes_2025_20260804T144211-baf6e6.json
phase_graphics,param,p.PE_08_Name,,,String,missing=0;ok=13;unreadable=0;unsupported=0,0,ok,String,,,,2025,2026-08-04T14:42:11.384534,2026-08-04T14:42:11.384534,1,probes_2025_20260804T144211-baf6e6.json
phase_graphics,param,p.PE_09_Name,,,String,missing=0;ok=13;unreadable=0;unsupported=0,0,ok,String,,,,2025,2026-08-04T14:42:11.384534,2026-08-04T14:42:11.384534,1,probes_2025_20260804T144211-baf6e6.json
phase_graphics,param,p.PE_10_Name,,,String,missing=0;ok=13;unreadable=0;unsupported=0,0,ok,String,,,,2025,2026-08-04T14:42:11.384534,2026-08-04T14:42:11.384534,1,probes_2025_20260804T144211-baf6e6.json
phase_graphics,param,p.Parameter Name,,,String,missing=0;ok=2;unreadable=0;unsupported=0,0,ok,String,Room Style,Room Style,Room Style,2025,2026-08-04T14:42:11.384534,2026-08-04T14:48:57.764674,2,probes_2025_20260804T144211-baf6e6.json;probes_2025_20260804T144857-a65442.json
phase_graphics,param,p.Parts Visibility,,,Integer,missing=0;ok=161;unreadable=0;unsupported=0,0,ok,Integer,1,Show Original,1,2025,2026-08-04T14:03:14.300203,2026-08-04T14:48:57.764674,3,probes_2025_20260804T140314-c44dde.json;probes_2025_20260804T144211-baf6e6.json;probes_2025_20260804T144857-a65442.json
phase_graphics,param,p.Pecking Order,,,String,missing=0;ok=28;unreadable=0;unsupported=0,0,ok,String,,,,2025,2026-08-04T14:03:14.300203,2026-08-04T14:03:14.300203,1,probes_2025_20260804T140314-c44dde.json
phase_graphics,param,p.Phase,,,ElementId,missing=0;ok=47;unreadable=0;unsupported=0,0,ok,ElementId,118390,New Construction,118390,2025,2026-08-04T14:03:14.300203,2026-08-04T14:48:57.764674,3,probes_2025_20260804T140314-c44dde.json;probes_2025_20260804T144211-baf6e6.json;probes_2025_20260804T144857-a65442.json
phase_graphics,param,p.Phase Filter,,,ElementId,missing=0;ok=192;unreadable=0;unsupported=0,0,ok,ElementId,22797,Show All,22797,2025,2026-08-04T14:03:14.300203,2026-08-04T14:48:57.764674,3,probes_2025_20260804T140314-c44dde.json;probes_2025_20260804T144211-baf6e6.json;probes_2025_20260804T144857-a65442.json
phase_graphics,param,p.Photographic Exposure,,,None,missing=0;ok=138;unreadable=0;unsupported=0,0,ok,None,,,,2025,2026-08-04T14:03:14.300203,2026-08-04T14:48:57.764674,3,probes_2025_20260804T140314-c44dde.json;probes_2025_20260804T144211-baf6e6.json;probes_2025_20260804T144857-a65442.json
phase_graphics,param,p.PirrosID,,,String,missing=0;ok=90;unreadable=0;unsupported=0,0,ok,String,,,,2025,2026-08-04T14:42:11.384534,2026-08-04T14:42:11.384534,1,probes_2025_20260804T144211-baf6e6.json
phase_graphics,param,p.PirrosInSync,,,String,missing=0;ok=90;unreadable=0;unsupported=0,0,ok,String,,,,2025,2026-08-04T14:42:11.384534,2026-08-04T14:42:11.384534,1,probes_2025_20260804T144211-baf6e6.json
phase_graphics,param,p.Program Type,,,String,missing=0;ok=28;unreadable=0;unsupported=0,0,ok,String,,,,2025,2026-08-04T14:03:14.300203,2026-08-04T14:03:14.300203,1,probes_2025_20260804T140314-c44dde.json
phase_graphics,param,p.Project Identification,,,String,missing=0;ok=73;unreadable=0;unsupported=0,0,ok,String,,,,2025,2026-08-04T14:42:11.384534,2026-08-04T14:42:11.384534,1,probes_2025_20260804T144211-baf6e6.json
phase_graphics,param,p.Range: Base Level,,,ElementId,missing=0;ok=23;unreadable=0;unsupported=0,0,ok,ElementId,,,,2025,2026-08-04T14:03:14.300203,2026-08-04T14:48:57.764674,3,probes_2025_20260804T140314-c44dde.json;probes_2025_20260804T144211-baf6e6.json;probes_2025_20260804T144857-a65442.json
phase_graphics,param,p.Range: Top Level,,,ElementId,missing=0;ok=23;unreadable=0;unsupported=0,0,ok,ElementId,,,,2025,2026-08-04T14:03:14.300203,2026-08-04T14:48:57.764674,3,probes_2025_20260804T140314-c44dde.json;probes_2025_20260804T144211-baf6e6.json;probes_2025_20260804T144857-a65442.json
phase_graphics,param,p.Referencing Detail,,,String,missing=0;ok=88;unreadable=0;unsupported=0,0,ok,String,,,,2025,2026-08-04T14:03:14.300203,2026-08-04T14:48:57.764674,3,probes_2025_20260804T140314-c44dde.json;probes_2025_20260804T144211-baf6e6.json;probes_2025_20260804T144857-a65442.json
phase_graphics,param,p.Referencing Sheet,,,String,missing=0;ok=88;unreadable=0;unsupported=0,0,ok,String,,,,2025,2026-08-04T14:03:14.300203,2026-08-04T14:48:57.764674,3,probes_2025_20260804T140314-c44dde.json;probes_2025_20260804T144211-baf6e6.json;probes_2025_20260804T144857-a65442.json
phase_graphics,param,p.Referencing Sheet Collection,,,ElementId,missing=0;ok=88;unreadable=0;unsupported=0,0,ok,ElementId,,,,2025,2026-08-04T14:03:14.300203,2026-08-04T14:48:57.764674,3,probes_2025_20260804T140314-c44dde.json;probes_2025_20260804T144211-baf6e6.json;probes_2025_20260804T144857-a65442.json
phase_graphics,param,p.Rendering Settings,,,None,missing=0;ok=9;unreadable=0;unsupported=0,0,ok,None,,,,2025,2026-08-04T14:03:14.300203,2026-08-04T14:48:57.764674,2,probes_2025_20260804T140314-c44dde.json;probes_2025_20260804T144857-a65442.json
phase_graphics,param,p.Revisions on Sheet,,,None,missing=0;ok=59;unreadable=0;unsupported=0,0,ok,None,,,,2025,2026-08-04T14:03:14.300203,2026-08-04T14:48:57.764674,3,probes_2025_20260804T140314-c44dde.json;probes_2025_20260804T144211-baf6e6.json;probes_2025_20260804T144857-a65442.json
phase_graphics,param,p.Room Association,,,String,missing=0;ok=95;unreadable=0;unsupported=0,0,ok,String,,,,2025,2026-08-04T14:48:57.764674,2026-08-04T14:48:57.764674,1,probes_2025_20260804T144857-a65442.json
phase_graphics,param,p.Rotation on Sheet,,,Integer,missing=0;ok=7;unreadable=0;unsupported=0,0,ok,Integer,0,None,0,2025,2026-08-04T14:03:14.300203,2026-08-04T14:42:11.384534,2,probes_2025_20260804T140314-c44dde.json;probes_2025_20260804T144211-baf6e6.json
phase_graphics,param,p.SR View Calculation Settings,,,String,missing=0;ok=254;unreadable=0;unsupported=0,0,ok,String,,,,2025,2026-08-04T14:03:14.300203,2026-08-04T14:48:57.764674,3,probes_2025_20260804T140314-c44dde.json;probes_2025_20260804T144211-baf6e6.json;probes_2025_20260804T144857-a65442.json
phase_graphics,param,p.STS Discipline,,,String,missing=0;ok=18;unreadable=0;unsupported=0,0,ok,String,,,,2025,2026-08-04T14:48:57.764674,2026-08-04T14:48:57.764674,1,probes_2025_20260804T144857-a65442.json
phase_graphics,param,p.STS Major Discipline,,,String,missing=0;ok=18;unreadable=0;unsupported=0,0,ok,String,,,,2025,2026-08-04T14:48:57.764674,2026-08-04T14:48:57.764674,1,probes_2025_20260804T144857-a65442.json
phase_graphics,param,p.Scale,,,String,missing=0;ok=59;unreadable=0;unsupported=0,0,ok,String, , , ,2025,2026-08-04T14:03:14.300203,2026-08-04T14:48:57.764674,3,probes_2025_20260804T140314-c44dde.json;probes_2025_20260804T144211-baf6e6.json;probes_2025_20260804T144857-a65442.json
phase_graphics,param,p.Scale Value    1:,,,Integer,missing=0;ok=196;unreadable=0;unsupported=0,0,ok,Integer,240,240,240,2025,2026-08-04T14:03:14.300203,2026-08-04T14:48:57.764674,3,probes_2025_20260804T140314-c44dde.json;probes_2025_20260804T144211-baf6e6.json;probes_2025_20260804T144857-a65442.json
phase_graphics,param,p.Scope Box,,,ElementId,missing=0;ok=23;unreadable=0;unsupported=0,0,ok,ElementId,,,,2025,2026-08-04T14:03:14.300203,2026-08-04T14:48:57.764674,3,probes_2025_20260804T140314-c44dde.json;probes_2025_20260804T144211-baf6e6.json;probes_2025_20260804T144857-a65442.json
phase_graphics,param,p.Shadows,,,None,missing=0;ok=138;unreadable=0;unsupported=0,0,ok,None,,,,2025,2026-08-04T14:03:14.300203,2026-08-04T14:48:57.764674,3,probes_2025_20260804T140314-c44dde.json;probes_2025_20260804T144211-baf6e6.json;probes_2025_20260804T144857-a65442.json
phase_graphics,param,p.Sheet Classification,,,String,missing=0;ok=31;unreadable=0;unsupported=0,0,ok,String,~1779 Sheet Warehouse,~1779 Sheet Warehouse,~1779 Sheet Warehouse,2025,2026-08-04T14:42:11.384534,2026-08-04T14:48:57.764674,2,probes_2025_20260804T144211-baf6e6.json;probes_2025_20260804T144857-a65442.json
phase_graphics,param,p.Sheet Collection,,,ElementId,missing=0;ok=66;unreadable=0;unsupported=0,0,ok,ElementId,,,,2025,2026-08-04T14:03:14.300203,2026-08-04T14:48:57.764674,3,probes_2025_20260804T140314-c44dde.json;probes_2025_20260804T144211-baf6e6.json;probes_2025_20260804T144857-a65442.json
phase_graphics,param,p.Sheet Discipline,,,String,missing=0;ok=13;unreadable=0;unsupported=0,0,ok,String,,,,2025,2026-08-04T14:42:11.384534,2026-08-04T14:42:11.384534,1,probes_2025_20260804T144211-baf6e6.json
phase_graphics,param,p.Sheet Discipline #,,,String,missing=0;ok=73;unreadable=0;unsupported=0,0,ok,String,,,,2025,2026-08-04T14:42:11.384534,2026-08-04T14:42:11.384534,1,probes_2025_20260804T144211-baf6e6.json
phase_graphics,param,p.Sheet Issue Date,,,String,missing=0;ok=59;unreadable=0;unsupported=0,0,ok,String,04/24/12,04/24/12,04/24/12,2025,2026-08-04T14:03:14.300203,2026-08-04T14:48:57.764674,3,probes_2025_20260804T140314-c44dde.json;probes_2025_20260804T144211-baf6e6.json;probes_2025_20260804T144857-a65442.json
phase_graphics,param,p.Sheet Name,,,String,missing=0;ok=66;unreadable=0;unsupported=0,0,ok,String,LEVEL 1 FLOOR PLAN,LEVEL 1 FLOOR PLAN,LEVEL 1 FLOOR PLAN,2025,2026-08-04T14:03:14.300203,2026-08-04T14:48:57.764674,3,probes_2025_20260804T140314-c44dde.json;probes_2025_20260804T144211-baf6e6.json;probes_2025_20260804T144857-a65442.json
phase_graphics,param,p.Sheet Number,,,String,missing=0;ok=66;unreadable=0;unsupported=0,0,ok,String,1-A101,1-A101,1-A101,2025,2026-08-04T14:03:14.300203,2026-08-04T14:48:57.764674,3,probes_2025_20260804T140314-c44dde.json;probes_2025_20260804T144211-baf6e6.json;probes_2025_20260804T144857-a65442.json
phase_graphics,param,p.Sheet Number Of,,,Double,missing=0;ok=31;unreadable=0;unsupported=0,0,ok,Double,0.0,0,0.0,2025,2026-08-04T14:42:11.384534,2026-08-04T14:48:57.764674,2,probes_2025_20260804T144211-baf6e6.json;probes_2025_20260804T144857-a65442.json
phase_graphics,param,p.Sheet Series #,,,String,missing=0;ok=73;unreadable=0;unsupported=0,0,ok,String,,,,2025,2026-08-04T14:42:11.384534,2026-08-04T14:42:11.384534,1,probes_2025_20260804T144211-baf6e6.json
phase_graphics,param,p.Sheet Sub-Classification,,,String,missing=0;ok=31;unreadable=0;unsupported=0,0,ok,String,1779_Project Support,1779_Project Support,1779_Project Support,2025,2026-08-04T14:42:11.384534,2026-08-04T14:48:57.764674,2,probes_2025_20260804T144211-baf6e6.json;probes_2025_20260804T144857-a65442.json
phase_graphics,param,p.Sheet- Category,,,String,missing=0;ok=13;unreadable=0;unsupported=0,0,ok,String,,,,2025,2026-08-04T14:42:11.384534,2026-08-04T14:42:11.384534,1,probes_2025_20260804T144211-baf6e6.json
phase_graphics,param,p.Sheet- Subcategory,,,String,missing=0;ok=13;unreadable=0;unsupported=0,0,ok,String,,,,2025,2026-08-04T14:42:11.384534,2026-08-04T14:42:11.384534,1,probes_2025_20260804T144211-baf6e6.json
phase_graphics,param,p.Show Hidden Lines,,,Integer,missing=0;ok=161;unreadable=0;unsupported=0,0,ok,Integer,1,By Discipline,1,2025,2026-08-04T14:03:14.300203,2026-08-04T14:48:57.764674,3,probes_2025_20260804T140314-c44dde.json;probes_2025_20260804T144211-baf6e6.json;probes_2025_20260804T144857-a65442.json
phase_graphics,param,p.Sketch Reference Sheet,,,String,missing=0;ok=31;unreadable=0;unsupported=0,0,ok,String,,,,2025,2026-08-04T14:42:11.384534,2026-08-04T14:48:57.764674,2,probes_2025_20260804T144211-baf6e6.json;probes_2025_20260804T144857-a65442.json
phase_graphics,param,p.Sketch Submission Description,,,String,missing=0;ok=31;unreadable=0;unsupported=0,0,ok,String,,,,2025,2026-08-04T14:42:11.384534,2026-08-04T14:48:57.764674,2,probes_2025_20260804T144211-baf6e6.json;probes_2025_20260804T144857-a65442.json
phase_graphics,param,p.Sketchy Lines,,,None,missing=0;ok=138;unreadable=0;unsupported=0,0,ok,None,,,,2025,2026-08-04T14:03:14.300203,2026-08-04T14:48:57.764674,3,probes_2025_20260804T140314-c44dde.json;probes_2025_20260804T144211-baf6e6.json;probes_2025_20260804T144857-a65442.json
phase_graphics,param,p.Sorting/Grouping,,,None,missing=0;ok=38;unreadable=0;unsupported=0,0,ok,None,,,,2025,2026-08-04T14:03:14.300203,2026-08-04T14:48:57.764674,3,probes_2025_20260804T140314-c44dde.json;probes_2025_20260804T144211-baf6e6.json;probes_2025_20260804T144857-a65442.json
phase_graphics,param,p.Stantec Project Number,,,String,missing=0;ok=18;unreadable=0;unsupported=0,0,ok,String,,,,2025,2026-08-04T14:48:57.764674,2026-08-04T14:48:57.764674,1,probes_2025_20260804T144857-a65442.json
phase_graphics,param,p.Sun Path,,,Integer,missing=0;ok=161;unreadable=0;unsupported=0,0,ok,Integer,0,No,0,2025,2026-08-04T14:03:14.300203,2026-08-04T14:48:57.764674,3,probes_2025_20260804T140314-c44dde.json;probes_2025_20260804T144211-baf6e6.json;probes_2025_20260804T144857-a65442.json
phase_graphics,param,p.System Color Schemes,,,None,missing=0;ok=111;unreadable=0;unsupported=0,0,ok,None,,,,2025,2026-08-04T14:03:14.300203,2026-08-04T14:48:57.764674,3,probes_2025_20260804T140314-c44dde.json;probes_2025_20260804T144211-baf6e6.json;probes_2025_20260804T144857-a65442.json
phase_graphics,param,p.Title on Sheet,,,String,missing=0;ok=57;unreadable=0;unsupported=0,0,ok,String,ENLARGED DOOR PLAN,ENLARGED DOOR PLAN,ENLARGED DOOR PLAN,2025,2026-08-04T14:03:14.300203,2026-08-04T14:48:57.764674,3,probes_2025_20260804T140314-c44dde.json;probes_2025_20260804T144211-baf6e6.json;probes_2025_20260804T144857-a65442.json
phase_graphics,param,p.Underlay Orientation,,,Integer,missing=0;ok=125;unreadable=0;unsupported=0,0,ok,Integer,0,Look down,0,2025,2026-08-04T14:03:14.300203,2026-08-04T14:48:57.764674,3,probes_2025_20260804T140314-c44dde.json;probes_2025_20260804T144211-baf6e6.json;probes_2025_20260804T144857-a65442.json
phase_graphics,param,p.V/G Overrides Analytical Model,,,None,missing=0;ok=139;unreadable=0;unsupported=0,0,ok,None,,,,2025,2026-08-04T14:03:14.300203,2026-08-04T14:48:57.764674,3,probes_2025_20260804T140314-c44dde.json;probes_2025_20260804T144211-baf6e6.json;probes_2025_20260804T144857-a65442.json
phase_graphics,param,p.V/G Overrides Annotation,,,None,missing=0;ok=139;unreadable=0;unsupported=0,0,ok,None,,,,2025,2026-08-04T14:03:14.300203,2026-08-04T14:48:57.764674,3,probes_2025_20260804T140314-c44dde.json;probes_2025_20260804T144211-baf6e6.json;probes_2025_20260804T144857-a65442.json
phase_graphics,param,p.V/G Overrides Design Options,,,None,missing=0;ok=50;unreadable=0;unsupported=0,0,ok,None,,,,2025,2026-08-04T14:03:14.300203,2026-08-04T14:03:14.300203,1,probes_2025_20260804T140314-c44dde.json
phase_graphics,param,p.V/G Overrides Filters,,,None,missing=0;ok=139;unreadable=0;unsupported=0,0,ok,None,,,,2025,2026-08-04T14:03:14.300203,2026-08-04T14:48:57.764674,3,probes_2025_20260804T140314-c44dde.json;probes_2025_20260804T144211-baf6e6.json;probes_2025_20260804T144857-a65442.json
phase_graphics,param,p.V/G Overrides Import,,,None,missing=0;ok=139;unreadable=0;unsupported=0,0,ok,None,,,,2025,2026-08-04T14:03:14.300203,2026-08-04T14:48:57.764674,3,probes_2025_20260804T140314-c44dde.json;probes_2025_20260804T144211-baf6e6.json;probes_2025_20260804T144857-a65442.json
phase_graphics,param,p.V/G Overrides Model,,,None,missing=0;ok=139;unreadable=0;unsupported=0,0,ok,None,,,,2025,2026-08-04T14:03:14.300203,2026-08-04T14:48:57.764674,3,probes_2025_20260804T140314-c44dde.json;probes_2025_20260804T144211-baf6e6.json;probes_2025_20260804T144857-a65442.json
phase_graphics,param,p.V/G Overrides RVT Links,,,None,missing=0;ok=138;unreadable=0;unsupported=0,0,ok,None,,,,2025,2026-08-04T14:03:14.300203,2026-08-04T14:48:57.764674,3,probes_2025_20260804T140314-c44dde.json;probes_2025_20260804T144211-baf6e6.json;probes_2025_20260804T144857-a65442.json
phase_graphics,param,p.V/G Overrides Worksets,,,None,missing=0;ok=139;unreadable=0;unsupported=0,0,ok,None,,,,2025,2026-08-04T14:03:14.300203,2026-08-04T14:48:57.764674,3,probes_2025_20260804T140314-c44dde.json;probes_2025_20260804T144211-baf6e6.json;probes_2025_20260804T144857-a65442.json
phase_graphics,param,p.VIEWS_Package,,,String,missing=0;ok=60;unreadable=0;unsupported=0,0,ok,String,,,,2025,2026-08-04T14:42:11.384534,2026-08-04T14:42:11.384534,1,probes_2025_20260804T144211-baf6e6.json
phase_graphics,param,p.VIEWS_View Type,,,String,missing=0;ok=60;unreadable=0;unsupported=0,0,ok,String,,,,2025,2026-08-04T14:42:11.384534,2026-08-04T14:42:11.384534,1,probes_2025_20260804T144211-baf6e6.json
phase_graphics,param,p.VWS Created By,,,String,missing=0;ok=64;unreadable=0;unsupported=0,0,ok,String,,,,2025,2026-08-04T14:48:57.764674,2026-08-04T14:48:57.764674,1,probes_2025_20260804T144857-a65442.json
phase_graphics,param,p.VWS Type,,,String,missing=0;ok=64;unreadable=0;unsupported=0,0,ok,String,,,,2025,2026-08-04T14:48:57.764674,2026-08-04T14:48:57.764674,1,probes_2025_20260804T144857-a65442.json
phase_graphics,param,p.VWS Use,,,String,missing=0;ok=64;unreadable=0;unsupported=0,0,ok,String,,,,2025,2026-08-04T14:48:57.764674,2026-08-04T14:48:57.764674,1,probes_2025_20260804T144857-a65442.json
phase_graphics,param,p.View Classification,,,String,missing=0;ok=154;unreadable=0;unsupported=0,0,ok,String,Documentation,Documentation,Documentation,2025,2026-08-04T14:42:11.384534,2026-08-04T14:48:57.764674,2,probes_2025_20260804T144211-baf6e6.json;probes_2025_20260804T144857-a65442.json
phase_graphics,param,p.View Creator Abbreviation,,,String,missing=0;ok=66;unreadable=0;unsupported=0,0,ok,String,,,,2025,2026-08-04T14:03:14.300203,2026-08-04T14:03:14.300203,1,probes_2025_20260804T140314-c44dde.json
phase_graphics,param,p.View Name,,,String,missing=0;ok=91;unreadable=0;unsupported=0,0,ok,String,LEVEL 1 PLAN,LEVEL 1 PLAN,LEVEL 1 PLAN,2025,2026-08-04T14:03:14.300203,2026-08-04T14:48:57.764674,3,probes_2025_20260804T140314-c44dde.json;probes_2025_20260804T144211-baf6e6.json;probes_2025_20260804T144857-a65442.json
phase_graphics,param,p.View Prefix,,,String,missing=0;ok=66;unreadable=0;unsupported=0,0,ok,String,,,,2025,2026-08-04T14:03:14.300203,2026-08-04T14:03:14.300203,1,probes_2025_20260804T140314-c44dde.json
phase_graphics,param,p.View Range,,,None,missing=0;ok=125;unreadable=0;unsupported=0,0,ok,None,,,,2025,2026-08-04T14:03:14.300203,2026-08-04T14:48:57.764674,3,probes_2025_20260804T140314-c44dde.json;probes_2025_20260804T144211-baf6e6.json;probes_2025_20260804T144857-a65442.json
phase_graphics,param,p.View Scale,,,Integer,missing=0;ok=196;unreadable=0;unsupported=0,0,ok,Integer,240," 1"" = 20'-0"" ",240,2025,2026-08-04T14:03:14.300203,2026-08-04T14:48:57.764674,3,probes_2025_20260804T140314-c44dde.json;probes_2025_20260804T144211-baf6e6.json;probes_2025_20260804T144857-a65442.json
phase_graphics,param,p.View Sheet Group,,,String,missing=0;ok=60;unreadable=0;unsupported=0,0,ok,String,,,,2025,2026-08-04T14:42:11.384534,2026-08-04T14:42:11.384534,1,probes_2025_20260804T144211-baf6e6.json
phase_graphics,param,p.View Sorting,,,String,missing=0;ok=64;unreadable=0;unsupported=0,0,ok,String,,,,2025,2026-08-04T14:48:57.764674,2026-08-04T14:48:57.764674,1,probes_2025_20260804T144857-a65442.json
phase_graphics,param,p.View Sub-Classification,,,String,missing=0;ok=154;unreadable=0;unsupported=0,0,ok,String,,,,2025,2026-08-04T14:42:11.384534,2026-08-04T14:48:57.764674,2,probes_2025_20260804T144211-baf6e6.json;probes_2025_20260804T144857-a65442.json
phase_graphics,param,p.View Sub-Discipline,,,String,missing=0;ok=124;unreadable=0;unsupported=0,0,ok,String,,,,2025,2026-08-04T14:42:11.384534,2026-08-04T14:48:57.764674,2,probes_2025_20260804T144211-baf6e6.json;probes_2025_20260804T144857-a65442.json
phase_graphics,param,p.View Template,,,ElementId,missing=0;ok=85;unreadable=0;unsupported=0,0,ok,ElementId,2812885,Floor Plan - Area,2812885,2025,2026-08-04T14:03:14.300203,2026-08-04T14:48:57.764674,3,probes_2025_20260804T140314-c44dde.json;probes_2025_20260804T144211-baf6e6.json;probes_2025_20260804T144857-a65442.json
phase_graphics,param,p.View Type,,,String,missing=0;ok=60;unreadable=0;unsupported=0,0,ok,String,,,,2025,2026-08-04T14:42:11.384534,2026-08-04T14:42:11.384534,1,probes_2025_20260804T144211-baf6e6.json
phase_graphics,param,p.View Unplaced Name,,,String,missing=0;ok=66;unreadable=0;unsupported=0,0,ok,String,,,,2025,2026-08-04T14:03:14.300203,2026-08-04T14:03:14.300203,1,probes_2025_20260804T140314-c44dde.json
phase_graphics,param,p.View Usage,,,String,missing=0;ok=66;unreadable=0;unsupported=0,0,ok,String,,,,2025,2026-08-04T14:03:14.300203,2026-08-04T14:03:14.300203,1,probes_2025_20260804T140314-c44dde.json
phase_graphics,param,p.Visibility/Graphics Overrides,,,None,missing=0;ok=116;unreadable=0;unsupported=0,0,ok,None,,,,2025,2026-08-04T14:03:14.300203,2026-08-04T14:48:57.764674,3,probes_2025_20260804T140314-c44dde.json;probes_2025_20260804T144211-baf6e6.json;probes_2025_20260804T144857-a65442.json
phase_graphics,param,p.Visible In Option,,,ElementId,missing=0;ok=5;unreadable=0;unsupported=0,0,ok,ElementId,,,,2025,2026-08-04T14:03:14.300203,2026-08-04T14:03:14.300203,1,probes_2025_20260804T140314-c44dde.json
phase_graphics,param,p.Visual Style,,,Integer,missing=0;ok=7;unreadable=0;unsupported=0,0,ok,Integer,2,Hidden Line,2,2025,2026-08-04T14:03:14.300203,2026-08-04T14:48:57.764674,3,probes_2025_20260804T140314-c44dde.json;probes_2025_20260804T144211-baf6e6.json;probes_2025_20260804T144857-a65442.json
phase_graphics,param,p.Volume Number / Description,,,String,missing=0;ok=13;unreadable=0;unsupported=0,0,ok,String,,,,2025,2026-08-04T14:42:11.384534,2026-08-04T14:42:11.384534,1,probes_2025_20260804T144211-baf6e6.json
phase_graphics,param,p.Wall Join Display,,,Integer,missing=0;ok=23;unreadable=0;unsupported=0,0,ok,Integer,0,Clean all wall joins,0,2025,2026-08-04T14:03:14.300203,2026-08-04T14:48:57.764674,3,probes_2025_20260804T140314-c44dde.json;probes_2025_20260804T144211-baf6e6.json;probes_2025_20260804T144857-a65442.json
phase_graphics,param,p.Workset,,,Integer,missing=0;ok=315;unreadable=0;unsupported=0,0,ok,Integer,186,"View Template ""Site Plan""",186,2025,2026-08-04T14:03:14.300203,2026-08-04T14:48:57.764674,3,probes_2025_20260804T140314-c44dde.json;probes_2025_20260804T144211-baf6e6.json;probes_2025_20260804T144857-a65442.json
phase_graphics,param,p._Not_To_Scale_Text,,,String,missing=0;ok=31;unreadable=0;unsupported=0,0,ok,String,,,,2025,2026-08-04T14:42:11.384534,2026-08-04T14:48:57.764674,2,probes_2025_20260804T144211-baf6e6.json;probes_2025_20260804T144857-a65442.json
phase_graphics,param,p.by Drawing Type,,,String,missing=0;ok=66;unreadable=0;unsupported=0,0,ok,String,,,,2025,2026-08-04T14:03:14.300203,2026-08-04T14:03:14.300203,1,probes_2025_20260804T140314-c44dde.json
phase_graphics,param,p.seq1,,,String,missing=0;ok=28;unreadable=0;unsupported=0,0,ok,String,,,,2025,2026-08-04T14:03:14.300203,2026-08-04T14:03:14.300203,1,probes_2025_20260804T140314-c44dde.json
phase_graphics,param,p.seq2,,,String,missing=0;ok=28;unreadable=0;unsupported=0,0,ok,String,,,,2025,2026-08-04T14:03:14.300203,2026-08-04T14:03:14.300203,1,probes_2025_20260804T140314-c44dde.json
phase_graphics,param,p.seq3,,,String,missing=0;ok=28;unreadable=0;unsupported=0,0,ok,String,,,,2025,2026-08-04T14:03:14.300203,2026-08-04T14:03:14.300203,1,probes_2025_20260804T140314-c44dde.json
phase_graphics,param,p.seq4,,,String,missing=0;ok=28;unreadable=0;unsupported=0,0,ok,String,,,,2025,2026-08-04T14:03:14.300203,2026-08-04T14:03:14.300203,1,probes_2025_20260804T140314-c44dde.json
phase_graphics,param,p.seq5,,,String,missing=0;ok=28;unreadable=0;unsupported=0,0,ok,String,,,,2025,2026-08-04T14:03:14.300203,2026-08-04T14:03:14.300203,1,probes_2025_20260804T140314-c44dde.json
phase_graphics,param,p.seq6,,,String,missing=0;ok=28;unreadable=0;unsupported=0,0,ok,String,,,,2025,2026-08-04T14:03:14.300203,2026-08-04T14:03:14.300203,1,probes_2025_20260804T140314-c44dde.json
phase_graphics,param,p.seq7,,,String,missing=0;ok=28;unreadable=0;unsupported=0,0,ok,String,,,,2025,2026-08-04T14:03:14.300203,2026-08-04T14:03:14.300203,1,probes_2025_20260804T140314-c44dde.json
phase_graphics,param,p.seq8,,,String,missing=0;ok=28;unreadable=0;unsupported=0,0,ok,String,,,,2025,2026-08-04T14:03:14.300203,2026-08-04T14:03:14.300203,1,probes_2025_20260804T140314-c44dde.json
phase_graphics,param,p.zzOn_Sheet_Flag,,,Integer,missing=0;ok=66;unreadable=0;unsupported=0,0,ok,Integer,0,0,0,2025,2026-08-04T14:03:14.300203,2026-08-04T14:03:14.300203,1,probes_2025_20260804T140314-c44dde.json
phase_graphics,reflection,refl.View.AllowsAnalysisDisplay,method,View,,,3,ok,String,<method not invoked>,<method not invoked>,<method not invoked>,2025,2026-08-04T14:03:14.300203,2026-08-04T14:48:57.764674,3,probes_2025_20260804T140314-c44dde.json;probes_2025_20260804T144211-baf6e6.json;probes_2025_20260804T144857-a65442.json
phase_graphics,reflection,refl.View.AnalysisDisplayStyleId,property,View,,,3,ok,ElementId,-1,-1,-1,2025,2026-08-04T14:03:14.300203,2026-08-04T14:48:57.764674,3,probes_2025_20260804T140314-c44dde.json;probes_2025_20260804T144211-baf6e6.json;probes_2025_20260804T144857-a65442.json
phase_graphics,reflection,refl.View.AreAnalyticalModelCategoriesHidden,property,View,,,6,ok,Integer,0,False,0,2025,2026-08-04T14:03:14.300203,2026-08-04T14:48:57.764674,3,probes_2025_20260804T140314-c44dde.json;probes_2025_20260804T144211-baf6e6.json;probes_2025_20260804T144857-a65442.json
phase_graphics,reflection,refl.View.AreAnnotationCategoriesHidden,property,View,,,5,ok,Integer,0,False,0,2025,2026-08-04T14:03:14.300203,2026-08-04T14:48:57.764674,3,probes_2025_20260804T140314-c44dde.json;probes_2025_20260804T144211-baf6e6.json;probes_2025_20260804T144857-a65442.json
phase_graphics,reflection,refl.View.AreCoordinationModelHandlesHidden,property,View,,,3,ok,Integer,0,False,0,2025,2026-08-04T14:03:14.300203,2026-08-04T14:48:57.764674,3,probes_2025_20260804T140314-c44dde.json;probes_2025_20260804T144211-baf6e6.json;probes_2025_20260804T144857-a65442.json
phase_graphics,reflection,refl.View.AreGraphicsOverridesAllowed,method,View,,,3,ok,String,<method not invoked>,<method not invoked>,<method not invoked>,2025,2026-08-04T14:03:14.300203,2026-08-04T14:48:57.764674,3,probes_2025_20260804T140314-c44dde.json;probes_2025_20260804T144211-baf6e6.json;probes_2025_20260804T144857-a65442.json
phase_graphics,reflection,refl.View.AreImportCategoriesHidden,property,View,,,4,ok,Integer,0,False,0,2025,2026-08-04T14:03:14.300203,2026-08-04T14:48:57.764674,3,probes_2025_20260804T140314-c44dde.json;probes_2025_20260804T144211-baf6e6.json;probes_2025_20260804T144857-a65442.json
phase_graphics,reflection,refl.View.AreModelCategoriesHidden,property,View,,,3,ok,Integer,0,False,0,2025,2026-08-04T14:03:14.300203,2026-08-04T14:48:57.764674,3,probes_2025_20260804T140314-c44dde.json;probes_2025_20260804T144211-baf6e6.json;probes_2025_20260804T144857-a65442.json
phase_graphics,reflection,refl.View.ArePhasesModifiable,method,View,,,3,ok,String,<method not invoked>,<method not invoked>,<method not invoked>,2025,2026-08-04T14:03:14.300203,2026-08-04T14:48:57.764674,3,probes_2025_20260804T140314-c44dde.json;probes_2025_20260804T144211-baf6e6.json;probes_2025_20260804T144857-a65442.json
phase_graphics,reflection,refl.View.ArePointCloudsHidden,property,View,,,3,ok,Integer,0,False,0,2025,2026-08-04T14:03:14.300203,2026-08-04T14:48:57.764674,3,probes_2025_20260804T140314-c44dde.json;probes_2025_20260804T144211-baf6e6.json;probes_2025_20260804T144857-a65442.json
phase_graphics,reflection,refl.View.AreaScheme,property,View,,,3,missing,None,,,,2025,2026-08-04T14:03:14.300203,2026-08-04T14:48:57.764674,3,probes_2025_20260804T140314-c44dde.json;probes_2025_20260804T144211-baf6e6.json;probes_2025_20260804T144857-a65442.json
phase_graphics,reflection,refl.View.AssemblyInstanceId,property,View,,,3,ok,ElementId,-1,-1,-1,2025,2026-08-04T14:03:14.300203,2026-08-04T14:48:57.764674,3,probes_2025_20260804T140314-c44dde.json;probes_2025_20260804T144211-baf6e6.json;probes_2025_20260804T144857-a65442.json
phase_graphics,reflection,refl.View.AssociatedAssemblyInstanceId,property,View,,,3,ok,ElementId,-1,-1,-1,2025,2026-08-04T14:03:14.300203,2026-08-04T14:48:57.764674,3,probes_2025_20260804T140314-c44dde.json;probes_2025_20260804T144211-baf6e6.json;probes_2025_20260804T144857-a65442.json
phase_graphics,reflection,refl.View.BodyTextTypeId,property,View,,,5,ok,ElementId,10352,10352,10352,2025,2026-08-04T14:03:14.300203,2026-08-04T14:48:57.764674,3,probes_2025_20260804T140314-c44dde.json;probes_2025_20260804T144211-baf6e6.json;probes_2025_20260804T144857-a65442.json
phase_graphics,reflection,refl.View.CanBeLocked,method,View,,,3,ok,String,<method not invoked>,<method not invoked>,<method not invoked>,2025,2026-08-04T14:03:14.300203,2026-08-04T14:48:57.764674,3,probes_2025_20260804T140314-c44dde.json;probes_2025_20260804T144211-baf6e6.json;probes_2025_20260804T144857-a65442.json
phase_graphics,reflection,refl.View.CanBePrinted,property,View,,,6,ok,Integer,0,False,0,2025,2026-08-04T14:03:14.300203,2026-08-04T14:48:57.764674,3,probes_2025_20260804T140314-c44dde.json;probes_2025_20260804T144211-baf6e6.json;probes_2025_20260804T144857-a65442.json
phase_graphics,reflection,refl.View.CanEnableTemporaryViewPropertiesMode,method,View,,,3,ok,String,<method not invoked>,<method not invoked>,<method not invoked>,2025,2026-08-04T14:03:14.300203,2026-08-04T14:48:57.764674,3,probes_2025_20260804T140314-c44dde.json;probes_2025_20260804T144211-baf6e6.json;probes_2025_20260804T144857-a65442.json
phase_graphics,reflection,refl.View.CanHaveTypeAssigned,method,View,,,3,ok,String,<method not invoked>,<method not invoked>,<method not invoked>,2025,2026-08-04T14:03:14.300203,2026-08-04T14:48:57.764674,3,probes_2025_20260804T140314-c44dde.json;probes_2025_20260804T144211-baf6e6.json;probes_2025_20260804T144857-a65442.json
phase_graphics,reflection,refl.View.CanModifyDetailLevel,method,View,,,3,ok,String,<method not invoked>,<method not invoked>,<method not invoked>,2025,2026-08-04T14:03:14.300203,2026-08-04T14:48:57.764674,3,probes_2025_20260804T140314-c44dde.json;probes_2025_20260804T144211-baf6e6.json;probes_2025_20260804T144857-a65442.json
phase_graphics,reflection,refl.View.CanModifyDisplayStyle,method,View,,,3,ok,String,<method not invoked>,<method not invoked>,<method not invoked>,2025,2026-08-04T14:03:14.300203,2026-08-04T14:48:57.764674,3,probes_2025_20260804T140314-c44dde.json;probes_2025_20260804T144211-baf6e6.json;probes_2025_20260804T144857-a65442.json
phase_graphics,reflection,refl.View.CanModifyViewDiscipline,method,View,,,3,ok,String,<method not invoked>,<method not invoked>,<method not invoked>,2025,2026-08-04T14:03:14.300203,2026-08-04T14:48:57.764674,3,probes_2025_20260804T140314-c44dde.json;probes_2025_20260804T144211-baf6e6.json;probes_2025_20260804T144857-a65442.json
phase_graphics,reflection,refl.View.CanResetCameraTarget,method,View,,,2,ok,String,<method not invoked>,<method not invoked>,<method not invoked>,2025,2026-08-04T14:03:14.300203,2026-08-04T14:48:57.764674,2,probes_2025_20260804T140314-c44dde.json;probes_2025_20260804T144857-a65442.json
phase_graphics,reflection,refl.View.CanSaveOrientation,method,View,,,2,ok,String,<method not invoked>,<method not invoked>,<method not invoked>,2025,2026-08-04T14:03:14.300203,2026-08-04T14:48:57.764674,2,probes_2025_20260804T140314-c44dde.json;probes_2025_20260804T144857-a65442.json
phase_graphics,reflection,refl.View.CanToggleBetweenPerspectiveAndIsometric,method,View,,,2,ok,String,<method not invoked>,<method not invoked>,<method not invoked>,2025,2026-08-04T14:03:14.300203,2026-08-04T14:48:57.764674,2,probes_2025_20260804T140314-c44dde.json;probes_2025_20260804T144857-a65442.json
phase_graphics,reflection,refl.View.CanUseDepthCueing,method,View,,,3,ok,String,<method not invoked>,<method not invoked>,<method not invoked>,2025,2026-08-04T14:03:14.300203,2026-08-04T14:48:57.764674,3,probes_2025_20260804T140314-c44dde.json;probes_2025_20260804T144211-baf6e6.json;probes_2025_20260804T144857-a65442.json
phase_graphics,reflection,refl.View.CanUseTemporaryVisibilityModes,method,View,,,3,ok,String,<method not invoked>,<method not invoked>,<method not invoked>,2025,2026-08-04T14:03:14.300203,2026-08-04T14:48:57.764674,3,probes_2025_20260804T140314-c44dde.json;probes_2025_20260804T144211-baf6e6.json;probes_2025_20260804T144857-a65442.json
phase_graphics,reflection,refl.View.Category,property,View,,,3,unsupported,None,,,,2025,2026-08-04T14:03:14.300203,2026-08-04T14:48:57.764674,3,probes_2025_20260804T140314-c44dde.json;probes_2025_20260804T144211-baf6e6.json;probes_2025_20260804T144857-a65442.json
phase_graphics,reflection,refl.View.ConvertTemporaryHideIsolateToPermanent,method,View,,,3,ok,String,<method not invoked>,<method not invoked>,<method not invoked>,2025,2026-08-04T14:03:14.300203,2026-08-04T14:48:57.764674,3,probes_2025_20260804T140314-c44dde.json;probes_2025_20260804T144211-baf6e6.json;probes_2025_20260804T144857-a65442.json
phase_graphics,reflection,refl.View.ConvertToIndependent,method,View,,,3,ok,String,<method not invoked>,<method not invoked>,<method not invoked>,2025,2026-08-04T14:03:14.300203,2026-08-04T14:48:57.764674,3,probes_2025_20260804T140314-c44dde.json;probes_2025_20260804T144211-baf6e6.json;probes_2025_20260804T144857-a65442.json
phase_graphics,reflection,refl.View.CreateViewTemplate,method,View,,,3,ok,String,<method not invoked>,<method not invoked>,<method not invoked>,2025,2026-08-04T14:03:14.300203,2026-08-04T14:48:57.764674,3,probes_2025_20260804T140314-c44dde.json;probes_2025_20260804T144211-baf6e6.json;probes_2025_20260804T144857-a65442.json
phase_graphics,reflection,refl.View.CreatedPhaseId,property,View,,,3,ok,ElementId,-1,-1,-1,2025,2026-08-04T14:03:14.300203,2026-08-04T14:48:57.764674,3,probes_2025_20260804T140314-c44dde.json;probes_2025_20260804T144211-baf6e6.json;probes_2025_20260804T144857-a65442.json
phase_graphics,reflection,refl.View.CropBox,property,View,,,3,missing,None,,,,2025,2026-08-04T14:03:14.300203,2026-08-04T14:48:57.764674,3,probes_2025_20260804T140314-c44dde.json;probes_2025_20260804T144211-baf6e6.json;probes_2025_20260804T144857-a65442.json
phase_graphics,reflection,refl.View.CropBoxActive,property,View,,,4,ok,Integer,1,True,1,2025,2026-08-04T14:03:14.300203,2026-08-04T14:48:57.764674,3,probes_2025_20260804T140314-c44dde.json;probes_2025_20260804T144211-baf6e6.json;probes_2025_20260804T144857-a65442.json
phase_graphics,reflection,refl.View.CropBoxVisible,property,View,,,4,ok,Integer,1,True,1,2025,2026-08-04T14:03:14.300203,2026-08-04T14:48:57.764674,3,probes_2025_20260804T140314-c44dde.json;probes_2025_20260804T144211-baf6e6.json;probes_2025_20260804T144857-a65442.json
phase_graphics,reflection,refl.View.Definition,property,View,,,3,unsupported,None,,,,2025,2026-08-04T14:03:14.300203,2026-08-04T14:48:57.764674,3,probes_2025_20260804T140314-c44dde.json;probes_2025_20260804T144211-baf6e6.json;probes_2025_20260804T144857-a65442.json
phase_graphics,reflection,refl.View.DemolishedPhaseId,property,View,,,3,ok,ElementId,-1,-1,-1,2025,2026-08-04T14:03:14.300203,2026-08-04T14:48:57.764674,3,probes_2025_20260804T140314-c44dde.json;probes_2025_20260804T144211-baf6e6.json;probes_2025_20260804T144857-a65442.json
phase_graphics,reflection,refl.View.DesignOption,property,View,,,3,missing,None,,,,2025,2026-08-04T14:03:14.300203,2026-08-04T14:48:57.764674,3,probes_2025_20260804T140314-c44dde.json;probes_2025_20260804T144211-baf6e6.json;probes_2025_20260804T144857-a65442.json
phase_graphics,reflection,refl.View.DetailLevel,property,View,,,12,ok,Integer,1,1,1,2025,2026-08-04T14:03:14.300203,2026-08-04T14:48:57.764674,3,probes_2025_20260804T140314-c44dde.json;probes_2025_20260804T144211-baf6e6.json;probes_2025_20260804T144857-a65442.json
phase_graphics,reflection,refl.View.Discipline,property,View,,,6,ok,Integer,1,1,1,2025,2026-08-04T14:03:14.300203,2026-08-04T14:48:57.764674,3,probes_2025_20260804T140314-c44dde.json;probes_2025_20260804T144211-baf6e6.json;probes_2025_20260804T144857-a65442.json
phase_graphics,reflection,refl.View.DisplayStyle,property,View,,,8,ok,Integer,2,2,2,2025,2026-08-04T14:03:14.300203,2026-08-04T14:48:57.764674,3,probes_2025_20260804T140314-c44dde.json;probes_2025_20260804T144211-baf6e6.json;probes_2025_20260804T144857-a65442.json
phase_graphics,reflection,refl.View.Document,property,View,,,3,unsupported,None,,,,2025,2026-08-04T14:03:14.300203,2026-08-04T14:48:57.764674,3,probes_2025_20260804T140314-c44dde.json;probes_2025_20260804T144211-baf6e6.json;probes_2025_20260804T144857-a65442.json
phase_graphics,reflection,refl.View.EmbeddedDefinition,property,View,,,3,missing,None,,,,2025,2026-08-04T14:03:14.300203,2026-08-04T14:48:57.764674,3,probes_2025_20260804T140314-c44dde.json;probes_2025_20260804T144211-baf6e6.json;probes_2025_20260804T144857-a65442.json
phase_graphics,reflection,refl.View.EnableRevealHiddenMode,method,View,,,3,ok,String,<method not invoked>,<method not invoked>,<method not invoked>,2025,2026-08-04T14:03:14.300203,2026-08-04T14:48:57.764674,3,probes_2025_20260804T140314-c44dde.json;probes_2025_20260804T144211-baf6e6.json;probes_2025_20260804T144857-a65442.json
phase_graphics,reflection,refl.View.EvaluateAllParameterValues,method,View,,,3,ok,String,<method not invoked>,<method not invoked>,<method not invoked>,2025,2026-08-04T14:03:14.300203,2026-08-04T14:48:57.764674,3,probes_2025_20260804T140314-c44dde.json;probes_2025_20260804T144211-baf6e6.json;probes_2025_20260804T144857-a65442.json
phase_graphics,reflection,refl.View.GenLevel,property,View,,,3,missing,None,,,,2025,2026-08-04T14:03:14.300203,2026-08-04T14:48:57.764674,3,probes_2025_20260804T140314-c44dde.json;probes_2025_20260804T144211-baf6e6.json;probes_2025_20260804T144857-a65442.json
phase_graphics,reflection,refl.View.GetAdditionalRevisionIds,method,View,,,3,ok,String,<method not invoked>,<method not invoked>,<method not invoked>,2025,2026-08-04T14:03:14.300203,2026-08-04T14:48:57.764674,3,probes_2025_20260804T140314-c44dde.json;probes_2025_20260804T144211-baf6e6.json;probes_2025_20260804T144857-a65442.json
phase_graphics,reflection,refl.View.GetAllPlacedViews,method,View,,,3,ok,String,<method not invoked>,<method not invoked>,<method not invoked>,2025,2026-08-04T14:03:14.300203,2026-08-04T14:48:57.764674,3,probes_2025_20260804T140314-c44dde.json;probes_2025_20260804T144211-baf6e6.json;probes_2025_20260804T144857-a65442.json
phase_graphics,reflection,refl.View.GetAllRevisionCloudIds,method,View,,,3,ok,String,<method not invoked>,<method not invoked>,<method not invoked>,2025,2026-08-04T14:03:14.300203,2026-08-04T14:48:57.764674,3,probes_2025_20260804T140314-c44dde.json;probes_2025_20260804T144211-baf6e6.json;probes_2025_20260804T144857-a65442.json
phase_graphics,reflection,refl.View.GetAllRevisionIds,method,View,,,3,ok,String,<method not invoked>,<method not invoked>,<method not invoked>,2025,2026-08-04T14:03:14.300203,2026-08-04T14:48:57.764674,3,probes_2025_20260804T140314-c44dde.json;probes_2025_20260804T144211-baf6e6.json;probes_2025_20260804T144857-a65442.json
phase_graphics,reflection,refl.View.GetAllViewports,method,View,,,3,ok,String,<method not invoked>,<method not invoked>,<method not invoked>,2025,2026-08-04T14:03:14.300203,2026-08-04T14:48:57.764674,3,probes_2025_20260804T140314-c44dde.json;probes_2025_20260804T144211-baf6e6.json;probes_2025_20260804T144857-a65442.json
phase_graphics,reflection,refl.View.GetBackground,method,View,,,3,ok,String,<method not invoked>,<method not invoked>,<method not invoked>,2025,2026-08-04T14:03:14.300203,2026-08-04T14:48:57.764674,3,probes_2025_20260804T140314-c44dde.json;probes_2025_20260804T144211-baf6e6.json;probes_2025_20260804T144857-a65442.json
phase_graphics,reflection,refl.View.GetCalloutParentId,method,View,,,3,ok,String,<method not invoked>,<method not invoked>,<method not invoked>,2025,2026-08-04T14:03:14.300203,2026-08-04T14:48:57.764674,3,probes_2025_20260804T140314-c44dde.json;probes_2025_20260804T144211-baf6e6.json;probes_2025_20260804T144857-a65442.json
phase_graphics,reflection,refl.View.GetCropRegionShapeManager,method,View,,,3,ok,String,<method not invoked>,<method not invoked>,<method not invoked>,2025,2026-08-04T14:03:14.300203,2026-08-04T14:48:57.764674,3,probes_2025_20260804T140314-c44dde.json;probes_2025_20260804T144211-baf6e6.json;probes_2025_20260804T144857-a65442.json
phase_graphics,reflection,refl.View.GetCurrentRevision,method,View,,,3,ok,String,<method not invoked>,<method not invoked>,<method not invoked>,2025,2026-08-04T14:03:14.300203,2026-08-04T14:48:57.764674,3,probes_2025_20260804T140314-c44dde.json;probes_2025_20260804T144211-baf6e6.json;probes_2025_20260804T144857-a65442.json
phase_graphics,reflection,refl.View.GetDependentViewIds,method,View,,,3,ok,String,<method not invoked>,<method not invoked>,<method not invoked>,2025,2026-08-04T14:03:14.300203,2026-08-04T14:48:57.764674,3,probes_2025_20260804T140314-c44dde.json;probes_2025_20260804T144211-baf6e6.json;probes_2025_20260804T144857-a65442.json
phase_graphics,reflection,refl.View.GetDepthCueing,method,View,,,3,ok,String,<method not invoked>,<method not invoked>,<method not invoked>,2025,2026-08-04T14:03:14.300203,2026-08-04T14:48:57.764674,3,probes_2025_20260804T140314-c44dde.json;probes_2025_20260804T144211-baf6e6.json;probes_2025_20260804T144857-a65442.json
phase_graphics,reflection,refl.View.GetDirectContext3DHandleOverrides,method,View,,,3,ok,String,<method not invoked>,<method not invoked>,<method not invoked>,2025,2026-08-04T14:03:14.300203,2026-08-04T14:48:57.764674,3,probes_2025_20260804T140314-c44dde.json;probes_2025_20260804T144211-baf6e6.json;probes_2025_20260804T144857-a65442.json
phase_graphics,reflection,refl.View.GetEntitySchemaGuids,method,View,,,3,ok,String,<method not invoked>,<method not invoked>,<method not invoked>,2025,2026-08-04T14:03:14.300203,2026-08-04T14:48:57.764674,3,probes_2025_20260804T140314-c44dde.json;probes_2025_20260804T144211-baf6e6.json;probes_2025_20260804T144857-a65442.json
phase_graphics,reflection,refl.View.GetExternalFileReference,method,View,,,3,ok,String,<method not invoked>,<method not invoked>,<method not invoked>,2025,2026-08-04T14:03:14.300203,2026-08-04T14:48:57.764674,3,probes_2025_20260804T140314-c44dde.json;probes_2025_20260804T144211-baf6e6.json;probes_2025_20260804T144857-a65442.json
phase_graphics,reflection,refl.View.GetExternalResourceReferences,method,View,,,3,ok,String,<method not invoked>,<method not invoked>,<method not invoked>,2025,2026-08-04T14:03:14.300203,2026-08-04T14:48:57.764674,3,probes_2025_20260804T140314-c44dde.json;probes_2025_20260804T144211-baf6e6.json;probes_2025_20260804T144857-a65442.json
phase_graphics,reflection,refl.View.GetExternalResourceReferencesExpanded,method,View,,,3,ok,String,<method not invoked>,<method not invoked>,<method not invoked>,2025,2026-08-04T14:03:14.300203,2026-08-04T14:48:57.764674,3,probes_2025_20260804T140314-c44dde.json;probes_2025_20260804T144211-baf6e6.json;probes_2025_20260804T144857-a65442.json
phase_graphics,reflection,refl.View.GetFilters,method,View,,,3,ok,String,<method not invoked>,<method not invoked>,<method not invoked>,2025,2026-08-04T14:03:14.300203,2026-08-04T14:48:57.764674,3,probes_2025_20260804T140314-c44dde.json;probes_2025_20260804T144211-baf6e6.json;probes_2025_20260804T144857-a65442.json
phase_graphics,reflection,refl.View.GetLevelsThatShowGrids,method,View,,,2,ok,String,<method not invoked>,<method not invoked>,<method not invoked>,2025,2026-08-04T14:03:14.300203,2026-08-04T14:48:57.764674,2,probes_2025_20260804T140314-c44dde.json;probes_2025_20260804T144857-a65442.json
phase_graphics,reflection,refl.View.GetModelToProjectionTransforms,method,View,,,3,ok,String,<method not invoked>,<method not invoked>,<method not invoked>,2025,2026-08-04T14:03:14.300203,2026-08-04T14:48:57.764674,3,probes_2025_20260804T140314-c44dde.json;probes_2025_20260804T144211-baf6e6.json;probes_2025_20260804T144857-a65442.json
phase_graphics,reflection,refl.View.GetMonitoredLinkElementIds,method,View,,,3,ok,String,<method not invoked>,<method not invoked>,<method not invoked>,2025,2026-08-04T14:03:14.300203,2026-08-04T14:48:57.764674,3,probes_2025_20260804T140314-c44dde.json;probes_2025_20260804T144211-baf6e6.json;probes_2025_20260804T144857-a65442.json
phase_graphics,reflection,refl.View.GetMonitoredLocalElementIds,method,View,,,3,ok,String,<method not invoked>,<method not invoked>,<method not invoked>,2025,2026-08-04T14:03:14.300203,2026-08-04T14:48:57.764674,3,probes_2025_20260804T140314-c44dde.json;probes_2025_20260804T144211-baf6e6.json;probes_2025_20260804T144857-a65442.json
phase_graphics,reflection,refl.View.GetNonControlledTemplateParameterIds,method,View,,,3,ok,String,<method not invoked>,<method not invoked>,<method not invoked>,2025,2026-08-04T14:03:14.300203,2026-08-04T14:48:57.764674,3,probes_2025_20260804T140314-c44dde.json;probes_2025_20260804T144211-baf6e6.json;probes_2025_20260804T144857-a65442.json
phase_graphics,reflection,refl.View.GetOrderedFilters,method,View,,,3,ok,String,<method not invoked>,<method not invoked>,<method not invoked>,2025,2026-08-04T14:03:14.300203,2026-08-04T14:48:57.764674,3,probes_2025_20260804T140314-c44dde.json;probes_2025_20260804T144211-baf6e6.json;probes_2025_20260804T144857-a65442.json
phase_graphics,reflection,refl.View.GetOrderedParameters,method,View,,,3,ok,String,<method not invoked>,<method not invoked>,<method not invoked>,2025,2026-08-04T14:03:14.300203,2026-08-04T14:48:57.764674,3,probes_2025_20260804T140314-c44dde.json;probes_2025_20260804T144211-baf6e6.json;probes_2025_20260804T144857-a65442.json
phase_graphics,reflection,refl.View.GetOrientation,method,View,,,2,ok,String,<method not invoked>,<method not invoked>,<method not invoked>,2025,2026-08-04T14:03:14.300203,2026-08-04T14:48:57.764674,2,probes_2025_20260804T140314-c44dde.json;probes_2025_20260804T144857-a65442.json
phase_graphics,reflection,refl.View.GetPlacementOnSheetStatus,method,View,,,3,ok,String,<method not invoked>,<method not invoked>,<method not invoked>,2025,2026-08-04T14:03:14.300203,2026-08-04T14:48:57.764674,3,probes_2025_20260804T140314-c44dde.json;probes_2025_20260804T144211-baf6e6.json;probes_2025_20260804T144857-a65442.json
phase_graphics,reflection,refl.View.GetPointCloudOverrides,method,View,,,3,ok,String,<method not invoked>,<method not invoked>,<method not invoked>,2025,2026-08-04T14:03:14.300203,2026-08-04T14:48:57.764674,3,probes_2025_20260804T140314-c44dde.json;probes_2025_20260804T144211-baf6e6.json;probes_2025_20260804T144857-a65442.json
phase_graphics,reflection,refl.View.GetPrimaryViewId,method,View,,,3,ok,String,<method not invoked>,<method not invoked>,<method not invoked>,2025,2026-08-04T14:03:14.300203,2026-08-04T14:48:57.764674,3,probes_2025_20260804T140314-c44dde.json;probes_2025_20260804T144211-baf6e6.json;probes_2025_20260804T144857-a65442.json
phase_graphics,reflection,refl.View.GetReferenceCallouts,method,View,,,3,ok,String,<method not invoked>,<method not invoked>,<method not invoked>,2025,2026-08-04T14:03:14.300203,2026-08-04T14:48:57.764674,3,probes_2025_20260804T140314-c44dde.json;probes_2025_20260804T144211-baf6e6.json;probes_2025_20260804T144857-a65442.json
phase_graphics,reflection,refl.View.GetReferenceElevations,method,View,,,3,ok,String,<method not invoked>,<method not invoked>,<method not invoked>,2025,2026-08-04T14:03:14.300203,2026-08-04T14:48:57.764674,3,probes_2025_20260804T140314-c44dde.json;probes_2025_20260804T144211-baf6e6.json;probes_2025_20260804T144857-a65442.json
phase_graphics,reflection,refl.View.GetReferenceSections,method,View,,,3,ok,String,<method not invoked>,<method not invoked>,<method not invoked>,2025,2026-08-04T14:03:14.300203,2026-08-04T14:48:57.764674,3,probes_2025_20260804T140314-c44dde.json;probes_2025_20260804T144211-baf6e6.json;probes_2025_20260804T144857-a65442.json
phase_graphics,reflection,refl.View.GetRenderingSettings,method,View,,,2,ok,String,<method not invoked>,<method not invoked>,<method not invoked>,2025,2026-08-04T14:03:14.300203,2026-08-04T14:48:57.764674,2,probes_2025_20260804T140314-c44dde.json;probes_2025_20260804T144857-a65442.json
phase_graphics,reflection,refl.View.GetSavedOrientation,method,View,,,2,ok,String,<method not invoked>,<method not invoked>,<method not invoked>,2025,2026-08-04T14:03:14.300203,2026-08-04T14:48:57.764674,2,probes_2025_20260804T140314-c44dde.json;probes_2025_20260804T144857-a65442.json
phase_graphics,reflection,refl.View.GetScheduleHeightsOnSheet,method,View,,,3,ok,String,<method not invoked>,<method not invoked>,<method not invoked>,2025,2026-08-04T14:03:14.300203,2026-08-04T14:48:57.764674,3,probes_2025_20260804T140314-c44dde.json;probes_2025_20260804T144211-baf6e6.json;probes_2025_20260804T144857-a65442.json
phase_graphics,reflection,refl.View.GetSectionBox,method,View,,,2,ok,String,<method not invoked>,<method not invoked>,<method not invoked>,2025,2026-08-04T14:03:14.300203,2026-08-04T14:48:57.764674,2,probes_2025_20260804T140314-c44dde.json;probes_2025_20260804T144857-a65442.json
phase_graphics,reflection,refl.View.GetSegmentCount,method,View,,,3,ok,String,<method not invoked>,<method not invoked>,<method not invoked>,2025,2026-08-04T14:03:14.300203,2026-08-04T14:48:57.764674,3,probes_2025_20260804T140314-c44dde.json;probes_2025_20260804T144211-baf6e6.json;probes_2025_20260804T144857-a65442.json
phase_graphics,reflection,refl.View.GetSketchyLines,method,View,,,3,ok,String,<method not invoked>,<method not invoked>,<method not invoked>,2025,2026-08-04T14:03:14.300203,2026-08-04T14:48:57.764674,3,probes_2025_20260804T140314-c44dde.json;probes_2025_20260804T144211-baf6e6.json;probes_2025_20260804T144857-a65442.json
phase_graphics,reflection,refl.View.GetSubelements,method,View,,,3,ok,String,<method not invoked>,<method not invoked>,<method not invoked>,2025,2026-08-04T14:03:14.300203,2026-08-04T14:48:57.764674,3,probes_2025_20260804T140314-c44dde.json;probes_2025_20260804T144211-baf6e6.json;probes_2025_20260804T144857-a65442.json
phase_graphics,reflection,refl.View.GetTableData,method,View,,,3,ok,String,<method not invoked>,<method not invoked>,<method not invoked>,2025,2026-08-04T14:03:14.300203,2026-08-04T14:48:57.764674,3,probes_2025_20260804T140314-c44dde.json;probes_2025_20260804T144211-baf6e6.json;probes_2025_20260804T144857-a65442.json
phase_graphics,reflection,refl.View.GetTemplateParameterIds,method,View,,,3,ok,String,<method not invoked>,<method not invoked>,<method not invoked>,2025,2026-08-04T14:03:14.300203,2026-08-04T14:48:57.764674,3,probes_2025_20260804T140314-c44dde.json;probes_2025_20260804T144211-baf6e6.json;probes_2025_20260804T144857-a65442.json
phase_graphics,reflection,refl.View.GetTemporaryViewPropertiesId,method,View,,,3,ok,String,<method not invoked>,<method not invoked>,<method not invoked>,2025,2026-08-04T14:03:14.300203,2026-08-04T14:48:57.764674,3,probes_2025_20260804T140314-c44dde.json;probes_2025_20260804T144211-baf6e6.json;probes_2025_20260804T144857-a65442.json
phase_graphics,reflection,refl.View.GetTemporaryViewPropertiesName,method,View,,,3,ok,String,<method not invoked>,<method not invoked>,<method not invoked>,2025,2026-08-04T14:03:14.300203,2026-08-04T14:48:57.764674,3,probes_2025_20260804T140314-c44dde.json;probes_2025_20260804T144211-baf6e6.json;probes_2025_20260804T144857-a65442.json
phase_graphics,reflection,refl.View.GetTypeId,method,View,,,3,ok,String,<method not invoked>,<method not invoked>,<method not invoked>,2025,2026-08-04T14:03:14.300203,2026-08-04T14:48:57.764674,3,probes_2025_20260804T140314-c44dde.json;probes_2025_20260804T144211-baf6e6.json;probes_2025_20260804T144857-a65442.json
phase_graphics,reflection,refl.View.GetUnderlayBaseLevel,method,View,,,3,ok,String,<method not invoked>,<method not invoked>,<method not invoked>,2025,2026-08-04T14:03:14.300203,2026-08-04T14:48:57.764674,3,probes_2025_20260804T140314-c44dde.json;probes_2025_20260804T144211-baf6e6.json;probes_2025_20260804T144857-a65442.json
phase_graphics,reflection,refl.View.GetUnderlayOrientation,method,View,,,3,ok,String,<method not invoked>,<method not invoked>,<method not invoked>,2025,2026-08-04T14:03:14.300203,2026-08-04T14:48:57.764674,3,probes_2025_20260804T140314-c44dde.json;probes_2025_20260804T144211-baf6e6.json;probes_2025_20260804T144857-a65442.json
phase_graphics,reflection,refl.View.GetUnderlayTopLevel,method,View,,,3,ok,String,<method not invoked>,<method not invoked>,<method not invoked>,2025,2026-08-04T14:03:14.300203,2026-08-04T14:48:57.764674,3,probes_2025_20260804T140314-c44dde.json;probes_2025_20260804T144211-baf6e6.json;probes_2025_20260804T144857-a65442.json
phase_graphics,reflection,refl.View.GetValidCategoriesForKeySchedule,method,View,,,3,ok,String,<method not invoked>,<method not invoked>,<method not invoked>,2025,2026-08-04T14:03:14.300203,2026-08-04T14:48:57.764674,3,probes_2025_20260804T140314-c44dde.json;probes_2025_20260804T144211-baf6e6.json;probes_2025_20260804T144857-a65442.json
phase_graphics,reflection,refl.View.GetValidCategoriesForMaterialTakeoff,method,View,,,3,ok,String,<method not invoked>,<method not invoked>,<method not invoked>,2025,2026-08-04T14:03:14.300203,2026-08-04T14:48:57.764674,3,probes_2025_20260804T140314-c44dde.json;probes_2025_20260804T144211-baf6e6.json;probes_2025_20260804T144857-a65442.json
phase_graphics,reflection,refl.View.GetValidCategoriesForSchedule,method,View,,,3,ok,String,<method not invoked>,<method not invoked>,<method not invoked>,2025,2026-08-04T14:03:14.300203,2026-08-04T14:48:57.764674,3,probes_2025_20260804T140314-c44dde.json;probes_2025_20260804T144211-baf6e6.json;probes_2025_20260804T144857-a65442.json
phase_graphics,reflection,refl.View.GetValidTypes,method,View,,,3,ok,String,<method not invoked>,<method not invoked>,<method not invoked>,2025,2026-08-04T14:03:14.300203,2026-08-04T14:48:57.764674,3,probes_2025_20260804T140314-c44dde.json;probes_2025_20260804T144211-baf6e6.json;probes_2025_20260804T144857-a65442.json
phase_graphics,reflection,refl.View.GetViewDisplayModel,method,View,,,3,ok,String,<method not invoked>,<method not invoked>,<method not invoked>,2025,2026-08-04T14:03:14.300203,2026-08-04T14:48:57.764674,3,probes_2025_20260804T140314-c44dde.json;probes_2025_20260804T144211-baf6e6.json;probes_2025_20260804T144857-a65442.json
phase_graphics,reflection,refl.View.GetViewRange,method,View,,,3,ok,String,<method not invoked>,<method not invoked>,<method not invoked>,2025,2026-08-04T14:03:14.300203,2026-08-04T14:48:57.764674,3,probes_2025_20260804T140314-c44dde.json;probes_2025_20260804T144211-baf6e6.json;probes_2025_20260804T144857-a65442.json
phase_graphics,reflection,refl.View.GetWorksharingDisplayMode,method,View,,,3,ok,String,<method not invoked>,<method not invoked>,<method not invoked>,2025,2026-08-04T14:03:14.300203,2026-08-04T14:48:57.764674,3,probes_2025_20260804T140314-c44dde.json;probes_2025_20260804T144211-baf6e6.json;probes_2025_20260804T144857-a65442.json
phase_graphics,reflection,refl.View.GroupId,property,View,,,3,ok,ElementId,-1,-1,-1,2025,2026-08-04T14:03:14.300203,2026-08-04T14:48:57.764674,3,probes_2025_20260804T140314-c44dde.json;probes_2025_20260804T144211-baf6e6.json;probes_2025_20260804T144857-a65442.json
phase_graphics,reflection,refl.View.HasBeenLocked,method,View,,,2,ok,String,<method not invoked>,<method not invoked>,<method not invoked>,2025,2026-08-04T14:03:14.300203,2026-08-04T14:48:57.764674,2,probes_2025_20260804T140314-c44dde.json;probes_2025_20260804T144857-a65442.json
phase_graphics,reflection,refl.View.HasDetailLevel,method,View,,,3,ok,String,<method not invoked>,<method not invoked>,<method not invoked>,2025,2026-08-04T14:03:14.300203,2026-08-04T14:48:57.764674,3,probes_2025_20260804T140314-c44dde.json;probes_2025_20260804T144211-baf6e6.json;probes_2025_20260804T144857-a65442.json
phase_graphics,reflection,refl.View.HasDisplayStyle,method,View,,,3,ok,String,<method not invoked>,<method not invoked>,<method not invoked>,2025,2026-08-04T14:03:14.300203,2026-08-04T14:48:57.764674,3,probes_2025_20260804T140314-c44dde.json;probes_2025_20260804T144211-baf6e6.json;probes_2025_20260804T144857-a65442.json
phase_graphics,reflection,refl.View.HasImageField,method,View,,,3,ok,String,<method not invoked>,<method not invoked>,<method not invoked>,2025,2026-08-04T14:03:14.300203,2026-08-04T14:48:57.764674,3,probes_2025_20260804T140314-c44dde.json;probes_2025_20260804T144211-baf6e6.json;probes_2025_20260804T144857-a65442.json
phase_graphics,reflection,refl.View.HasPhases,method,View,,,3,ok,String,<method not invoked>,<method not invoked>,<method not invoked>,2025,2026-08-04T14:03:14.300203,2026-08-04T14:48:57.764674,3,probes_2025_20260804T140314-c44dde.json;probes_2025_20260804T144211-baf6e6.json;probes_2025_20260804T144857-a65442.json
phase_graphics,reflection,refl.View.HasStripedRows,property,View,,,3,ok,Integer,0,False,0,2025,2026-08-04T14:03:14.300203,2026-08-04T14:48:57.764674,3,probes_2025_20260804T140314-c44dde.json;probes_2025_20260804T144211-baf6e6.json;probes_2025_20260804T144857-a65442.json
phase_graphics,reflection,refl.View.HasViewDiscipline,method,View,,,3,ok,String,<method not invoked>,<method not invoked>,<method not invoked>,2025,2026-08-04T14:03:14.300203,2026-08-04T14:48:57.764674,3,probes_2025_20260804T140314-c44dde.json;probes_2025_20260804T144211-baf6e6.json;probes_2025_20260804T144857-a65442.json
phase_graphics,reflection,refl.View.HasViewTransforms,method,View,,,3,ok,String,<method not invoked>,<method not invoked>,<method not invoked>,2025,2026-08-04T14:03:14.300203,2026-08-04T14:48:57.764674,3,probes_2025_20260804T140314-c44dde.json;probes_2025_20260804T144211-baf6e6.json;probes_2025_20260804T144857-a65442.json
phase_graphics,reflection,refl.View.HeaderTextTypeId,property,View,,,10,ok,ElementId,1198417,1198417,1198417,2025,2026-08-04T14:03:14.300203,2026-08-04T14:48:57.764674,3,probes_2025_20260804T140314-c44dde.json;probes_2025_20260804T144211-baf6e6.json;probes_2025_20260804T144857-a65442.json
phase_graphics,reflection,refl.View.HideActiveWorkPlane,method,View,,,3,ok,String,<method not invoked>,<method not invoked>,<method not invoked>,2025,2026-08-04T14:03:14.300203,2026-08-04T14:48:57.764674,3,probes_2025_20260804T140314-c44dde.json;probes_2025_20260804T144211-baf6e6.json;probes_2025_20260804T144857-a65442.json
phase_graphics,reflection,refl.View.Id,property,View,,,300,ok,ElementId,30275,30275,30275,2025,2026-08-04T14:03:14.300203,2026-08-04T14:48:57.764674,3,probes_2025_20260804T140314-c44dde.json;probes_2025_20260804T144211-baf6e6.json;probes_2025_20260804T144857-a65442.json
phase_graphics,reflection,refl.View.IsAssemblyView,property,View,,,3,ok,Integer,0,False,0,2025,2026-08-04T14:03:14.300203,2026-08-04T14:48:57.764674,3,probes_2025_20260804T140314-c44dde.json;probes_2025_20260804T144211-baf6e6.json;probes_2025_20260804T144857-a65442.json
phase_graphics,reflection,refl.View.IsCallout,property,View,,,3,ok,Integer,0,False,0,2025,2026-08-04T14:03:14.300203,2026-08-04T14:48:57.764674,3,probes_2025_20260804T140314-c44dde.json;probes_2025_20260804T144211-baf6e6.json;probes_2025_20260804T144857-a65442.json
phase_graphics,reflection,refl.View.IsDataOutOfDate,method,View,,,3,ok,String,<method not invoked>,<method not invoked>,<method not invoked>,2025,2026-08-04T14:03:14.300203,2026-08-04T14:48:57.764674,3,probes_2025_20260804T140314-c44dde.json;probes_2025_20260804T144211-baf6e6.json;probes_2025_20260804T144857-a65442.json
phase_graphics,reflection,refl.View.IsExternalFileReference,method,View,,,3,ok,String,<method not invoked>,<method not invoked>,<method not invoked>,2025,2026-08-04T14:03:14.300203,2026-08-04T14:48:57.764674,3,probes_2025_20260804T140314-c44dde.json;probes_2025_20260804T144211-baf6e6.json;probes_2025_20260804T144857-a65442.json
phase_graphics,reflection,refl.View.IsHeaderFrozen,property,View,,,3,ok,Integer,0,False,0,2025,2026-08-04T14:03:14.300203,2026-08-04T14:48:57.764674,3,probes_2025_20260804T140314-c44dde.json;probes_2025_20260804T144211-baf6e6.json;probes_2025_20260804T144857-a65442.json
phase_graphics,reflection,refl.View.IsInternalKeynoteSchedule,property,View,,,3,ok,Integer,0,False,0,2025,2026-08-04T14:03:14.300203,2026-08-04T14:48:57.764674,3,probes_2025_20260804T140314-c44dde.json;probes_2025_20260804T144211-baf6e6.json;probes_2025_20260804T144857-a65442.json
phase_graphics,reflection,refl.View.IsLocked,property,View,,,0,,,,,,2025,2026-08-04T14:03:14.300203,2026-08-04T14:48:57.764674,2,probes_2025_20260804T140314-c44dde.json;probes_2025_20260804T144857-a65442.json
phase_graphics,reflection,refl.View.IsModifiable,property,View,,,3,ok,Integer,1,True,1,2025,2026-08-04T14:03:14.300203,2026-08-04T14:48:57.764674,3,probes_2025_20260804T140314-c44dde.json;probes_2025_20260804T144211-baf6e6.json;probes_2025_20260804T144857-a65442.json
phase_graphics,reflection,refl.View.IsMonitoringLinkElement,method,View,,,3,ok,String,<method not invoked>,<method not invoked>,<method not invoked>,2025,2026-08-04T14:03:14.300203,2026-08-04T14:48:57.764674,3,probes_2025_20260804T140314-c44dde.json;probes_2025_20260804T144211-baf6e6.json;probes_2025_20260804T144857-a65442.json
phase_graphics,reflection,refl.View.IsMonitoringLocalElement,method,View,,,3,ok,String,<method not invoked>,<method not invoked>,<method not invoked>,2025,2026-08-04T14:03:14.300203,2026-08-04T14:48:57.764674,3,probes_2025_20260804T140314-c44dde.json;probes_2025_20260804T144211-baf6e6.json;probes_2025_20260804T144857-a65442.json
phase_graphics,reflection,refl.View.IsPerspective,property,View,,,0,,,,,,2025,2026-08-04T14:03:14.300203,2026-08-04T14:48:57.764674,2,probes_2025_20260804T140314-c44dde.json;probes_2025_20260804T144857-a65442.json
phase_graphics,reflection,refl.View.IsPlaceholder,property,View,,,5,ok,Integer,0,False,0,2025,2026-08-04T14:03:14.300203,2026-08-04T14:48:57.764674,3,probes_2025_20260804T140314-c44dde.json;probes_2025_20260804T144211-baf6e6.json;probes_2025_20260804T144857-a65442.json
phase_graphics,reflection,refl.View.IsSectionBoxActive,property,View,,,0,,,,,,2025,2026-08-04T14:03:14.300203,2026-08-04T14:48:57.764674,2,probes_2025_20260804T140314-c44dde.json;probes_2025_20260804T144857-a65442.json
phase_graphics,reflection,refl.View.IsSplit,method,View,,,3,ok,String,<method not invoked>,<method not invoked>,<method not invoked>,2025,2026-08-04T14:03:14.300203,2026-08-04T14:48:57.764674,3,probes_2025_20260804T140314-c44dde.json;probes_2025_20260804T144211-baf6e6.json;probes_2025_20260804T144857-a65442.json
phase_graphics,reflection,refl.View.IsSplitSection,method,View,,,3,ok,String,<method not invoked>,<method not invoked>,<method not invoked>,2025,2026-08-04T14:03:14.300203,2026-08-04T14:48:57.764674,3,probes_2025_20260804T140314-c44dde.json;probes_2025_20260804T144211-baf6e6.json;probes_2025_20260804T144857-a65442.json
phase_graphics,reflection,refl.View.IsTemplate,property,View,,,6,ok,Integer,1,True,1,2025,2026-08-04T14:03:14.300203,2026-08-04T14:48:57.764674,3,probes_2025_20260804T140314-c44dde.json;probes_2025_20260804T144211-baf6e6.json;probes_2025_20260804T144857-a65442.json
phase_graphics,reflection,refl.View.IsTemporaryHideIsolateActive,method,View,,,3,ok,String,<method not invoked>,<method not invoked>,<method not invoked>,2025,2026-08-04T14:03:14.300203,2026-08-04T14:48:57.764674,3,probes_2025_20260804T140314-c44dde.json;probes_2025_20260804T144211-baf6e6.json;probes_2025_20260804T144857-a65442.json
phase_graphics,reflection,refl.View.IsTemporaryViewPropertiesModeEnabled,method,View,,,3,ok,String,<method not invoked>,<method not invoked>,<method not invoked>,2025,2026-08-04T14:03:14.300203,2026-08-04T14:48:57.764674,3,probes_2025_20260804T140314-c44dde.json;probes_2025_20260804T144211-baf6e6.json;probes_2025_20260804T144857-a65442.json
phase_graphics,reflection,refl.View.IsTitleblockRevisionSchedule,property,View,,,3,ok,Integer,0,False,0,2025,2026-08-04T14:03:14.300203,2026-08-04T14:48:57.764674,3,probes_2025_20260804T140314-c44dde.json;probes_2025_20260804T144211-baf6e6.json;probes_2025_20260804T144857-a65442.json
phase_graphics,reflection,refl.View.IsTransient,property,View,,,3,ok,Integer,0,False,0,2025,2026-08-04T14:03:14.300203,2026-08-04T14:48:57.764674,3,probes_2025_20260804T140314-c44dde.json;probes_2025_20260804T144211-baf6e6.json;probes_2025_20260804T144857-a65442.json
phase_graphics,reflection,refl.View.IsValidObject,property,View,,,3,ok,Integer,1,True,1,2025,2026-08-04T14:03:14.300203,2026-08-04T14:48:57.764674,3,probes_2025_20260804T140314-c44dde.json;probes_2025_20260804T144211-baf6e6.json;probes_2025_20260804T144857-a65442.json
phase_graphics,reflection,refl.View.IsViewValidForTemplateCreation,method,View,,,3,ok,String,<method not invoked>,<method not invoked>,<method not invoked>,2025,2026-08-04T14:03:14.300203,2026-08-04T14:48:57.764674,3,probes_2025_20260804T140314-c44dde.json;probes_2025_20260804T144211-baf6e6.json;probes_2025_20260804T144857-a65442.json
phase_graphics,reflection,refl.View.KeyScheduleParameterName,property,View,,,2,ok,String,Room Style,Room Style,Room Style,2025,2026-08-04T14:03:14.300203,2026-08-04T14:48:57.764674,3,probes_2025_20260804T140314-c44dde.json;probes_2025_20260804T144211-baf6e6.json;probes_2025_20260804T144857-a65442.json
phase_graphics,reflection,refl.View.LevelId,property,View,,,3,ok,ElementId,-1,-1,-1,2025,2026-08-04T14:03:14.300203,2026-08-04T14:48:57.764674,3,probes_2025_20260804T140314-c44dde.json;probes_2025_20260804T144211-baf6e6.json;probes_2025_20260804T144857-a65442.json
phase_graphics,reflection,refl.View.Location,property,View,,,3,missing,None,,,,2025,2026-08-04T14:03:14.300203,2026-08-04T14:48:57.764674,3,probes_2025_20260804T140314-c44dde.json;probes_2025_20260804T144211-baf6e6.json;probes_2025_20260804T144857-a65442.json
phase_graphics,reflection,refl.View.MaximumColumnWidth,property,View,,,3,ok,Integer,1920,1920,1920,2025,2026-08-04T14:03:14.300203,2026-08-04T14:48:57.764674,3,probes_2025_20260804T140314-c44dde.json;probes_2025_20260804T144211-baf6e6.json;probes_2025_20260804T144857-a65442.json
phase_graphics,reflection,refl.View.MaximumGridWidth,property,View,,,3,ok,Integer,7559,7559,7559,2025,2026-08-04T14:03:14.300203,2026-08-04T14:48:57.764674,3,probes_2025_20260804T140314-c44dde.json;probes_2025_20260804T144211-baf6e6.json;probes_2025_20260804T144857-a65442.json
phase_graphics,reflection,refl.View.MaximumRowHeight,property,View,,,3,ok,Integer,1920,1920,1920,2025,2026-08-04T14:03:14.300203,2026-08-04T14:48:57.764674,3,probes_2025_20260804T140314-c44dde.json;probes_2025_20260804T144211-baf6e6.json;probes_2025_20260804T144857-a65442.json
phase_graphics,reflection,refl.View.MinimumColumnWidth,property,View,,,3,ok,Integer,7,7,7,2025,2026-08-04T14:03:14.300203,2026-08-04T14:48:57.764674,3,probes_2025_20260804T140314-c44dde.json;probes_2025_20260804T144211-baf6e6.json;probes_2025_20260804T144857-a65442.json
phase_graphics,reflection,refl.View.MinimumRowHeight,property,View,,,3,ok,Integer,15,15,15,2025,2026-08-04T14:03:14.300203,2026-08-04T14:48:57.764674,3,probes_2025_20260804T140314-c44dde.json;probes_2025_20260804T144211-baf6e6.json;probes_2025_20260804T144857-a65442.json
phase_graphics,reflection,refl.View.Name,property,View,,,296,ok,String,Site Plan,Site Plan,Site Plan,2025,2026-08-04T14:03:14.300203,2026-08-04T14:48:57.764674,3,probes_2025_20260804T140314-c44dde.json;probes_2025_20260804T144211-baf6e6.json;probes_2025_20260804T144857-a65442.json
phase_graphics,reflection,refl.View.Origin,property,View,,,7,ok,None,,"(0.000000000, 0.000000000, 0.000000000)","(0.000000000, 0.000000000, 0.000000000)",2025,2026-08-04T14:03:14.300203,2026-08-04T14:48:57.764674,3,probes_2025_20260804T140314-c44dde.json;probes_2025_20260804T144211-baf6e6.json;probes_2025_20260804T144857-a65442.json
phase_graphics,reflection,refl.View.Outline,property,View,,,3,unsupported,None,,,,2025,2026-08-04T14:03:14.300203,2026-08-04T14:48:57.764674,3,probes_2025_20260804T140314-c44dde.json;probes_2025_20260804T144211-baf6e6.json;probes_2025_20260804T144857-a65442.json
phase_graphics,reflection,refl.View.OwnerViewId,property,View,,,3,ok,ElementId,-1,-1,-1,2025,2026-08-04T14:03:14.300203,2026-08-04T14:48:57.764674,3,probes_2025_20260804T140314-c44dde.json;probes_2025_20260804T144211-baf6e6.json;probes_2025_20260804T144857-a65442.json
phase_graphics,reflection,refl.View.Parameters,property,View,,,3,unsupported,None,,,,2025,2026-08-04T14:03:14.300203,2026-08-04T14:48:57.764674,3,probes_2025_20260804T140314-c44dde.json;probes_2025_20260804T144211-baf6e6.json;probes_2025_20260804T144857-a65442.json
phase_graphics,reflection,refl.View.ParametersMap,property,View,,,3,unsupported,None,,,,2025,2026-08-04T14:03:14.300203,2026-08-04T14:48:57.764674,3,probes_2025_20260804T140314-c44dde.json;probes_2025_20260804T144211-baf6e6.json;probes_2025_20260804T144857-a65442.json
phase_graphics,reflection,refl.View.PartsVisibility,property,View,,,6,ok,Integer,1,1,1,2025,2026-08-04T14:03:14.300203,2026-08-04T14:48:57.764674,3,probes_2025_20260804T140314-c44dde.json;probes_2025_20260804T144211-baf6e6.json;probes_2025_20260804T144857-a65442.json
phase_graphics,reflection,refl.View.Pinned,property,View,,,3,ok,Integer,0,False,0,2025,2026-08-04T14:03:14.300203,2026-08-04T14:48:57.764674,3,probes_2025_20260804T140314-c44dde.json;probes_2025_20260804T144211-baf6e6.json;probes_2025_20260804T144857-a65442.json
phase_graphics,reflection,refl.View.Print,method,View,,,3,ok,String,<method not invoked>,<method not invoked>,<method not invoked>,2025,2026-08-04T14:03:14.300203,2026-08-04T14:48:57.764674,3,probes_2025_20260804T140314-c44dde.json;probes_2025_20260804T144211-baf6e6.json;probes_2025_20260804T144857-a65442.json
phase_graphics,reflection,refl.View.ProjectGridsOnSectionBox,property,View,,,0,,,,,,2025,2026-08-04T14:03:14.300203,2026-08-04T14:48:57.764674,2,probes_2025_20260804T140314-c44dde.json;probes_2025_20260804T144857-a65442.json
phase_graphics,reflection,refl.View.RefersToExternalResourceReferences,method,View,,,3,ok,String,<method not invoked>,<method not invoked>,<method not invoked>,2025,2026-08-04T14:03:14.300203,2026-08-04T14:48:57.764674,3,probes_2025_20260804T140314-c44dde.json;probes_2025_20260804T144211-baf6e6.json;probes_2025_20260804T144857-a65442.json
phase_graphics,reflection,refl.View.RefreshData,method,View,,,3,ok,String,<method not invoked>,<method not invoked>,<method not invoked>,2025,2026-08-04T14:03:14.300203,2026-08-04T14:48:57.764674,3,probes_2025_20260804T140314-c44dde.json;probes_2025_20260804T144211-baf6e6.json;probes_2025_20260804T144857-a65442.json
phase_graphics,reflection,refl.View.RemoveCalloutParent,method,View,,,3,ok,String,<method not invoked>,<method not invoked>,<method not invoked>,2025,2026-08-04T14:03:14.300203,2026-08-04T14:48:57.764674,3,probes_2025_20260804T140314-c44dde.json;probes_2025_20260804T144211-baf6e6.json;probes_2025_20260804T144857-a65442.json
phase_graphics,reflection,refl.View.ResetCameraTarget,method,View,,,2,ok,String,<method not invoked>,<method not invoked>,<method not invoked>,2025,2026-08-04T14:03:14.300203,2026-08-04T14:48:57.764674,2,probes_2025_20260804T140314-c44dde.json;probes_2025_20260804T144857-a65442.json
phase_graphics,reflection,refl.View.RestoreCalloutParent,method,View,,,3,ok,String,<method not invoked>,<method not invoked>,<method not invoked>,2025,2026-08-04T14:03:14.300203,2026-08-04T14:48:57.764674,3,probes_2025_20260804T140314-c44dde.json;probes_2025_20260804T144211-baf6e6.json;probes_2025_20260804T144857-a65442.json
phase_graphics,reflection,refl.View.RestoreImageSize,method,View,,,3,ok,String,<method not invoked>,<method not invoked>,<method not invoked>,2025,2026-08-04T14:03:14.300203,2026-08-04T14:48:57.764674,3,probes_2025_20260804T140314-c44dde.json;probes_2025_20260804T144211-baf6e6.json;probes_2025_20260804T144857-a65442.json
phase_graphics,reflection,refl.View.RestoreOrientationAndLock,method,View,,,2,ok,String,<method not invoked>,<method not invoked>,<method not invoked>,2025,2026-08-04T14:03:14.300203,2026-08-04T14:48:57.764674,2,probes_2025_20260804T140314-c44dde.json;probes_2025_20260804T144857-a65442.json
phase_graphics,reflection,refl.View.RevealConstraintsMode,property,View,,,3,ok,Integer,0,False,0,2025,2026-08-04T14:03:14.300203,2026-08-04T14:48:57.764674,3,probes_2025_20260804T140314-c44dde.json;probes_2025_20260804T144211-baf6e6.json;probes_2025_20260804T144857-a65442.json
phase_graphics,reflection,refl.View.RightDirection,property,View,,,16,ok,None,,"(1.000000000, 0.000000000, 0.000000000)","(1.000000000, 0.000000000, 0.000000000)",2025,2026-08-04T14:03:14.300203,2026-08-04T14:48:57.764674,3,probes_2025_20260804T140314-c44dde.json;probes_2025_20260804T144211-baf6e6.json;probes_2025_20260804T144857-a65442.json
phase_graphics,reflection,refl.View.RowHeight,property,View,,,0,,,,,,2025,2026-08-04T14:03:14.300203,2026-08-04T14:48:57.764674,3,probes_2025_20260804T140314-c44dde.json;probes_2025_20260804T144211-baf6e6.json;probes_2025_20260804T144857-a65442.json
phase_graphics,reflection,refl.View.RowHeightOverride,property,View,,,3,ok,Integer,0,0,0,2025,2026-08-04T14:03:14.300203,2026-08-04T14:48:57.764674,3,probes_2025_20260804T140314-c44dde.json;probes_2025_20260804T144211-baf6e6.json;probes_2025_20260804T144857-a65442.json
phase_graphics,reflection,refl.View.SaveOrientation,method,View,,,2,ok,String,<method not invoked>,<method not invoked>,<method not invoked>,2025,2026-08-04T14:03:14.300203,2026-08-04T14:48:57.764674,2,probes_2025_20260804T140314-c44dde.json;probes_2025_20260804T144857-a65442.json
phase_graphics,reflection,refl.View.SaveOrientationAndLock,method,View,,,2,ok,String,<method not invoked>,<method not invoked>,<method not invoked>,2025,2026-08-04T14:03:14.300203,2026-08-04T14:48:57.764674,2,probes_2025_20260804T140314-c44dde.json;probes_2025_20260804T144857-a65442.json
phase_graphics,reflection,refl.View.Scale,property,View,,,27,ok,Integer,240,240,240,2025,2026-08-04T14:03:14.300203,2026-08-04T14:48:57.764674,3,probes_2025_20260804T140314-c44dde.json;probes_2025_20260804T144211-baf6e6.json;probes_2025_20260804T144857-a65442.json
phase_graphics,reflection,refl.View.ShadowIntensity,property,View,,,8,ok,Integer,60,60,60,2025,2026-08-04T14:03:14.300203,2026-08-04T14:48:57.764674,3,probes_2025_20260804T140314-c44dde.json;probes_2025_20260804T144211-baf6e6.json;probes_2025_20260804T144857-a65442.json
phase_graphics,reflection,refl.View.SheetCollectionId,property,View,,,3,ok,ElementId,-1,-1,-1,2025,2026-08-04T14:03:14.300203,2026-08-04T14:48:57.764674,3,probes_2025_20260804T140314-c44dde.json;probes_2025_20260804T144211-baf6e6.json;probes_2025_20260804T144857-a65442.json
phase_graphics,reflection,refl.View.SheetNumber,property,View,,,59,ok,String,000,000,000,2025,2026-08-04T14:03:14.300203,2026-08-04T14:48:57.764674,3,probes_2025_20260804T140314-c44dde.json;probes_2025_20260804T144211-baf6e6.json;probes_2025_20260804T144857-a65442.json
phase_graphics,reflection,refl.View.ShowActiveWorkPlane,method,View,,,3,ok,String,<method not invoked>,<method not invoked>,<method not invoked>,2025,2026-08-04T14:03:14.300203,2026-08-04T14:48:57.764674,3,probes_2025_20260804T140314-c44dde.json;probes_2025_20260804T144211-baf6e6.json;probes_2025_20260804T144857-a65442.json
phase_graphics,reflection,refl.View.SketchPlane,property,View,,,3,missing,None,,,,2025,2026-08-04T14:03:14.300203,2026-08-04T14:48:57.764674,3,probes_2025_20260804T140314-c44dde.json;probes_2025_20260804T144211-baf6e6.json;probes_2025_20260804T144857-a65442.json
phase_graphics,reflection,refl.View.SunAndShadowSettings,property,View,,,3,unsupported,None,,,,2025,2026-08-04T14:03:14.300203,2026-08-04T14:48:57.764674,3,probes_2025_20260804T140314-c44dde.json;probes_2025_20260804T144211-baf6e6.json;probes_2025_20260804T144857-a65442.json
phase_graphics,reflection,refl.View.SunlightIntensity,property,View,,,9,ok,Integer,80,80,80,2025,2026-08-04T14:03:14.300203,2026-08-04T14:48:57.764674,3,probes_2025_20260804T140314-c44dde.json;probes_2025_20260804T144211-baf6e6.json;probes_2025_20260804T144857-a65442.json
phase_graphics,reflection,refl.View.SupportedColorFillCategoryIds,method,View,,,3,ok,String,<method not invoked>,<method not invoked>,<method not invoked>,2025,2026-08-04T14:03:14.300203,2026-08-04T14:48:57.764674,3,probes_2025_20260804T140314-c44dde.json;probes_2025_20260804T144211-baf6e6.json;probes_2025_20260804T144857-a65442.json
phase_graphics,reflection,refl.View.SupportsRevealConstraints,method,View,,,3,ok,String,<method not invoked>,<method not invoked>,<method not invoked>,2025,2026-08-04T14:03:14.300203,2026-08-04T14:48:57.764674,3,probes_2025_20260804T140314-c44dde.json;probes_2025_20260804T144211-baf6e6.json;probes_2025_20260804T144857-a65442.json
phase_graphics,reflection,refl.View.TargetId,property,View,,,3,ok,ElementId,-1,-1,-1,2025,2026-08-04T14:03:14.300203,2026-08-04T14:48:57.764674,3,probes_2025_20260804T140314-c44dde.json;probes_2025_20260804T144211-baf6e6.json;probes_2025_20260804T144857-a65442.json
phase_graphics,reflection,refl.View.TemporaryViewModes,property,View,,,3,unsupported,None,,,,2025,2026-08-04T14:03:14.300203,2026-08-04T14:48:57.764674,3,probes_2025_20260804T140314-c44dde.json;probes_2025_20260804T144211-baf6e6.json;probes_2025_20260804T144857-a65442.json
phase_graphics,reflection,refl.View.Title,property,View,,,300,ok,String,Site Plan,Site Plan,Site Plan,2025,2026-08-04T14:03:14.300203,2026-08-04T14:48:57.764674,3,probes_2025_20260804T140314-c44dde.json;probes_2025_20260804T144211-baf6e6.json;probes_2025_20260804T144857-a65442.json
phase_graphics,reflection,refl.View.TitleTextTypeId,property,View,,,8,ok,ElementId,1198417,1198417,1198417,2025,2026-08-04T14:03:14.300203,2026-08-04T14:48:57.764674,3,probes_2025_20260804T140314-c44dde.json;probes_2025_20260804T144211-baf6e6.json;probes_2025_20260804T144857-a65442.json
phase_graphics,reflection,refl.View.ToggleToIsometric,method,View,,,2,ok,String,<method not invoked>,<method not invoked>,<method not invoked>,2025,2026-08-04T14:03:14.300203,2026-08-04T14:48:57.764674,2,probes_2025_20260804T140314-c44dde.json;probes_2025_20260804T144857-a65442.json
phase_graphics,reflection,refl.View.ToggleToPerspective,method,View,,,2,ok,String,<method not invoked>,<method not invoked>,<method not invoked>,2025,2026-08-04T14:03:14.300203,2026-08-04T14:48:57.764674,2,probes_2025_20260804T140314-c44dde.json;probes_2025_20260804T144857-a65442.json
phase_graphics,reflection,refl.View.UniqueId,property,View,,,300,ok,String,c8923f5e-6a14-4420-9b1d-c31d7ae067d2-00007643,c8923f5e-6a14-4420-9b1d-c31d7ae067d2-00007643,c8923f5e-6a14-4420-9b1d-c31d7ae067d2-00007643,2025,2026-08-04T14:03:14.300203,2026-08-04T14:48:57.764674,3,probes_2025_20260804T140314-c44dde.json;probes_2025_20260804T144211-baf6e6.json;probes_2025_20260804T144857-a65442.json
phase_graphics,reflection,refl.View.Unlock,method,View,,,2,ok,String,<method not invoked>,<method not invoked>,<method not invoked>,2025,2026-08-04T14:03:14.300203,2026-08-04T14:48:57.764674,2,probes_2025_20260804T140314-c44dde.json;probes_2025_20260804T144857-a65442.json
phase_graphics,reflection,refl.View.UpDirection,property,View,,,11,ok,None,,"(0.000000000, 1.000000000, 0.000000000)","(0.000000000, 1.000000000, 0.000000000)",2025,2026-08-04T14:03:14.300203,2026-08-04T14:48:57.764674,3,probes_2025_20260804T140314-c44dde.json;probes_2025_20260804T144211-baf6e6.json;probes_2025_20260804T144857-a65442.json
phase_graphics,reflection,refl.View.UseStripedRowsOnSheets,property,View,,,3,ok,Integer,1,True,1,2025,2026-08-04T14:03:14.300203,2026-08-04T14:48:57.764674,3,probes_2025_20260804T140314-c44dde.json;probes_2025_20260804T144211-baf6e6.json;probes_2025_20260804T144857-a65442.json
phase_graphics,reflection,refl.View.VersionGuid,property,View,,,29,ok,None,,2aae510b-8d56-4e05-9d92-b226e47f93db,2aae510b-8d56-4e05-9d92-b226e47f93db,2025,2026-08-04T14:03:14.300203,2026-08-04T14:48:57.764674,3,probes_2025_20260804T140314-c44dde.json;probes_2025_20260804T144211-baf6e6.json;probes_2025_20260804T144857-a65442.json
phase_graphics,reflection,refl.View.ViewDirection,property,View,,,17,ok,None,,"(0.000000000, 0.000000000, 1.000000000)","(0.000000000, 0.000000000, 1.000000000)",2025,2026-08-04T14:03:14.300203,2026-08-04T14:48:57.764674,3,probes_2025_20260804T140314-c44dde.json;probes_2025_20260804T144211-baf6e6.json;probes_2025_20260804T144857-a65442.json
phase_graphics,reflection,refl.View.ViewSpecific,property,View,,,3,ok,Integer,0,False,0,2025,2026-08-04T14:03:14.300203,2026-08-04T14:48:57.764674,3,probes_2025_20260804T140314-c44dde.json;probes_2025_20260804T144211-baf6e6.json;probes_2025_20260804T144857-a65442.json
phase_graphics,reflection,refl.View.ViewTemplateId,property,View,,,25,ok,ElementId,-1,-1,-1,2025,2026-08-04T14:03:14.300203,2026-08-04T14:48:57.764674,3,probes_2025_20260804T140314-c44dde.json;probes_2025_20260804T144211-baf6e6.json;probes_2025_20260804T144857-a65442.json
phase_graphics,reflection,refl.View.ViewType,property,View,,,33,ok,Integer,1,1,1,2025,2026-08-04T14:03:14.300203,2026-08-04T14:48:57.764674,3,probes_2025_20260804T140314-c44dde.json;probes_2025_20260804T144211-baf6e6.json;probes_2025_20260804T144857-a65442.json
phase_graphics,reflection,refl.View.WorksetId,property,View,,,300,ok,ElementId,186,186,186,2025,2026-08-04T14:03:14.300203,2026-08-04T14:48:57.764674,3,probes_2025_20260804T140314-c44dde.json;probes_2025_20260804T144211-baf6e6.json;probes_2025_20260804T144857-a65442.json
phases,param,p.Design Option,,,String,missing=0;ok=5;unreadable=0;unsupported=0,0,ok,String,Main Model,Main Model,Main Model,2025,2026-08-04T14:03:14.300203,2026-08-04T14:03:14.300203,1,probes_2025_20260804T140314-c44dde.json
phases,param,p.Edited by,,,String,missing=0;ok=10;unreadable=0;unsupported=0,0,ok,String,,,,2025,2026-08-04T14:03:14.300203,2026-08-04T14:48:57.764674,3,probes_2025_20260804T140314-c44dde.json;probes_2025_20260804T144211-baf6e6.json;probes_2025_20260804T144857-a65442.json
phases,param,p.Workset,,,Integer,missing=0;ok=10;unreadable=0;unsupported=0,0,ok,Integer,13,Phase Settings,13,2025,2026-08-04T14:03:14.300203,2026-08-04T14:48:57.764674,3,probes_2025_20260804T140314-c44dde.json;probes_2025_20260804T144211-baf6e6.json;probes_2025_20260804T144857-a65442.json
phases,param,phase.name,,,String,missing=0;ok=10;unreadable=0;unsupported=0,0,ok,String,Legends,Legends,Legends,2025,2026-08-04T14:03:14.300203,2026-08-04T14:48:57.764674,3,probes_2025_20260804T140314-c44dde.json;probes_2025_20260804T144211-baf6e6.json;probes_2025_20260804T144857-a65442.json
phases,param,phase.sequence_number,,,Integer,missing=0;ok=0;unreadable=10;unsupported=0,0,unreadable,Integer,1,1,1,2025,2026-08-04T14:03:14.300203,2026-08-04T14:48:57.764674,3,probes_2025_20260804T140314-c44dde.json;probes_2025_20260804T144211-baf6e6.json;probes_2025_20260804T144857-a65442.json
phases,param,phase.uid,,,String,missing=0;ok=10;unreadable=0;unsupported=0,0,ok,String,c3af3407-10ed-4b37-b50b-9945c6f82d8a-007c47f0,c3af3407-10ed-4b37-b50b-9945c6f82d8a-007c47f0,c3af3407-10ed-4b37-b50b-9945c6f82d8a-007c47f0,2025,2026-08-04T14:03:14.300203,2026-08-04T14:48:57.764674,3,probes_2025_20260804T140314-c44dde.json;probes_2025_20260804T144211-baf6e6.json;probes_2025_20260804T144857-a65442.json
phases,reflection,refl.Phase.ArePhasesModifiable,method,Phase,,,3,ok,String,<method not invoked>,<method not invoked>,<method not invoked>,2025,2026-08-04T14:03:14.300203,2026-08-04T14:48:57.764674,3,probes_2025_20260804T140314-c44dde.json;probes_2025_20260804T144211-baf6e6.json;probes_2025_20260804T144857-a65442.json
phases,reflection,refl.Phase.AssemblyInstanceId,property,Phase,,,3,ok,ElementId,-1,-1,-1,2025,2026-08-04T14:03:14.300203,2026-08-04T14:48:57.764674,3,probes_2025_20260804T140314-c44dde.json;probes_2025_20260804T144211-baf6e6.json;probes_2025_20260804T144857-a65442.json
phases,reflection,refl.Phase.CanBeLocked,method,Phase,,,3,ok,String,<method not invoked>,<method not invoked>,<method not invoked>,2025,2026-08-04T14:03:14.300203,2026-08-04T14:48:57.764674,3,probes_2025_20260804T140314-c44dde.json;probes_2025_20260804T144211-baf6e6.json;probes_2025_20260804T144857-a65442.json
phases,reflection,refl.Phase.CanHaveTypeAssigned,method,Phase,,,3,ok,String,<method not invoked>,<method not invoked>,<method not invoked>,2025,2026-08-04T14:03:14.300203,2026-08-04T14:48:57.764674,3,probes_2025_20260804T140314-c44dde.json;probes_2025_20260804T144211-baf6e6.json;probes_2025_20260804T144857-a65442.json
phases,reflection,refl.Phase.Category,property,Phase,,,3,unsupported,None,,,,2025,2026-08-04T14:03:14.300203,2026-08-04T14:48:57.764674,3,probes_2025_20260804T140314-c44dde.json;probes_2025_20260804T144211-baf6e6.json;probes_2025_20260804T144857-a65442.json
phases,reflection,refl.Phase.CreatedPhaseId,property,Phase,,,3,ok,ElementId,-1,-1,-1,2025,2026-08-04T14:03:14.300203,2026-08-04T14:48:57.764674,3,probes_2025_20260804T140314-c44dde.json;probes_2025_20260804T144211-baf6e6.json;probes_2025_20260804T144857-a65442.json
phases,reflection,refl.Phase.DemolishedPhaseId,property,Phase,,,3,ok,ElementId,-1,-1,-1,2025,2026-08-04T14:03:14.300203,2026-08-04T14:48:57.764674,3,probes_2025_20260804T140314-c44dde.json;probes_2025_20260804T144211-baf6e6.json;probes_2025_20260804T144857-a65442.json
phases,reflection,refl.Phase.DesignOption,property,Phase,,,3,missing,None,,,,2025,2026-08-04T14:03:14.300203,2026-08-04T14:48:57.764674,3,probes_2025_20260804T140314-c44dde.json;probes_2025_20260804T144211-baf6e6.json;probes_2025_20260804T144857-a65442.json
phases,reflection,refl.Phase.Document,property,Phase,,,3,unsupported,None,,,,2025,2026-08-04T14:03:14.300203,2026-08-04T14:48:57.764674,3,probes_2025_20260804T140314-c44dde.json;probes_2025_20260804T144211-baf6e6.json;probes_2025_20260804T144857-a65442.json
phases,reflection,refl.Phase.EvaluateAllParameterValues,method,Phase,,,3,ok,String,<method not invoked>,<method not invoked>,<method not invoked>,2025,2026-08-04T14:03:14.300203,2026-08-04T14:48:57.764674,3,probes_2025_20260804T140314-c44dde.json;probes_2025_20260804T144211-baf6e6.json;probes_2025_20260804T144857-a65442.json
phases,reflection,refl.Phase.GetEntitySchemaGuids,method,Phase,,,3,ok,String,<method not invoked>,<method not invoked>,<method not invoked>,2025,2026-08-04T14:03:14.300203,2026-08-04T14:48:57.764674,3,probes_2025_20260804T140314-c44dde.json;probes_2025_20260804T144211-baf6e6.json;probes_2025_20260804T144857-a65442.json
phases,reflection,refl.Phase.GetExternalFileReference,method,Phase,,,3,ok,String,<method not invoked>,<method not invoked>,<method not invoked>,2025,2026-08-04T14:03:14.300203,2026-08-04T14:48:57.764674,3,probes_2025_20260804T140314-c44dde.json;probes_2025_20260804T144211-baf6e6.json;probes_2025_20260804T144857-a65442.json
phases,reflection,refl.Phase.GetExternalResourceReferences,method,Phase,,,3,ok,String,<method not invoked>,<method not invoked>,<method not invoked>,2025,2026-08-04T14:03:14.300203,2026-08-04T14:48:57.764674,3,probes_2025_20260804T140314-c44dde.json;probes_2025_20260804T144211-baf6e6.json;probes_2025_20260804T144857-a65442.json
phases,reflection,refl.Phase.GetExternalResourceReferencesExpanded,method,Phase,,,3,ok,String,<method not invoked>,<method not invoked>,<method not invoked>,2025,2026-08-04T14:03:14.300203,2026-08-04T14:48:57.764674,3,probes_2025_20260804T140314-c44dde.json;probes_2025_20260804T144211-baf6e6.json;probes_2025_20260804T144857-a65442.json
phases,reflection,refl.Phase.GetMonitoredLinkElementIds,method,Phase,,,3,ok,String,<method not invoked>,<method not invoked>,<method not invoked>,2025,2026-08-04T14:03:14.300203,2026-08-04T14:48:57.764674,3,probes_2025_20260804T140314-c44dde.json;probes_2025_20260804T144211-baf6e6.json;probes_2025_20260804T144857-a65442.json
phases,reflection,refl.Phase.GetMonitoredLocalElementIds,method,Phase,,,3,ok,String,<method not invoked>,<method not invoked>,<method not invoked>,2025,2026-08-04T14:03:14.300203,2026-08-04T14:48:57.764674,3,probes_2025_20260804T140314-c44dde.json;probes_2025_20260804T144211-baf6e6.json;probes_2025_20260804T144857-a65442.json
phases,reflection,refl.Phase.GetOrderedParameters,method,Phase,,,3,ok,String,<method not invoked>,<method not invoked>,<method not invoked>,2025,2026-08-04T14:03:14.300203,2026-08-04T14:48:57.764674,3,probes_2025_20260804T140314-c44dde.json;probes_2025_20260804T144211-baf6e6.json;probes_2025_20260804T144857-a65442.json
phases,reflection,refl.Phase.GetSubelements,method,Phase,,,3,ok,String,<method not invoked>,<method not invoked>,<method not invoked>,2025,2026-08-04T14:03:14.300203,2026-08-04T14:48:57.764674,3,probes_2025_20260804T140314-c44dde.json;probes_2025_20260804T144211-baf6e6.json;probes_2025_20260804T144857-a65442.json
phases,reflection,refl.Phase.GetTypeId,method,Phase,,,3,ok,String,<method not invoked>,<method not invoked>,<method not invoked>,2025,2026-08-04T14:03:14.300203,2026-08-04T14:48:57.764674,3,probes_2025_20260804T140314-c44dde.json;probes_2025_20260804T144211-baf6e6.json;probes_2025_20260804T144857-a65442.json
phases,reflection,refl.Phase.GetValidTypes,method,Phase,,,3,ok,String,<method not invoked>,<method not invoked>,<method not invoked>,2025,2026-08-04T14:03:14.300203,2026-08-04T14:48:57.764674,3,probes_2025_20260804T140314-c44dde.json;probes_2025_20260804T144211-baf6e6.json;probes_2025_20260804T144857-a65442.json
phases,reflection,refl.Phase.GroupId,property,Phase,,,3,ok,ElementId,-1,-1,-1,2025,2026-08-04T14:03:14.300203,2026-08-04T14:48:57.764674,3,probes_2025_20260804T140314-c44dde.json;probes_2025_20260804T144211-baf6e6.json;probes_2025_20260804T144857-a65442.json
phases,reflection,refl.Phase.HasPhases,method,Phase,,,3,ok,String,<method not invoked>,<method not invoked>,<method not invoked>,2025,2026-08-04T14:03:14.300203,2026-08-04T14:48:57.764674,3,probes_2025_20260804T140314-c44dde.json;probes_2025_20260804T144211-baf6e6.json;probes_2025_20260804T144857-a65442.json
phases,reflection,refl.Phase.Id,property,Phase,,,10,ok,ElementId,8144880,8144880,8144880,2025,2026-08-04T14:03:14.300203,2026-08-04T14:48:57.764674,3,probes_2025_20260804T140314-c44dde.json;probes_2025_20260804T144211-baf6e6.json;probes_2025_20260804T144857-a65442.json
phases,reflection,refl.Phase.IsExternalFileReference,method,Phase,,,3,ok,String,<method not invoked>,<method not invoked>,<method not invoked>,2025,2026-08-04T14:03:14.300203,2026-08-04T14:48:57.764674,3,probes_2025_20260804T140314-c44dde.json;probes_2025_20260804T144211-baf6e6.json;probes_2025_20260804T144857-a65442.json
phases,reflection,refl.Phase.IsModifiable,property,Phase,,,3,ok,Integer,1,True,1,2025,2026-08-04T14:03:14.300203,2026-08-04T14:48:57.764674,3,probes_2025_20260804T140314-c44dde.json;probes_2025_20260804T144211-baf6e6.json;probes_2025_20260804T144857-a65442.json
phases,reflection,refl.Phase.IsMonitoringLinkElement,method,Phase,,,3,ok,String,<method not invoked>,<method not invoked>,<method not invoked>,2025,2026-08-04T14:03:14.300203,2026-08-04T14:48:57.764674,3,probes_2025_20260804T140314-c44dde.json;probes_2025_20260804T144211-baf6e6.json;probes_2025_20260804T144857-a65442.json
phases,reflection,refl.Phase.IsMonitoringLocalElement,method,Phase,,,3,ok,String,<method not invoked>,<method not invoked>,<method not invoked>,2025,2026-08-04T14:03:14.300203,2026-08-04T14:48:57.764674,3,probes_2025_20260804T140314-c44dde.json;probes_2025_20260804T144211-baf6e6.json;probes_2025_20260804T144857-a65442.json
phases,reflection,refl.Phase.IsTransient,property,Phase,,,3,ok,Integer,0,False,0,2025,2026-08-04T14:03:14.300203,2026-08-04T14:48:57.764674,3,probes_2025_20260804T140314-c44dde.json;probes_2025_20260804T144211-baf6e6.json;probes_2025_20260804T144857-a65442.json
phases,reflection,refl.Phase.IsValidObject,property,Phase,,,3,ok,Integer,1,True,1,2025,2026-08-04T14:03:14.300203,2026-08-04T14:48:57.764674,3,probes_2025_20260804T140314-c44dde.json;probes_2025_20260804T144211-baf6e6.json;probes_2025_20260804T144857-a65442.json
phases,reflection,refl.Phase.LevelId,property,Phase,,,3,ok,ElementId,-1,-1,-1,2025,2026-08-04T14:03:14.300203,2026-08-04T14:48:57.764674,3,probes_2025_20260804T140314-c44dde.json;probes_2025_20260804T144211-baf6e6.json;probes_2025_20260804T144857-a65442.json
phases,reflection,refl.Phase.Location,property,Phase,,,3,missing,None,,,,2025,2026-08-04T14:03:14.300203,2026-08-04T14:48:57.764674,3,probes_2025_20260804T140314-c44dde.json;probes_2025_20260804T144211-baf6e6.json;probes_2025_20260804T144857-a65442.json
phases,reflection,refl.Phase.Name,property,Phase,,,10,ok,String,Legends,Legends,Legends,2025,2026-08-04T14:03:14.300203,2026-08-04T14:48:57.764674,3,probes_2025_20260804T140314-c44dde.json;probes_2025_20260804T144211-baf6e6.json;probes_2025_20260804T144857-a65442.json
phases,reflection,refl.Phase.OwnerViewId,property,Phase,,,3,ok,ElementId,-1,-1,-1,2025,2026-08-04T14:03:14.300203,2026-08-04T14:48:57.764674,3,probes_2025_20260804T140314-c44dde.json;probes_2025_20260804T144211-baf6e6.json;probes_2025_20260804T144857-a65442.json
phases,reflection,refl.Phase.Parameters,property,Phase,,,3,unsupported,None,,,,2025,2026-08-04T14:03:14.300203,2026-08-04T14:48:57.764674,3,probes_2025_20260804T140314-c44dde.json;probes_2025_20260804T144211-baf6e6.json;probes_2025_20260804T144857-a65442.json
phases,reflection,refl.Phase.ParametersMap,property,Phase,,,3,unsupported,None,,,,2025,2026-08-04T14:03:14.300203,2026-08-04T14:48:57.764674,3,probes_2025_20260804T140314-c44dde.json;probes_2025_20260804T144211-baf6e6.json;probes_2025_20260804T144857-a65442.json
phases,reflection,refl.Phase.Pinned,property,Phase,,,3,ok,Integer,0,False,0,2025,2026-08-04T14:03:14.300203,2026-08-04T14:48:57.764674,3,probes_2025_20260804T140314-c44dde.json;probes_2025_20260804T144211-baf6e6.json;probes_2025_20260804T144857-a65442.json
phases,reflection,refl.Phase.RefersToExternalResourceReferences,method,Phase,,,3,ok,String,<method not invoked>,<method not invoked>,<method not invoked>,2025,2026-08-04T14:03:14.300203,2026-08-04T14:48:57.764674,3,probes_2025_20260804T140314-c44dde.json;probes_2025_20260804T144211-baf6e6.json;probes_2025_20260804T144857-a65442.json
phases,reflection,refl.Phase.UniqueId,property,Phase,,,10,ok,String,c3af3407-10ed-4b37-b50b-9945c6f82d8a-007c47f0,c3af3407-10ed-4b37-b50b-9945c6f82d8a-007c47f0,c3af3407-10ed-4b37-b50b-9945c6f82d8a-007c47f0,2025,2026-08-04T14:03:14.300203,2026-08-04T14:48:57.764674,3,probes_2025_20260804T140314-c44dde.json;probes_2025_20260804T144211-baf6e6.json;probes_2025_20260804T144857-a65442.json
phases,reflection,refl.Phase.VersionGuid,property,Phase,,,7,ok,None,,c3af3407-10ed-4b37-b50b-9945c6f82d8a,c3af3407-10ed-4b37-b50b-9945c6f82d8a,2025,2026-08-04T14:03:14.300203,2026-08-04T14:48:57.764674,3,probes_2025_20260804T140314-c44dde.json;probes_2025_20260804T144211-baf6e6.json;probes_2025_20260804T144857-a65442.json
phases,reflection,refl.Phase.ViewSpecific,property,Phase,,,3,ok,Integer,0,False,0,2025,2026-08-04T14:03:14.300203,2026-08-04T14:48:57.764674,3,probes_2025_20260804T140314-c44dde.json;probes_2025_20260804T144211-baf6e6.json;probes_2025_20260804T144857-a65442.json
phases,reflection,refl.Phase.WorksetId,property,Phase,,,3,ok,ElementId,13,13,13,2025,2026-08-04T14:03:14.300203,2026-08-04T14:48:57.764674,3,probes_2025_20260804T140314-c44dde.json;probes_2025_20260804T144211-baf6e6.json;probes_2025_20260804T144857-a65442.json
roof_types,param,p.Absorptance,,,Double,ok=19,0,ok,Double,0.1,0.1,0.1,2025,2026-08-04T14:03:14.300203,2026-08-04T14:48:57.764674,3,probes_2025_20260804T140314-c44dde.json;probes_2025_20260804T144211-baf6e6.json;probes_2025_20260804T144857-a65442.json
roof_types,param,p.Adjust for Mullion Size,,,Integer,ok=6,0,ok,Integer,0,No,0,2025,2026-08-04T14:03:14.300203,2026-08-04T14:48:57.764674,3,probes_2025_20260804T140314-c44dde.json;probes_2025_20260804T144211-baf6e6.json;probes_2025_20260804T144857-a65442.json
roof_types,param,p.Assembly Code,,,String,ok=22,0,ok,String,,,,2025,2026-08-04T14:03:14.300203,2026-08-04T14:48:57.764674,3,probes_2025_20260804T140314-c44dde.json;probes_2025_20260804T144211-baf6e6.json;probes_2025_20260804T144857-a65442.json
roof_types,param,p.Assembly Description,,,String,ok=22,0,ok,String,,,,2025,2026-08-04T14:03:14.300203,2026-08-04T14:48:57.764674,3,probes_2025_20260804T140314-c44dde.json;probes_2025_20260804T144211-baf6e6.json;probes_2025_20260804T144857-a65442.json
roof_types,param,p.Border 1 Type,,,ElementId,ok=6,0,ok,ElementId,,,,2025,2026-08-04T14:03:14.300203,2026-08-04T14:48:57.764674,3,probes_2025_20260804T140314-c44dde.json;probes_2025_20260804T144211-baf6e6.json;probes_2025_20260804T144857-a65442.json
roof_types,param,p.Border 2 Type,,,ElementId,ok=6,0,ok,ElementId,,,,2025,2026-08-04T14:03:14.300203,2026-08-04T14:48:57.764674,3,probes_2025_20260804T140314-c44dde.json;probes_2025_20260804T144211-baf6e6.json;probes_2025_20260804T144857-a65442.json
roof_types,param,p.Coarse Scale Fill Color,,,Integer,ok=19,0,ok,Integer,0,0,0,2025,2026-08-04T14:03:14.300203,2026-08-04T14:48:57.764674,3,probes_2025_20260804T140314-c44dde.json;probes_2025_20260804T144211-baf6e6.json;probes_2025_20260804T144857-a65442.json
roof_types,param,p.Coarse Scale Fill Pattern,,,ElementId,ok=19,0,ok,ElementId,,,,2025,2026-08-04T14:03:14.300203,2026-08-04T14:48:57.764674,3,probes_2025_20260804T140314-c44dde.json;probes_2025_20260804T144211-baf6e6.json;probes_2025_20260804T144857-a65442.json
roof_types,param,p.ComCheck_ Exclude by Type,,,String,ok=14,0,ok,String,,,,2025,2026-08-04T14:03:14.300203,2026-08-04T14:03:14.300203,1,probes_2025_20260804T140314-c44dde.json
roof_types,param,p.Company_ID,,,Integer,ok=14,0,ok,Integer,0,0,0,2025,2026-08-04T14:03:14.300203,2026-08-04T14:03:14.300203,1,probes_2025_20260804T140314-c44dde.json
roof_types,param,p.Cost,,,Double,ok=22,0,ok,Double,0.0,0,0.0,2025,2026-08-04T14:03:14.300203,2026-08-04T14:48:57.764674,3,probes_2025_20260804T140314-c44dde.json;probes_2025_20260804T144211-baf6e6.json;probes_2025_20260804T144857-a65442.json
roof_types,param,p.Curtain Panel,,,ElementId,ok=3,0,ok,ElementId,,,,2025,2026-08-04T14:03:14.300203,2026-08-04T14:48:57.764674,3,probes_2025_20260804T140314-c44dde.json;probes_2025_20260804T144211-baf6e6.json;probes_2025_20260804T144857-a65442.json
roof_types,param,p.Default Thickness,,,Double,ok=19,0,ok,Double,0.3333333333333333,"4""",3.9999999999999996,2025,2026-08-04T14:03:14.300203,2026-08-04T14:48:57.764674,3,probes_2025_20260804T140314-c44dde.json;probes_2025_20260804T144211-baf6e6.json;probes_2025_20260804T144857-a65442.json
roof_types,param,p.Description,,,String,ok=22,0,ok,String,,,,2025,2026-08-04T14:03:14.300203,2026-08-04T14:48:57.764674,3,probes_2025_20260804T140314-c44dde.json;probes_2025_20260804T144211-baf6e6.json;probes_2025_20260804T144857-a65442.json
roof_types,param,p.Edited by,,,String,ok=22,0,ok,String,,,,2025,2026-08-04T14:03:14.300203,2026-08-04T14:48:57.764674,3,probes_2025_20260804T140314-c44dde.json;probes_2025_20260804T144211-baf6e6.json;probes_2025_20260804T144857-a65442.json
roof_types,param,p.Export Type to IFC,,,Integer,ok=22,0,ok,Integer,0,Default,0,2025,2026-08-04T14:03:14.300203,2026-08-04T14:48:57.764674,3,probes_2025_20260804T140314-c44dde.json;probes_2025_20260804T144211-baf6e6.json;probes_2025_20260804T144857-a65442.json
roof_types,param,p.Export Type to IFC As,,,String,ok=22,0,ok,String,,,,2025,2026-08-04T14:03:14.300203,2026-08-04T14:48:57.764674,3,probes_2025_20260804T140314-c44dde.json;probes_2025_20260804T144211-baf6e6.json;probes_2025_20260804T144857-a65442.json
roof_types,param,p.FireRating,,,String,ok=5,0,ok,String,,,,2025,2026-08-04T14:48:57.764674,2026-08-04T14:48:57.764674,1,probes_2025_20260804T144857-a65442.json
roof_types,param,p.Heat Transfer Coefficient (U),,,Double,ok=19,0,ok,Double,0.0,0.0000 BTU/(h·ft²·°F),0.0,2025,2026-08-04T14:03:14.300203,2026-08-04T14:48:57.764674,3,probes_2025_20260804T140314-c44dde.json;probes_2025_20260804T144211-baf6e6.json;probes_2025_20260804T144857-a65442.json
roof_types,param,p.IDENTIFICATION,,,String,ok=14,0,ok,String,,,,2025,2026-08-04T14:03:14.300203,2026-08-04T14:03:14.300203,1,probes_2025_20260804T140314-c44dde.json
roof_types,param,p.Interior Type,,,ElementId,ok=6,0,ok,ElementId,,,,2025,2026-08-04T14:03:14.300203,2026-08-04T14:48:57.764674,3,probes_2025_20260804T140314-c44dde.json;probes_2025_20260804T144211-baf6e6.json;probes_2025_20260804T144857-a65442.json
roof_types,param,p.Join Condition,,,Integer,ok=3,0,ok,Integer,0,Not Defined,0,2025,2026-08-04T14:03:14.300203,2026-08-04T14:48:57.764674,3,probes_2025_20260804T140314-c44dde.json;probes_2025_20260804T144211-baf6e6.json;probes_2025_20260804T144857-a65442.json
roof_types,param,p.Keynote,,,String,ok=22,0,ok,String,,,,2025,2026-08-04T14:03:14.300203,2026-08-04T14:48:57.764674,3,probes_2025_20260804T140314-c44dde.json;probes_2025_20260804T144211-baf6e6.json;probes_2025_20260804T144857-a65442.json
roof_types,param,p.Layout,,,Integer,ok=6,0,ok,Integer,0,None,0,2025,2026-08-04T14:03:14.300203,2026-08-04T14:48:57.764674,3,probes_2025_20260804T140314-c44dde.json;probes_2025_20260804T144211-baf6e6.json;probes_2025_20260804T144857-a65442.json
roof_types,param,p.Manufacturer,,,String,ok=22,0,ok,String,,,,2025,2026-08-04T14:03:14.300203,2026-08-04T14:48:57.764674,3,probes_2025_20260804T140314-c44dde.json;probes_2025_20260804T144211-baf6e6.json;probes_2025_20260804T144857-a65442.json
roof_types,param,p.Model,,,String,ok=22,0,ok,String,,,,2025,2026-08-04T14:03:14.300203,2026-08-04T14:48:57.764674,3,probes_2025_20260804T140314-c44dde.json;probes_2025_20260804T144211-baf6e6.json;probes_2025_20260804T144857-a65442.json
roof_types,param,p.Rainfall Intensity_Inches per Hour,,,Double,ok=14,0,ok,Double,0.0,0,0.0,2025,2026-08-04T14:03:14.300203,2026-08-04T14:03:14.300203,1,probes_2025_20260804T140314-c44dde.json
roof_types,param,p.Revision,,,String,ok=3,0,ok,String,,,,2025,2026-08-04T14:42:11.384534,2026-08-04T14:42:11.384534,1,probes_2025_20260804T144211-baf6e6.json
roof_types,param,p.Roughness,,,Integer,ok=19,0,ok,Integer,1,1,1,2025,2026-08-04T14:03:14.300203,2026-08-04T14:48:57.764674,3,probes_2025_20260804T140314-c44dde.json;probes_2025_20260804T144211-baf6e6.json;probes_2025_20260804T144857-a65442.json
roof_types,param,p.Spacing,,,Double,ok=6,0,ok,Double,0.0,"0""",0.0,2025,2026-08-04T14:03:14.300203,2026-08-04T14:48:57.764674,3,probes_2025_20260804T140314-c44dde.json;probes_2025_20260804T144211-baf6e6.json;probes_2025_20260804T144857-a65442.json
roof_types,param,p.Standards Mark,,,String,ok=14,0,ok,String,,,,2025,2026-08-04T14:03:14.300203,2026-08-04T14:03:14.300203,1,probes_2025_20260804T140314-c44dde.json
roof_types,param,p.Structure,,,0,unsupported=19,0,unsupported,0,,,,2025,2026-08-04T14:03:14.300203,2026-08-04T14:48:57.764674,3,probes_2025_20260804T140314-c44dde.json;probes_2025_20260804T144211-baf6e6.json;probes_2025_20260804T144857-a65442.json
roof_types,param,p.Thermal Mass,,,Double,ok=19,0,ok,Double,0.0,0.0000 BTU/(ft²·°F),0.0,2025,2026-08-04T14:03:14.300203,2026-08-04T14:48:57.764674,3,probes_2025_20260804T140314-c44dde.json;probes_2025_20260804T144211-baf6e6.json;probes_2025_20260804T144857-a65442.json
roof_types,param,p.Thermal Resistance (R),,,Double,ok=19,0,ok,Double,0.0,0.0000 (h·ft²·°F)/BTU,0.0,2025,2026-08-04T14:03:14.300203,2026-08-04T14:48:57.764674,3,probes_2025_20260804T140314-c44dde.json;probes_2025_20260804T144211-baf6e6.json;probes_2025_20260804T144857-a65442.json
roof_types,param,p.Type Comments,,,String,ok=22,0,ok,String,,,,2025,2026-08-04T14:03:14.300203,2026-08-04T14:48:57.764674,3,probes_2025_20260804T140314-c44dde.json;probes_2025_20260804T144211-baf6e6.json;probes_2025_20260804T144857-a65442.json
roof_types,param,p.Type IFC Predefined Type,,,String,ok=22,0,ok,String,,,,2025,2026-08-04T14:03:14.300203,2026-08-04T14:48:57.764674,3,probes_2025_20260804T140314-c44dde.json;probes_2025_20260804T144211-baf6e6.json;probes_2025_20260804T144857-a65442.json
roof_types,param,p.Type IfcGUID,,,String,ok=22,0,ok,String,2mjs6M6G98BxHa18ZZD43S,2mjs6M6G98BxHa18ZZD43S,2mjs6M6G98BxHa18ZZD43S,2025,2026-08-04T14:03:14.300203,2026-08-04T14:48:57.764674,3,probes_2025_20260804T140314-c44dde.json;probes_2025_20260804T144211-baf6e6.json;probes_2025_20260804T144857-a65442.json
roof_types,param,p.Type Image,,,ElementId,ok=22,0,ok,ElementId,,,,2025,2026-08-04T14:03:14.300203,2026-08-04T14:48:57.764674,3,probes_2025_20260804T140314-c44dde.json;probes_2025_20260804T144211-baf6e6.json;probes_2025_20260804T144857-a65442.json
roof_types,param,p.Type Mark,,,String,ok=22,0,ok,String,,,,2025,2026-08-04T14:03:14.300203,2026-08-04T14:48:57.764674,3,probes_2025_20260804T140314-c44dde.json;probes_2025_20260804T144211-baf6e6.json;probes_2025_20260804T144857-a65442.json
roof_types,param,p.URL,,,String,ok=22,0,ok,String,,,,2025,2026-08-04T14:03:14.300203,2026-08-04T14:48:57.764674,3,probes_2025_20260804T140314-c44dde.json;probes_2025_20260804T144211-baf6e6.json;probes_2025_20260804T144857-a65442.json
roof_types,param,p.Workset,,,Integer,ok=22,0,ok,Integer,16,Sloped Glazing Types,16,2025,2026-08-04T14:03:14.300203,2026-08-04T14:48:57.764674,3,probes_2025_20260804T140314-c44dde.json;probes_2025_20260804T144211-baf6e6.json;probes_2025_20260804T144857-a65442.json
roof_types,param,rt.coarse_fill_color,,,None,missing=22,0,missing,None,,,,2025,2026-08-04T14:03:14.300203,2026-08-04T14:48:57.764674,3,probes_2025_20260804T140314-c44dde.json;probes_2025_20260804T144211-baf6e6.json;probes_2025_20260804T144857-a65442.json
roof_types,param,rt.coarse_fill_pattern,,,None,missing=22,0,missing,None,,,,2025,2026-08-04T14:03:14.300203,2026-08-04T14:48:57.764674,3,probes_2025_20260804T140314-c44dde.json;probes_2025_20260804T144211-baf6e6.json;probes_2025_20260804T144857-a65442.json
roof_types,param,rt.has_compound_structure,,,Integer,ok=22,0,ok,Integer,0,False,0,2025,2026-08-04T14:03:14.300203,2026-08-04T14:48:57.764674,3,probes_2025_20260804T140314-c44dde.json;probes_2025_20260804T144211-baf6e6.json;probes_2025_20260804T144857-a65442.json
roof_types,param,rt.has_embedded_sweeps,,,Integer,ok=19;unsupported.not_applicable=3,0,ok,Integer,0,False,0,2025,2026-08-04T14:03:14.300203,2026-08-04T14:48:57.764674,3,probes_2025_20260804T140314-c44dde.json;probes_2025_20260804T144211-baf6e6.json;probes_2025_20260804T144857-a65442.json
roof_types,param,rt.layer_count,,,Integer,ok=19;unsupported.not_applicable=3,0,ok,Integer,1,1,1,2025,2026-08-04T14:03:14.300203,2026-08-04T14:48:57.764674,3,probes_2025_20260804T140314-c44dde.json;probes_2025_20260804T144211-baf6e6.json;probes_2025_20260804T144857-a65442.json
roof_types,param,rt.total_thickness_in,,,Double,ok=19;unsupported.not_applicable=3,0,ok,Double,3.9999999999999996,3.9999999999999996,3.9999999999999996,2025,2026-08-04T14:03:14.300203,2026-08-04T14:48:57.764674,3,probes_2025_20260804T140314-c44dde.json;probes_2025_20260804T144211-baf6e6.json;probes_2025_20260804T144857-a65442.json
roof_types,param,rt.type_name,,,String,ok=22,0,ok,String,Sloped Glazing,Sloped Glazing,Sloped Glazing,2025,2026-08-04T14:03:14.300203,2026-08-04T14:48:57.764674,3,probes_2025_20260804T140314-c44dde.json;probes_2025_20260804T144211-baf6e6.json;probes_2025_20260804T144857-a65442.json
roof_types,reflection,refl.CompoundStructure.CanSplitAndMergeRegionsBeUsed,method,CompoundStructure,,,3,ok,String,<method not invoked>,<method not invoked>,<method not invoked>,2025,2026-08-04T14:03:14.300203,2026-08-04T14:48:57.764674,3,probes_2025_20260804T140314-c44dde.json;probes_2025_20260804T144211-baf6e6.json;probes_2025_20260804T144857-a65442.json
roof_types,reflection,refl.CompoundStructure.CutoffHeight,property,CompoundStructure,,,0,,,,,,2025,2026-08-04T14:03:14.300203,2026-08-04T14:48:57.764674,3,probes_2025_20260804T140314-c44dde.json;probes_2025_20260804T144211-baf6e6.json;probes_2025_20260804T144857-a65442.json
roof_types,reflection,refl.CompoundStructure.EndCap,property,CompoundStructure,,,3,ok,Integer,3,3,3,2025,2026-08-04T14:03:14.300203,2026-08-04T14:48:57.764674,3,probes_2025_20260804T140314-c44dde.json;probes_2025_20260804T144211-baf6e6.json;probes_2025_20260804T144857-a65442.json
roof_types,reflection,refl.CompoundStructure.GetFirstCoreLayerIndex,method,CompoundStructure,,,3,ok,String,<method not invoked>,<method not invoked>,<method not invoked>,2025,2026-08-04T14:03:14.300203,2026-08-04T14:48:57.764674,3,probes_2025_20260804T140314-c44dde.json;probes_2025_20260804T144211-baf6e6.json;probes_2025_20260804T144857-a65442.json
roof_types,reflection,refl.CompoundStructure.GetLastCoreLayerIndex,method,CompoundStructure,,,3,ok,String,<method not invoked>,<method not invoked>,<method not invoked>,2025,2026-08-04T14:03:14.300203,2026-08-04T14:48:57.764674,3,probes_2025_20260804T140314-c44dde.json;probes_2025_20260804T144211-baf6e6.json;probes_2025_20260804T144857-a65442.json
roof_types,reflection,refl.CompoundStructure.GetLayers,method,CompoundStructure,,,3,ok,String,<method not invoked>,<method not invoked>,<method not invoked>,2025,2026-08-04T14:03:14.300203,2026-08-04T14:48:57.764674,3,probes_2025_20260804T140314-c44dde.json;probes_2025_20260804T144211-baf6e6.json;probes_2025_20260804T144857-a65442.json
roof_types,reflection,refl.CompoundStructure.GetMinimumLayerThickness,method,CompoundStructure,,,3,ok,String,<method not invoked>,<method not invoked>,<method not invoked>,2025,2026-08-04T14:03:14.300203,2026-08-04T14:48:57.764674,3,probes_2025_20260804T140314-c44dde.json;probes_2025_20260804T144211-baf6e6.json;probes_2025_20260804T144857-a65442.json
roof_types,reflection,refl.CompoundStructure.GetRegionIds,method,CompoundStructure,,,3,ok,String,<method not invoked>,<method not invoked>,<method not invoked>,2025,2026-08-04T14:03:14.300203,2026-08-04T14:48:57.764674,3,probes_2025_20260804T140314-c44dde.json;probes_2025_20260804T144211-baf6e6.json;probes_2025_20260804T144857-a65442.json
roof_types,reflection,refl.CompoundStructure.GetSegmentIds,method,CompoundStructure,,,3,ok,String,<method not invoked>,<method not invoked>,<method not invoked>,2025,2026-08-04T14:03:14.300203,2026-08-04T14:48:57.764674,3,probes_2025_20260804T140314-c44dde.json;probes_2025_20260804T144211-baf6e6.json;probes_2025_20260804T144857-a65442.json
roof_types,reflection,refl.CompoundStructure.GetWidth,method,CompoundStructure,,,3,ok,String,<method not invoked>,<method not invoked>,<method not invoked>,2025,2026-08-04T14:03:14.300203,2026-08-04T14:48:57.764674,3,probes_2025_20260804T140314-c44dde.json;probes_2025_20260804T144211-baf6e6.json;probes_2025_20260804T144857-a65442.json
roof_types,reflection,refl.CompoundStructure.HasStructuralDeck,property,CompoundStructure,,,3,ok,Integer,0,False,0,2025,2026-08-04T14:03:14.300203,2026-08-04T14:48:57.764674,3,probes_2025_20260804T140314-c44dde.json;probes_2025_20260804T144211-baf6e6.json;probes_2025_20260804T144857-a65442.json
roof_types,reflection,refl.CompoundStructure.IsEmpty,property,CompoundStructure,,,3,ok,Integer,0,False,0,2025,2026-08-04T14:03:14.300203,2026-08-04T14:48:57.764674,3,probes_2025_20260804T140314-c44dde.json;probes_2025_20260804T144211-baf6e6.json;probes_2025_20260804T144857-a65442.json
roof_types,reflection,refl.CompoundStructure.IsValidObject,property,CompoundStructure,,,3,ok,Integer,1,True,1,2025,2026-08-04T14:03:14.300203,2026-08-04T14:48:57.764674,3,probes_2025_20260804T140314-c44dde.json;probes_2025_20260804T144211-baf6e6.json;probes_2025_20260804T144857-a65442.json
roof_types,reflection,refl.CompoundStructure.IsVerticallyCompound,property,CompoundStructure,,,3,ok,Integer,0,False,0,2025,2026-08-04T14:03:14.300203,2026-08-04T14:48:57.764674,3,probes_2025_20260804T140314-c44dde.json;probes_2025_20260804T144211-baf6e6.json;probes_2025_20260804T144857-a65442.json
roof_types,reflection,refl.CompoundStructure.IsVerticallyHomogeneous,method,CompoundStructure,,,3,ok,String,<method not invoked>,<method not invoked>,<method not invoked>,2025,2026-08-04T14:03:14.300203,2026-08-04T14:48:57.764674,3,probes_2025_20260804T140314-c44dde.json;probes_2025_20260804T144211-baf6e6.json;probes_2025_20260804T144857-a65442.json
roof_types,reflection,refl.CompoundStructure.LayerCount,property,CompoundStructure,,,5,ok,Integer,1,1,1,2025,2026-08-04T14:03:14.300203,2026-08-04T14:48:57.764674,3,probes_2025_20260804T140314-c44dde.json;probes_2025_20260804T144211-baf6e6.json;probes_2025_20260804T144857-a65442.json
roof_types,reflection,refl.CompoundStructure.MinimumSampleHeight,property,CompoundStructure,,,3,ok,Double,0.0,0.0,0.0,2025,2026-08-04T14:03:14.300203,2026-08-04T14:48:57.764674,3,probes_2025_20260804T140314-c44dde.json;probes_2025_20260804T144211-baf6e6.json;probes_2025_20260804T144857-a65442.json
roof_types,reflection,refl.CompoundStructure.OpeningWrapping,property,CompoundStructure,,,3,ok,Integer,0,0,0,2025,2026-08-04T14:03:14.300203,2026-08-04T14:48:57.764674,3,probes_2025_20260804T140314-c44dde.json;probes_2025_20260804T144211-baf6e6.json;probes_2025_20260804T144857-a65442.json
roof_types,reflection,refl.CompoundStructure.SampleHeight,property,CompoundStructure,,,0,,,,,,2025,2026-08-04T14:03:14.300203,2026-08-04T14:48:57.764674,3,probes_2025_20260804T140314-c44dde.json;probes_2025_20260804T144211-baf6e6.json;probes_2025_20260804T144857-a65442.json
roof_types,reflection,refl.CompoundStructure.StructuralMaterialIndex,property,CompoundStructure,,,3,ok,Integer,-1,-1,-1,2025,2026-08-04T14:03:14.300203,2026-08-04T14:48:57.764674,3,probes_2025_20260804T140314-c44dde.json;probes_2025_20260804T144211-baf6e6.json;probes_2025_20260804T144857-a65442.json
roof_types,reflection,refl.CompoundStructure.VariableLayerIndex,property,CompoundStructure,,,5,ok,Integer,-1,-1,-1,2025,2026-08-04T14:03:14.300203,2026-08-04T14:48:57.764674,3,probes_2025_20260804T140314-c44dde.json;probes_2025_20260804T144211-baf6e6.json;probes_2025_20260804T144857-a65442.json
roof_types,reflection,refl.CompoundStructureLayer.DeckEmbeddingType,property,CompoundStructureLayer,,,3,ok,Integer,-1,-1,-1,2025,2026-08-04T14:03:14.300203,2026-08-04T14:48:57.764674,3,probes_2025_20260804T140314-c44dde.json;probes_2025_20260804T144211-baf6e6.json;probes_2025_20260804T144857-a65442.json
roof_types,reflection,refl.CompoundStructureLayer.DeckProfileId,property,CompoundStructureLayer,,,3,ok,ElementId,-1,-1,-1,2025,2026-08-04T14:03:14.300203,2026-08-04T14:48:57.764674,3,probes_2025_20260804T140314-c44dde.json;probes_2025_20260804T144211-baf6e6.json;probes_2025_20260804T144857-a65442.json
roof_types,reflection,refl.CompoundStructureLayer.Function,property,CompoundStructureLayer,,,5,ok,Integer,1,1,1,2025,2026-08-04T14:03:14.300203,2026-08-04T14:48:57.764674,3,probes_2025_20260804T140314-c44dde.json;probes_2025_20260804T144211-baf6e6.json;probes_2025_20260804T144857-a65442.json
roof_types,reflection,refl.CompoundStructureLayer.IsValidObject,property,CompoundStructureLayer,,,3,ok,Integer,1,True,1,2025,2026-08-04T14:03:14.300203,2026-08-04T14:48:57.764674,3,probes_2025_20260804T140314-c44dde.json;probes_2025_20260804T144211-baf6e6.json;probes_2025_20260804T144857-a65442.json
roof_types,reflection,refl.CompoundStructureLayer.LayerCapFlag,property,CompoundStructureLayer,,,3,ok,Integer,1,True,1,2025,2026-08-04T14:03:14.300203,2026-08-04T14:48:57.764674,3,probes_2025_20260804T140314-c44dde.json;probes_2025_20260804T144211-baf6e6.json;probes_2025_20260804T144857-a65442.json
roof_types,reflection,refl.CompoundStructureLayer.LayerId,property,CompoundStructureLayer,,,5,ok,Integer,0,0,0,2025,2026-08-04T14:03:14.300203,2026-08-04T14:48:57.764674,3,probes_2025_20260804T140314-c44dde.json;probes_2025_20260804T144211-baf6e6.json;probes_2025_20260804T144857-a65442.json
roof_types,reflection,refl.CompoundStructureLayer.MaterialId,property,CompoundStructureLayer,,,11,ok,ElementId,-1,-1,-1,2025,2026-08-04T14:03:14.300203,2026-08-04T14:48:57.764674,3,probes_2025_20260804T140314-c44dde.json;probes_2025_20260804T144211-baf6e6.json;probes_2025_20260804T144857-a65442.json
roof_types,reflection,refl.CompoundStructureLayer.Width,property,CompoundStructureLayer,,,20,ok,Double,0.3333333333333333,0.3333333333333333,0.3333333333333333,2025,2026-08-04T14:03:14.300203,2026-08-04T14:48:57.764674,3,probes_2025_20260804T140314-c44dde.json;probes_2025_20260804T144211-baf6e6.json;probes_2025_20260804T144857-a65442.json
roof_types,reflection,refl.RoofType.ArePhasesModifiable,method,RoofType,,,3,ok,String,<method not invoked>,<method not invoked>,<method not invoked>,2025,2026-08-04T14:03:14.300203,2026-08-04T14:48:57.764674,3,probes_2025_20260804T140314-c44dde.json;probes_2025_20260804T144211-baf6e6.json;probes_2025_20260804T144857-a65442.json
roof_types,reflection,refl.RoofType.AssemblyInstanceId,property,RoofType,,,3,ok,ElementId,-1,-1,-1,2025,2026-08-04T14:03:14.300203,2026-08-04T14:48:57.764674,3,probes_2025_20260804T140314-c44dde.json;probes_2025_20260804T144211-baf6e6.json;probes_2025_20260804T144857-a65442.json
roof_types,reflection,refl.RoofType.CanBeCopied,property,RoofType,,,3,ok,Integer,1,True,1,2025,2026-08-04T14:03:14.300203,2026-08-04T14:48:57.764674,3,probes_2025_20260804T140314-c44dde.json;probes_2025_20260804T144211-baf6e6.json;probes_2025_20260804T144857-a65442.json
roof_types,reflection,refl.RoofType.CanBeDeleted,property,RoofType,,,3,ok,Integer,1,True,1,2025,2026-08-04T14:03:14.300203,2026-08-04T14:48:57.764674,3,probes_2025_20260804T140314-c44dde.json;probes_2025_20260804T144211-baf6e6.json;probes_2025_20260804T144857-a65442.json
roof_types,reflection,refl.RoofType.CanBeLocked,method,RoofType,,,3,ok,String,<method not invoked>,<method not invoked>,<method not invoked>,2025,2026-08-04T14:03:14.300203,2026-08-04T14:48:57.764674,3,probes_2025_20260804T140314-c44dde.json;probes_2025_20260804T144211-baf6e6.json;probes_2025_20260804T144857-a65442.json
roof_types,reflection,refl.RoofType.CanBeRenamed,property,RoofType,,,3,ok,Integer,1,True,1,2025,2026-08-04T14:03:14.300203,2026-08-04T14:48:57.764674,3,probes_2025_20260804T140314-c44dde.json;probes_2025_20260804T144211-baf6e6.json;probes_2025_20260804T144857-a65442.json
roof_types,reflection,refl.RoofType.CanHaveTypeAssigned,method,RoofType,,,3,ok,String,<method not invoked>,<method not invoked>,<method not invoked>,2025,2026-08-04T14:03:14.300203,2026-08-04T14:48:57.764674,3,probes_2025_20260804T140314-c44dde.json;probes_2025_20260804T144211-baf6e6.json;probes_2025_20260804T144857-a65442.json
roof_types,reflection,refl.RoofType.Category,property,RoofType,,,3,unsupported,None,,,,2025,2026-08-04T14:03:14.300203,2026-08-04T14:48:57.764674,3,probes_2025_20260804T140314-c44dde.json;probes_2025_20260804T144211-baf6e6.json;probes_2025_20260804T144857-a65442.json
roof_types,reflection,refl.RoofType.CreatedPhaseId,property,RoofType,,,3,ok,ElementId,-1,-1,-1,2025,2026-08-04T14:03:14.300203,2026-08-04T14:48:57.764674,3,probes_2025_20260804T140314-c44dde.json;probes_2025_20260804T144211-baf6e6.json;probes_2025_20260804T144857-a65442.json
roof_types,reflection,refl.RoofType.DemolishedPhaseId,property,RoofType,,,3,ok,ElementId,-1,-1,-1,2025,2026-08-04T14:03:14.300203,2026-08-04T14:48:57.764674,3,probes_2025_20260804T140314-c44dde.json;probes_2025_20260804T144211-baf6e6.json;probes_2025_20260804T144857-a65442.json
roof_types,reflection,refl.RoofType.DesignOption,property,RoofType,,,3,missing,None,,,,2025,2026-08-04T14:03:14.300203,2026-08-04T14:48:57.764674,3,probes_2025_20260804T140314-c44dde.json;probes_2025_20260804T144211-baf6e6.json;probes_2025_20260804T144857-a65442.json
roof_types,reflection,refl.RoofType.Document,property,RoofType,,,3,unsupported,None,,,,2025,2026-08-04T14:03:14.300203,2026-08-04T14:48:57.764674,3,probes_2025_20260804T140314-c44dde.json;probes_2025_20260804T144211-baf6e6.json;probes_2025_20260804T144857-a65442.json
roof_types,reflection,refl.RoofType.EvaluateAllParameterValues,method,RoofType,,,3,ok,String,<method not invoked>,<method not invoked>,<method not invoked>,2025,2026-08-04T14:03:14.300203,2026-08-04T14:48:57.764674,3,probes_2025_20260804T140314-c44dde.json;probes_2025_20260804T144211-baf6e6.json;probes_2025_20260804T144857-a65442.json
roof_types,reflection,refl.RoofType.FamilyName,property,RoofType,,,6,ok,String,Sloped Glazing,Sloped Glazing,Sloped Glazing,2025,2026-08-04T14:03:14.300203,2026-08-04T14:48:57.764674,3,probes_2025_20260804T140314-c44dde.json;probes_2025_20260804T144211-baf6e6.json;probes_2025_20260804T144857-a65442.json
roof_types,reflection,refl.RoofType.GetCompoundStructure,method,RoofType,,,3,ok,String,<method not invoked>,<method not invoked>,<method not invoked>,2025,2026-08-04T14:03:14.300203,2026-08-04T14:48:57.764674,3,probes_2025_20260804T140314-c44dde.json;probes_2025_20260804T144211-baf6e6.json;probes_2025_20260804T144857-a65442.json
roof_types,reflection,refl.RoofType.GetEntitySchemaGuids,method,RoofType,,,3,ok,String,<method not invoked>,<method not invoked>,<method not invoked>,2025,2026-08-04T14:03:14.300203,2026-08-04T14:48:57.764674,3,probes_2025_20260804T140314-c44dde.json;probes_2025_20260804T144211-baf6e6.json;probes_2025_20260804T144857-a65442.json
roof_types,reflection,refl.RoofType.GetExternalFileReference,method,RoofType,,,3,ok,String,<method not invoked>,<method not invoked>,<method not invoked>,2025,2026-08-04T14:03:14.300203,2026-08-04T14:48:57.764674,3,probes_2025_20260804T140314-c44dde.json;probes_2025_20260804T144211-baf6e6.json;probes_2025_20260804T144857-a65442.json
roof_types,reflection,refl.RoofType.GetExternalResourceReferences,method,RoofType,,,3,ok,String,<method not invoked>,<method not invoked>,<method not invoked>,2025,2026-08-04T14:03:14.300203,2026-08-04T14:48:57.764674,3,probes_2025_20260804T140314-c44dde.json;probes_2025_20260804T144211-baf6e6.json;probes_2025_20260804T144857-a65442.json
roof_types,reflection,refl.RoofType.GetExternalResourceReferencesExpanded,method,RoofType,,,3,ok,String,<method not invoked>,<method not invoked>,<method not invoked>,2025,2026-08-04T14:03:14.300203,2026-08-04T14:48:57.764674,3,probes_2025_20260804T140314-c44dde.json;probes_2025_20260804T144211-baf6e6.json;probes_2025_20260804T144857-a65442.json
roof_types,reflection,refl.RoofType.GetMonitoredLinkElementIds,method,RoofType,,,3,ok,String,<method not invoked>,<method not invoked>,<method not invoked>,2025,2026-08-04T14:03:14.300203,2026-08-04T14:48:57.764674,3,probes_2025_20260804T140314-c44dde.json;probes_2025_20260804T144211-baf6e6.json;probes_2025_20260804T144857-a65442.json
roof_types,reflection,refl.RoofType.GetMonitoredLocalElementIds,method,RoofType,,,3,ok,String,<method not invoked>,<method not invoked>,<method not invoked>,2025,2026-08-04T14:03:14.300203,2026-08-04T14:48:57.764674,3,probes_2025_20260804T140314-c44dde.json;probes_2025_20260804T144211-baf6e6.json;probes_2025_20260804T144857-a65442.json
roof_types,reflection,refl.RoofType.GetOrderedParameters,method,RoofType,,,3,ok,String,<method not invoked>,<method not invoked>,<method not invoked>,2025,2026-08-04T14:03:14.300203,2026-08-04T14:48:57.764674,3,probes_2025_20260804T140314-c44dde.json;probes_2025_20260804T144211-baf6e6.json;probes_2025_20260804T144857-a65442.json
roof_types,reflection,refl.RoofType.GetSimilarTypes,method,RoofType,,,3,ok,String,<method not invoked>,<method not invoked>,<method not invoked>,2025,2026-08-04T14:03:14.300203,2026-08-04T14:48:57.764674,3,probes_2025_20260804T140314-c44dde.json;probes_2025_20260804T144211-baf6e6.json;probes_2025_20260804T144857-a65442.json
roof_types,reflection,refl.RoofType.GetSubelements,method,RoofType,,,3,ok,String,<method not invoked>,<method not invoked>,<method not invoked>,2025,2026-08-04T14:03:14.300203,2026-08-04T14:48:57.764674,3,probes_2025_20260804T140314-c44dde.json;probes_2025_20260804T144211-baf6e6.json;probes_2025_20260804T144857-a65442.json
roof_types,reflection,refl.RoofType.GetTypeId,method,RoofType,,,3,ok,String,<method not invoked>,<method not invoked>,<method not invoked>,2025,2026-08-04T14:03:14.300203,2026-08-04T14:48:57.764674,3,probes_2025_20260804T140314-c44dde.json;probes_2025_20260804T144211-baf6e6.json;probes_2025_20260804T144857-a65442.json
roof_types,reflection,refl.RoofType.GetValidTypes,method,RoofType,,,3,ok,String,<method not invoked>,<method not invoked>,<method not invoked>,2025,2026-08-04T14:03:14.300203,2026-08-04T14:48:57.764674,3,probes_2025_20260804T140314-c44dde.json;probes_2025_20260804T144211-baf6e6.json;probes_2025_20260804T144857-a65442.json
roof_types,reflection,refl.RoofType.GroupId,property,RoofType,,,3,ok,ElementId,-1,-1,-1,2025,2026-08-04T14:03:14.300203,2026-08-04T14:48:57.764674,3,probes_2025_20260804T140314-c44dde.json;probes_2025_20260804T144211-baf6e6.json;probes_2025_20260804T144857-a65442.json
roof_types,reflection,refl.RoofType.HasPhases,method,RoofType,,,3,ok,String,<method not invoked>,<method not invoked>,<method not invoked>,2025,2026-08-04T14:03:14.300203,2026-08-04T14:48:57.764674,3,probes_2025_20260804T140314-c44dde.json;probes_2025_20260804T144211-baf6e6.json;probes_2025_20260804T144857-a65442.json
roof_types,reflection,refl.RoofType.Id,property,RoofType,,,22,ok,ElementId,18448,18448,18448,2025,2026-08-04T14:03:14.300203,2026-08-04T14:48:57.764674,3,probes_2025_20260804T140314-c44dde.json;probes_2025_20260804T144211-baf6e6.json;probes_2025_20260804T144857-a65442.json
roof_types,reflection,refl.RoofType.IsExternalFileReference,method,RoofType,,,3,ok,String,<method not invoked>,<method not invoked>,<method not invoked>,2025,2026-08-04T14:03:14.300203,2026-08-04T14:48:57.764674,3,probes_2025_20260804T140314-c44dde.json;probes_2025_20260804T144211-baf6e6.json;probes_2025_20260804T144857-a65442.json
roof_types,reflection,refl.RoofType.IsModifiable,property,RoofType,,,3,ok,Integer,1,True,1,2025,2026-08-04T14:03:14.300203,2026-08-04T14:48:57.764674,3,probes_2025_20260804T140314-c44dde.json;probes_2025_20260804T144211-baf6e6.json;probes_2025_20260804T144857-a65442.json
roof_types,reflection,refl.RoofType.IsMonitoringLinkElement,method,RoofType,,,3,ok,String,<method not invoked>,<method not invoked>,<method not invoked>,2025,2026-08-04T14:03:14.300203,2026-08-04T14:48:57.764674,3,probes_2025_20260804T140314-c44dde.json;probes_2025_20260804T144211-baf6e6.json;probes_2025_20260804T144857-a65442.json
roof_types,reflection,refl.RoofType.IsMonitoringLocalElement,method,RoofType,,,3,ok,String,<method not invoked>,<method not invoked>,<method not invoked>,2025,2026-08-04T14:03:14.300203,2026-08-04T14:48:57.764674,3,probes_2025_20260804T140314-c44dde.json;probes_2025_20260804T144211-baf6e6.json;probes_2025_20260804T144857-a65442.json
roof_types,reflection,refl.RoofType.IsTransient,property,RoofType,,,3,ok,Integer,0,False,0,2025,2026-08-04T14:03:14.300203,2026-08-04T14:48:57.764674,3,probes_2025_20260804T140314-c44dde.json;probes_2025_20260804T144211-baf6e6.json;probes_2025_20260804T144857-a65442.json
roof_types,reflection,refl.RoofType.IsValidObject,property,RoofType,,,3,ok,Integer,1,True,1,2025,2026-08-04T14:03:14.300203,2026-08-04T14:48:57.764674,3,probes_2025_20260804T140314-c44dde.json;probes_2025_20260804T144211-baf6e6.json;probes_2025_20260804T144857-a65442.json
roof_types,reflection,refl.RoofType.LevelId,property,RoofType,,,3,ok,ElementId,-1,-1,-1,2025,2026-08-04T14:03:14.300203,2026-08-04T14:48:57.764674,3,probes_2025_20260804T140314-c44dde.json;probes_2025_20260804T144211-baf6e6.json;probes_2025_20260804T144857-a65442.json
roof_types,reflection,refl.RoofType.Location,property,RoofType,,,3,missing,None,,,,2025,2026-08-04T14:03:14.300203,2026-08-04T14:48:57.764674,3,probes_2025_20260804T140314-c44dde.json;probes_2025_20260804T144211-baf6e6.json;probes_2025_20260804T144857-a65442.json
roof_types,reflection,refl.RoofType.Name,property,RoofType,,,0,,,,,,2025,2026-08-04T14:03:14.300203,2026-08-04T14:48:57.764674,3,probes_2025_20260804T140314-c44dde.json;probes_2025_20260804T144211-baf6e6.json;probes_2025_20260804T144857-a65442.json
roof_types,reflection,refl.RoofType.OwnerViewId,property,RoofType,,,3,ok,ElementId,-1,-1,-1,2025,2026-08-04T14:03:14.300203,2026-08-04T14:48:57.764674,3,probes_2025_20260804T140314-c44dde.json;probes_2025_20260804T144211-baf6e6.json;probes_2025_20260804T144857-a65442.json
roof_types,reflection,refl.RoofType.Parameters,property,RoofType,,,3,unsupported,None,,,,2025,2026-08-04T14:03:14.300203,2026-08-04T14:48:57.764674,3,probes_2025_20260804T140314-c44dde.json;probes_2025_20260804T144211-baf6e6.json;probes_2025_20260804T144857-a65442.json
roof_types,reflection,refl.RoofType.ParametersMap,property,RoofType,,,3,unsupported,None,,,,2025,2026-08-04T14:03:14.300203,2026-08-04T14:48:57.764674,3,probes_2025_20260804T140314-c44dde.json;probes_2025_20260804T144211-baf6e6.json;probes_2025_20260804T144857-a65442.json
roof_types,reflection,refl.RoofType.Pinned,property,RoofType,,,3,ok,Integer,0,False,0,2025,2026-08-04T14:03:14.300203,2026-08-04T14:48:57.764674,3,probes_2025_20260804T140314-c44dde.json;probes_2025_20260804T144211-baf6e6.json;probes_2025_20260804T144857-a65442.json
roof_types,reflection,refl.RoofType.RefersToExternalResourceReferences,method,RoofType,,,3,ok,String,<method not invoked>,<method not invoked>,<method not invoked>,2025,2026-08-04T14:03:14.300203,2026-08-04T14:48:57.764674,3,probes_2025_20260804T140314-c44dde.json;probes_2025_20260804T144211-baf6e6.json;probes_2025_20260804T144857-a65442.json
roof_types,reflection,refl.RoofType.ThermalProperties,property,RoofType,,,3,missing,None,,,,2025,2026-08-04T14:03:14.300203,2026-08-04T14:48:57.764674,3,probes_2025_20260804T140314-c44dde.json;probes_2025_20260804T144211-baf6e6.json;probes_2025_20260804T144857-a65442.json
roof_types,reflection,refl.RoofType.UniqueId,property,RoofType,,,22,ok,String,b0b76196-1902-482f-b464-0488e33408cc-00004810,b0b76196-1902-482f-b464-0488e33408cc-00004810,b0b76196-1902-482f-b464-0488e33408cc-00004810,2025,2026-08-04T14:03:14.300203,2026-08-04T14:48:57.764674,3,probes_2025_20260804T140314-c44dde.json;probes_2025_20260804T144211-baf6e6.json;probes_2025_20260804T144857-a65442.json
roof_types,reflection,refl.RoofType.VersionGuid,property,RoofType,,,11,ok,None,,59c17d6e-2868-4486-9c62-cc9167dbdfa0,59c17d6e-2868-4486-9c62-cc9167dbdfa0,2025,2026-08-04T14:03:14.300203,2026-08-04T14:48:57.764674,3,probes_2025_20260804T140314-c44dde.json;probes_2025_20260804T144211-baf6e6.json;probes_2025_20260804T144857-a65442.json
roof_types,reflection,refl.RoofType.ViewSpecific,property,RoofType,,,3,ok,Integer,0,False,0,2025,2026-08-04T14:03:14.300203,2026-08-04T14:48:57.764674,3,probes_2025_20260804T140314-c44dde.json;probes_2025_20260804T144211-baf6e6.json;probes_2025_20260804T144857-a65442.json
roof_types,reflection,refl.RoofType.WorksetId,property,RoofType,,,6,ok,ElementId,16,16,16,2025,2026-08-04T14:03:14.300203,2026-08-04T14:48:57.764674,3,probes_2025_20260804T140314-c44dde.json;probes_2025_20260804T144211-baf6e6.json;probes_2025_20260804T144857-a65442.json
text_types,param,p.Background,,,Integer,missing=0;ok=6;unreadable=0;unsupported=0,0,ok,Integer,0,Opaque,0,2025,2026-08-04T14:03:14.300203,2026-08-04T14:48:57.764674,3,probes_2025_20260804T140314-c44dde.json;probes_2025_20260804T144211-baf6e6.json;probes_2025_20260804T144857-a65442.json
text_types,param,p.Bold,,,Integer,missing=0;ok=6;unreadable=0;unsupported=0,0,ok,Integer,0,No,0,2025,2026-08-04T14:03:14.300203,2026-08-04T14:48:57.764674,3,probes_2025_20260804T140314-c44dde.json;probes_2025_20260804T144211-baf6e6.json;probes_2025_20260804T144857-a65442.json
text_types,param,p.Color,,,Integer,missing=0;ok=6;unreadable=0;unsupported=0,0,ok,Integer,0,0,0,2025,2026-08-04T14:03:14.300203,2026-08-04T14:48:57.764674,3,probes_2025_20260804T140314-c44dde.json;probes_2025_20260804T144211-baf6e6.json;probes_2025_20260804T144857-a65442.json
text_types,param,p.Italic,,,Integer,missing=0;ok=3;unreadable=0;unsupported=0,0,ok,Integer,0,No,0,2025,2026-08-04T14:03:14.300203,2026-08-04T14:48:57.764674,3,probes_2025_20260804T140314-c44dde.json;probes_2025_20260804T144211-baf6e6.json;probes_2025_20260804T144857-a65442.json
text_types,param,p.Leader Arrowhead,,,ElementId,missing=0;ok=11;unreadable=0;unsupported=0,0,ok,ElementId,137584,Arrow Filled 20 Degree,137584,2025,2026-08-04T14:03:14.300203,2026-08-04T14:48:57.764674,3,probes_2025_20260804T140314-c44dde.json;probes_2025_20260804T144211-baf6e6.json;probes_2025_20260804T144857-a65442.json
text_types,param,p.Leader/Border Offset,,,Double,missing=0;ok=6;unreadable=0;unsupported=0,0,ok,Double,0.006666666666666667,"5/64""",0.006666666666666667,2025,2026-08-04T14:03:14.300203,2026-08-04T14:48:57.764674,3,probes_2025_20260804T140314-c44dde.json;probes_2025_20260804T144211-baf6e6.json;probes_2025_20260804T144857-a65442.json
text_types,param,p.Line Weight,,,Integer,missing=0;ok=5;unreadable=0;unsupported=0,0,ok,Integer,1,1,1,2025,2026-08-04T14:03:14.300203,2026-08-04T14:48:57.764674,3,probes_2025_20260804T140314-c44dde.json;probes_2025_20260804T144211-baf6e6.json;probes_2025_20260804T144857-a65442.json
text_types,param,p.Show Border,,,Integer,missing=0;ok=3;unreadable=0;unsupported=0,0,ok,Integer,0,No,0,2025,2026-08-04T14:03:14.300203,2026-08-04T14:48:57.764674,3,probes_2025_20260804T140314-c44dde.json;probes_2025_20260804T144211-baf6e6.json;probes_2025_20260804T144857-a65442.json
text_types,param,p.Tab Size,,,Double,missing=0;ok=7;unreadable=0;unsupported=0,0,ok,Double,0.020833333333333336,"1/4""",0.020833333333333336,2025,2026-08-04T14:03:14.300203,2026-08-04T14:48:57.764674,3,probes_2025_20260804T140314-c44dde.json;probes_2025_20260804T144211-baf6e6.json;probes_2025_20260804T144857-a65442.json
text_types,param,p.Text Font,,,String,missing=0;ok=11;unreadable=0;unsupported=0,0,ok,String,Arial,Arial,Arial,2025,2026-08-04T14:03:14.300203,2026-08-04T14:48:57.764674,3,probes_2025_20260804T140314-c44dde.json;probes_2025_20260804T144211-baf6e6.json;probes_2025_20260804T144857-a65442.json
text_types,param,p.Text Size,,,Double,missing=0;ok=15;unreadable=0;unsupported=0,0,ok,Double,0.0078125,"3/32""",0.0078125,2025,2026-08-04T14:03:14.300203,2026-08-04T14:48:57.764674,3,probes_2025_20260804T140314-c44dde.json;probes_2025_20260804T144211-baf6e6.json;probes_2025_20260804T144857-a65442.json
text_types,param,p.Underline,,,Integer,missing=0;ok=3;unreadable=0;unsupported=0,0,ok,Integer,0,No,0,2025,2026-08-04T14:03:14.300203,2026-08-04T14:48:57.764674,3,probes_2025_20260804T140314-c44dde.json;probes_2025_20260804T144211-baf6e6.json;probes_2025_20260804T144857-a65442.json
text_types,param,p.Width Factor,,,Double,missing=0;ok=4;unreadable=0;unsupported=0,0,ok,Double,1.0,1,1.0,2025,2026-08-04T14:03:14.300203,2026-08-04T14:48:57.764674,3,probes_2025_20260804T140314-c44dde.json;probes_2025_20260804T144211-baf6e6.json;probes_2025_20260804T144857-a65442.json
text_types,param,v.color.color.hex_bbgrr,,,String,missing=0;ok=6;unreadable=0;unsupported=0,0,ok,String,#000000,#000000,#000000,2025,2026-08-04T14:03:14.300203,2026-08-04T14:48:57.764674,3,probes_2025_20260804T140314-c44dde.json;probes_2025_20260804T144211-baf6e6.json;probes_2025_20260804T144857-a65442.json
text_types,param,v.color.color.hex_rrggbb,,,String,missing=0;ok=6;unreadable=0;unsupported=0,0,ok,String,#000000,#000000,#000000,2025,2026-08-04T14:03:14.300203,2026-08-04T14:48:57.764674,3,probes_2025_20260804T140314-c44dde.json;probes_2025_20260804T144211-baf6e6.json;probes_2025_20260804T144857-a65442.json
text_types,param,v.color.color.raw_hex32,,,String,missing=0;ok=6;unreadable=0;unsupported=0,0,ok,String,0x00000000,0x00000000,0x00000000,2025,2026-08-04T14:03:14.300203,2026-08-04T14:48:57.764674,3,probes_2025_20260804T140314-c44dde.json;probes_2025_20260804T144211-baf6e6.json;probes_2025_20260804T144857-a65442.json
text_types,param,v.color.color.rgb_bbgrr,,,String,missing=0;ok=6;unreadable=0;unsupported=0,0,ok,String,0|0|0,0|0|0,0|0|0,2025,2026-08-04T14:03:14.300203,2026-08-04T14:48:57.764674,3,probes_2025_20260804T140314-c44dde.json;probes_2025_20260804T144211-baf6e6.json;probes_2025_20260804T144857-a65442.json
text_types,param,v.color.color.rgb_rrggbb,,,String,missing=0;ok=6;unreadable=0;unsupported=0,0,ok,String,0|0|0,0|0|0,0|0|0,2025,2026-08-04T14:03:14.300203,2026-08-04T14:48:57.764674,3,probes_2025_20260804T140314-c44dde.json;probes_2025_20260804T144211-baf6e6.json;probes_2025_20260804T144857-a65442.json
text_types,reflection,refl.TextNoteType.ArePhasesModifiable,method,TextNoteType,,,3,ok,String,<method not invoked>,<method not invoked>,<method not invoked>,2025,2026-08-04T14:03:14.300203,2026-08-04T14:48:57.764674,3,probes_2025_20260804T140314-c44dde.json;probes_2025_20260804T144211-baf6e6.json;probes_2025_20260804T144857-a65442.json
text_types,reflection,refl.TextNoteType.AssemblyInstanceId,property,TextNoteType,,,3,ok,ElementId,-1,-1,-1,2025,2026-08-04T14:03:14.300203,2026-08-04T14:48:57.764674,3,probes_2025_20260804T140314-c44dde.json;probes_2025_20260804T144211-baf6e6.json;probes_2025_20260804T144857-a65442.json
text_types,reflection,refl.TextNoteType.CanBeCopied,property,TextNoteType,,,3,ok,Integer,1,True,1,2025,2026-08-04T14:03:14.300203,2026-08-04T14:48:57.764674,3,probes_2025_20260804T140314-c44dde.json;probes_2025_20260804T144211-baf6e6.json;probes_2025_20260804T144857-a65442.json
text_types,reflection,refl.TextNoteType.CanBeDeleted,property,TextNoteType,,,3,ok,Integer,1,True,1,2025,2026-08-04T14:03:14.300203,2026-08-04T14:48:57.764674,3,probes_2025_20260804T140314-c44dde.json;probes_2025_20260804T144211-baf6e6.json;probes_2025_20260804T144857-a65442.json
text_types,reflection,refl.TextNoteType.CanBeLocked,method,TextNoteType,,,3,ok,String,<method not invoked>,<method not invoked>,<method not invoked>,2025,2026-08-04T14:03:14.300203,2026-08-04T14:48:57.764674,3,probes_2025_20260804T140314-c44dde.json;probes_2025_20260804T144211-baf6e6.json;probes_2025_20260804T144857-a65442.json
text_types,reflection,refl.TextNoteType.CanBeRenamed,property,TextNoteType,,,3,ok,Integer,1,True,1,2025,2026-08-04T14:03:14.300203,2026-08-04T14:48:57.764674,3,probes_2025_20260804T140314-c44dde.json;probes_2025_20260804T144211-baf6e6.json;probes_2025_20260804T144857-a65442.json
text_types,reflection,refl.TextNoteType.CanHaveTypeAssigned,method,TextNoteType,,,3,ok,String,<method not invoked>,<method not invoked>,<method not invoked>,2025,2026-08-04T14:03:14.300203,2026-08-04T14:48:57.764674,3,probes_2025_20260804T140314-c44dde.json;probes_2025_20260804T144211-baf6e6.json;probes_2025_20260804T144857-a65442.json
text_types,reflection,refl.TextNoteType.Category,property,TextNoteType,,,3,missing,None,,,,2025,2026-08-04T14:03:14.300203,2026-08-04T14:48:57.764674,3,probes_2025_20260804T140314-c44dde.json;probes_2025_20260804T144211-baf6e6.json;probes_2025_20260804T144857-a65442.json
text_types,reflection,refl.TextNoteType.CreatedPhaseId,property,TextNoteType,,,3,ok,ElementId,-1,-1,-1,2025,2026-08-04T14:03:14.300203,2026-08-04T14:48:57.764674,3,probes_2025_20260804T140314-c44dde.json;probes_2025_20260804T144211-baf6e6.json;probes_2025_20260804T144857-a65442.json
text_types,reflection,refl.TextNoteType.DemolishedPhaseId,property,TextNoteType,,,3,ok,ElementId,-1,-1,-1,2025,2026-08-04T14:03:14.300203,2026-08-04T14:48:57.764674,3,probes_2025_20260804T140314-c44dde.json;probes_2025_20260804T144211-baf6e6.json;probes_2025_20260804T144857-a65442.json
text_types,reflection,refl.TextNoteType.DesignOption,property,TextNoteType,,,3,missing,None,,,,2025,2026-08-04T14:03:14.300203,2026-08-04T14:48:57.764674,3,probes_2025_20260804T140314-c44dde.json;probes_2025_20260804T144211-baf6e6.json;probes_2025_20260804T144857-a65442.json
text_types,reflection,refl.TextNoteType.Document,property,TextNoteType,,,3,unsupported,None,,,,2025,2026-08-04T14:03:14.300203,2026-08-04T14:48:57.764674,3,probes_2025_20260804T140314-c44dde.json;probes_2025_20260804T144211-baf6e6.json;probes_2025_20260804T144857-a65442.json
text_types,reflection,refl.TextNoteType.EvaluateAllParameterValues,method,TextNoteType,,,3,ok,String,<method not invoked>,<method not invoked>,<method not invoked>,2025,2026-08-04T14:03:14.300203,2026-08-04T14:48:57.764674,3,probes_2025_20260804T140314-c44dde.json;probes_2025_20260804T144211-baf6e6.json;probes_2025_20260804T144857-a65442.json
text_types,reflection,refl.TextNoteType.FamilyName,property,TextNoteType,,,3,ok,String,Text,Text,Text,2025,2026-08-04T14:03:14.300203,2026-08-04T14:48:57.764674,3,probes_2025_20260804T140314-c44dde.json;probes_2025_20260804T144211-baf6e6.json;probes_2025_20260804T144857-a65442.json
text_types,reflection,refl.TextNoteType.GetEntitySchemaGuids,method,TextNoteType,,,3,ok,String,<method not invoked>,<method not invoked>,<method not invoked>,2025,2026-08-04T14:03:14.300203,2026-08-04T14:48:57.764674,3,probes_2025_20260804T140314-c44dde.json;probes_2025_20260804T144211-baf6e6.json;probes_2025_20260804T144857-a65442.json
text_types,reflection,refl.TextNoteType.GetExternalFileReference,method,TextNoteType,,,3,ok,String,<method not invoked>,<method not invoked>,<method not invoked>,2025,2026-08-04T14:03:14.300203,2026-08-04T14:48:57.764674,3,probes_2025_20260804T140314-c44dde.json;probes_2025_20260804T144211-baf6e6.json;probes_2025_20260804T144857-a65442.json
text_types,reflection,refl.TextNoteType.GetExternalResourceReferences,method,TextNoteType,,,3,ok,String,<method not invoked>,<method not invoked>,<method not invoked>,2025,2026-08-04T14:03:14.300203,2026-08-04T14:48:57.764674,3,probes_2025_20260804T140314-c44dde.json;probes_2025_20260804T144211-baf6e6.json;probes_2025_20260804T144857-a65442.json
text_types,reflection,refl.TextNoteType.GetExternalResourceReferencesExpanded,method,TextNoteType,,,3,ok,String,<method not invoked>,<method not invoked>,<method not invoked>,2025,2026-08-04T14:03:14.300203,2026-08-04T14:48:57.764674,3,probes_2025_20260804T140314-c44dde.json;probes_2025_20260804T144211-baf6e6.json;probes_2025_20260804T144857-a65442.json
text_types,reflection,refl.TextNoteType.GetMonitoredLinkElementIds,method,TextNoteType,,,3,ok,String,<method not invoked>,<method not invoked>,<method not invoked>,2025,2026-08-04T14:03:14.300203,2026-08-04T14:48:57.764674,3,probes_2025_20260804T140314-c44dde.json;probes_2025_20260804T144211-baf6e6.json;probes_2025_20260804T144857-a65442.json
text_types,reflection,refl.TextNoteType.GetMonitoredLocalElementIds,method,TextNoteType,,,3,ok,String,<method not invoked>,<method not invoked>,<method not invoked>,2025,2026-08-04T14:03:14.300203,2026-08-04T14:48:57.764674,3,probes_2025_20260804T140314-c44dde.json;probes_2025_20260804T144211-baf6e6.json;probes_2025_20260804T144857-a65442.json
text_types,reflection,refl.TextNoteType.GetOrderedParameters,method,TextNoteType,,,3,ok,String,<method not invoked>,<method not invoked>,<method not invoked>,2025,2026-08-04T14:03:14.300203,2026-08-04T14:48:57.764674,3,probes_2025_20260804T140314-c44dde.json;probes_2025_20260804T144211-baf6e6.json;probes_2025_20260804T144857-a65442.json
text_types,reflection,refl.TextNoteType.GetSimilarTypes,method,TextNoteType,,,3,ok,String,<method not invoked>,<method not invoked>,<method not invoked>,2025,2026-08-04T14:03:14.300203,2026-08-04T14:48:57.764674,3,probes_2025_20260804T140314-c44dde.json;probes_2025_20260804T144211-baf6e6.json;probes_2025_20260804T144857-a65442.json
text_types,reflection,refl.TextNoteType.GetSubelements,method,TextNoteType,,,3,ok,String,<method not invoked>,<method not invoked>,<method not invoked>,2025,2026-08-04T14:03:14.300203,2026-08-04T14:48:57.764674,3,probes_2025_20260804T140314-c44dde.json;probes_2025_20260804T144211-baf6e6.json;probes_2025_20260804T144857-a65442.json
text_types,reflection,refl.TextNoteType.GetTypeId,method,TextNoteType,,,3,ok,String,<method not invoked>,<method not invoked>,<method not invoked>,2025,2026-08-04T14:03:14.300203,2026-08-04T14:48:57.764674,3,probes_2025_20260804T140314-c44dde.json;probes_2025_20260804T144211-baf6e6.json;probes_2025_20260804T144857-a65442.json
text_types,reflection,refl.TextNoteType.GetValidTypes,method,TextNoteType,,,3,ok,String,<method not invoked>,<method not invoked>,<method not invoked>,2025,2026-08-04T14:03:14.300203,2026-08-04T14:48:57.764674,3,probes_2025_20260804T140314-c44dde.json;probes_2025_20260804T144211-baf6e6.json;probes_2025_20260804T144857-a65442.json
text_types,reflection,refl.TextNoteType.GroupId,property,TextNoteType,,,3,ok,ElementId,-1,-1,-1,2025,2026-08-04T14:03:14.300203,2026-08-04T14:48:57.764674,3,probes_2025_20260804T140314-c44dde.json;probes_2025_20260804T144211-baf6e6.json;probes_2025_20260804T144857-a65442.json
text_types,reflection,refl.TextNoteType.HasPhases,method,TextNoteType,,,3,ok,String,<method not invoked>,<method not invoked>,<method not invoked>,2025,2026-08-04T14:03:14.300203,2026-08-04T14:48:57.764674,3,probes_2025_20260804T140314-c44dde.json;probes_2025_20260804T144211-baf6e6.json;probes_2025_20260804T144857-a65442.json
text_types,reflection,refl.TextNoteType.Id,property,TextNoteType,,,18,ok,ElementId,10352,10352,10352,2025,2026-08-04T14:03:14.300203,2026-08-04T14:48:57.764674,3,probes_2025_20260804T140314-c44dde.json;probes_2025_20260804T144211-baf6e6.json;probes_2025_20260804T144857-a65442.json
text_types,reflection,refl.TextNoteType.IsExternalFileReference,method,TextNoteType,,,3,ok,String,<method not invoked>,<method not invoked>,<method not invoked>,2025,2026-08-04T14:03:14.300203,2026-08-04T14:48:57.764674,3,probes_2025_20260804T140314-c44dde.json;probes_2025_20260804T144211-baf6e6.json;probes_2025_20260804T144857-a65442.json
text_types,reflection,refl.TextNoteType.IsModifiable,property,TextNoteType,,,3,ok,Integer,1,True,1,2025,2026-08-04T14:03:14.300203,2026-08-04T14:48:57.764674,3,probes_2025_20260804T140314-c44dde.json;probes_2025_20260804T144211-baf6e6.json;probes_2025_20260804T144857-a65442.json
text_types,reflection,refl.TextNoteType.IsMonitoringLinkElement,method,TextNoteType,,,3,ok,String,<method not invoked>,<method not invoked>,<method not invoked>,2025,2026-08-04T14:03:14.300203,2026-08-04T14:48:57.764674,3,probes_2025_20260804T140314-c44dde.json;probes_2025_20260804T144211-baf6e6.json;probes_2025_20260804T144857-a65442.json
text_types,reflection,refl.TextNoteType.IsMonitoringLocalElement,method,TextNoteType,,,3,ok,String,<method not invoked>,<method not invoked>,<method not invoked>,2025,2026-08-04T14:03:14.300203,2026-08-04T14:48:57.764674,3,probes_2025_20260804T140314-c44dde.json;probes_2025_20260804T144211-baf6e6.json;probes_2025_20260804T144857-a65442.json
text_types,reflection,refl.TextNoteType.IsTransient,property,TextNoteType,,,3,ok,Integer,0,False,0,2025,2026-08-04T14:03:14.300203,2026-08-04T14:48:57.764674,3,probes_2025_20260804T140314-c44dde.json;probes_2025_20260804T144211-baf6e6.json;probes_2025_20260804T144857-a65442.json
text_types,reflection,refl.TextNoteType.IsValidObject,property,TextNoteType,,,3,ok,Integer,1,True,1,2025,2026-08-04T14:03:14.300203,2026-08-04T14:48:57.764674,3,probes_2025_20260804T140314-c44dde.json;probes_2025_20260804T144211-baf6e6.json;probes_2025_20260804T144857-a65442.json
text_types,reflection,refl.TextNoteType.LevelId,property,TextNoteType,,,3,ok,ElementId,-1,-1,-1,2025,2026-08-04T14:03:14.300203,2026-08-04T14:48:57.764674,3,probes_2025_20260804T140314-c44dde.json;probes_2025_20260804T144211-baf6e6.json;probes_2025_20260804T144857-a65442.json
text_types,reflection,refl.TextNoteType.Location,property,TextNoteType,,,3,missing,None,,,,2025,2026-08-04T14:03:14.300203,2026-08-04T14:48:57.764674,3,probes_2025_20260804T140314-c44dde.json;probes_2025_20260804T144211-baf6e6.json;probes_2025_20260804T144857-a65442.json
text_types,reflection,refl.TextNoteType.Name,property,TextNoteType,,,0,,,,,,2025,2026-08-04T14:03:14.300203,2026-08-04T14:48:57.764674,3,probes_2025_20260804T140314-c44dde.json;probes_2025_20260804T144211-baf6e6.json;probes_2025_20260804T144857-a65442.json
text_types,reflection,refl.TextNoteType.OwnerViewId,property,TextNoteType,,,3,ok,ElementId,-1,-1,-1,2025,2026-08-04T14:03:14.300203,2026-08-04T14:48:57.764674,3,probes_2025_20260804T140314-c44dde.json;probes_2025_20260804T144211-baf6e6.json;probes_2025_20260804T144857-a65442.json
text_types,reflection,refl.TextNoteType.Parameters,property,TextNoteType,,,3,unsupported,None,,,,2025,2026-08-04T14:03:14.300203,2026-08-04T14:48:57.764674,3,probes_2025_20260804T140314-c44dde.json;probes_2025_20260804T144211-baf6e6.json;probes_2025_20260804T144857-a65442.json
text_types,reflection,refl.TextNoteType.ParametersMap,property,TextNoteType,,,3,unsupported,None,,,,2025,2026-08-04T14:03:14.300203,2026-08-04T14:48:57.764674,3,probes_2025_20260804T140314-c44dde.json;probes_2025_20260804T144211-baf6e6.json;probes_2025_20260804T144857-a65442.json
text_types,reflection,refl.TextNoteType.Pinned,property,TextNoteType,,,3,ok,Integer,0,False,0,2025,2026-08-04T14:03:14.300203,2026-08-04T14:48:57.764674,3,probes_2025_20260804T140314-c44dde.json;probes_2025_20260804T144211-baf6e6.json;probes_2025_20260804T144857-a65442.json
text_types,reflection,refl.TextNoteType.RefersToExternalResourceReferences,method,TextNoteType,,,3,ok,String,<method not invoked>,<method not invoked>,<method not invoked>,2025,2026-08-04T14:03:14.300203,2026-08-04T14:48:57.764674,3,probes_2025_20260804T140314-c44dde.json;probes_2025_20260804T144211-baf6e6.json;probes_2025_20260804T144857-a65442.json
text_types,reflection,refl.TextNoteType.UniqueId,property,TextNoteType,,,18,ok,String,7169facf-e488-11d3-9188-0000863f27ad-00002870,7169facf-e488-11d3-9188-0000863f27ad-00002870,7169facf-e488-11d3-9188-0000863f27ad-00002870,2025,2026-08-04T14:03:14.300203,2026-08-04T14:48:57.764674,3,probes_2025_20260804T140314-c44dde.json;probes_2025_20260804T144211-baf6e6.json;probes_2025_20260804T144857-a65442.json
text_types,reflection,refl.TextNoteType.VersionGuid,property,TextNoteType,,,9,ok,None,,be9070a1-91d1-4ee1-9a3f-9b93c2faaa70,be9070a1-91d1-4ee1-9a3f-9b93c2faaa70,2025,2026-08-04T14:03:14.300203,2026-08-04T14:48:57.764674,3,probes_2025_20260804T140314-c44dde.json;probes_2025_20260804T144211-baf6e6.json;probes_2025_20260804T144857-a65442.json
text_types,reflection,refl.TextNoteType.ViewSpecific,property,TextNoteType,,,3,ok,Integer,0,False,0,2025,2026-08-04T14:03:14.300203,2026-08-04T14:48:57.764674,3,probes_2025_20260804T140314-c44dde.json;probes_2025_20260804T144211-baf6e6.json;probes_2025_20260804T144857-a65442.json
text_types,reflection,refl.TextNoteType.WorksetId,property,TextNoteType,,,3,ok,ElementId,24,24,24,2025,2026-08-04T14:03:14.300203,2026-08-04T14:48:57.764674,3,probes_2025_20260804T140314-c44dde.json;probes_2025_20260804T144211-baf6e6.json;probes_2025_20260804T144857-a65442.json
units,param,p.debug.format_options_status,,,String,missing=0;ok=450;unreadable=3;unsupported=0,0,ok,String,ok,ok,ok,2025,2026-08-04T14:03:14.300203,2026-08-04T14:48:57.764674,3,probes_2025_20260804T140314-c44dde.json;probes_2025_20260804T144211-baf6e6.json;probes_2025_20260804T144857-a65442.json
units,param,p.format.accuracy,,,Double;String,missing=0;ok=450;unreadable=3;unsupported=0,0,ok,Double,1.0,1.0,1.0,2025,2026-08-04T14:03:14.300203,2026-08-04T14:48:57.764674,3,probes_2025_20260804T140314-c44dde.json;probes_2025_20260804T144211-baf6e6.json;probes_2025_20260804T144857-a65442.json
units,param,p.format.rounding_method,,,Integer;String,missing=0;ok=450;unreadable=3;unsupported=0,0,ok,Integer,0,0,0,2025,2026-08-04T14:03:14.300203,2026-08-04T14:48:57.764674,3,probes_2025_20260804T140314-c44dde.json;probes_2025_20260804T144211-baf6e6.json;probes_2025_20260804T144857-a65442.json
units,param,p.format.suppress_leading_zeros,,,Integer;String,missing=0;ok=450;unreadable=3;unsupported=0,0,ok,Integer,0,False,0,2025,2026-08-04T14:03:14.300203,2026-08-04T14:48:57.764674,3,probes_2025_20260804T140314-c44dde.json;probes_2025_20260804T144211-baf6e6.json;probes_2025_20260804T144857-a65442.json
units,param,p.format.suppress_spaces,,,Integer;String,missing=0;ok=450;unreadable=3;unsupported=0,0,ok,Integer,0,False,0,2025,2026-08-04T14:03:14.300203,2026-08-04T14:48:57.764674,3,probes_2025_20260804T140314-c44dde.json;probes_2025_20260804T144211-baf6e6.json;probes_2025_20260804T144857-a65442.json
units,param,p.format.suppress_trailing_zeros,,,Integer;String,missing=0;ok=450;unreadable=3;unsupported=0,0,ok,Integer,0,False,0,2025,2026-08-04T14:03:14.300203,2026-08-04T14:48:57.764674,3,probes_2025_20260804T140314-c44dde.json;probes_2025_20260804T144211-baf6e6.json;probes_2025_20260804T144857-a65442.json
units,param,p.format.suppress_unit_symbol,,,String,missing=0;ok=0;unreadable=453;unsupported=0,0,unreadable,String,AttributeError: 'FormatOptions' object has no attribute 'SuppressUnitSymbol',AttributeError: 'FormatOptions' object has no attribute 'SuppressUnitSymbol',AttributeError: 'FormatOptions' object has no attribute 'SuppressUnitSymbol',2025,2026-08-04T14:03:14.300203,2026-08-04T14:48:57.764674,3,probes_2025_20260804T140314-c44dde.json;probes_2025_20260804T144211-baf6e6.json;probes_2025_20260804T144857-a65442.json
units,param,p.format.symbol_type_id,,,String,missing=0;ok=450;unreadable=3;unsupported=0,0,ok,String,autodesk.unit.symbol:vA-1.0.1,autodesk.unit.symbol:vA-1.0.1,autodesk.unit.symbol:vA-1.0.1,2025,2026-08-04T14:03:14.300203,2026-08-04T14:48:57.764674,3,probes_2025_20260804T140314-c44dde.json;probes_2025_20260804T144211-baf6e6.json;probes_2025_20260804T144857-a65442.json
units,param,p.format.unit_type_id,,,String,missing=0;ok=450;unreadable=3;unsupported=0,0,ok,String,autodesk.unit.unit:voltAmperes-1.0.1,autodesk.unit.unit:voltAmperes-1.0.1,autodesk.unit.unit:voltAmperes-1.0.1,2025,2026-08-04T14:03:14.300203,2026-08-04T14:48:57.764674,3,probes_2025_20260804T140314-c44dde.json;probes_2025_20260804T144211-baf6e6.json;probes_2025_20260804T144857-a65442.json
units,param,p.format.use_default,,,Integer;String,missing=0;ok=450;unreadable=3;unsupported=0,0,ok,Integer,0,False,0,2025,2026-08-04T14:03:14.300203,2026-08-04T14:48:57.764674,3,probes_2025_20260804T140314-c44dde.json;probes_2025_20260804T144211-baf6e6.json;probes_2025_20260804T144857-a65442.json
units,param,p.format.use_digit_grouping,,,Integer;String,missing=0;ok=450;unreadable=3;unsupported=0,0,ok,Integer,0,False,0,2025,2026-08-04T14:03:14.300203,2026-08-04T14:48:57.764674,3,probes_2025_20260804T140314-c44dde.json;probes_2025_20260804T144211-baf6e6.json;probes_2025_20260804T144857-a65442.json
units,param,p.format.use_plus_prefix,,,Integer;String,missing=0;ok=450;unreadable=3;unsupported=0,0,ok,Integer,0,False,0,2025,2026-08-04T14:03:14.300203,2026-08-04T14:48:57.764674,3,probes_2025_20260804T140314-c44dde.json;probes_2025_20260804T144211-baf6e6.json;probes_2025_20260804T144857-a65442.json
units,param,p.units.decimal_symbol,,,Integer,missing=0;ok=3;unreadable=0;unsupported=0,0,ok,Integer,0,0,0,2025,2026-08-04T14:03:14.300203,2026-08-04T14:48:57.764674,3,probes_2025_20260804T140314-c44dde.json;probes_2025_20260804T144211-baf6e6.json;probes_2025_20260804T144857-a65442.json
units,param,p.units.digit_grouping_amount,,,Integer,missing=0;ok=3;unreadable=0;unsupported=0,0,ok,Integer,1,1,1,2025,2026-08-04T14:03:14.300203,2026-08-04T14:48:57.764674,3,probes_2025_20260804T140314-c44dde.json;probes_2025_20260804T144211-baf6e6.json;probes_2025_20260804T144857-a65442.json
units,param,p.units.digit_grouping_symbol,,,Integer,missing=0;ok=3;unreadable=0;unsupported=0,0,ok,Integer,1,1,1,2025,2026-08-04T14:03:14.300203,2026-08-04T14:48:57.764674,3,probes_2025_20260804T140314-c44dde.json;probes_2025_20260804T144211-baf6e6.json;probes_2025_20260804T144857-a65442.json
units,reflection,refl.FormatOptions.Accuracy,property,FormatOptions,,,25,ok,Double,1.0,1.0,1.0,2025,2026-08-04T14:03:14.300203,2026-08-04T14:48:57.764674,3,probes_2025_20260804T140314-c44dde.json;probes_2025_20260804T144211-baf6e6.json;probes_2025_20260804T144857-a65442.json
units,reflection,refl.FormatOptions.CanHaveSymbol,method,FormatOptions,,,3,ok,String,<method not invoked>,<method not invoked>,<method not invoked>,2025,2026-08-04T14:03:14.300203,2026-08-04T14:48:57.764674,3,probes_2025_20260804T140314-c44dde.json;probes_2025_20260804T144211-baf6e6.json;probes_2025_20260804T144857-a65442.json
units,reflection,refl.FormatOptions.CanSuppressLeadingZeros,method,FormatOptions,,,3,ok,String,<method not invoked>,<method not invoked>,<method not invoked>,2025,2026-08-04T14:03:14.300203,2026-08-04T14:48:57.764674,3,probes_2025_20260804T140314-c44dde.json;probes_2025_20260804T144211-baf6e6.json;probes_2025_20260804T144857-a65442.json
units,reflection,refl.FormatOptions.CanSuppressSpaces,method,FormatOptions,,,3,ok,String,<method not invoked>,<method not invoked>,<method not invoked>,2025,2026-08-04T14:03:14.300203,2026-08-04T14:48:57.764674,3,probes_2025_20260804T140314-c44dde.json;probes_2025_20260804T144211-baf6e6.json;probes_2025_20260804T144857-a65442.json
units,reflection,refl.FormatOptions.CanSuppressTrailingZeros,method,FormatOptions,,,3,ok,String,<method not invoked>,<method not invoked>,<method not invoked>,2025,2026-08-04T14:03:14.300203,2026-08-04T14:48:57.764674,3,probes_2025_20260804T140314-c44dde.json;probes_2025_20260804T144211-baf6e6.json;probes_2025_20260804T144857-a65442.json
units,reflection,refl.FormatOptions.CanUsePlusPrefix,method,FormatOptions,,,3,ok,String,<method not invoked>,<method not invoked>,<method not invoked>,2025,2026-08-04T14:03:14.300203,2026-08-04T14:48:57.764674,3,probes_2025_20260804T140314-c44dde.json;probes_2025_20260804T144211-baf6e6.json;probes_2025_20260804T144857-a65442.json
units,reflection,refl.FormatOptions.GetSymbolTypeId,method,FormatOptions,,,3,ok,String,<method not invoked>,<method not invoked>,<method not invoked>,2025,2026-08-04T14:03:14.300203,2026-08-04T14:48:57.764674,3,probes_2025_20260804T140314-c44dde.json;probes_2025_20260804T144211-baf6e6.json;probes_2025_20260804T144857-a65442.json
units,reflection,refl.FormatOptions.GetUnitTypeId,method,FormatOptions,,,3,ok,String,<method not invoked>,<method not invoked>,<method not invoked>,2025,2026-08-04T14:03:14.300203,2026-08-04T14:48:57.764674,3,probes_2025_20260804T140314-c44dde.json;probes_2025_20260804T144211-baf6e6.json;probes_2025_20260804T144857-a65442.json
units,reflection,refl.FormatOptions.GetValidSymbols,method,FormatOptions,,,3,ok,String,<method not invoked>,<method not invoked>,<method not invoked>,2025,2026-08-04T14:03:14.300203,2026-08-04T14:48:57.764674,3,probes_2025_20260804T140314-c44dde.json;probes_2025_20260804T144211-baf6e6.json;probes_2025_20260804T144857-a65442.json
units,reflection,refl.FormatOptions.IsValidObject,property,FormatOptions,,,3,ok,Integer,1,True,1,2025,2026-08-04T14:03:14.300203,2026-08-04T14:48:57.764674,3,probes_2025_20260804T140314-c44dde.json;probes_2025_20260804T144211-baf6e6.json;probes_2025_20260804T144857-a65442.json
units,reflection,refl.FormatOptions.RoundingMethod,property,FormatOptions,,,3,ok,Integer,0,0,0,2025,2026-08-04T14:03:14.300203,2026-08-04T14:48:57.764674,3,probes_2025_20260804T140314-c44dde.json;probes_2025_20260804T144211-baf6e6.json;probes_2025_20260804T144857-a65442.json
units,reflection,refl.FormatOptions.SuppressLeadingZeros,property,FormatOptions,,,3,ok,Integer,0,False,0,2025,2026-08-04T14:03:14.300203,2026-08-04T14:48:57.764674,3,probes_2025_20260804T140314-c44dde.json;probes_2025_20260804T144211-baf6e6.json;probes_2025_20260804T144857-a65442.json
units,reflection,refl.FormatOptions.SuppressSpaces,property,FormatOptions,,,3,ok,Integer,0,False,0,2025,2026-08-04T14:03:14.300203,2026-08-04T14:48:57.764674,3,probes_2025_20260804T140314-c44dde.json;probes_2025_20260804T144211-baf6e6.json;probes_2025_20260804T144857-a65442.json
units,reflection,refl.FormatOptions.SuppressTrailingZeros,property,FormatOptions,,,3,ok,Integer,0,False,0,2025,2026-08-04T14:03:14.300203,2026-08-04T14:48:57.764674,3,probes_2025_20260804T140314-c44dde.json;probes_2025_20260804T144211-baf6e6.json;probes_2025_20260804T144857-a65442.json
units,reflection,refl.FormatOptions.UseDefault,property,FormatOptions,,,3,ok,Integer,0,False,0,2025,2026-08-04T14:03:14.300203,2026-08-04T14:48:57.764674,3,probes_2025_20260804T140314-c44dde.json;probes_2025_20260804T144211-baf6e6.json;probes_2025_20260804T144857-a65442.json
units,reflection,refl.FormatOptions.UseDigitGrouping,property,FormatOptions,,,3,ok,Integer,0,False,0,2025,2026-08-04T14:03:14.300203,2026-08-04T14:48:57.764674,3,probes_2025_20260804T140314-c44dde.json;probes_2025_20260804T144211-baf6e6.json;probes_2025_20260804T144857-a65442.json
units,reflection,refl.FormatOptions.UsePlusPrefix,property,FormatOptions,,,3,ok,Integer,0,False,0,2025,2026-08-04T14:03:14.300203,2026-08-04T14:48:57.764674,3,probes_2025_20260804T140314-c44dde.json;probes_2025_20260804T144211-baf6e6.json;probes_2025_20260804T144857-a65442.json
units,reflection,refl.Units.DecimalSymbol,property,Units,,,3,ok,Integer,0,0,0,2025,2026-08-04T14:03:14.300203,2026-08-04T14:48:57.764674,3,probes_2025_20260804T140314-c44dde.json;probes_2025_20260804T144211-baf6e6.json;probes_2025_20260804T144857-a65442.json
units,reflection,refl.Units.DigitGroupingAmount,property,Units,,,3,ok,Integer,1,1,1,2025,2026-08-04T14:03:14.300203,2026-08-04T14:48:57.764674,3,probes_2025_20260804T140314-c44dde.json;probes_2025_20260804T144211-baf6e6.json;probes_2025_20260804T144857-a65442.json
units,reflection,refl.Units.DigitGroupingSymbol,property,Units,,,3,ok,Integer,1,1,1,2025,2026-08-04T14:03:14.300203,2026-08-04T14:48:57.764674,3,probes_2025_20260804T140314-c44dde.json;probes_2025_20260804T144211-baf6e6.json;probes_2025_20260804T144857-a65442.json
units,reflection,refl.Units.GetModifiableSpecs,method,Units,,,3,ok,String,<method not invoked>,<method not invoked>,<method not invoked>,2025,2026-08-04T14:03:14.300203,2026-08-04T14:48:57.764674,3,probes_2025_20260804T140314-c44dde.json;probes_2025_20260804T144211-baf6e6.json;probes_2025_20260804T144857-a65442.json
units,reflection,refl.Units.IsValidObject,property,Units,,,3,ok,Integer,1,True,1,2025,2026-08-04T14:03:14.300203,2026-08-04T14:48:57.764674,3,probes_2025_20260804T140314-c44dde.json;probes_2025_20260804T144211-baf6e6.json;probes_2025_20260804T144857-a65442.json
view_category_overrides,param,api.get_category_overrides,,,None,missing=0;ok=0;unreadable=5100;unsupported=0,0,unreadable,None,,,,2025,2026-08-04T14:42:11.384534,2026-08-04T14:48:57.764674,2,probes_2025_20260804T144211-baf6e6.json;probes_2025_20260804T144857-a65442.json
view_category_overrides,param,delta.cut_line_color.rgb,,,Integer,missing=0;ok=37800;unreadable=0;unsupported=0,0,ok,Integer,0,0,0,2025,2026-08-04T14:03:14.300203,2026-08-04T14:48:57.764674,3,probes_2025_20260804T140314-c44dde.json;probes_2025_20260804T144211-baf6e6.json;probes_2025_20260804T144857-a65442.json
view_category_overrides,param,delta.cut_line_pattern,,,Integer,missing=0;ok=37800;unreadable=0;unsupported=0,0,ok,Integer,0,0,0,2025,2026-08-04T14:03:14.300203,2026-08-04T14:48:57.764674,3,probes_2025_20260804T140314-c44dde.json;probes_2025_20260804T144211-baf6e6.json;probes_2025_20260804T144857-a65442.json
view_category_overrides,param,delta.cut_line_weight,,,Integer,missing=0;ok=37800;unreadable=0;unsupported=0,0,ok,Integer,0,0,0,2025,2026-08-04T14:03:14.300203,2026-08-04T14:48:57.764674,3,probes_2025_20260804T140314-c44dde.json;probes_2025_20260804T144211-baf6e6.json;probes_2025_20260804T144857-a65442.json
view_category_overrides,param,delta.halftone,,,Integer,missing=0;ok=37800;unreadable=0;unsupported=0,0,ok,Integer,0,0,0,2025,2026-08-04T14:03:14.300203,2026-08-04T14:48:57.764674,3,probes_2025_20260804T140314-c44dde.json;probes_2025_20260804T144211-baf6e6.json;probes_2025_20260804T144857-a65442.json
view_category_overrides,param,delta.projection_line_color.rgb,,,Integer,missing=0;ok=37800;unreadable=0;unsupported=0,0,ok,Integer,0,0,0,2025,2026-08-04T14:03:14.300203,2026-08-04T14:48:57.764674,3,probes_2025_20260804T140314-c44dde.json;probes_2025_20260804T144211-baf6e6.json;probes_2025_20260804T144857-a65442.json
view_category_overrides,param,delta.projection_line_pattern,,,Integer,missing=0;ok=37800;unreadable=0;unsupported=0,0,ok,Integer,0,0,0,2025,2026-08-04T14:03:14.300203,2026-08-04T14:48:57.764674,3,probes_2025_20260804T140314-c44dde.json;probes_2025_20260804T144211-baf6e6.json;probes_2025_20260804T144857-a65442.json
view_category_overrides,param,delta.projection_line_weight,,,Integer,missing=0;ok=37800;unreadable=0;unsupported=0,0,ok,Integer,0,0,0,2025,2026-08-04T14:03:14.300203,2026-08-04T14:48:57.764674,3,probes_2025_20260804T140314-c44dde.json;probes_2025_20260804T144211-baf6e6.json;probes_2025_20260804T144857-a65442.json
view_category_overrides,param,delta.transparency,,,Integer,missing=0;ok=37800;unreadable=0;unsupported=0,0,ok,Integer,0,0,0,2025,2026-08-04T14:03:14.300203,2026-08-04T14:48:57.764674,3,probes_2025_20260804T140314-c44dde.json;probes_2025_20260804T144211-baf6e6.json;probes_2025_20260804T144857-a65442.json
view_category_overrides,param,diag.include_subcategories,,,Integer,missing=0;ok=3;unreadable=0;unsupported=0,0,ok,Integer,1,1,1,2025,2026-08-04T14:03:14.300203,2026-08-04T14:48:57.764674,3,probes_2025_20260804T140314-c44dde.json;probes_2025_20260804T144211-baf6e6.json;probes_2025_20260804T144857-a65442.json
view_category_overrides,param,diag.max_categories_to_inspect,,,Integer,missing=0;ok=3;unreadable=0;unsupported=0,0,ok,Integer,300,300,300,2025,2026-08-04T14:03:14.300203,2026-08-04T14:48:57.764674,3,probes_2025_20260804T140314-c44dde.json;probes_2025_20260804T144211-baf6e6.json;probes_2025_20260804T144857-a65442.json
view_category_overrides,param,diag.non_templated_views_found,,,Integer,missing=0;ok=3;unreadable=0;unsupported=0,0,ok,Integer,565,565,565,2025,2026-08-04T14:03:14.300203,2026-08-04T14:48:57.764674,3,probes_2025_20260804T140314-c44dde.json;probes_2025_20260804T144211-baf6e6.json;probes_2025_20260804T144857-a65442.json
view_category_overrides,param,diag.selected_views,,,Integer,missing=0;ok=3;unreadable=0;unsupported=0,0,ok,Integer,50,50,50,2025,2026-08-04T14:03:14.300203,2026-08-04T14:48:57.764674,3,probes_2025_20260804T140314-c44dde.json;probes_2025_20260804T144211-baf6e6.json;probes_2025_20260804T144857-a65442.json
view_category_overrides,param,diag.templates_found,,,Integer,missing=0;ok=3;unreadable=0;unsupported=0,0,ok,Integer,68,68,68,2025,2026-08-04T14:03:14.300203,2026-08-04T14:48:57.764674,3,probes_2025_20260804T140314-c44dde.json;probes_2025_20260804T144211-baf6e6.json;probes_2025_20260804T144857-a65442.json
view_category_overrides,param,diag.total_categories_found,,,Integer,missing=0;ok=3;unreadable=0;unsupported=0,0,ok,Integer,300,300,300,2025,2026-08-04T14:03:14.300203,2026-08-04T14:48:57.764674,3,probes_2025_20260804T140314-c44dde.json;probes_2025_20260804T144211-baf6e6.json;probes_2025_20260804T144857-a65442.json
view_category_overrides,param,diag.total_views_found,,,Integer,missing=0;ok=3;unreadable=0;unsupported=0,0,ok,Integer,984,984,984,2025,2026-08-04T14:03:14.300203,2026-08-04T14:48:57.764674,3,probes_2025_20260804T140314-c44dde.json;probes_2025_20260804T144211-baf6e6.json;probes_2025_20260804T144857-a65442.json
view_category_overrides,param,eff.cut_line_color.rgb,,,String,missing=0;ok=37800;unreadable=0;unsupported=0,0,ok,String,255|128|0,255|128|0,255|128|0,2025,2026-08-04T14:03:14.300203,2026-08-04T14:48:57.764674,3,probes_2025_20260804T140314-c44dde.json;probes_2025_20260804T144211-baf6e6.json;probes_2025_20260804T144857-a65442.json
view_category_overrides,param,eff.cut_line_pattern,,,ElementId,missing=0;ok=37800;unreadable=0;unsupported=0,0,ok,ElementId,,,,2025,2026-08-04T14:03:14.300203,2026-08-04T14:48:57.764674,3,probes_2025_20260804T140314-c44dde.json;probes_2025_20260804T144211-baf6e6.json;probes_2025_20260804T144857-a65442.json
view_category_overrides,param,eff.cut_line_weight,,,Integer,missing=19622;ok=18178;unreadable=0;unsupported=0,0,ok,Integer,3,3,3,2025,2026-08-04T14:03:14.300203,2026-08-04T14:48:57.764674,3,probes_2025_20260804T140314-c44dde.json;probes_2025_20260804T144211-baf6e6.json;probes_2025_20260804T144857-a65442.json
view_category_overrides,param,eff.halftone,,,Integer;None,missing=37559;ok=241;unreadable=0;unsupported=0,0,ok,Integer,1,True,1,2025,2026-08-04T14:03:14.300203,2026-08-04T14:48:57.764674,3,probes_2025_20260804T140314-c44dde.json;probes_2025_20260804T144211-baf6e6.json;probes_2025_20260804T144857-a65442.json
view_category_overrides,param,eff.projection_line_color.rgb,,,String,missing=0;ok=37800;unreadable=0;unsupported=0,0,ok,String,255|128|0,255|128|0,255|128|0,2025,2026-08-04T14:03:14.300203,2026-08-04T14:48:57.764674,3,probes_2025_20260804T140314-c44dde.json;probes_2025_20260804T144211-baf6e6.json;probes_2025_20260804T144857-a65442.json
view_category_overrides,param,eff.projection_line_pattern,,,ElementId,missing=0;ok=37800;unreadable=0;unsupported=0,0,ok,ElementId,-3000010,-3000010,-3000010,2025,2026-08-04T14:03:14.300203,2026-08-04T14:48:57.764674,3,probes_2025_20260804T140314-c44dde.json;probes_2025_20260804T144211-baf6e6.json;probes_2025_20260804T144857-a65442.json
view_category_overrides,param,eff.projection_line_weight,,,Integer,missing=0;ok=37800;unreadable=0;unsupported=0,0,ok,Integer,1,1,1,2025,2026-08-04T14:03:14.300203,2026-08-04T14:48:57.764674,3,probes_2025_20260804T140314-c44dde.json;probes_2025_20260804T144211-baf6e6.json;probes_2025_20260804T144857-a65442.json
view_category_overrides,param,eff.transparency,,,Integer;None,missing=37608;ok=192;unreadable=0;unsupported=0,0,ok,Integer,100,100,100,2025,2026-08-04T14:03:14.300203,2026-08-04T14:48:57.764674,3,probes_2025_20260804T140314-c44dde.json;probes_2025_20260804T144211-baf6e6.json;probes_2025_20260804T144857-a65442.json
view_category_overrides,reflection,refl.Category.AllowsBoundParameters,property,Category,,,6,ok,Integer,0,False,0,2025,2026-08-04T14:03:14.300203,2026-08-04T14:48:57.764674,3,probes_2025_20260804T140314-c44dde.json;probes_2025_20260804T144211-baf6e6.json;probes_2025_20260804T144857-a65442.json
view_category_overrides,reflection,refl.Category.BuiltInCategory,property,Category,,,812,ok,Integer,-2000066,-2000066,-2000066,2025,2026-08-04T14:03:14.300203,2026-08-04T14:48:57.764674,3,probes_2025_20260804T140314-c44dde.json;probes_2025_20260804T144211-baf6e6.json;probes_2025_20260804T144857-a65442.json
view_category_overrides,reflection,refl.Category.CanAddSubcategory,property,Category,,,6,ok,Integer,0,False,0,2025,2026-08-04T14:03:14.300203,2026-08-04T14:48:57.764674,3,probes_2025_20260804T140314-c44dde.json;probes_2025_20260804T144211-baf6e6.json;probes_2025_20260804T144857-a65442.json
view_category_overrides,reflection,refl.Category.CategoryType,property,Category,,,9,ok,Integer,1,1,1,2025,2026-08-04T14:03:14.300203,2026-08-04T14:48:57.764674,3,probes_2025_20260804T140314-c44dde.json;probes_2025_20260804T144211-baf6e6.json;probes_2025_20260804T144857-a65442.json
view_category_overrides,reflection,refl.Category.HasMaterialQuantities,property,Category,,,6,ok,Integer,0,False,0,2025,2026-08-04T14:03:14.300203,2026-08-04T14:48:57.764674,3,probes_2025_20260804T140314-c44dde.json;probes_2025_20260804T144211-baf6e6.json;probes_2025_20260804T144857-a65442.json
view_category_overrides,reflection,refl.Category.Id,property,Category,,,900,ok,ElementId,-2000066,-2000066,-2000066,2025,2026-08-04T14:03:14.300203,2026-08-04T14:48:57.764674,3,probes_2025_20260804T140314-c44dde.json;probes_2025_20260804T144211-baf6e6.json;probes_2025_20260804T144857-a65442.json
view_category_overrides,reflection,refl.Category.IsCuttable,property,Category,,,6,ok,Integer,0,False,0,2025,2026-08-04T14:03:14.300203,2026-08-04T14:48:57.764674,3,probes_2025_20260804T140314-c44dde.json;probes_2025_20260804T144211-baf6e6.json;probes_2025_20260804T144857-a65442.json
view_category_overrides,reflection,refl.Category.IsReadOnly,property,Category,,,3,ok,Integer,0,False,0,2025,2026-08-04T14:03:14.300203,2026-08-04T14:48:57.764674,3,probes_2025_20260804T140314-c44dde.json;probes_2025_20260804T144211-baf6e6.json;probes_2025_20260804T144857-a65442.json
view_category_overrides,reflection,refl.Category.IsTagCategory,property,Category,,,6,ok,Integer,0,False,0,2025,2026-08-04T14:03:14.300203,2026-08-04T14:48:57.764674,3,probes_2025_20260804T140314-c44dde.json;probes_2025_20260804T144211-baf6e6.json;probes_2025_20260804T144857-a65442.json
view_category_overrides,reflection,refl.Category.IsValid,property,Category,,,3,ok,Integer,1,True,1,2025,2026-08-04T14:03:14.300203,2026-08-04T14:48:57.764674,3,probes_2025_20260804T140314-c44dde.json;probes_2025_20260804T144211-baf6e6.json;probes_2025_20260804T144857-a65442.json
view_category_overrides,reflection,refl.Category.IsVisibleInUI,property,Category,,,6,ok,Integer,1,True,1,2025,2026-08-04T14:03:14.300203,2026-08-04T14:48:57.764674,3,probes_2025_20260804T140314-c44dde.json;probes_2025_20260804T144211-baf6e6.json;probes_2025_20260804T144857-a65442.json
view_category_overrides,reflection,refl.Category.LineColor,property,Category,,,3,unsupported,None,,,,2025,2026-08-04T14:03:14.300203,2026-08-04T14:48:57.764674,3,probes_2025_20260804T140314-c44dde.json;probes_2025_20260804T144211-baf6e6.json;probes_2025_20260804T144857-a65442.json
view_category_overrides,reflection,refl.Category.Material,property,Category,,,3,missing,None,,,,2025,2026-08-04T14:03:14.300203,2026-08-04T14:48:57.764674,3,probes_2025_20260804T140314-c44dde.json;probes_2025_20260804T144211-baf6e6.json;probes_2025_20260804T144857-a65442.json
view_category_overrides,reflection,refl.Category.Name,property,Category,,,635,ok,String,<Room Separation>,<Room Separation>,<Room Separation>,2025,2026-08-04T14:03:14.300203,2026-08-04T14:48:57.764674,3,probes_2025_20260804T140314-c44dde.json;probes_2025_20260804T144211-baf6e6.json;probes_2025_20260804T144857-a65442.json
view_category_overrides,reflection,refl.Category.Parent,property,Category,,,3,missing,None,,,,2025,2026-08-04T14:03:14.300203,2026-08-04T14:48:57.764674,3,probes_2025_20260804T140314-c44dde.json;probes_2025_20260804T144211-baf6e6.json;probes_2025_20260804T144857-a65442.json
view_category_overrides,reflection,refl.Category.SubCategories,property,Category,,,3,unsupported,None,,,,2025,2026-08-04T14:03:14.300203,2026-08-04T14:48:57.764674,3,probes_2025_20260804T140314-c44dde.json;probes_2025_20260804T144211-baf6e6.json;probes_2025_20260804T144857-a65442.json
view_category_overrides,reflection,refl.OverrideGraphicSettings.CutBackgroundPatternColor,property,OverrideGraphicSettings,,,3,unsupported,None,,,,2025,2026-08-04T14:03:14.300203,2026-08-04T14:48:57.764674,3,probes_2025_20260804T140314-c44dde.json;probes_2025_20260804T144211-baf6e6.json;probes_2025_20260804T144857-a65442.json
view_category_overrides,reflection,refl.OverrideGraphicSettings.CutBackgroundPatternId,property,OverrideGraphicSettings,,,3,ok,ElementId,-1,-1,-1,2025,2026-08-04T14:03:14.300203,2026-08-04T14:48:57.764674,3,probes_2025_20260804T140314-c44dde.json;probes_2025_20260804T144211-baf6e6.json;probes_2025_20260804T144857-a65442.json
view_category_overrides,reflection,refl.OverrideGraphicSettings.CutForegroundPatternColor,property,OverrideGraphicSettings,,,3,unsupported,None,,,,2025,2026-08-04T14:03:14.300203,2026-08-04T14:48:57.764674,3,probes_2025_20260804T140314-c44dde.json;probes_2025_20260804T144211-baf6e6.json;probes_2025_20260804T144857-a65442.json
view_category_overrides,reflection,refl.OverrideGraphicSettings.CutForegroundPatternId,property,OverrideGraphicSettings,,,3,ok,ElementId,-1,-1,-1,2025,2026-08-04T14:03:14.300203,2026-08-04T14:48:57.764674,3,probes_2025_20260804T140314-c44dde.json;probes_2025_20260804T144211-baf6e6.json;probes_2025_20260804T144857-a65442.json
view_category_overrides,reflection,refl.OverrideGraphicSettings.CutLineColor,property,OverrideGraphicSettings,,,3,unsupported,None,,,,2025,2026-08-04T14:03:14.300203,2026-08-04T14:48:57.764674,3,probes_2025_20260804T140314-c44dde.json;probes_2025_20260804T144211-baf6e6.json;probes_2025_20260804T144857-a65442.json
view_category_overrides,reflection,refl.OverrideGraphicSettings.CutLinePatternId,property,OverrideGraphicSettings,,,3,ok,ElementId,-1,-1,-1,2025,2026-08-04T14:03:14.300203,2026-08-04T14:48:57.764674,3,probes_2025_20260804T140314-c44dde.json;probes_2025_20260804T144211-baf6e6.json;probes_2025_20260804T144857-a65442.json
view_category_overrides,reflection,refl.OverrideGraphicSettings.CutLineWeight,property,OverrideGraphicSettings,,,3,ok,Integer,-1,-1,-1,2025,2026-08-04T14:03:14.300203,2026-08-04T14:48:57.764674,3,probes_2025_20260804T140314-c44dde.json;probes_2025_20260804T144211-baf6e6.json;probes_2025_20260804T144857-a65442.json
view_category_overrides,reflection,refl.OverrideGraphicSettings.DetailLevel,property,OverrideGraphicSettings,,,3,ok,Integer,0,0,0,2025,2026-08-04T14:03:14.300203,2026-08-04T14:48:57.764674,3,probes_2025_20260804T140314-c44dde.json;probes_2025_20260804T144211-baf6e6.json;probes_2025_20260804T144857-a65442.json
view_category_overrides,reflection,refl.OverrideGraphicSettings.Halftone,property,OverrideGraphicSettings,,,3,ok,Integer,0,False,0,2025,2026-08-04T14:03:14.300203,2026-08-04T14:48:57.764674,3,probes_2025_20260804T140314-c44dde.json;probes_2025_20260804T144211-baf6e6.json;probes_2025_20260804T144857-a65442.json
view_category_overrides,reflection,refl.OverrideGraphicSettings.InvalidPenNumber,property,OverrideGraphicSettings,,,3,ok,Integer,-1,-1,-1,2025,2026-08-04T14:03:14.300203,2026-08-04T14:48:57.764674,3,probes_2025_20260804T140314-c44dde.json;probes_2025_20260804T144211-baf6e6.json;probes_2025_20260804T144857-a65442.json
view_category_overrides,reflection,refl.OverrideGraphicSettings.IsCutBackgroundPatternVisible,property,OverrideGraphicSettings,,,3,ok,Integer,1,True,1,2025,2026-08-04T14:03:14.300203,2026-08-04T14:48:57.764674,3,probes_2025_20260804T140314-c44dde.json;probes_2025_20260804T144211-baf6e6.json;probes_2025_20260804T144857-a65442.json
view_category_overrides,reflection,refl.OverrideGraphicSettings.IsCutForegroundPatternVisible,property,OverrideGraphicSettings,,,3,ok,Integer,1,True,1,2025,2026-08-04T14:03:14.300203,2026-08-04T14:48:57.764674,3,probes_2025_20260804T140314-c44dde.json;probes_2025_20260804T144211-baf6e6.json;probes_2025_20260804T144857-a65442.json
view_category_overrides,reflection,refl.OverrideGraphicSettings.IsSurfaceBackgroundPatternVisible,property,OverrideGraphicSettings,,,3,ok,Integer,1,True,1,2025,2026-08-04T14:03:14.300203,2026-08-04T14:48:57.764674,3,probes_2025_20260804T140314-c44dde.json;probes_2025_20260804T144211-baf6e6.json;probes_2025_20260804T144857-a65442.json
view_category_overrides,reflection,refl.OverrideGraphicSettings.IsSurfaceForegroundPatternVisible,property,OverrideGraphicSettings,,,5,ok,Integer,1,True,1,2025,2026-08-04T14:03:14.300203,2026-08-04T14:48:57.764674,3,probes_2025_20260804T140314-c44dde.json;probes_2025_20260804T144211-baf6e6.json;probes_2025_20260804T144857-a65442.json
view_category_overrides,reflection,refl.OverrideGraphicSettings.IsValidObject,property,OverrideGraphicSettings,,,3,ok,Integer,1,True,1,2025,2026-08-04T14:03:14.300203,2026-08-04T14:48:57.764674,3,probes_2025_20260804T140314-c44dde.json;probes_2025_20260804T144211-baf6e6.json;probes_2025_20260804T144857-a65442.json
view_category_overrides,reflection,refl.OverrideGraphicSettings.ProjectionLineColor,property,OverrideGraphicSettings,,,3,unsupported,None,,,,2025,2026-08-04T14:03:14.300203,2026-08-04T14:48:57.764674,3,probes_2025_20260804T140314-c44dde.json;probes_2025_20260804T144211-baf6e6.json;probes_2025_20260804T144857-a65442.json
view_category_overrides,reflection,refl.OverrideGraphicSettings.ProjectionLinePatternId,property,OverrideGraphicSettings,,,3,ok,ElementId,-1,-1,-1,2025,2026-08-04T14:03:14.300203,2026-08-04T14:48:57.764674,3,probes_2025_20260804T140314-c44dde.json;probes_2025_20260804T144211-baf6e6.json;probes_2025_20260804T144857-a65442.json
view_category_overrides,reflection,refl.OverrideGraphicSettings.ProjectionLineWeight,property,OverrideGraphicSettings,,,3,ok,Integer,-1,-1,-1,2025,2026-08-04T14:03:14.300203,2026-08-04T14:48:57.764674,3,probes_2025_20260804T140314-c44dde.json;probes_2025_20260804T144211-baf6e6.json;probes_2025_20260804T144857-a65442.json
view_category_overrides,reflection,refl.OverrideGraphicSettings.SurfaceBackgroundPatternColor,property,OverrideGraphicSettings,,,3,unsupported,None,,,,2025,2026-08-04T14:03:14.300203,2026-08-04T14:48:57.764674,3,probes_2025_20260804T140314-c44dde.json;probes_2025_20260804T144211-baf6e6.json;probes_2025_20260804T144857-a65442.json
view_category_overrides,reflection,refl.OverrideGraphicSettings.SurfaceBackgroundPatternId,property,OverrideGraphicSettings,,,3,ok,ElementId,-1,-1,-1,2025,2026-08-04T14:03:14.300203,2026-08-04T14:48:57.764674,3,probes_2025_20260804T140314-c44dde.json;probes_2025_20260804T144211-baf6e6.json;probes_2025_20260804T144857-a65442.json
view_category_overrides,reflection,refl.OverrideGraphicSettings.SurfaceForegroundPatternColor,property,OverrideGraphicSettings,,,3,unsupported,None,,,,2025,2026-08-04T14:03:14.300203,2026-08-04T14:48:57.764674,3,probes_2025_20260804T140314-c44dde.json;probes_2025_20260804T144211-baf6e6.json;probes_2025_20260804T144857-a65442.json
view_category_overrides,reflection,refl.OverrideGraphicSettings.SurfaceForegroundPatternId,property,OverrideGraphicSettings,,,3,ok,ElementId,-1,-1,-1,2025,2026-08-04T14:03:14.300203,2026-08-04T14:48:57.764674,3,probes_2025_20260804T140314-c44dde.json;probes_2025_20260804T144211-baf6e6.json;probes_2025_20260804T144857-a65442.json
view_category_overrides,reflection,refl.OverrideGraphicSettings.Transparency,property,OverrideGraphicSettings,,,3,ok,Integer,0,0,0,2025,2026-08-04T14:03:14.300203,2026-08-04T14:48:57.764674,3,probes_2025_20260804T140314-c44dde.json;probes_2025_20260804T144211-baf6e6.json;probes_2025_20260804T144857-a65442.json
view_filter_applications,param,vfa.filter.id,,,ElementId,missing=0;ok=99;unreadable=0;unsupported=0,0,ok,ElementId,1607615,Landscape (1),1607615,2025,2026-08-04T14:03:14.300203,2026-08-04T14:48:57.764674,3,probes_2025_20260804T140314-c44dde.json;probes_2025_20260804T144211-baf6e6.json;probes_2025_20260804T144857-a65442.json
view_filter_applications,param,vfa.filter.name,,,String,missing=0;ok=99;unreadable=0;unsupported=0,0,ok,String,Landscape (1),Landscape (1),Landscape (1),2025,2026-08-04T14:03:14.300203,2026-08-04T14:48:57.764674,3,probes_2025_20260804T140314-c44dde.json;probes_2025_20260804T144211-baf6e6.json;probes_2025_20260804T144857-a65442.json
view_filter_applications,param,vfa.filter.order_index,,,Integer,missing=0;ok=48;unreadable=0;unsupported=0,0,ok,Integer,0,0,0,2025,2026-08-04T14:03:14.300203,2026-08-04T14:48:57.764674,3,probes_2025_20260804T140314-c44dde.json;probes_2025_20260804T144211-baf6e6.json;probes_2025_20260804T144857-a65442.json
view_filter_applications,param,vfa.filter.visibility,,,Integer,missing=0;ok=6;unreadable=0;unsupported=0,0,ok,Integer,1,True,1,2025,2026-08-04T14:03:14.300203,2026-08-04T14:48:57.764674,3,probes_2025_20260804T140314-c44dde.json;probes_2025_20260804T144211-baf6e6.json;probes_2025_20260804T144857-a65442.json
view_filter_applications,param,vfa.filter_stack.count,,,Integer,missing=0;ok=24;unreadable=0;unsupported=0,0,ok,Integer,9,9,9,2025,2026-08-04T14:03:14.300203,2026-08-04T14:48:57.764674,3,probes_2025_20260804T140314-c44dde.json;probes_2025_20260804T144211-baf6e6.json;probes_2025_20260804T144857-a65442.json
view_filter_applications,param,vfa.ogs.cut_bg_pattern_color.hex,,,String,missing=3;ok=2;unreadable=0;unsupported=0,0,ok,String,#004160,#004160,#004160,2025,2026-08-04T14:03:14.300203,2026-08-04T14:48:57.764674,3,probes_2025_20260804T140314-c44dde.json;probes_2025_20260804T144211-baf6e6.json;probes_2025_20260804T144857-a65442.json
view_filter_applications,param,vfa.ogs.cut_bg_pattern_color.rgb,,,String,missing=3;ok=2;unreadable=0;unsupported=0,0,ok,String,0|65|96,0|65|96,0|65|96,2025,2026-08-04T14:03:14.300203,2026-08-04T14:48:57.764674,3,probes_2025_20260804T140314-c44dde.json;probes_2025_20260804T144211-baf6e6.json;probes_2025_20260804T144857-a65442.json
view_filter_applications,param,vfa.ogs.cut_bg_pattern_id,,,ElementId,missing=0;ok=4;unreadable=0;unsupported=0,0,ok,ElementId,,,,2025,2026-08-04T14:03:14.300203,2026-08-04T14:48:57.764674,3,probes_2025_20260804T140314-c44dde.json;probes_2025_20260804T144211-baf6e6.json;probes_2025_20260804T144857-a65442.json
view_filter_applications,param,vfa.ogs.cut_fg_pattern_color.hex,,,String,missing=3;ok=16;unreadable=0;unsupported=0,0,ok,String,#FF8000,#FF8000,#FF8000,2025,2026-08-04T14:03:14.300203,2026-08-04T14:48:57.764674,3,probes_2025_20260804T140314-c44dde.json;probes_2025_20260804T144211-baf6e6.json;probes_2025_20260804T144857-a65442.json
view_filter_applications,param,vfa.ogs.cut_fg_pattern_color.rgb,,,String,missing=3;ok=16;unreadable=0;unsupported=0,0,ok,String,255|128|0,255|128|0,255|128|0,2025,2026-08-04T14:03:14.300203,2026-08-04T14:48:57.764674,3,probes_2025_20260804T140314-c44dde.json;probes_2025_20260804T144211-baf6e6.json;probes_2025_20260804T144857-a65442.json
view_filter_applications,param,vfa.ogs.cut_fg_pattern_id,,,ElementId,missing=0;ok=17;unreadable=0;unsupported=0,0,ok,ElementId,19,<Solid fill>,19,2025,2026-08-04T14:03:14.300203,2026-08-04T14:48:57.764674,3,probes_2025_20260804T140314-c44dde.json;probes_2025_20260804T144211-baf6e6.json;probes_2025_20260804T144857-a65442.json
view_filter_applications,param,vfa.ogs.cut_line_color.hex,,,String,missing=3;ok=11;unreadable=0;unsupported=0,0,ok,String,#FF0000,#FF0000,#FF0000,2025,2026-08-04T14:03:14.300203,2026-08-04T14:48:57.764674,3,probes_2025_20260804T140314-c44dde.json;probes_2025_20260804T144211-baf6e6.json;probes_2025_20260804T144857-a65442.json
view_filter_applications,param,vfa.ogs.cut_line_color.rgb,,,String,missing=3;ok=11;unreadable=0;unsupported=0,0,ok,String,255|0|0,255|0|0,255|0|0,2025,2026-08-04T14:03:14.300203,2026-08-04T14:48:57.764674,3,probes_2025_20260804T140314-c44dde.json;probes_2025_20260804T144211-baf6e6.json;probes_2025_20260804T144857-a65442.json
view_filter_applications,param,vfa.ogs.cut_line_pattern_id,,,ElementId,missing=0;ok=5;unreadable=0;unsupported=0,0,ok,ElementId,,,,2025,2026-08-04T14:03:14.300203,2026-08-04T14:48:57.764674,3,probes_2025_20260804T140314-c44dde.json;probes_2025_20260804T144211-baf6e6.json;probes_2025_20260804T144857-a65442.json
view_filter_applications,param,vfa.ogs.cut_line_weight,,,Integer,missing=0;ok=6;unreadable=0;unsupported=0,0,ok,Integer,-1,-1,-1,2025,2026-08-04T14:03:14.300203,2026-08-04T14:48:57.764674,3,probes_2025_20260804T140314-c44dde.json;probes_2025_20260804T144211-baf6e6.json;probes_2025_20260804T144857-a65442.json
view_filter_applications,param,vfa.ogs.halftone,,,Integer,missing=0;ok=6;unreadable=0;unsupported=0,0,ok,Integer,0,False,0,2025,2026-08-04T14:03:14.300203,2026-08-04T14:48:57.764674,3,probes_2025_20260804T140314-c44dde.json;probes_2025_20260804T144211-baf6e6.json;probes_2025_20260804T144857-a65442.json
view_filter_applications,param,vfa.ogs.has_any_override,,,Integer,missing=0;ok=3;unreadable=0;unsupported=0,0,ok,Integer,1,True,1,2025,2026-08-04T14:03:14.300203,2026-08-04T14:48:57.764674,3,probes_2025_20260804T140314-c44dde.json;probes_2025_20260804T144211-baf6e6.json;probes_2025_20260804T144857-a65442.json
view_filter_applications,param,vfa.ogs.present,,,Integer,missing=0;ok=3;unreadable=0;unsupported=0,0,ok,Integer,1,True,1,2025,2026-08-04T14:03:14.300203,2026-08-04T14:48:57.764674,3,probes_2025_20260804T140314-c44dde.json;probes_2025_20260804T144211-baf6e6.json;probes_2025_20260804T144857-a65442.json
view_filter_applications,param,vfa.ogs.proj_line_color.hex,,,String,missing=3;ok=11;unreadable=0;unsupported=0,0,ok,String,#FF0000,#FF0000,#FF0000,2025,2026-08-04T14:03:14.300203,2026-08-04T14:48:57.764674,3,probes_2025_20260804T140314-c44dde.json;probes_2025_20260804T144211-baf6e6.json;probes_2025_20260804T144857-a65442.json
view_filter_applications,param,vfa.ogs.proj_line_color.rgb,,,String,missing=3;ok=11;unreadable=0;unsupported=0,0,ok,String,255|0|0,255|0|0,255|0|0,2025,2026-08-04T14:03:14.300203,2026-08-04T14:48:57.764674,3,probes_2025_20260804T140314-c44dde.json;probes_2025_20260804T144211-baf6e6.json;probes_2025_20260804T144857-a65442.json
view_filter_applications,param,vfa.ogs.proj_line_pattern_id,,,ElementId,missing=0;ok=5;unreadable=0;unsupported=0,0,ok,ElementId,,,,2025,2026-08-04T14:03:14.300203,2026-08-04T14:48:57.764674,3,probes_2025_20260804T140314-c44dde.json;probes_2025_20260804T144211-baf6e6.json;probes_2025_20260804T144857-a65442.json
view_filter_applications,param,vfa.ogs.proj_line_weight,,,Integer,missing=0;ok=7;unreadable=0;unsupported=0,0,ok,Integer,-1,-1,-1,2025,2026-08-04T14:03:14.300203,2026-08-04T14:48:57.764674,3,probes_2025_20260804T140314-c44dde.json;probes_2025_20260804T144211-baf6e6.json;probes_2025_20260804T144857-a65442.json
view_filter_applications,param,vfa.ogs.sig_hash,,,String,missing=0;ok=65;unreadable=0;unsupported=0,0,ok,String,70fc5a946e22f609d7ffcac708af2bcf79a671aa,70fc5a946e22f609d7ffcac708af2bcf79a671aa,70fc5a946e22f609d7ffcac708af2bcf79a671aa,2025,2026-08-04T14:03:14.300203,2026-08-04T14:48:57.764674,3,probes_2025_20260804T140314-c44dde.json;probes_2025_20260804T144211-baf6e6.json;probes_2025_20260804T144857-a65442.json
view_filter_applications,param,vfa.ogs.surf_bg_pattern_color.hex,,,String,missing=3;ok=2;unreadable=0;unsupported=0,0,ok,String,#80D6FF,#80D6FF,#80D6FF,2025,2026-08-04T14:03:14.300203,2026-08-04T14:48:57.764674,3,probes_2025_20260804T140314-c44dde.json;probes_2025_20260804T144211-baf6e6.json;probes_2025_20260804T144857-a65442.json
view_filter_applications,param,vfa.ogs.surf_bg_pattern_color.rgb,,,String,missing=3;ok=2;unreadable=0;unsupported=0,0,ok,String,128|214|255,128|214|255,128|214|255,2025,2026-08-04T14:03:14.300203,2026-08-04T14:48:57.764674,3,probes_2025_20260804T140314-c44dde.json;probes_2025_20260804T144211-baf6e6.json;probes_2025_20260804T144857-a65442.json
view_filter_applications,param,vfa.ogs.surf_bg_pattern_id,,,ElementId,missing=0;ok=4;unreadable=0;unsupported=0,0,ok,ElementId,,,,2025,2026-08-04T14:03:14.300203,2026-08-04T14:48:57.764674,3,probes_2025_20260804T140314-c44dde.json;probes_2025_20260804T144211-baf6e6.json;probes_2025_20260804T144857-a65442.json
view_filter_applications,param,vfa.ogs.surf_fg_pattern_color.hex,,,String,missing=3;ok=13;unreadable=0;unsupported=0,0,ok,String,#ECFFEC,#ECFFEC,#ECFFEC,2025,2026-08-04T14:03:14.300203,2026-08-04T14:48:57.764674,3,probes_2025_20260804T140314-c44dde.json;probes_2025_20260804T144211-baf6e6.json;probes_2025_20260804T144857-a65442.json
view_filter_applications,param,vfa.ogs.surf_fg_pattern_color.rgb,,,String,missing=3;ok=13;unreadable=0;unsupported=0,0,ok,String,236|255|236,236|255|236,236|255|236,2025,2026-08-04T14:03:14.300203,2026-08-04T14:48:57.764674,3,probes_2025_20260804T140314-c44dde.json;probes_2025_20260804T144211-baf6e6.json;probes_2025_20260804T144857-a65442.json
view_filter_applications,param,vfa.ogs.surf_fg_pattern_id,,,ElementId,missing=0;ok=6;unreadable=0;unsupported=0,0,ok,ElementId,20,<Solid fill>,20,2025,2026-08-04T14:03:14.300203,2026-08-04T14:48:57.764674,3,probes_2025_20260804T140314-c44dde.json;probes_2025_20260804T144211-baf6e6.json;probes_2025_20260804T144857-a65442.json
view_filter_applications,param,vfa.ogs.transparency,,,Integer,missing=0;ok=7;unreadable=0;unsupported=0,0,ok,Integer,0,0,0,2025,2026-08-04T14:03:14.300203,2026-08-04T14:48:57.764674,3,probes_2025_20260804T140314-c44dde.json;probes_2025_20260804T144211-baf6e6.json;probes_2025_20260804T144857-a65442.json
view_filter_applications,param,vfa.view.is_template,,,Integer,missing=0;ok=6;unreadable=0;unsupported=0,0,ok,Integer,0,False,0,2025,2026-08-04T14:03:14.300203,2026-08-04T14:48:57.764674,3,probes_2025_20260804T140314-c44dde.json;probes_2025_20260804T144211-baf6e6.json;probes_2025_20260804T144857-a65442.json
view_filter_applications,param,vfa.view.name,,,String,missing=0;ok=56;unreadable=0;unsupported=0,0,ok,String,LEVEL 1 PLAN,LEVEL 1 PLAN,LEVEL 1 PLAN,2025,2026-08-04T14:03:14.300203,2026-08-04T14:48:57.764674,3,probes_2025_20260804T140314-c44dde.json;probes_2025_20260804T144211-baf6e6.json;probes_2025_20260804T144857-a65442.json
view_filter_applications,param,vfa.view.view_type,,,String,missing=0;ok=19;unreadable=0;unsupported=0,0,ok,String,1,1,1,2025,2026-08-04T14:03:14.300203,2026-08-04T14:48:57.764674,3,probes_2025_20260804T140314-c44dde.json;probes_2025_20260804T144211-baf6e6.json;probes_2025_20260804T144857-a65442.json
view_filter_applications,reflection,refl.OverrideGraphicSettings.CutBackgroundPatternColor,property,OverrideGraphicSettings,,,3,unsupported,None,,,,2025,2026-08-04T14:03:14.300203,2026-08-04T14:48:57.764674,3,probes_2025_20260804T140314-c44dde.json;probes_2025_20260804T144211-baf6e6.json;probes_2025_20260804T144857-a65442.json
view_filter_applications,reflection,refl.OverrideGraphicSettings.CutBackgroundPatternId,property,OverrideGraphicSettings,,,3,ok,ElementId,-1,-1,-1,2025,2026-08-04T14:03:14.300203,2026-08-04T14:48:57.764674,3,probes_2025_20260804T140314-c44dde.json;probes_2025_20260804T144211-baf6e6.json;probes_2025_20260804T144857-a65442.json
view_filter_applications,reflection,refl.OverrideGraphicSettings.CutForegroundPatternColor,property,OverrideGraphicSettings,,,3,unsupported,None,,,,2025,2026-08-04T14:03:14.300203,2026-08-04T14:48:57.764674,3,probes_2025_20260804T140314-c44dde.json;probes_2025_20260804T144211-baf6e6.json;probes_2025_20260804T144857-a65442.json
view_filter_applications,reflection,refl.OverrideGraphicSettings.CutForegroundPatternId,property,OverrideGraphicSettings,,,16,ok,ElementId,-1,-1,-1,2025,2026-08-04T14:03:14.300203,2026-08-04T14:48:57.764674,3,probes_2025_20260804T140314-c44dde.json;probes_2025_20260804T144211-baf6e6.json;probes_2025_20260804T144857-a65442.json
view_filter_applications,reflection,refl.OverrideGraphicSettings.CutLineColor,property,OverrideGraphicSettings,,,3,unsupported,None,,,,2025,2026-08-04T14:03:14.300203,2026-08-04T14:48:57.764674,3,probes_2025_20260804T140314-c44dde.json;probes_2025_20260804T144211-baf6e6.json;probes_2025_20260804T144857-a65442.json
view_filter_applications,reflection,refl.OverrideGraphicSettings.CutLinePatternId,property,OverrideGraphicSettings,,,5,ok,ElementId,-1,-1,-1,2025,2026-08-04T14:03:14.300203,2026-08-04T14:48:57.764674,3,probes_2025_20260804T140314-c44dde.json;probes_2025_20260804T144211-baf6e6.json;probes_2025_20260804T144857-a65442.json
view_filter_applications,reflection,refl.OverrideGraphicSettings.CutLineWeight,property,OverrideGraphicSettings,,,6,ok,Integer,-1,-1,-1,2025,2026-08-04T14:03:14.300203,2026-08-04T14:48:57.764674,3,probes_2025_20260804T140314-c44dde.json;probes_2025_20260804T144211-baf6e6.json;probes_2025_20260804T144857-a65442.json
view_filter_applications,reflection,refl.OverrideGraphicSettings.DetailLevel,property,OverrideGraphicSettings,,,3,ok,Integer,0,0,0,2025,2026-08-04T14:03:14.300203,2026-08-04T14:48:57.764674,3,probes_2025_20260804T140314-c44dde.json;probes_2025_20260804T144211-baf6e6.json;probes_2025_20260804T144857-a65442.json
view_filter_applications,reflection,refl.OverrideGraphicSettings.Halftone,property,OverrideGraphicSettings,,,6,ok,Integer,0,False,0,2025,2026-08-04T14:03:14.300203,2026-08-04T14:48:57.764674,3,probes_2025_20260804T140314-c44dde.json;probes_2025_20260804T144211-baf6e6.json;probes_2025_20260804T144857-a65442.json
view_filter_applications,reflection,refl.OverrideGraphicSettings.InvalidPenNumber,property,OverrideGraphicSettings,,,3,ok,Integer,-1,-1,-1,2025,2026-08-04T14:03:14.300203,2026-08-04T14:48:57.764674,3,probes_2025_20260804T140314-c44dde.json;probes_2025_20260804T144211-baf6e6.json;probes_2025_20260804T144857-a65442.json
view_filter_applications,reflection,refl.OverrideGraphicSettings.IsCutBackgroundPatternVisible,property,OverrideGraphicSettings,,,3,ok,Integer,1,True,1,2025,2026-08-04T14:03:14.300203,2026-08-04T14:48:57.764674,3,probes_2025_20260804T140314-c44dde.json;probes_2025_20260804T144211-baf6e6.json;probes_2025_20260804T144857-a65442.json
view_filter_applications,reflection,refl.OverrideGraphicSettings.IsCutForegroundPatternVisible,property,OverrideGraphicSettings,,,3,ok,Integer,1,True,1,2025,2026-08-04T14:03:14.300203,2026-08-04T14:48:57.764674,3,probes_2025_20260804T140314-c44dde.json;probes_2025_20260804T144211-baf6e6.json;probes_2025_20260804T144857-a65442.json
view_filter_applications,reflection,refl.OverrideGraphicSettings.IsSurfaceBackgroundPatternVisible,property,OverrideGraphicSettings,,,3,ok,Integer,1,True,1,2025,2026-08-04T14:03:14.300203,2026-08-04T14:48:57.764674,3,probes_2025_20260804T140314-c44dde.json;probes_2025_20260804T144211-baf6e6.json;probes_2025_20260804T144857-a65442.json
view_filter_applications,reflection,refl.OverrideGraphicSettings.IsSurfaceForegroundPatternVisible,property,OverrideGraphicSettings,,,5,ok,Integer,1,True,1,2025,2026-08-04T14:03:14.300203,2026-08-04T14:48:57.764674,3,probes_2025_20260804T140314-c44dde.json;probes_2025_20260804T144211-baf6e6.json;probes_2025_20260804T144857-a65442.json
view_filter_applications,reflection,refl.OverrideGraphicSettings.IsValidObject,property,OverrideGraphicSettings,,,3,ok,Integer,1,True,1,2025,2026-08-04T14:03:14.300203,2026-08-04T14:48:57.764674,3,probes_2025_20260804T140314-c44dde.json;probes_2025_20260804T144211-baf6e6.json;probes_2025_20260804T144857-a65442.json
view_filter_applications,reflection,refl.OverrideGraphicSettings.ProjectionLineColor,property,OverrideGraphicSettings,,,3,unsupported,None,,,,2025,2026-08-04T14:03:14.300203,2026-08-04T14:48:57.764674,3,probes_2025_20260804T140314-c44dde.json;probes_2025_20260804T144211-baf6e6.json;probes_2025_20260804T144857-a65442.json
view_filter_applications,reflection,refl.OverrideGraphicSettings.ProjectionLinePatternId,property,OverrideGraphicSettings,,,5,ok,ElementId,-1,-1,-1,2025,2026-08-04T14:03:14.300203,2026-08-04T14:48:57.764674,3,probes_2025_20260804T140314-c44dde.json;probes_2025_20260804T144211-baf6e6.json;probes_2025_20260804T144857-a65442.json
view_filter_applications,reflection,refl.OverrideGraphicSettings.ProjectionLineWeight,property,OverrideGraphicSettings,,,6,ok,Integer,-1,-1,-1,2025,2026-08-04T14:03:14.300203,2026-08-04T14:48:57.764674,3,probes_2025_20260804T140314-c44dde.json;probes_2025_20260804T144211-baf6e6.json;probes_2025_20260804T144857-a65442.json
view_filter_applications,reflection,refl.OverrideGraphicSettings.SurfaceBackgroundPatternColor,property,OverrideGraphicSettings,,,3,unsupported,None,,,,2025,2026-08-04T14:03:14.300203,2026-08-04T14:48:57.764674,3,probes_2025_20260804T140314-c44dde.json;probes_2025_20260804T144211-baf6e6.json;probes_2025_20260804T144857-a65442.json
view_filter_applications,reflection,refl.OverrideGraphicSettings.SurfaceBackgroundPatternId,property,OverrideGraphicSettings,,,3,ok,ElementId,-1,-1,-1,2025,2026-08-04T14:03:14.300203,2026-08-04T14:48:57.764674,3,probes_2025_20260804T140314-c44dde.json;probes_2025_20260804T144211-baf6e6.json;probes_2025_20260804T144857-a65442.json
view_filter_applications,reflection,refl.OverrideGraphicSettings.SurfaceForegroundPatternColor,property,OverrideGraphicSettings,,,3,unsupported,None,,,,2025,2026-08-04T14:03:14.300203,2026-08-04T14:48:57.764674,3,probes_2025_20260804T140314-c44dde.json;probes_2025_20260804T144211-baf6e6.json;probes_2025_20260804T144857-a65442.json
view_filter_applications,reflection,refl.OverrideGraphicSettings.SurfaceForegroundPatternId,property,OverrideGraphicSettings,,,5,ok,ElementId,20,20,20,2025,2026-08-04T14:03:14.300203,2026-08-04T14:48:57.764674,3,probes_2025_20260804T140314-c44dde.json;probes_2025_20260804T144211-baf6e6.json;probes_2025_20260804T144857-a65442.json
view_filter_applications,reflection,refl.OverrideGraphicSettings.Transparency,property,OverrideGraphicSettings,,,5,ok,Integer,0,0,0,2025,2026-08-04T14:03:14.300203,2026-08-04T14:48:57.764674,3,probes_2025_20260804T140314-c44dde.json;probes_2025_20260804T144211-baf6e6.json;probes_2025_20260804T144857-a65442.json
view_filter_applications,reflection,refl.ParameterFilterElement.ArePhasesModifiable,method,ParameterFilterElement,,,3,ok,String,<method not invoked>,<method not invoked>,<method not invoked>,2025,2026-08-04T14:03:14.300203,2026-08-04T14:48:57.764674,3,probes_2025_20260804T140314-c44dde.json;probes_2025_20260804T144211-baf6e6.json;probes_2025_20260804T144857-a65442.json
view_filter_applications,reflection,refl.ParameterFilterElement.AssemblyInstanceId,property,ParameterFilterElement,,,3,ok,ElementId,-1,-1,-1,2025,2026-08-04T14:03:14.300203,2026-08-04T14:48:57.764674,3,probes_2025_20260804T140314-c44dde.json;probes_2025_20260804T144211-baf6e6.json;probes_2025_20260804T144857-a65442.json
view_filter_applications,reflection,refl.ParameterFilterElement.CanBeLocked,method,ParameterFilterElement,,,3,ok,String,<method not invoked>,<method not invoked>,<method not invoked>,2025,2026-08-04T14:03:14.300203,2026-08-04T14:48:57.764674,3,probes_2025_20260804T140314-c44dde.json;probes_2025_20260804T144211-baf6e6.json;probes_2025_20260804T144857-a65442.json
view_filter_applications,reflection,refl.ParameterFilterElement.CanHaveTypeAssigned,method,ParameterFilterElement,,,3,ok,String,<method not invoked>,<method not invoked>,<method not invoked>,2025,2026-08-04T14:03:14.300203,2026-08-04T14:48:57.764674,3,probes_2025_20260804T140314-c44dde.json;probes_2025_20260804T144211-baf6e6.json;probes_2025_20260804T144857-a65442.json
view_filter_applications,reflection,refl.ParameterFilterElement.Category,property,ParameterFilterElement,,,3,missing,None,,,,2025,2026-08-04T14:03:14.300203,2026-08-04T14:48:57.764674,3,probes_2025_20260804T140314-c44dde.json;probes_2025_20260804T144211-baf6e6.json;probes_2025_20260804T144857-a65442.json
view_filter_applications,reflection,refl.ParameterFilterElement.ClearRules,method,ParameterFilterElement,,,3,ok,String,<method not invoked>,<method not invoked>,<method not invoked>,2025,2026-08-04T14:03:14.300203,2026-08-04T14:48:57.764674,3,probes_2025_20260804T140314-c44dde.json;probes_2025_20260804T144211-baf6e6.json;probes_2025_20260804T144857-a65442.json
view_filter_applications,reflection,refl.ParameterFilterElement.CreatedPhaseId,property,ParameterFilterElement,,,3,ok,ElementId,-1,-1,-1,2025,2026-08-04T14:03:14.300203,2026-08-04T14:48:57.764674,3,probes_2025_20260804T140314-c44dde.json;probes_2025_20260804T144211-baf6e6.json;probes_2025_20260804T144857-a65442.json
view_filter_applications,reflection,refl.ParameterFilterElement.DemolishedPhaseId,property,ParameterFilterElement,,,3,ok,ElementId,-1,-1,-1,2025,2026-08-04T14:03:14.300203,2026-08-04T14:48:57.764674,3,probes_2025_20260804T140314-c44dde.json;probes_2025_20260804T144211-baf6e6.json;probes_2025_20260804T144857-a65442.json
view_filter_applications,reflection,refl.ParameterFilterElement.DesignOption,property,ParameterFilterElement,,,3,missing,None,,,,2025,2026-08-04T14:03:14.300203,2026-08-04T14:48:57.764674,3,probes_2025_20260804T140314-c44dde.json;probes_2025_20260804T144211-baf6e6.json;probes_2025_20260804T144857-a65442.json
view_filter_applications,reflection,refl.ParameterFilterElement.Document,property,ParameterFilterElement,,,3,unsupported,None,,,,2025,2026-08-04T14:03:14.300203,2026-08-04T14:48:57.764674,3,probes_2025_20260804T140314-c44dde.json;probes_2025_20260804T144211-baf6e6.json;probes_2025_20260804T144857-a65442.json
view_filter_applications,reflection,refl.ParameterFilterElement.EvaluateAllParameterValues,method,ParameterFilterElement,,,3,ok,String,<method not invoked>,<method not invoked>,<method not invoked>,2025,2026-08-04T14:03:14.300203,2026-08-04T14:48:57.764674,3,probes_2025_20260804T140314-c44dde.json;probes_2025_20260804T144211-baf6e6.json;probes_2025_20260804T144857-a65442.json
view_filter_applications,reflection,refl.ParameterFilterElement.GetCategories,method,ParameterFilterElement,,,3,ok,String,<method not invoked>,<method not invoked>,<method not invoked>,2025,2026-08-04T14:03:14.300203,2026-08-04T14:48:57.764674,3,probes_2025_20260804T140314-c44dde.json;probes_2025_20260804T144211-baf6e6.json;probes_2025_20260804T144857-a65442.json
view_filter_applications,reflection,refl.ParameterFilterElement.GetElementFilter,method,ParameterFilterElement,,,3,ok,String,<method not invoked>,<method not invoked>,<method not invoked>,2025,2026-08-04T14:03:14.300203,2026-08-04T14:48:57.764674,3,probes_2025_20260804T140314-c44dde.json;probes_2025_20260804T144211-baf6e6.json;probes_2025_20260804T144857-a65442.json
view_filter_applications,reflection,refl.ParameterFilterElement.GetElementFilterParameters,method,ParameterFilterElement,,,3,ok,String,<method not invoked>,<method not invoked>,<method not invoked>,2025,2026-08-04T14:03:14.300203,2026-08-04T14:48:57.764674,3,probes_2025_20260804T140314-c44dde.json;probes_2025_20260804T144211-baf6e6.json;probes_2025_20260804T144857-a65442.json
view_filter_applications,reflection,refl.ParameterFilterElement.GetEntitySchemaGuids,method,ParameterFilterElement,,,3,ok,String,<method not invoked>,<method not invoked>,<method not invoked>,2025,2026-08-04T14:03:14.300203,2026-08-04T14:48:57.764674,3,probes_2025_20260804T140314-c44dde.json;probes_2025_20260804T144211-baf6e6.json;probes_2025_20260804T144857-a65442.json
view_filter_applications,reflection,refl.ParameterFilterElement.GetExternalFileReference,method,ParameterFilterElement,,,3,ok,String,<method not invoked>,<method not invoked>,<method not invoked>,2025,2026-08-04T14:03:14.300203,2026-08-04T14:48:57.764674,3,probes_2025_20260804T140314-c44dde.json;probes_2025_20260804T144211-baf6e6.json;probes_2025_20260804T144857-a65442.json
view_filter_applications,reflection,refl.ParameterFilterElement.GetExternalResourceReferences,method,ParameterFilterElement,,,3,ok,String,<method not invoked>,<method not invoked>,<method not invoked>,2025,2026-08-04T14:03:14.300203,2026-08-04T14:48:57.764674,3,probes_2025_20260804T140314-c44dde.json;probes_2025_20260804T144211-baf6e6.json;probes_2025_20260804T144857-a65442.json
view_filter_applications,reflection,refl.ParameterFilterElement.GetExternalResourceReferencesExpanded,method,ParameterFilterElement,,,3,ok,String,<method not invoked>,<method not invoked>,<method not invoked>,2025,2026-08-04T14:03:14.300203,2026-08-04T14:48:57.764674,3,probes_2025_20260804T140314-c44dde.json;probes_2025_20260804T144211-baf6e6.json;probes_2025_20260804T144857-a65442.json
view_filter_applications,reflection,refl.ParameterFilterElement.GetMonitoredLinkElementIds,method,ParameterFilterElement,,,3,ok,String,<method not invoked>,<method not invoked>,<method not invoked>,2025,2026-08-04T14:03:14.300203,2026-08-04T14:48:57.764674,3,probes_2025_20260804T140314-c44dde.json;probes_2025_20260804T144211-baf6e6.json;probes_2025_20260804T144857-a65442.json
view_filter_applications,reflection,refl.ParameterFilterElement.GetMonitoredLocalElementIds,method,ParameterFilterElement,,,3,ok,String,<method not invoked>,<method not invoked>,<method not invoked>,2025,2026-08-04T14:03:14.300203,2026-08-04T14:48:57.764674,3,probes_2025_20260804T140314-c44dde.json;probes_2025_20260804T144211-baf6e6.json;probes_2025_20260804T144857-a65442.json
view_filter_applications,reflection,refl.ParameterFilterElement.GetOrderedParameters,method,ParameterFilterElement,,,3,ok,String,<method not invoked>,<method not invoked>,<method not invoked>,2025,2026-08-04T14:03:14.300203,2026-08-04T14:48:57.764674,3,probes_2025_20260804T140314-c44dde.json;probes_2025_20260804T144211-baf6e6.json;probes_2025_20260804T144857-a65442.json
view_filter_applications,reflection,refl.ParameterFilterElement.GetSubelements,method,ParameterFilterElement,,,3,ok,String,<method not invoked>,<method not invoked>,<method not invoked>,2025,2026-08-04T14:03:14.300203,2026-08-04T14:48:57.764674,3,probes_2025_20260804T140314-c44dde.json;probes_2025_20260804T144211-baf6e6.json;probes_2025_20260804T144857-a65442.json
view_filter_applications,reflection,refl.ParameterFilterElement.GetTypeId,method,ParameterFilterElement,,,3,ok,String,<method not invoked>,<method not invoked>,<method not invoked>,2025,2026-08-04T14:03:14.300203,2026-08-04T14:48:57.764674,3,probes_2025_20260804T140314-c44dde.json;probes_2025_20260804T144211-baf6e6.json;probes_2025_20260804T144857-a65442.json
view_filter_applications,reflection,refl.ParameterFilterElement.GetValidTypes,method,ParameterFilterElement,,,3,ok,String,<method not invoked>,<method not invoked>,<method not invoked>,2025,2026-08-04T14:03:14.300203,2026-08-04T14:48:57.764674,3,probes_2025_20260804T140314-c44dde.json;probes_2025_20260804T144211-baf6e6.json;probes_2025_20260804T144857-a65442.json
view_filter_applications,reflection,refl.ParameterFilterElement.GroupId,property,ParameterFilterElement,,,3,ok,ElementId,-1,-1,-1,2025,2026-08-04T14:03:14.300203,2026-08-04T14:48:57.764674,3,probes_2025_20260804T140314-c44dde.json;probes_2025_20260804T144211-baf6e6.json;probes_2025_20260804T144857-a65442.json
view_filter_applications,reflection,refl.ParameterFilterElement.HasPhases,method,ParameterFilterElement,,,3,ok,String,<method not invoked>,<method not invoked>,<method not invoked>,2025,2026-08-04T14:03:14.300203,2026-08-04T14:48:57.764674,3,probes_2025_20260804T140314-c44dde.json;probes_2025_20260804T144211-baf6e6.json;probes_2025_20260804T144857-a65442.json
view_filter_applications,reflection,refl.ParameterFilterElement.Id,property,ParameterFilterElement,,,79,ok,ElementId,1607615,1607615,1607615,2025,2026-08-04T14:03:14.300203,2026-08-04T14:48:57.764674,3,probes_2025_20260804T140314-c44dde.json;probes_2025_20260804T144211-baf6e6.json;probes_2025_20260804T144857-a65442.json
view_filter_applications,reflection,refl.ParameterFilterElement.IsExternalFileReference,method,ParameterFilterElement,,,3,ok,String,<method not invoked>,<method not invoked>,<method not invoked>,2025,2026-08-04T14:03:14.300203,2026-08-04T14:48:57.764674,3,probes_2025_20260804T140314-c44dde.json;probes_2025_20260804T144211-baf6e6.json;probes_2025_20260804T144857-a65442.json
view_filter_applications,reflection,refl.ParameterFilterElement.IsModifiable,property,ParameterFilterElement,,,3,ok,Integer,1,True,1,2025,2026-08-04T14:03:14.300203,2026-08-04T14:48:57.764674,3,probes_2025_20260804T140314-c44dde.json;probes_2025_20260804T144211-baf6e6.json;probes_2025_20260804T144857-a65442.json
view_filter_applications,reflection,refl.ParameterFilterElement.IsMonitoringLinkElement,method,ParameterFilterElement,,,3,ok,String,<method not invoked>,<method not invoked>,<method not invoked>,2025,2026-08-04T14:03:14.300203,2026-08-04T14:48:57.764674,3,probes_2025_20260804T140314-c44dde.json;probes_2025_20260804T144211-baf6e6.json;probes_2025_20260804T144857-a65442.json
view_filter_applications,reflection,refl.ParameterFilterElement.IsMonitoringLocalElement,method,ParameterFilterElement,,,3,ok,String,<method not invoked>,<method not invoked>,<method not invoked>,2025,2026-08-04T14:03:14.300203,2026-08-04T14:48:57.764674,3,probes_2025_20260804T140314-c44dde.json;probes_2025_20260804T144211-baf6e6.json;probes_2025_20260804T144857-a65442.json
view_filter_applications,reflection,refl.ParameterFilterElement.IsTransient,property,ParameterFilterElement,,,3,ok,Integer,0,False,0,2025,2026-08-04T14:03:14.300203,2026-08-04T14:48:57.764674,3,probes_2025_20260804T140314-c44dde.json;probes_2025_20260804T144211-baf6e6.json;probes_2025_20260804T144857-a65442.json
view_filter_applications,reflection,refl.ParameterFilterElement.IsValidObject,property,ParameterFilterElement,,,3,ok,Integer,1,True,1,2025,2026-08-04T14:03:14.300203,2026-08-04T14:48:57.764674,3,probes_2025_20260804T140314-c44dde.json;probes_2025_20260804T144211-baf6e6.json;probes_2025_20260804T144857-a65442.json
view_filter_applications,reflection,refl.ParameterFilterElement.LevelId,property,ParameterFilterElement,,,3,ok,ElementId,-1,-1,-1,2025,2026-08-04T14:03:14.300203,2026-08-04T14:48:57.764674,3,probes_2025_20260804T140314-c44dde.json;probes_2025_20260804T144211-baf6e6.json;probes_2025_20260804T144857-a65442.json
view_filter_applications,reflection,refl.ParameterFilterElement.Location,property,ParameterFilterElement,,,3,missing,None,,,,2025,2026-08-04T14:03:14.300203,2026-08-04T14:48:57.764674,3,probes_2025_20260804T140314-c44dde.json;probes_2025_20260804T144211-baf6e6.json;probes_2025_20260804T144857-a65442.json
view_filter_applications,reflection,refl.ParameterFilterElement.Name,property,ParameterFilterElement,,,79,ok,String,Landscape (1),Landscape (1),Landscape (1),2025,2026-08-04T14:03:14.300203,2026-08-04T14:48:57.764674,3,probes_2025_20260804T140314-c44dde.json;probes_2025_20260804T144211-baf6e6.json;probes_2025_20260804T144857-a65442.json
view_filter_applications,reflection,refl.ParameterFilterElement.OwnerViewId,property,ParameterFilterElement,,,3,ok,ElementId,-1,-1,-1,2025,2026-08-04T14:03:14.300203,2026-08-04T14:48:57.764674,3,probes_2025_20260804T140314-c44dde.json;probes_2025_20260804T144211-baf6e6.json;probes_2025_20260804T144857-a65442.json
view_filter_applications,reflection,refl.ParameterFilterElement.Parameters,property,ParameterFilterElement,,,3,unsupported,None,,,,2025,2026-08-04T14:03:14.300203,2026-08-04T14:48:57.764674,3,probes_2025_20260804T140314-c44dde.json;probes_2025_20260804T144211-baf6e6.json;probes_2025_20260804T144857-a65442.json
view_filter_applications,reflection,refl.ParameterFilterElement.ParametersMap,property,ParameterFilterElement,,,3,unsupported,None,,,,2025,2026-08-04T14:03:14.300203,2026-08-04T14:48:57.764674,3,probes_2025_20260804T140314-c44dde.json;probes_2025_20260804T144211-baf6e6.json;probes_2025_20260804T144857-a65442.json
view_filter_applications,reflection,refl.ParameterFilterElement.Pinned,property,ParameterFilterElement,,,3,ok,Integer,0,False,0,2025,2026-08-04T14:03:14.300203,2026-08-04T14:48:57.764674,3,probes_2025_20260804T140314-c44dde.json;probes_2025_20260804T144211-baf6e6.json;probes_2025_20260804T144857-a65442.json
view_filter_applications,reflection,refl.ParameterFilterElement.RefersToExternalResourceReferences,method,ParameterFilterElement,,,3,ok,String,<method not invoked>,<method not invoked>,<method not invoked>,2025,2026-08-04T14:03:14.300203,2026-08-04T14:48:57.764674,3,probes_2025_20260804T140314-c44dde.json;probes_2025_20260804T144211-baf6e6.json;probes_2025_20260804T144857-a65442.json
view_filter_applications,reflection,refl.ParameterFilterElement.UniqueId,property,ParameterFilterElement,,,79,ok,String,5e165cf1-b158-4dbf-9fee-7a0ea01bd747-001887bf,5e165cf1-b158-4dbf-9fee-7a0ea01bd747-001887bf,5e165cf1-b158-4dbf-9fee-7a0ea01bd747-001887bf,2025,2026-08-04T14:03:14.300203,2026-08-04T14:48:57.764674,3,probes_2025_20260804T140314-c44dde.json;probes_2025_20260804T144211-baf6e6.json;probes_2025_20260804T144857-a65442.json
view_filter_applications,reflection,refl.ParameterFilterElement.VersionGuid,property,ParameterFilterElement,,,18,ok,None,,59c17d6e-2868-4486-9c62-cc9167dbdfa0,59c17d6e-2868-4486-9c62-cc9167dbdfa0,2025,2026-08-04T14:03:14.300203,2026-08-04T14:48:57.764674,3,probes_2025_20260804T140314-c44dde.json;probes_2025_20260804T144211-baf6e6.json;probes_2025_20260804T144857-a65442.json
view_filter_applications,reflection,refl.ParameterFilterElement.ViewSpecific,property,ParameterFilterElement,,,3,ok,Integer,0,False,0,2025,2026-08-04T14:03:14.300203,2026-08-04T14:48:57.764674,3,probes_2025_20260804T140314-c44dde.json;probes_2025_20260804T144211-baf6e6.json;probes_2025_20260804T144857-a65442.json
view_filter_applications,reflection,refl.ParameterFilterElement.WorksetId,property,ParameterFilterElement,,,3,ok,ElementId,85,85,85,2025,2026-08-04T14:03:14.300203,2026-08-04T14:48:57.764674,3,probes_2025_20260804T140314-c44dde.json;probes_2025_20260804T144211-baf6e6.json;probes_2025_20260804T144857-a65442.json
view_filter_definitions,param,v.filter.category_count,,,Integer,missing=0;ok=159;unreadable=0;unsupported=0,0,ok,Integer,5,5,5,2025,2026-08-04T14:03:14.300203,2026-08-04T14:48:57.764674,3,probes_2025_20260804T140314-c44dde.json;probes_2025_20260804T144211-baf6e6.json;probes_2025_20260804T144857-a65442.json
view_filter_definitions,param,v.filter.category_ids,,,String,missing=0;ok=159;unreadable=0;unsupported=0,0,ok,String,"[-2000180, -2000120, -2000032, -2000023, -2000011]",-2000180|-2000120|-2000032|-2000023|-2000011,-2000180|-2000120|-2000032|-2000023|-2000011,2025,2026-08-04T14:03:14.300203,2026-08-04T14:48:57.764674,3,probes_2025_20260804T140314-c44dde.json;probes_2025_20260804T144211-baf6e6.json;probes_2025_20260804T144857-a65442.json
view_filter_definitions,param,v.filter.category_names,,,String,missing=0;ok=159;unreadable=0;unsupported=0,0,ok,String,"['Doors', 'Floors', 'Ramps', 'Stairs', 'Walls']",Doors|Floors|Ramps|Stairs|Walls,Doors|Floors|Ramps|Stairs|Walls,2025,2026-08-04T14:03:14.300203,2026-08-04T14:48:57.764674,3,probes_2025_20260804T140314-c44dde.json;probes_2025_20260804T144211-baf6e6.json;probes_2025_20260804T144857-a65442.json
view_filter_definitions,param,v.filter.id,,,Integer,missing=0;ok=159;unreadable=0;unsupported=0,0,ok,Integer,149962,149962,149962,2025,2026-08-04T14:03:14.300203,2026-08-04T14:48:57.764674,3,probes_2025_20260804T140314-c44dde.json;probes_2025_20260804T144211-baf6e6.json;probes_2025_20260804T144857-a65442.json
view_filter_definitions,param,v.filter.logic,,,String,missing=0;ok=159;unreadable=0;unsupported=0,0,ok,String,and,and,and,2025,2026-08-04T14:03:14.300203,2026-08-04T14:48:57.764674,3,probes_2025_20260804T140314-c44dde.json;probes_2025_20260804T144211-baf6e6.json;probes_2025_20260804T144857-a65442.json
view_filter_definitions,param,v.filter.name,,,String,missing=0;ok=159;unreadable=0;unsupported=0,0,ok,String,Interior,Interior,Interior,2025,2026-08-04T14:03:14.300203,2026-08-04T14:48:57.764674,3,probes_2025_20260804T140314-c44dde.json;probes_2025_20260804T144211-baf6e6.json;probes_2025_20260804T144857-a65442.json
view_filter_definitions,param,v.filter.rule_count,,,Integer,missing=0;ok=159;unreadable=0;unsupported=0,0,ok,Integer,1,1,1,2025,2026-08-04T14:03:14.300203,2026-08-04T14:48:57.764674,3,probes_2025_20260804T140314-c44dde.json;probes_2025_20260804T144211-baf6e6.json;probes_2025_20260804T144857-a65442.json
view_filter_definitions,param,v.filter.rule_param_ids,,,String,missing=0;ok=159;unreadable=0;unsupported=0,0,ok,String,-1001006,-1001006,-1001006,2025,2026-08-04T14:03:14.300203,2026-08-04T14:48:57.764674,3,probes_2025_20260804T140314-c44dde.json;probes_2025_20260804T144211-baf6e6.json;probes_2025_20260804T144857-a65442.json
view_filter_definitions,param,v.filter.rule_sig_hash,,,String,missing=0;ok=159;unreadable=0;unsupported=0,0,ok,String,aa3a46618b3cd854428dcc70528a8070d19914c0,aa3a46618b3cd854428dcc70528a8070d19914c0,aa3a46618b3cd854428dcc70528a8070d19914c0,2025,2026-08-04T14:03:14.300203,2026-08-04T14:48:57.764674,3,probes_2025_20260804T140314-c44dde.json;probes_2025_20260804T144211-baf6e6.json;probes_2025_20260804T144857-a65442.json
view_filter_definitions,param,v.filter.rule_types,,,String,missing=0;ok=159;unreadable=0;unsupported=0,0,ok,String,FilterIntegerRule,FilterIntegerRule,FilterIntegerRule,2025,2026-08-04T14:03:14.300203,2026-08-04T14:48:57.764674,3,probes_2025_20260804T140314-c44dde.json;probes_2025_20260804T144211-baf6e6.json;probes_2025_20260804T144857-a65442.json
view_filter_definitions,reflection,refl.ParameterFilterElement.ArePhasesModifiable,method,ParameterFilterElement,,,3,ok,String,<method not invoked>,<method not invoked>,<method not invoked>,2025,2026-08-04T14:03:14.300203,2026-08-04T14:48:57.764674,3,probes_2025_20260804T140314-c44dde.json;probes_2025_20260804T144211-baf6e6.json;probes_2025_20260804T144857-a65442.json
view_filter_definitions,reflection,refl.ParameterFilterElement.AssemblyInstanceId,property,ParameterFilterElement,,,3,ok,ElementId,-1,-1,-1,2025,2026-08-04T14:03:14.300203,2026-08-04T14:48:57.764674,3,probes_2025_20260804T140314-c44dde.json;probes_2025_20260804T144211-baf6e6.json;probes_2025_20260804T144857-a65442.json
view_filter_definitions,reflection,refl.ParameterFilterElement.CanBeLocked,method,ParameterFilterElement,,,3,ok,String,<method not invoked>,<method not invoked>,<method not invoked>,2025,2026-08-04T14:03:14.300203,2026-08-04T14:48:57.764674,3,probes_2025_20260804T140314-c44dde.json;probes_2025_20260804T144211-baf6e6.json;probes_2025_20260804T144857-a65442.json
view_filter_definitions,reflection,refl.ParameterFilterElement.CanHaveTypeAssigned,method,ParameterFilterElement,,,3,ok,String,<method not invoked>,<method not invoked>,<method not invoked>,2025,2026-08-04T14:03:14.300203,2026-08-04T14:48:57.764674,3,probes_2025_20260804T140314-c44dde.json;probes_2025_20260804T144211-baf6e6.json;probes_2025_20260804T144857-a65442.json
view_filter_definitions,reflection,refl.ParameterFilterElement.Category,property,ParameterFilterElement,,,3,missing,None,,,,2025,2026-08-04T14:03:14.300203,2026-08-04T14:48:57.764674,3,probes_2025_20260804T140314-c44dde.json;probes_2025_20260804T144211-baf6e6.json;probes_2025_20260804T144857-a65442.json
view_filter_definitions,reflection,refl.ParameterFilterElement.ClearRules,method,ParameterFilterElement,,,3,ok,String,<method not invoked>,<method not invoked>,<method not invoked>,2025,2026-08-04T14:03:14.300203,2026-08-04T14:48:57.764674,3,probes_2025_20260804T140314-c44dde.json;probes_2025_20260804T144211-baf6e6.json;probes_2025_20260804T144857-a65442.json
view_filter_definitions,reflection,refl.ParameterFilterElement.CreatedPhaseId,property,ParameterFilterElement,,,3,ok,ElementId,-1,-1,-1,2025,2026-08-04T14:03:14.300203,2026-08-04T14:48:57.764674,3,probes_2025_20260804T140314-c44dde.json;probes_2025_20260804T144211-baf6e6.json;probes_2025_20260804T144857-a65442.json
view_filter_definitions,reflection,refl.ParameterFilterElement.DemolishedPhaseId,property,ParameterFilterElement,,,3,ok,ElementId,-1,-1,-1,2025,2026-08-04T14:03:14.300203,2026-08-04T14:48:57.764674,3,probes_2025_20260804T140314-c44dde.json;probes_2025_20260804T144211-baf6e6.json;probes_2025_20260804T144857-a65442.json
view_filter_definitions,reflection,refl.ParameterFilterElement.DesignOption,property,ParameterFilterElement,,,3,missing,None,,,,2025,2026-08-04T14:03:14.300203,2026-08-04T14:48:57.764674,3,probes_2025_20260804T140314-c44dde.json;probes_2025_20260804T144211-baf6e6.json;probes_2025_20260804T144857-a65442.json
view_filter_definitions,reflection,refl.ParameterFilterElement.Document,property,ParameterFilterElement,,,3,unsupported,None,,,,2025,2026-08-04T14:03:14.300203,2026-08-04T14:48:57.764674,3,probes_2025_20260804T140314-c44dde.json;probes_2025_20260804T144211-baf6e6.json;probes_2025_20260804T144857-a65442.json
view_filter_definitions,reflection,refl.ParameterFilterElement.EvaluateAllParameterValues,method,ParameterFilterElement,,,3,ok,String,<method not invoked>,<method not invoked>,<method not invoked>,2025,2026-08-04T14:03:14.300203,2026-08-04T14:48:57.764674,3,probes_2025_20260804T140314-c44dde.json;probes_2025_20260804T144211-baf6e6.json;probes_2025_20260804T144857-a65442.json
view_filter_definitions,reflection,refl.ParameterFilterElement.GetCategories,method,ParameterFilterElement,,,3,ok,String,<method not invoked>,<method not invoked>,<method not invoked>,2025,2026-08-04T14:03:14.300203,2026-08-04T14:48:57.764674,3,probes_2025_20260804T140314-c44dde.json;probes_2025_20260804T144211-baf6e6.json;probes_2025_20260804T144857-a65442.json
view_filter_definitions,reflection,refl.ParameterFilterElement.GetElementFilter,method,ParameterFilterElement,,,3,ok,String,<method not invoked>,<method not invoked>,<method not invoked>,2025,2026-08-04T14:03:14.300203,2026-08-04T14:48:57.764674,3,probes_2025_20260804T140314-c44dde.json;probes_2025_20260804T144211-baf6e6.json;probes_2025_20260804T144857-a65442.json
view_filter_definitions,reflection,refl.ParameterFilterElement.GetElementFilterParameters,method,ParameterFilterElement,,,3,ok,String,<method not invoked>,<method not invoked>,<method not invoked>,2025,2026-08-04T14:03:14.300203,2026-08-04T14:48:57.764674,3,probes_2025_20260804T140314-c44dde.json;probes_2025_20260804T144211-baf6e6.json;probes_2025_20260804T144857-a65442.json
view_filter_definitions,reflection,refl.ParameterFilterElement.GetEntitySchemaGuids,method,ParameterFilterElement,,,3,ok,String,<method not invoked>,<method not invoked>,<method not invoked>,2025,2026-08-04T14:03:14.300203,2026-08-04T14:48:57.764674,3,probes_2025_20260804T140314-c44dde.json;probes_2025_20260804T144211-baf6e6.json;probes_2025_20260804T144857-a65442.json
view_filter_definitions,reflection,refl.ParameterFilterElement.GetExternalFileReference,method,ParameterFilterElement,,,3,ok,String,<method not invoked>,<method not invoked>,<method not invoked>,2025,2026-08-04T14:03:14.300203,2026-08-04T14:48:57.764674,3,probes_2025_20260804T140314-c44dde.json;probes_2025_20260804T144211-baf6e6.json;probes_2025_20260804T144857-a65442.json
view_filter_definitions,reflection,refl.ParameterFilterElement.GetExternalResourceReferences,method,ParameterFilterElement,,,3,ok,String,<method not invoked>,<method not invoked>,<method not invoked>,2025,2026-08-04T14:03:14.300203,2026-08-04T14:48:57.764674,3,probes_2025_20260804T140314-c44dde.json;probes_2025_20260804T144211-baf6e6.json;probes_2025_20260804T144857-a65442.json
view_filter_definitions,reflection,refl.ParameterFilterElement.GetExternalResourceReferencesExpanded,method,ParameterFilterElement,,,3,ok,String,<method not invoked>,<method not invoked>,<method not invoked>,2025,2026-08-04T14:03:14.300203,2026-08-04T14:48:57.764674,3,probes_2025_20260804T140314-c44dde.json;probes_2025_20260804T144211-baf6e6.json;probes_2025_20260804T144857-a65442.json
view_filter_definitions,reflection,refl.ParameterFilterElement.GetMonitoredLinkElementIds,method,ParameterFilterElement,,,3,ok,String,<method not invoked>,<method not invoked>,<method not invoked>,2025,2026-08-04T14:03:14.300203,2026-08-04T14:48:57.764674,3,probes_2025_20260804T140314-c44dde.json;probes_2025_20260804T144211-baf6e6.json;probes_2025_20260804T144857-a65442.json
view_filter_definitions,reflection,refl.ParameterFilterElement.GetMonitoredLocalElementIds,method,ParameterFilterElement,,,3,ok,String,<method not invoked>,<method not invoked>,<method not invoked>,2025,2026-08-04T14:03:14.300203,2026-08-04T14:48:57.764674,3,probes_2025_20260804T140314-c44dde.json;probes_2025_20260804T144211-baf6e6.json;probes_2025_20260804T144857-a65442.json
view_filter_definitions,reflection,refl.ParameterFilterElement.GetOrderedParameters,method,ParameterFilterElement,,,3,ok,String,<method not invoked>,<method not invoked>,<method not invoked>,2025,2026-08-04T14:03:14.300203,2026-08-04T14:48:57.764674,3,probes_2025_20260804T140314-c44dde.json;probes_2025_20260804T144211-baf6e6.json;probes_2025_20260804T144857-a65442.json
view_filter_definitions,reflection,refl.ParameterFilterElement.GetSubelements,method,ParameterFilterElement,,,3,ok,String,<method not invoked>,<method not invoked>,<method not invoked>,2025,2026-08-04T14:03:14.300203,2026-08-04T14:48:57.764674,3,probes_2025_20260804T140314-c44dde.json;probes_2025_20260804T144211-baf6e6.json;probes_2025_20260804T144857-a65442.json
view_filter_definitions,reflection,refl.ParameterFilterElement.GetTypeId,method,ParameterFilterElement,,,3,ok,String,<method not invoked>,<method not invoked>,<method not invoked>,2025,2026-08-04T14:03:14.300203,2026-08-04T14:48:57.764674,3,probes_2025_20260804T140314-c44dde.json;probes_2025_20260804T144211-baf6e6.json;probes_2025_20260804T144857-a65442.json
view_filter_definitions,reflection,refl.ParameterFilterElement.GetValidTypes,method,ParameterFilterElement,,,3,ok,String,<method not invoked>,<method not invoked>,<method not invoked>,2025,2026-08-04T14:03:14.300203,2026-08-04T14:48:57.764674,3,probes_2025_20260804T140314-c44dde.json;probes_2025_20260804T144211-baf6e6.json;probes_2025_20260804T144857-a65442.json
view_filter_definitions,reflection,refl.ParameterFilterElement.GroupId,property,ParameterFilterElement,,,3,ok,ElementId,-1,-1,-1,2025,2026-08-04T14:03:14.300203,2026-08-04T14:48:57.764674,3,probes_2025_20260804T140314-c44dde.json;probes_2025_20260804T144211-baf6e6.json;probes_2025_20260804T144857-a65442.json
view_filter_definitions,reflection,refl.ParameterFilterElement.HasPhases,method,ParameterFilterElement,,,3,ok,String,<method not invoked>,<method not invoked>,<method not invoked>,2025,2026-08-04T14:03:14.300203,2026-08-04T14:48:57.764674,3,probes_2025_20260804T140314-c44dde.json;probes_2025_20260804T144211-baf6e6.json;probes_2025_20260804T144857-a65442.json
view_filter_definitions,reflection,refl.ParameterFilterElement.Id,property,ParameterFilterElement,,,159,ok,ElementId,149962,149962,149962,2025,2026-08-04T14:03:14.300203,2026-08-04T14:48:57.764674,3,probes_2025_20260804T140314-c44dde.json;probes_2025_20260804T144211-baf6e6.json;probes_2025_20260804T144857-a65442.json
view_filter_definitions,reflection,refl.ParameterFilterElement.IsExternalFileReference,method,ParameterFilterElement,,,3,ok,String,<method not invoked>,<method not invoked>,<method not invoked>,2025,2026-08-04T14:03:14.300203,2026-08-04T14:48:57.764674,3,probes_2025_20260804T140314-c44dde.json;probes_2025_20260804T144211-baf6e6.json;probes_2025_20260804T144857-a65442.json
view_filter_definitions,reflection,refl.ParameterFilterElement.IsModifiable,property,ParameterFilterElement,,,3,ok,Integer,1,True,1,2025,2026-08-04T14:03:14.300203,2026-08-04T14:48:57.764674,3,probes_2025_20260804T140314-c44dde.json;probes_2025_20260804T144211-baf6e6.json;probes_2025_20260804T144857-a65442.json
view_filter_definitions,reflection,refl.ParameterFilterElement.IsMonitoringLinkElement,method,ParameterFilterElement,,,3,ok,String,<method not invoked>,<method not invoked>,<method not invoked>,2025,2026-08-04T14:03:14.300203,2026-08-04T14:48:57.764674,3,probes_2025_20260804T140314-c44dde.json;probes_2025_20260804T144211-baf6e6.json;probes_2025_20260804T144857-a65442.json
view_filter_definitions,reflection,refl.ParameterFilterElement.IsMonitoringLocalElement,method,ParameterFilterElement,,,3,ok,String,<method not invoked>,<method not invoked>,<method not invoked>,2025,2026-08-04T14:03:14.300203,2026-08-04T14:48:57.764674,3,probes_2025_20260804T140314-c44dde.json;probes_2025_20260804T144211-baf6e6.json;probes_2025_20260804T144857-a65442.json
view_filter_definitions,reflection,refl.ParameterFilterElement.IsTransient,property,ParameterFilterElement,,,3,ok,Integer,0,False,0,2025,2026-08-04T14:03:14.300203,2026-08-04T14:48:57.764674,3,probes_2025_20260804T140314-c44dde.json;probes_2025_20260804T144211-baf6e6.json;probes_2025_20260804T144857-a65442.json
view_filter_definitions,reflection,refl.ParameterFilterElement.IsValidObject,property,ParameterFilterElement,,,3,ok,Integer,1,True,1,2025,2026-08-04T14:03:14.300203,2026-08-04T14:48:57.764674,3,probes_2025_20260804T140314-c44dde.json;probes_2025_20260804T144211-baf6e6.json;probes_2025_20260804T144857-a65442.json
view_filter_definitions,reflection,refl.ParameterFilterElement.LevelId,property,ParameterFilterElement,,,3,ok,ElementId,-1,-1,-1,2025,2026-08-04T14:03:14.300203,2026-08-04T14:48:57.764674,3,probes_2025_20260804T140314-c44dde.json;probes_2025_20260804T144211-baf6e6.json;probes_2025_20260804T144857-a65442.json
view_filter_definitions,reflection,refl.ParameterFilterElement.Location,property,ParameterFilterElement,,,3,missing,None,,,,2025,2026-08-04T14:03:14.300203,2026-08-04T14:48:57.764674,3,probes_2025_20260804T140314-c44dde.json;probes_2025_20260804T144211-baf6e6.json;probes_2025_20260804T144857-a65442.json
view_filter_definitions,reflection,refl.ParameterFilterElement.Name,property,ParameterFilterElement,,,159,ok,String,Interior,Interior,Interior,2025,2026-08-04T14:03:14.300203,2026-08-04T14:48:57.764674,3,probes_2025_20260804T140314-c44dde.json;probes_2025_20260804T144211-baf6e6.json;probes_2025_20260804T144857-a65442.json
view_filter_definitions,reflection,refl.ParameterFilterElement.OwnerViewId,property,ParameterFilterElement,,,3,ok,ElementId,-1,-1,-1,2025,2026-08-04T14:03:14.300203,2026-08-04T14:48:57.764674,3,probes_2025_20260804T140314-c44dde.json;probes_2025_20260804T144211-baf6e6.json;probes_2025_20260804T144857-a65442.json
view_filter_definitions,reflection,refl.ParameterFilterElement.Parameters,property,ParameterFilterElement,,,3,unsupported,None,,,,2025,2026-08-04T14:03:14.300203,2026-08-04T14:48:57.764674,3,probes_2025_20260804T140314-c44dde.json;probes_2025_20260804T144211-baf6e6.json;probes_2025_20260804T144857-a65442.json
view_filter_definitions,reflection,refl.ParameterFilterElement.ParametersMap,property,ParameterFilterElement,,,3,unsupported,None,,,,2025,2026-08-04T14:03:14.300203,2026-08-04T14:48:57.764674,3,probes_2025_20260804T140314-c44dde.json;probes_2025_20260804T144211-baf6e6.json;probes_2025_20260804T144857-a65442.json
view_filter_definitions,reflection,refl.ParameterFilterElement.Pinned,property,ParameterFilterElement,,,3,ok,Integer,0,False,0,2025,2026-08-04T14:03:14.300203,2026-08-04T14:48:57.764674,3,probes_2025_20260804T140314-c44dde.json;probes_2025_20260804T144211-baf6e6.json;probes_2025_20260804T144857-a65442.json
view_filter_definitions,reflection,refl.ParameterFilterElement.RefersToExternalResourceReferences,method,ParameterFilterElement,,,3,ok,String,<method not invoked>,<method not invoked>,<method not invoked>,2025,2026-08-04T14:03:14.300203,2026-08-04T14:48:57.764674,3,probes_2025_20260804T140314-c44dde.json;probes_2025_20260804T144211-baf6e6.json;probes_2025_20260804T144857-a65442.json
view_filter_definitions,reflection,refl.ParameterFilterElement.UniqueId,property,ParameterFilterElement,,,159,ok,String,e6201119-f301-4131-bab5-90e429969a12-000249ca,e6201119-f301-4131-bab5-90e429969a12-000249ca,e6201119-f301-4131-bab5-90e429969a12-000249ca,2025,2026-08-04T14:03:14.300203,2026-08-04T14:48:57.764674,3,probes_2025_20260804T140314-c44dde.json;probes_2025_20260804T144211-baf6e6.json;probes_2025_20260804T144857-a65442.json
view_filter_definitions,reflection,refl.ParameterFilterElement.VersionGuid,property,ParameterFilterElement,,,38,ok,None,,59c17d6e-2868-4486-9c62-cc9167dbdfa0,59c17d6e-2868-4486-9c62-cc9167dbdfa0,2025,2026-08-04T14:03:14.300203,2026-08-04T14:48:57.764674,3,probes_2025_20260804T140314-c44dde.json;probes_2025_20260804T144211-baf6e6.json;probes_2025_20260804T144857-a65442.json
view_filter_definitions,reflection,refl.ParameterFilterElement.ViewSpecific,property,ParameterFilterElement,,,3,ok,Integer,0,False,0,2025,2026-08-04T14:03:14.300203,2026-08-04T14:48:57.764674,3,probes_2025_20260804T140314-c44dde.json;probes_2025_20260804T144211-baf6e6.json;probes_2025_20260804T144857-a65442.json
view_filter_definitions,reflection,refl.ParameterFilterElement.WorksetId,property,ParameterFilterElement,,,3,ok,ElementId,85,85,85,2025,2026-08-04T14:03:14.300203,2026-08-04T14:48:57.764674,3,probes_2025_20260804T140314-c44dde.json;probes_2025_20260804T144211-baf6e6.json;probes_2025_20260804T144857-a65442.json
view_templates,param,p.Appearance,,,None,missing=0;ok=0;unreadable=0;unsupported=6,0,unsupported,None,,,,2025,2026-08-04T14:42:11.384534,2026-08-04T14:48:57.764674,2,probes_2025_20260804T144211-baf6e6.json;probes_2025_20260804T144857-a65442.json
view_templates,param,p.Background,,,None,missing=0;ok=0;unreadable=0;unsupported=25,0,unsupported,None,,,,2025,2026-08-04T14:03:14.300203,2026-08-04T14:48:57.764674,3,probes_2025_20260804T140314-c44dde.json;probes_2025_20260804T144211-baf6e6.json;probes_2025_20260804T144857-a65442.json
view_templates,param,p.Browser_View Category,,,String,missing=0;ok=13;unreadable=0;unsupported=0,0,ok,String,,,,2025,2026-08-04T14:42:11.384534,2026-08-04T14:42:11.384534,1,probes_2025_20260804T144211-baf6e6.json
view_templates,param,p.Browser_View Group,,,String,missing=0;ok=13;unreadable=0;unsupported=0,0,ok,String,,,,2025,2026-08-04T14:42:11.384534,2026-08-04T14:42:11.384534,1,probes_2025_20260804T144211-baf6e6.json
view_templates,param,p.Browser_View Sub Series,,,String,missing=0;ok=13;unreadable=0;unsupported=0,0,ok,String,,,,2025,2026-08-04T14:42:11.384534,2026-08-04T14:42:11.384534,1,probes_2025_20260804T144211-baf6e6.json
view_templates,param,p.Browser_View Subcategory,,,String,missing=0;ok=13;unreadable=0;unsupported=0,0,ok,String,,,,2025,2026-08-04T14:42:11.384534,2026-08-04T14:42:11.384534,1,probes_2025_20260804T144211-baf6e6.json
view_templates,param,p.Color Scheme,,,None,missing=0;ok=0;unreadable=0;unsupported=28,0,unsupported,None,,,,2025,2026-08-04T14:03:14.300203,2026-08-04T14:48:57.764674,3,probes_2025_20260804T140314-c44dde.json;probes_2025_20260804T144211-baf6e6.json;probes_2025_20260804T144857-a65442.json
view_templates,param,p.Color Scheme Location,,,Integer,missing=0;ok=28;unreadable=0;unsupported=0,0,ok,Integer,1,Background,1,2025,2026-08-04T14:03:14.300203,2026-08-04T14:48:57.764674,3,probes_2025_20260804T140314-c44dde.json;probes_2025_20260804T144211-baf6e6.json;probes_2025_20260804T144857-a65442.json
view_templates,param,p.Column Symbolic Offset,,,Double,missing=0;ok=4;unreadable=0;unsupported=0,0,ok,Double,1.0,"1'-0""",11.999999999999998,2025,2026-08-04T14:03:14.300203,2026-08-04T14:48:57.764674,3,probes_2025_20260804T140314-c44dde.json;probes_2025_20260804T144211-baf6e6.json;probes_2025_20260804T144857-a65442.json
view_templates,param,p.Comments_ Varies by Group,,,String,missing=0;ok=16;unreadable=0;unsupported=0,0,ok,String,,,,2025,2026-08-04T14:03:14.300203,2026-08-04T14:03:14.300203,1,probes_2025_20260804T140314-c44dde.json
view_templates,param,p.Comments_Vary by Group,,,String,missing=0;ok=16;unreadable=0;unsupported=0,0,ok,String,,,,2025,2026-08-04T14:03:14.300203,2026-08-04T14:03:14.300203,1,probes_2025_20260804T140314-c44dde.json
view_templates,param,p.DTL NOTE,,,String,missing=0;ok=15;unreadable=0;unsupported=0,0,ok,String,,,,2025,2026-08-04T14:48:57.764674,2026-08-04T14:48:57.764674,1,probes_2025_20260804T144857-a65442.json
view_templates,param,p.Depth Clipping,,,Integer,missing=0;ok=18;unreadable=0;unsupported=0,0,ok,Integer,0,0,0,2025,2026-08-04T14:03:14.300203,2026-08-04T14:48:57.764674,3,probes_2025_20260804T140314-c44dde.json;probes_2025_20260804T144211-baf6e6.json;probes_2025_20260804T144857-a65442.json
view_templates,param,p.Depth Cueing,,,None,missing=0;ok=0;unreadable=0;unsupported=18,0,unsupported,None,,,,2025,2026-08-04T14:03:14.300203,2026-08-04T14:48:57.764674,3,probes_2025_20260804T140314-c44dde.json;probes_2025_20260804T144211-baf6e6.json;probes_2025_20260804T144857-a65442.json
view_templates,param,p.Detail Level,,,Integer,missing=0;ok=44;unreadable=0;unsupported=0,0,ok,Integer,1,Coarse,1,2025,2026-08-04T14:03:14.300203,2026-08-04T14:48:57.764674,3,probes_2025_20260804T140314-c44dde.json;probes_2025_20260804T144211-baf6e6.json;probes_2025_20260804T144857-a65442.json
view_templates,param,p.Discipline,,,Integer,missing=0;ok=44;unreadable=0;unsupported=0,0,ok,Integer,1,Architectural,1,2025,2026-08-04T14:03:14.300203,2026-08-04T14:48:57.764674,3,probes_2025_20260804T140314-c44dde.json;probes_2025_20260804T144211-baf6e6.json;probes_2025_20260804T144857-a65442.json
view_templates,param,p.Display Model,,,Integer,missing=0;ok=37;unreadable=0;unsupported=0,0,ok,Integer,0,Normal,0,2025,2026-08-04T14:03:14.300203,2026-08-04T14:48:57.764674,3,probes_2025_20260804T140314-c44dde.json;probes_2025_20260804T144211-baf6e6.json;probes_2025_20260804T144857-a65442.json
view_templates,param,p.Drawing Author,,,String,missing=0;ok=15;unreadable=0;unsupported=0,0,ok,String,,,,2025,2026-08-04T14:48:57.764674,2026-08-04T14:48:57.764674,1,probes_2025_20260804T144857-a65442.json
view_templates,param,p.Drawing Type,,,String,missing=0;ok=16;unreadable=0;unsupported=0,0,ok,String,,,,2025,2026-08-04T14:03:14.300203,2026-08-04T14:03:14.300203,1,probes_2025_20260804T140314-c44dde.json
view_templates,param,p.Edited by,,,String,missing=0;ok=44;unreadable=0;unsupported=0,0,ok,String,,,,2025,2026-08-04T14:03:14.300203,2026-08-04T14:48:57.764674,3,probes_2025_20260804T140314-c44dde.json;probes_2025_20260804T144211-baf6e6.json;probes_2025_20260804T144857-a65442.json
view_templates,param,p.Enscape.View.IsFavorite,,,Integer,missing=0;ok=16;unreadable=0;unsupported=0,0,ok,Integer,0,0,0,2025,2026-08-04T14:03:14.300203,2026-08-04T14:03:14.300203,1,probes_2025_20260804T140314-c44dde.json
view_templates,param,p.Far Clipping,,,Integer,missing=0;ok=19;unreadable=0;unsupported=0,0,ok,Integer,0,0,0,2025,2026-08-04T14:03:14.300203,2026-08-04T14:48:57.764674,3,probes_2025_20260804T140314-c44dde.json;probes_2025_20260804T144211-baf6e6.json;probes_2025_20260804T144857-a65442.json
view_templates,param,p.Fields,,,None,missing=0;ok=0;unreadable=0;unsupported=2,0,unsupported,None,,,,2025,2026-08-04T14:42:11.384534,2026-08-04T14:48:57.764674,2,probes_2025_20260804T144211-baf6e6.json;probes_2025_20260804T144857-a65442.json
view_templates,param,p.Filter,,,None,missing=0;ok=0;unreadable=0;unsupported=2,0,unsupported,None,,,,2025,2026-08-04T14:42:11.384534,2026-08-04T14:48:57.764674,2,probes_2025_20260804T144211-baf6e6.json;probes_2025_20260804T144857-a65442.json
view_templates,param,p.Folder,,,String,missing=0;ok=13;unreadable=0;unsupported=0,0,ok,String,,,,2025,2026-08-04T14:42:11.384534,2026-08-04T14:42:11.384534,1,probes_2025_20260804T144211-baf6e6.json
view_templates,param,p.Formatting,,,None,missing=0;ok=0;unreadable=0;unsupported=2,0,unsupported,None,,,,2025,2026-08-04T14:42:11.384534,2026-08-04T14:48:57.764674,2,probes_2025_20260804T144211-baf6e6.json;probes_2025_20260804T144857-a65442.json
view_templates,param,p.Group Type Mark,,,String,missing=0;ok=16;unreadable=0;unsupported=0,0,ok,String,,,,2025,2026-08-04T14:03:14.300203,2026-08-04T14:03:14.300203,1,probes_2025_20260804T140314-c44dde.json
view_templates,param,p.In Unit Cloud,,,String,missing=0;ok=16;unreadable=0;unsupported=0,0,ok,String,,,,2025,2026-08-04T14:03:14.300203,2026-08-04T14:03:14.300203,1,probes_2025_20260804T140314-c44dde.json
view_templates,param,p.Lighting,,,None,missing=0;ok=0;unreadable=0;unsupported=43,0,unsupported,None,,,,2025,2026-08-04T14:03:14.300203,2026-08-04T14:48:57.764674,3,probes_2025_20260804T140314-c44dde.json;probes_2025_20260804T144211-baf6e6.json;probes_2025_20260804T144857-a65442.json
view_templates,param,p.Model Display,,,None,missing=0;ok=0;unreadable=0;unsupported=43,0,unsupported,None,,,,2025,2026-08-04T14:03:14.300203,2026-08-04T14:48:57.764674,3,probes_2025_20260804T140314-c44dde.json;probes_2025_20260804T144211-baf6e6.json;probes_2025_20260804T144857-a65442.json
view_templates,param,p.Orientation,,,Integer,missing=0;ok=18;unreadable=0;unsupported=0,0,ok,Integer,0,Project North,0,2025,2026-08-04T14:03:14.300203,2026-08-04T14:48:57.764674,3,probes_2025_20260804T140314-c44dde.json;probes_2025_20260804T144211-baf6e6.json;probes_2025_20260804T144857-a65442.json
view_templates,param,p.Parts Visibility,,,Integer,missing=0;ok=43;unreadable=0;unsupported=0,0,ok,Integer,1,Show Original,1,2025,2026-08-04T14:03:14.300203,2026-08-04T14:48:57.764674,3,probes_2025_20260804T140314-c44dde.json;probes_2025_20260804T144211-baf6e6.json;probes_2025_20260804T144857-a65442.json
view_templates,param,p.Phase Filter,,,ElementId,missing=0;ok=49;unreadable=0;unsupported=0,0,ok,ElementId,22797,Show All,22797,2025,2026-08-04T14:03:14.300203,2026-08-04T14:48:57.764674,3,probes_2025_20260804T140314-c44dde.json;probes_2025_20260804T144211-baf6e6.json;probes_2025_20260804T144857-a65442.json
view_templates,param,p.Photographic Exposure,,,None,missing=0;ok=0;unreadable=0;unsupported=43,0,unsupported,None,,,,2025,2026-08-04T14:03:14.300203,2026-08-04T14:48:57.764674,3,probes_2025_20260804T140314-c44dde.json;probes_2025_20260804T144211-baf6e6.json;probes_2025_20260804T144857-a65442.json
view_templates,param,p.PirrosID,,,String,missing=0;ok=13;unreadable=0;unsupported=0,0,ok,String,,,,2025,2026-08-04T14:42:11.384534,2026-08-04T14:42:11.384534,1,probes_2025_20260804T144211-baf6e6.json
view_templates,param,p.PirrosInSync,,,String,missing=0;ok=13;unreadable=0;unsupported=0,0,ok,String,,,,2025,2026-08-04T14:42:11.384534,2026-08-04T14:42:11.384534,1,probes_2025_20260804T144211-baf6e6.json
view_templates,param,p.Project Identification,,,String,missing=0;ok=13;unreadable=0;unsupported=0,0,ok,String,,,,2025,2026-08-04T14:42:11.384534,2026-08-04T14:42:11.384534,1,probes_2025_20260804T144211-baf6e6.json
view_templates,param,p.Rendering Settings,,,None,missing=0;ok=0;unreadable=0;unsupported=6,0,unsupported,None,,,,2025,2026-08-04T14:03:14.300203,2026-08-04T14:48:57.764674,2,probes_2025_20260804T140314-c44dde.json;probes_2025_20260804T144857-a65442.json
view_templates,param,p.Room Association,,,String,missing=0;ok=15;unreadable=0;unsupported=0,0,ok,String,,,,2025,2026-08-04T14:48:57.764674,2026-08-04T14:48:57.764674,1,probes_2025_20260804T144857-a65442.json
view_templates,param,p.SR View Calculation Settings,,,String,missing=0;ok=59;unreadable=0;unsupported=0,0,ok,String,,,,2025,2026-08-04T14:03:14.300203,2026-08-04T14:48:57.764674,3,probes_2025_20260804T140314-c44dde.json;probes_2025_20260804T144211-baf6e6.json;probes_2025_20260804T144857-a65442.json
view_templates,param,p.Scale Value    1:,,,Integer,missing=0;ok=44;unreadable=0;unsupported=0,0,ok,Integer,240,240,240,2025,2026-08-04T14:03:14.300203,2026-08-04T14:48:57.764674,3,probes_2025_20260804T140314-c44dde.json;probes_2025_20260804T144211-baf6e6.json;probes_2025_20260804T144857-a65442.json
view_templates,param,p.Shadows,,,None,missing=0;ok=0;unreadable=0;unsupported=43,0,unsupported,None,,,,2025,2026-08-04T14:03:14.300203,2026-08-04T14:48:57.764674,3,probes_2025_20260804T140314-c44dde.json;probes_2025_20260804T144211-baf6e6.json;probes_2025_20260804T144857-a65442.json
view_templates,param,p.Sheet Discipline #,,,String,missing=0;ok=13;unreadable=0;unsupported=0,0,ok,String,,,,2025,2026-08-04T14:42:11.384534,2026-08-04T14:42:11.384534,1,probes_2025_20260804T144211-baf6e6.json
view_templates,param,p.Sheet Series #,,,String,missing=0;ok=13;unreadable=0;unsupported=0,0,ok,String,,,,2025,2026-08-04T14:42:11.384534,2026-08-04T14:42:11.384534,1,probes_2025_20260804T144211-baf6e6.json
view_templates,param,p.Show Hidden Lines,,,Integer,missing=0;ok=43;unreadable=0;unsupported=0,0,ok,Integer,1,By Discipline,1,2025,2026-08-04T14:03:14.300203,2026-08-04T14:48:57.764674,3,probes_2025_20260804T140314-c44dde.json;probes_2025_20260804T144211-baf6e6.json;probes_2025_20260804T144857-a65442.json
view_templates,param,p.Sketchy Lines,,,None,missing=0;ok=0;unreadable=0;unsupported=43,0,unsupported,None,,,,2025,2026-08-04T14:03:14.300203,2026-08-04T14:48:57.764674,3,probes_2025_20260804T140314-c44dde.json;probes_2025_20260804T144211-baf6e6.json;probes_2025_20260804T144857-a65442.json
view_templates,param,p.Sorting/Grouping,,,None,missing=0;ok=0;unreadable=0;unsupported=2,0,unsupported,None,,,,2025,2026-08-04T14:42:11.384534,2026-08-04T14:48:57.764674,2,probes_2025_20260804T144211-baf6e6.json;probes_2025_20260804T144857-a65442.json
view_templates,param,p.Sun Path,,,Integer,missing=0;ok=43;unreadable=0;unsupported=0,0,ok,Integer,0,No,0,2025,2026-08-04T14:03:14.300203,2026-08-04T14:48:57.764674,3,probes_2025_20260804T140314-c44dde.json;probes_2025_20260804T144211-baf6e6.json;probes_2025_20260804T144857-a65442.json
view_templates,param,p.System Color Schemes,,,None,missing=0;ok=0;unreadable=0;unsupported=9,0,unsupported,None,,,,2025,2026-08-04T14:03:14.300203,2026-08-04T14:48:57.764674,3,probes_2025_20260804T140314-c44dde.json;probes_2025_20260804T144211-baf6e6.json;probes_2025_20260804T144857-a65442.json
view_templates,param,p.Underlay Orientation,,,Integer,missing=0;ok=18;unreadable=0;unsupported=0,0,ok,Integer,0,Look down,0,2025,2026-08-04T14:03:14.300203,2026-08-04T14:48:57.764674,3,probes_2025_20260804T140314-c44dde.json;probes_2025_20260804T144211-baf6e6.json;probes_2025_20260804T144857-a65442.json
view_templates,param,p.V/G Overrides Analytical Model,,,None,missing=0;ok=0;unreadable=0;unsupported=44,0,unsupported,None,,,,2025,2026-08-04T14:03:14.300203,2026-08-04T14:48:57.764674,3,probes_2025_20260804T140314-c44dde.json;probes_2025_20260804T144211-baf6e6.json;probes_2025_20260804T144857-a65442.json
view_templates,param,p.V/G Overrides Annotation,,,None,missing=0;ok=0;unreadable=0;unsupported=44,0,unsupported,None,,,,2025,2026-08-04T14:03:14.300203,2026-08-04T14:48:57.764674,3,probes_2025_20260804T140314-c44dde.json;probes_2025_20260804T144211-baf6e6.json;probes_2025_20260804T144857-a65442.json
view_templates,param,p.V/G Overrides Design Options,,,None,missing=0;ok=0;unreadable=0;unsupported=16,0,unsupported,None,,,,2025,2026-08-04T14:03:14.300203,2026-08-04T14:03:14.300203,1,probes_2025_20260804T140314-c44dde.json
view_templates,param,p.V/G Overrides Filters,,,None,missing=0;ok=0;unreadable=0;unsupported=44,0,unsupported,None,,,,2025,2026-08-04T14:03:14.300203,2026-08-04T14:48:57.764674,3,probes_2025_20260804T140314-c44dde.json;probes_2025_20260804T144211-baf6e6.json;probes_2025_20260804T144857-a65442.json
view_templates,param,p.V/G Overrides Import,,,None,missing=0;ok=0;unreadable=0;unsupported=44,0,unsupported,None,,,,2025,2026-08-04T14:03:14.300203,2026-08-04T14:48:57.764674,3,probes_2025_20260804T140314-c44dde.json;probes_2025_20260804T144211-baf6e6.json;probes_2025_20260804T144857-a65442.json
view_templates,param,p.V/G Overrides Model,,,None,missing=0;ok=0;unreadable=0;unsupported=44,0,unsupported,None,,,,2025,2026-08-04T14:03:14.300203,2026-08-04T14:48:57.764674,3,probes_2025_20260804T140314-c44dde.json;probes_2025_20260804T144211-baf6e6.json;probes_2025_20260804T144857-a65442.json
view_templates,param,p.V/G Overrides RVT Links,,,None,missing=0;ok=0;unreadable=0;unsupported=43,0,unsupported,None,,,,2025,2026-08-04T14:03:14.300203,2026-08-04T14:48:57.764674,3,probes_2025_20260804T140314-c44dde.json;probes_2025_20260804T144211-baf6e6.json;probes_2025_20260804T144857-a65442.json
view_templates,param,p.V/G Overrides Worksets,,,None,missing=0;ok=0;unreadable=0;unsupported=44,0,unsupported,None,,,,2025,2026-08-04T14:03:14.300203,2026-08-04T14:48:57.764674,3,probes_2025_20260804T140314-c44dde.json;probes_2025_20260804T144211-baf6e6.json;probes_2025_20260804T144857-a65442.json
view_templates,param,p.VIEWS_Package,,,String,missing=0;ok=13;unreadable=0;unsupported=0,0,ok,String,,,,2025,2026-08-04T14:42:11.384534,2026-08-04T14:42:11.384534,1,probes_2025_20260804T144211-baf6e6.json
view_templates,param,p.VIEWS_View Type,,,String,missing=0;ok=13;unreadable=0;unsupported=0,0,ok,String,,,,2025,2026-08-04T14:42:11.384534,2026-08-04T14:42:11.384534,1,probes_2025_20260804T144211-baf6e6.json
view_templates,param,p.VWS Created By,,,String,missing=0;ok=15;unreadable=0;unsupported=0,0,ok,String,,,,2025,2026-08-04T14:48:57.764674,2026-08-04T14:48:57.764674,1,probes_2025_20260804T144857-a65442.json
view_templates,param,p.VWS Type,,,String,missing=0;ok=15;unreadable=0;unsupported=0,0,ok,String,,,,2025,2026-08-04T14:48:57.764674,2026-08-04T14:48:57.764674,1,probes_2025_20260804T144857-a65442.json
view_templates,param,p.VWS Use,,,String,missing=0;ok=15;unreadable=0;unsupported=0,0,ok,String,,,,2025,2026-08-04T14:48:57.764674,2026-08-04T14:48:57.764674,1,probes_2025_20260804T144857-a65442.json
view_templates,param,p.View Classification,,,String,missing=0;ok=28;unreadable=0;unsupported=0,0,ok,String,Documentation,Documentation,Documentation,2025,2026-08-04T14:42:11.384534,2026-08-04T14:48:57.764674,2,probes_2025_20260804T144211-baf6e6.json;probes_2025_20260804T144857-a65442.json
view_templates,param,p.View Creator Abbreviation,,,String,missing=0;ok=16;unreadable=0;unsupported=0,0,ok,String,,,,2025,2026-08-04T14:03:14.300203,2026-08-04T14:03:14.300203,1,probes_2025_20260804T140314-c44dde.json
view_templates,param,p.View Prefix,,,String,missing=0;ok=16;unreadable=0;unsupported=0,0,ok,String,,,,2025,2026-08-04T14:03:14.300203,2026-08-04T14:03:14.300203,1,probes_2025_20260804T140314-c44dde.json
view_templates,param,p.View Range,,,None,missing=0;ok=0;unreadable=0;unsupported=18,0,unsupported,None,,,,2025,2026-08-04T14:03:14.300203,2026-08-04T14:48:57.764674,3,probes_2025_20260804T140314-c44dde.json;probes_2025_20260804T144211-baf6e6.json;probes_2025_20260804T144857-a65442.json
view_templates,param,p.View Scale,,,Integer,missing=0;ok=44;unreadable=0;unsupported=0,0,ok,Integer,240," 1"" = 20'-0"" ",240,2025,2026-08-04T14:03:14.300203,2026-08-04T14:48:57.764674,3,probes_2025_20260804T140314-c44dde.json;probes_2025_20260804T144211-baf6e6.json;probes_2025_20260804T144857-a65442.json
view_templates,param,p.View Sheet Group,,,String,missing=0;ok=13;unreadable=0;unsupported=0,0,ok,String,,,,2025,2026-08-04T14:42:11.384534,2026-08-04T14:42:11.384534,1,probes_2025_20260804T144211-baf6e6.json
view_templates,param,p.View Sorting,,,String,missing=0;ok=15;unreadable=0;unsupported=0,0,ok,String,,,,2025,2026-08-04T14:48:57.764674,2026-08-04T14:48:57.764674,1,probes_2025_20260804T144857-a65442.json
view_templates,param,p.View Sub-Classification,,,String,missing=0;ok=28;unreadable=0;unsupported=0,0,ok,String,,,,2025,2026-08-04T14:42:11.384534,2026-08-04T14:48:57.764674,2,probes_2025_20260804T144211-baf6e6.json;probes_2025_20260804T144857-a65442.json
view_templates,param,p.View Sub-Discipline,,,String,missing=0;ok=28;unreadable=0;unsupported=0,0,ok,String,,,,2025,2026-08-04T14:42:11.384534,2026-08-04T14:48:57.764674,2,probes_2025_20260804T144211-baf6e6.json;probes_2025_20260804T144857-a65442.json
view_templates,param,p.View Type,,,String,missing=0;ok=13;unreadable=0;unsupported=0,0,ok,String,,,,2025,2026-08-04T14:42:11.384534,2026-08-04T14:42:11.384534,1,probes_2025_20260804T144211-baf6e6.json
view_templates,param,p.View Unplaced Name,,,String,missing=0;ok=16;unreadable=0;unsupported=0,0,ok,String,,,,2025,2026-08-04T14:03:14.300203,2026-08-04T14:03:14.300203,1,probes_2025_20260804T140314-c44dde.json
view_templates,param,p.View Usage,,,String,missing=0;ok=16;unreadable=0;unsupported=0,0,ok,String,,,,2025,2026-08-04T14:03:14.300203,2026-08-04T14:03:14.300203,1,probes_2025_20260804T140314-c44dde.json
view_templates,param,p.Visual Style,,,Integer,missing=0;ok=1;unreadable=0;unsupported=0,0,ok,Integer,2,Hidden Line,2,2025,2026-08-04T14:42:11.384534,2026-08-04T14:42:11.384534,1,probes_2025_20260804T144211-baf6e6.json
view_templates,param,p.Workset,,,Integer,missing=0;ok=44;unreadable=0;unsupported=0,0,ok,Integer,186,"View Template ""Site Plan""",186,2025,2026-08-04T14:03:14.300203,2026-08-04T14:48:57.764674,3,probes_2025_20260804T140314-c44dde.json;probes_2025_20260804T144211-baf6e6.json;probes_2025_20260804T144857-a65442.json
view_templates,param,p.by Drawing Type,,,String,missing=0;ok=16;unreadable=0;unsupported=0,0,ok,String,,,,2025,2026-08-04T14:03:14.300203,2026-08-04T14:03:14.300203,1,probes_2025_20260804T140314-c44dde.json
view_templates,param,p.zzOn_Sheet_Flag,,,Integer,missing=0;ok=16;unreadable=0;unsupported=0,0,ok,Integer,0,0,0,2025,2026-08-04T14:03:14.300203,2026-08-04T14:03:14.300203,1,probes_2025_20260804T140314-c44dde.json
view_templates,reflection,refl.View.AllowsAnalysisDisplay,method,View,,,3,ok,String,<method not invoked>,<method not invoked>,<method not invoked>,2025,2026-08-04T14:03:14.300203,2026-08-04T14:48:57.764674,3,probes_2025_20260804T140314-c44dde.json;probes_2025_20260804T144211-baf6e6.json;probes_2025_20260804T144857-a65442.json
view_templates,reflection,refl.View.AnalysisDisplayStyleId,property,View,,,3,ok,ElementId,-1,-1,-1,2025,2026-08-04T14:03:14.300203,2026-08-04T14:48:57.764674,3,probes_2025_20260804T140314-c44dde.json;probes_2025_20260804T144211-baf6e6.json;probes_2025_20260804T144857-a65442.json
view_templates,reflection,refl.View.AreAnalyticalModelCategoriesHidden,property,View,,,6,ok,Integer,0,False,0,2025,2026-08-04T14:03:14.300203,2026-08-04T14:48:57.764674,3,probes_2025_20260804T140314-c44dde.json;probes_2025_20260804T144211-baf6e6.json;probes_2025_20260804T144857-a65442.json
view_templates,reflection,refl.View.AreAnnotationCategoriesHidden,property,View,,,5,ok,Integer,0,False,0,2025,2026-08-04T14:03:14.300203,2026-08-04T14:48:57.764674,3,probes_2025_20260804T140314-c44dde.json;probes_2025_20260804T144211-baf6e6.json;probes_2025_20260804T144857-a65442.json
view_templates,reflection,refl.View.AreCoordinationModelHandlesHidden,property,View,,,3,ok,Integer,0,False,0,2025,2026-08-04T14:03:14.300203,2026-08-04T14:48:57.764674,3,probes_2025_20260804T140314-c44dde.json;probes_2025_20260804T144211-baf6e6.json;probes_2025_20260804T144857-a65442.json
view_templates,reflection,refl.View.AreGraphicsOverridesAllowed,method,View,,,3,ok,String,<method not invoked>,<method not invoked>,<method not invoked>,2025,2026-08-04T14:03:14.300203,2026-08-04T14:48:57.764674,3,probes_2025_20260804T140314-c44dde.json;probes_2025_20260804T144211-baf6e6.json;probes_2025_20260804T144857-a65442.json
view_templates,reflection,refl.View.AreImportCategoriesHidden,property,View,,,4,ok,Integer,0,False,0,2025,2026-08-04T14:03:14.300203,2026-08-04T14:48:57.764674,3,probes_2025_20260804T140314-c44dde.json;probes_2025_20260804T144211-baf6e6.json;probes_2025_20260804T144857-a65442.json
view_templates,reflection,refl.View.AreModelCategoriesHidden,property,View,,,3,ok,Integer,0,False,0,2025,2026-08-04T14:03:14.300203,2026-08-04T14:48:57.764674,3,probes_2025_20260804T140314-c44dde.json;probes_2025_20260804T144211-baf6e6.json;probes_2025_20260804T144857-a65442.json
view_templates,reflection,refl.View.ArePhasesModifiable,method,View,,,3,ok,String,<method not invoked>,<method not invoked>,<method not invoked>,2025,2026-08-04T14:03:14.300203,2026-08-04T14:48:57.764674,3,probes_2025_20260804T140314-c44dde.json;probes_2025_20260804T144211-baf6e6.json;probes_2025_20260804T144857-a65442.json
view_templates,reflection,refl.View.ArePointCloudsHidden,property,View,,,3,ok,Integer,0,False,0,2025,2026-08-04T14:03:14.300203,2026-08-04T14:48:57.764674,3,probes_2025_20260804T140314-c44dde.json;probes_2025_20260804T144211-baf6e6.json;probes_2025_20260804T144857-a65442.json
view_templates,reflection,refl.View.AreaScheme,property,View,,,3,missing,None,,,,2025,2026-08-04T14:03:14.300203,2026-08-04T14:48:57.764674,3,probes_2025_20260804T140314-c44dde.json;probes_2025_20260804T144211-baf6e6.json;probes_2025_20260804T144857-a65442.json
view_templates,reflection,refl.View.AssemblyInstanceId,property,View,,,3,ok,ElementId,-1,-1,-1,2025,2026-08-04T14:03:14.300203,2026-08-04T14:48:57.764674,3,probes_2025_20260804T140314-c44dde.json;probes_2025_20260804T144211-baf6e6.json;probes_2025_20260804T144857-a65442.json
view_templates,reflection,refl.View.AssociatedAssemblyInstanceId,property,View,,,3,ok,ElementId,-1,-1,-1,2025,2026-08-04T14:03:14.300203,2026-08-04T14:48:57.764674,3,probes_2025_20260804T140314-c44dde.json;probes_2025_20260804T144211-baf6e6.json;probes_2025_20260804T144857-a65442.json
view_templates,reflection,refl.View.BodyTextTypeId,property,View,,,2,ok,ElementId,2622,2622,2622,2025,2026-08-04T14:42:11.384534,2026-08-04T14:48:57.764674,2,probes_2025_20260804T144211-baf6e6.json;probes_2025_20260804T144857-a65442.json
view_templates,reflection,refl.View.CanBeLocked,method,View,,,3,ok,String,<method not invoked>,<method not invoked>,<method not invoked>,2025,2026-08-04T14:03:14.300203,2026-08-04T14:48:57.764674,3,probes_2025_20260804T140314-c44dde.json;probes_2025_20260804T144211-baf6e6.json;probes_2025_20260804T144857-a65442.json
view_templates,reflection,refl.View.CanBePrinted,property,View,,,3,ok,Integer,0,False,0,2025,2026-08-04T14:03:14.300203,2026-08-04T14:48:57.764674,3,probes_2025_20260804T140314-c44dde.json;probes_2025_20260804T144211-baf6e6.json;probes_2025_20260804T144857-a65442.json
view_templates,reflection,refl.View.CanEnableTemporaryViewPropertiesMode,method,View,,,3,ok,String,<method not invoked>,<method not invoked>,<method not invoked>,2025,2026-08-04T14:03:14.300203,2026-08-04T14:48:57.764674,3,probes_2025_20260804T140314-c44dde.json;probes_2025_20260804T144211-baf6e6.json;probes_2025_20260804T144857-a65442.json
view_templates,reflection,refl.View.CanHaveTypeAssigned,method,View,,,3,ok,String,<method not invoked>,<method not invoked>,<method not invoked>,2025,2026-08-04T14:03:14.300203,2026-08-04T14:48:57.764674,3,probes_2025_20260804T140314-c44dde.json;probes_2025_20260804T144211-baf6e6.json;probes_2025_20260804T144857-a65442.json
view_templates,reflection,refl.View.CanModifyDetailLevel,method,View,,,3,ok,String,<method not invoked>,<method not invoked>,<method not invoked>,2025,2026-08-04T14:03:14.300203,2026-08-04T14:48:57.764674,3,probes_2025_20260804T140314-c44dde.json;probes_2025_20260804T144211-baf6e6.json;probes_2025_20260804T144857-a65442.json
view_templates,reflection,refl.View.CanModifyDisplayStyle,method,View,,,3,ok,String,<method not invoked>,<method not invoked>,<method not invoked>,2025,2026-08-04T14:03:14.300203,2026-08-04T14:48:57.764674,3,probes_2025_20260804T140314-c44dde.json;probes_2025_20260804T144211-baf6e6.json;probes_2025_20260804T144857-a65442.json
view_templates,reflection,refl.View.CanModifyViewDiscipline,method,View,,,3,ok,String,<method not invoked>,<method not invoked>,<method not invoked>,2025,2026-08-04T14:03:14.300203,2026-08-04T14:48:57.764674,3,probes_2025_20260804T140314-c44dde.json;probes_2025_20260804T144211-baf6e6.json;probes_2025_20260804T144857-a65442.json
view_templates,reflection,refl.View.CanResetCameraTarget,method,View,,,2,ok,String,<method not invoked>,<method not invoked>,<method not invoked>,2025,2026-08-04T14:03:14.300203,2026-08-04T14:48:57.764674,2,probes_2025_20260804T140314-c44dde.json;probes_2025_20260804T144857-a65442.json
view_templates,reflection,refl.View.CanSaveOrientation,method,View,,,2,ok,String,<method not invoked>,<method not invoked>,<method not invoked>,2025,2026-08-04T14:03:14.300203,2026-08-04T14:48:57.764674,2,probes_2025_20260804T140314-c44dde.json;probes_2025_20260804T144857-a65442.json
view_templates,reflection,refl.View.CanToggleBetweenPerspectiveAndIsometric,method,View,,,2,ok,String,<method not invoked>,<method not invoked>,<method not invoked>,2025,2026-08-04T14:03:14.300203,2026-08-04T14:48:57.764674,2,probes_2025_20260804T140314-c44dde.json;probes_2025_20260804T144857-a65442.json
view_templates,reflection,refl.View.CanUseDepthCueing,method,View,,,3,ok,String,<method not invoked>,<method not invoked>,<method not invoked>,2025,2026-08-04T14:03:14.300203,2026-08-04T14:48:57.764674,3,probes_2025_20260804T140314-c44dde.json;probes_2025_20260804T144211-baf6e6.json;probes_2025_20260804T144857-a65442.json
view_templates,reflection,refl.View.CanUseTemporaryVisibilityModes,method,View,,,3,ok,String,<method not invoked>,<method not invoked>,<method not invoked>,2025,2026-08-04T14:03:14.300203,2026-08-04T14:48:57.764674,3,probes_2025_20260804T140314-c44dde.json;probes_2025_20260804T144211-baf6e6.json;probes_2025_20260804T144857-a65442.json
view_templates,reflection,refl.View.Category,property,View,,,3,unsupported,None,,,,2025,2026-08-04T14:03:14.300203,2026-08-04T14:48:57.764674,3,probes_2025_20260804T140314-c44dde.json;probes_2025_20260804T144211-baf6e6.json;probes_2025_20260804T144857-a65442.json
view_templates,reflection,refl.View.ConvertTemporaryHideIsolateToPermanent,method,View,,,3,ok,String,<method not invoked>,<method not invoked>,<method not invoked>,2025,2026-08-04T14:03:14.300203,2026-08-04T14:48:57.764674,3,probes_2025_20260804T140314-c44dde.json;probes_2025_20260804T144211-baf6e6.json;probes_2025_20260804T144857-a65442.json
view_templates,reflection,refl.View.ConvertToIndependent,method,View,,,3,ok,String,<method not invoked>,<method not invoked>,<method not invoked>,2025,2026-08-04T14:03:14.300203,2026-08-04T14:48:57.764674,3,probes_2025_20260804T140314-c44dde.json;probes_2025_20260804T144211-baf6e6.json;probes_2025_20260804T144857-a65442.json
view_templates,reflection,refl.View.CreateViewTemplate,method,View,,,3,ok,String,<method not invoked>,<method not invoked>,<method not invoked>,2025,2026-08-04T14:03:14.300203,2026-08-04T14:48:57.764674,3,probes_2025_20260804T140314-c44dde.json;probes_2025_20260804T144211-baf6e6.json;probes_2025_20260804T144857-a65442.json
view_templates,reflection,refl.View.CreatedPhaseId,property,View,,,3,ok,ElementId,-1,-1,-1,2025,2026-08-04T14:03:14.300203,2026-08-04T14:48:57.764674,3,probes_2025_20260804T140314-c44dde.json;probes_2025_20260804T144211-baf6e6.json;probes_2025_20260804T144857-a65442.json
view_templates,reflection,refl.View.CropBox,property,View,,,3,missing,None,,,,2025,2026-08-04T14:03:14.300203,2026-08-04T14:48:57.764674,3,probes_2025_20260804T140314-c44dde.json;probes_2025_20260804T144211-baf6e6.json;probes_2025_20260804T144857-a65442.json
view_templates,reflection,refl.View.CropBoxActive,property,View,,,0,,,,,,2025,2026-08-04T14:03:14.300203,2026-08-04T14:48:57.764674,3,probes_2025_20260804T140314-c44dde.json;probes_2025_20260804T144211-baf6e6.json;probes_2025_20260804T144857-a65442.json
view_templates,reflection,refl.View.CropBoxVisible,property,View,,,0,,,,,,2025,2026-08-04T14:03:14.300203,2026-08-04T14:48:57.764674,3,probes_2025_20260804T140314-c44dde.json;probes_2025_20260804T144211-baf6e6.json;probes_2025_20260804T144857-a65442.json
view_templates,reflection,refl.View.Definition,property,View,,,2,unsupported,None,,,,2025,2026-08-04T14:42:11.384534,2026-08-04T14:48:57.764674,2,probes_2025_20260804T144211-baf6e6.json;probes_2025_20260804T144857-a65442.json
view_templates,reflection,refl.View.DemolishedPhaseId,property,View,,,3,ok,ElementId,-1,-1,-1,2025,2026-08-04T14:03:14.300203,2026-08-04T14:48:57.764674,3,probes_2025_20260804T140314-c44dde.json;probes_2025_20260804T144211-baf6e6.json;probes_2025_20260804T144857-a65442.json
view_templates,reflection,refl.View.DesignOption,property,View,,,3,missing,None,,,,2025,2026-08-04T14:03:14.300203,2026-08-04T14:48:57.764674,3,probes_2025_20260804T140314-c44dde.json;probes_2025_20260804T144211-baf6e6.json;probes_2025_20260804T144857-a65442.json
view_templates,reflection,refl.View.DetailLevel,property,View,,,11,ok,Integer,1,1,1,2025,2026-08-04T14:03:14.300203,2026-08-04T14:48:57.764674,3,probes_2025_20260804T140314-c44dde.json;probes_2025_20260804T144211-baf6e6.json;probes_2025_20260804T144857-a65442.json
view_templates,reflection,refl.View.Discipline,property,View,,,6,ok,Integer,1,1,1,2025,2026-08-04T14:03:14.300203,2026-08-04T14:48:57.764674,3,probes_2025_20260804T140314-c44dde.json;probes_2025_20260804T144211-baf6e6.json;probes_2025_20260804T144857-a65442.json
view_templates,reflection,refl.View.DisplayStyle,property,View,,,8,ok,Integer,2,2,2,2025,2026-08-04T14:03:14.300203,2026-08-04T14:48:57.764674,3,probes_2025_20260804T140314-c44dde.json;probes_2025_20260804T144211-baf6e6.json;probes_2025_20260804T144857-a65442.json
view_templates,reflection,refl.View.Document,property,View,,,3,unsupported,None,,,,2025,2026-08-04T14:03:14.300203,2026-08-04T14:48:57.764674,3,probes_2025_20260804T140314-c44dde.json;probes_2025_20260804T144211-baf6e6.json;probes_2025_20260804T144857-a65442.json
view_templates,reflection,refl.View.EmbeddedDefinition,property,View,,,2,missing,None,,,,2025,2026-08-04T14:42:11.384534,2026-08-04T14:48:57.764674,2,probes_2025_20260804T144211-baf6e6.json;probes_2025_20260804T144857-a65442.json
view_templates,reflection,refl.View.EnableRevealHiddenMode,method,View,,,3,ok,String,<method not invoked>,<method not invoked>,<method not invoked>,2025,2026-08-04T14:03:14.300203,2026-08-04T14:48:57.764674,3,probes_2025_20260804T140314-c44dde.json;probes_2025_20260804T144211-baf6e6.json;probes_2025_20260804T144857-a65442.json
view_templates,reflection,refl.View.EvaluateAllParameterValues,method,View,,,3,ok,String,<method not invoked>,<method not invoked>,<method not invoked>,2025,2026-08-04T14:03:14.300203,2026-08-04T14:48:57.764674,3,probes_2025_20260804T140314-c44dde.json;probes_2025_20260804T144211-baf6e6.json;probes_2025_20260804T144857-a65442.json
view_templates,reflection,refl.View.GenLevel,property,View,,,3,missing,None,,,,2025,2026-08-04T14:03:14.300203,2026-08-04T14:48:57.764674,3,probes_2025_20260804T140314-c44dde.json;probes_2025_20260804T144211-baf6e6.json;probes_2025_20260804T144857-a65442.json
view_templates,reflection,refl.View.GetBackground,method,View,,,3,ok,String,<method not invoked>,<method not invoked>,<method not invoked>,2025,2026-08-04T14:03:14.300203,2026-08-04T14:48:57.764674,3,probes_2025_20260804T140314-c44dde.json;probes_2025_20260804T144211-baf6e6.json;probes_2025_20260804T144857-a65442.json
view_templates,reflection,refl.View.GetCalloutParentId,method,View,,,3,ok,String,<method not invoked>,<method not invoked>,<method not invoked>,2025,2026-08-04T14:03:14.300203,2026-08-04T14:48:57.764674,3,probes_2025_20260804T140314-c44dde.json;probes_2025_20260804T144211-baf6e6.json;probes_2025_20260804T144857-a65442.json
view_templates,reflection,refl.View.GetCropRegionShapeManager,method,View,,,3,ok,String,<method not invoked>,<method not invoked>,<method not invoked>,2025,2026-08-04T14:03:14.300203,2026-08-04T14:48:57.764674,3,probes_2025_20260804T140314-c44dde.json;probes_2025_20260804T144211-baf6e6.json;probes_2025_20260804T144857-a65442.json
view_templates,reflection,refl.View.GetDependentViewIds,method,View,,,3,ok,String,<method not invoked>,<method not invoked>,<method not invoked>,2025,2026-08-04T14:03:14.300203,2026-08-04T14:48:57.764674,3,probes_2025_20260804T140314-c44dde.json;probes_2025_20260804T144211-baf6e6.json;probes_2025_20260804T144857-a65442.json
view_templates,reflection,refl.View.GetDepthCueing,method,View,,,3,ok,String,<method not invoked>,<method not invoked>,<method not invoked>,2025,2026-08-04T14:03:14.300203,2026-08-04T14:48:57.764674,3,probes_2025_20260804T140314-c44dde.json;probes_2025_20260804T144211-baf6e6.json;probes_2025_20260804T144857-a65442.json
view_templates,reflection,refl.View.GetDirectContext3DHandleOverrides,method,View,,,3,ok,String,<method not invoked>,<method not invoked>,<method not invoked>,2025,2026-08-04T14:03:14.300203,2026-08-04T14:48:57.764674,3,probes_2025_20260804T140314-c44dde.json;probes_2025_20260804T144211-baf6e6.json;probes_2025_20260804T144857-a65442.json
view_templates,reflection,refl.View.GetEntitySchemaGuids,method,View,,,3,ok,String,<method not invoked>,<method not invoked>,<method not invoked>,2025,2026-08-04T14:03:14.300203,2026-08-04T14:48:57.764674,3,probes_2025_20260804T140314-c44dde.json;probes_2025_20260804T144211-baf6e6.json;probes_2025_20260804T144857-a65442.json
view_templates,reflection,refl.View.GetExternalFileReference,method,View,,,3,ok,String,<method not invoked>,<method not invoked>,<method not invoked>,2025,2026-08-04T14:03:14.300203,2026-08-04T14:48:57.764674,3,probes_2025_20260804T140314-c44dde.json;probes_2025_20260804T144211-baf6e6.json;probes_2025_20260804T144857-a65442.json
view_templates,reflection,refl.View.GetExternalResourceReferences,method,View,,,3,ok,String,<method not invoked>,<method not invoked>,<method not invoked>,2025,2026-08-04T14:03:14.300203,2026-08-04T14:48:57.764674,3,probes_2025_20260804T140314-c44dde.json;probes_2025_20260804T144211-baf6e6.json;probes_2025_20260804T144857-a65442.json
view_templates,reflection,refl.View.GetExternalResourceReferencesExpanded,method,View,,,3,ok,String,<method not invoked>,<method not invoked>,<method not invoked>,2025,2026-08-04T14:03:14.300203,2026-08-04T14:48:57.764674,3,probes_2025_20260804T140314-c44dde.json;probes_2025_20260804T144211-baf6e6.json;probes_2025_20260804T144857-a65442.json
view_templates,reflection,refl.View.GetFilters,method,View,,,3,ok,String,<method not invoked>,<method not invoked>,<method not invoked>,2025,2026-08-04T14:03:14.300203,2026-08-04T14:48:57.764674,3,probes_2025_20260804T140314-c44dde.json;probes_2025_20260804T144211-baf6e6.json;probes_2025_20260804T144857-a65442.json
view_templates,reflection,refl.View.GetLevelsThatShowGrids,method,View,,,2,ok,String,<method not invoked>,<method not invoked>,<method not invoked>,2025,2026-08-04T14:03:14.300203,2026-08-04T14:48:57.764674,2,probes_2025_20260804T140314-c44dde.json;probes_2025_20260804T144857-a65442.json
view_templates,reflection,refl.View.GetModelToProjectionTransforms,method,View,,,3,ok,String,<method not invoked>,<method not invoked>,<method not invoked>,2025,2026-08-04T14:03:14.300203,2026-08-04T14:48:57.764674,3,probes_2025_20260804T140314-c44dde.json;probes_2025_20260804T144211-baf6e6.json;probes_2025_20260804T144857-a65442.json
view_templates,reflection,refl.View.GetMonitoredLinkElementIds,method,View,,,3,ok,String,<method not invoked>,<method not invoked>,<method not invoked>,2025,2026-08-04T14:03:14.300203,2026-08-04T14:48:57.764674,3,probes_2025_20260804T140314-c44dde.json;probes_2025_20260804T144211-baf6e6.json;probes_2025_20260804T144857-a65442.json
view_templates,reflection,refl.View.GetMonitoredLocalElementIds,method,View,,,3,ok,String,<method not invoked>,<method not invoked>,<method not invoked>,2025,2026-08-04T14:03:14.300203,2026-08-04T14:48:57.764674,3,probes_2025_20260804T140314-c44dde.json;probes_2025_20260804T144211-baf6e6.json;probes_2025_20260804T144857-a65442.json
view_templates,reflection,refl.View.GetNonControlledTemplateParameterIds,method,View,,,3,ok,String,<method not invoked>,<method not invoked>,<method not invoked>,2025,2026-08-04T14:03:14.300203,2026-08-04T14:48:57.764674,3,probes_2025_20260804T140314-c44dde.json;probes_2025_20260804T144211-baf6e6.json;probes_2025_20260804T144857-a65442.json
view_templates,reflection,refl.View.GetOrderedFilters,method,View,,,3,ok,String,<method not invoked>,<method not invoked>,<method not invoked>,2025,2026-08-04T14:03:14.300203,2026-08-04T14:48:57.764674,3,probes_2025_20260804T140314-c44dde.json;probes_2025_20260804T144211-baf6e6.json;probes_2025_20260804T144857-a65442.json
view_templates,reflection,refl.View.GetOrderedParameters,method,View,,,3,ok,String,<method not invoked>,<method not invoked>,<method not invoked>,2025,2026-08-04T14:03:14.300203,2026-08-04T14:48:57.764674,3,probes_2025_20260804T140314-c44dde.json;probes_2025_20260804T144211-baf6e6.json;probes_2025_20260804T144857-a65442.json
view_templates,reflection,refl.View.GetOrientation,method,View,,,2,ok,String,<method not invoked>,<method not invoked>,<method not invoked>,2025,2026-08-04T14:03:14.300203,2026-08-04T14:48:57.764674,2,probes_2025_20260804T140314-c44dde.json;probes_2025_20260804T144857-a65442.json
view_templates,reflection,refl.View.GetPlacementOnSheetStatus,method,View,,,3,ok,String,<method not invoked>,<method not invoked>,<method not invoked>,2025,2026-08-04T14:03:14.300203,2026-08-04T14:48:57.764674,3,probes_2025_20260804T140314-c44dde.json;probes_2025_20260804T144211-baf6e6.json;probes_2025_20260804T144857-a65442.json
view_templates,reflection,refl.View.GetPointCloudOverrides,method,View,,,3,ok,String,<method not invoked>,<method not invoked>,<method not invoked>,2025,2026-08-04T14:03:14.300203,2026-08-04T14:48:57.764674,3,probes_2025_20260804T140314-c44dde.json;probes_2025_20260804T144211-baf6e6.json;probes_2025_20260804T144857-a65442.json
view_templates,reflection,refl.View.GetPrimaryViewId,method,View,,,3,ok,String,<method not invoked>,<method not invoked>,<method not invoked>,2025,2026-08-04T14:03:14.300203,2026-08-04T14:48:57.764674,3,probes_2025_20260804T140314-c44dde.json;probes_2025_20260804T144211-baf6e6.json;probes_2025_20260804T144857-a65442.json
view_templates,reflection,refl.View.GetReferenceCallouts,method,View,,,3,ok,String,<method not invoked>,<method not invoked>,<method not invoked>,2025,2026-08-04T14:03:14.300203,2026-08-04T14:48:57.764674,3,probes_2025_20260804T140314-c44dde.json;probes_2025_20260804T144211-baf6e6.json;probes_2025_20260804T144857-a65442.json
view_templates,reflection,refl.View.GetReferenceElevations,method,View,,,3,ok,String,<method not invoked>,<method not invoked>,<method not invoked>,2025,2026-08-04T14:03:14.300203,2026-08-04T14:48:57.764674,3,probes_2025_20260804T140314-c44dde.json;probes_2025_20260804T144211-baf6e6.json;probes_2025_20260804T144857-a65442.json
view_templates,reflection,refl.View.GetReferenceSections,method,View,,,3,ok,String,<method not invoked>,<method not invoked>,<method not invoked>,2025,2026-08-04T14:03:14.300203,2026-08-04T14:48:57.764674,3,probes_2025_20260804T140314-c44dde.json;probes_2025_20260804T144211-baf6e6.json;probes_2025_20260804T144857-a65442.json
view_templates,reflection,refl.View.GetRenderingSettings,method,View,,,2,ok,String,<method not invoked>,<method not invoked>,<method not invoked>,2025,2026-08-04T14:03:14.300203,2026-08-04T14:48:57.764674,2,probes_2025_20260804T140314-c44dde.json;probes_2025_20260804T144857-a65442.json
view_templates,reflection,refl.View.GetSavedOrientation,method,View,,,2,ok,String,<method not invoked>,<method not invoked>,<method not invoked>,2025,2026-08-04T14:03:14.300203,2026-08-04T14:48:57.764674,2,probes_2025_20260804T140314-c44dde.json;probes_2025_20260804T144857-a65442.json
view_templates,reflection,refl.View.GetScheduleHeightsOnSheet,method,View,,,2,ok,String,<method not invoked>,<method not invoked>,<method not invoked>,2025,2026-08-04T14:42:11.384534,2026-08-04T14:48:57.764674,2,probes_2025_20260804T144211-baf6e6.json;probes_2025_20260804T144857-a65442.json
view_templates,reflection,refl.View.GetSectionBox,method,View,,,2,ok,String,<method not invoked>,<method not invoked>,<method not invoked>,2025,2026-08-04T14:03:14.300203,2026-08-04T14:48:57.764674,2,probes_2025_20260804T140314-c44dde.json;probes_2025_20260804T144857-a65442.json
view_templates,reflection,refl.View.GetSegmentCount,method,View,,,2,ok,String,<method not invoked>,<method not invoked>,<method not invoked>,2025,2026-08-04T14:42:11.384534,2026-08-04T14:48:57.764674,2,probes_2025_20260804T144211-baf6e6.json;probes_2025_20260804T144857-a65442.json
view_templates,reflection,refl.View.GetSketchyLines,method,View,,,3,ok,String,<method not invoked>,<method not invoked>,<method not invoked>,2025,2026-08-04T14:03:14.300203,2026-08-04T14:48:57.764674,3,probes_2025_20260804T140314-c44dde.json;probes_2025_20260804T144211-baf6e6.json;probes_2025_20260804T144857-a65442.json
view_templates,reflection,refl.View.GetSubelements,method,View,,,3,ok,String,<method not invoked>,<method not invoked>,<method not invoked>,2025,2026-08-04T14:03:14.300203,2026-08-04T14:48:57.764674,3,probes_2025_20260804T140314-c44dde.json;probes_2025_20260804T144211-baf6e6.json;probes_2025_20260804T144857-a65442.json
view_templates,reflection,refl.View.GetTableData,method,View,,,2,ok,String,<method not invoked>,<method not invoked>,<method not invoked>,2025,2026-08-04T14:42:11.384534,2026-08-04T14:48:57.764674,2,probes_2025_20260804T144211-baf6e6.json;probes_2025_20260804T144857-a65442.json
view_templates,reflection,refl.View.GetTemplateParameterIds,method,View,,,3,ok,String,<method not invoked>,<method not invoked>,<method not invoked>,2025,2026-08-04T14:03:14.300203,2026-08-04T14:48:57.764674,3,probes_2025_20260804T140314-c44dde.json;probes_2025_20260804T144211-baf6e6.json;probes_2025_20260804T144857-a65442.json
view_templates,reflection,refl.View.GetTemporaryViewPropertiesId,method,View,,,3,ok,String,<method not invoked>,<method not invoked>,<method not invoked>,2025,2026-08-04T14:03:14.300203,2026-08-04T14:48:57.764674,3,probes_2025_20260804T140314-c44dde.json;probes_2025_20260804T144211-baf6e6.json;probes_2025_20260804T144857-a65442.json
view_templates,reflection,refl.View.GetTemporaryViewPropertiesName,method,View,,,3,ok,String,<method not invoked>,<method not invoked>,<method not invoked>,2025,2026-08-04T14:03:14.300203,2026-08-04T14:48:57.764674,3,probes_2025_20260804T140314-c44dde.json;probes_2025_20260804T144211-baf6e6.json;probes_2025_20260804T144857-a65442.json
view_templates,reflection,refl.View.GetTypeId,method,View,,,3,ok,String,<method not invoked>,<method not invoked>,<method not invoked>,2025,2026-08-04T14:03:14.300203,2026-08-04T14:48:57.764674,3,probes_2025_20260804T140314-c44dde.json;probes_2025_20260804T144211-baf6e6.json;probes_2025_20260804T144857-a65442.json
view_templates,reflection,refl.View.GetUnderlayBaseLevel,method,View,,,3,ok,String,<method not invoked>,<method not invoked>,<method not invoked>,2025,2026-08-04T14:03:14.300203,2026-08-04T14:48:57.764674,3,probes_2025_20260804T140314-c44dde.json;probes_2025_20260804T144211-baf6e6.json;probes_2025_20260804T144857-a65442.json
view_templates,reflection,refl.View.GetUnderlayOrientation,method,View,,,3,ok,String,<method not invoked>,<method not invoked>,<method not invoked>,2025,2026-08-04T14:03:14.300203,2026-08-04T14:48:57.764674,3,probes_2025_20260804T140314-c44dde.json;probes_2025_20260804T144211-baf6e6.json;probes_2025_20260804T144857-a65442.json
view_templates,reflection,refl.View.GetUnderlayTopLevel,method,View,,,3,ok,String,<method not invoked>,<method not invoked>,<method not invoked>,2025,2026-08-04T14:03:14.300203,2026-08-04T14:48:57.764674,3,probes_2025_20260804T140314-c44dde.json;probes_2025_20260804T144211-baf6e6.json;probes_2025_20260804T144857-a65442.json
view_templates,reflection,refl.View.GetValidCategoriesForKeySchedule,method,View,,,2,ok,String,<method not invoked>,<method not invoked>,<method not invoked>,2025,2026-08-04T14:42:11.384534,2026-08-04T14:48:57.764674,2,probes_2025_20260804T144211-baf6e6.json;probes_2025_20260804T144857-a65442.json
view_templates,reflection,refl.View.GetValidCategoriesForMaterialTakeoff,method,View,,,2,ok,String,<method not invoked>,<method not invoked>,<method not invoked>,2025,2026-08-04T14:42:11.384534,2026-08-04T14:48:57.764674,2,probes_2025_20260804T144211-baf6e6.json;probes_2025_20260804T144857-a65442.json
view_templates,reflection,refl.View.GetValidCategoriesForSchedule,method,View,,,2,ok,String,<method not invoked>,<method not invoked>,<method not invoked>,2025,2026-08-04T14:42:11.384534,2026-08-04T14:48:57.764674,2,probes_2025_20260804T144211-baf6e6.json;probes_2025_20260804T144857-a65442.json
view_templates,reflection,refl.View.GetValidTypes,method,View,,,3,ok,String,<method not invoked>,<method not invoked>,<method not invoked>,2025,2026-08-04T14:03:14.300203,2026-08-04T14:48:57.764674,3,probes_2025_20260804T140314-c44dde.json;probes_2025_20260804T144211-baf6e6.json;probes_2025_20260804T144857-a65442.json
view_templates,reflection,refl.View.GetViewDisplayModel,method,View,,,3,ok,String,<method not invoked>,<method not invoked>,<method not invoked>,2025,2026-08-04T14:03:14.300203,2026-08-04T14:48:57.764674,3,probes_2025_20260804T140314-c44dde.json;probes_2025_20260804T144211-baf6e6.json;probes_2025_20260804T144857-a65442.json
view_templates,reflection,refl.View.GetViewRange,method,View,,,3,ok,String,<method not invoked>,<method not invoked>,<method not invoked>,2025,2026-08-04T14:03:14.300203,2026-08-04T14:48:57.764674,3,probes_2025_20260804T140314-c44dde.json;probes_2025_20260804T144211-baf6e6.json;probes_2025_20260804T144857-a65442.json
view_templates,reflection,refl.View.GetWorksharingDisplayMode,method,View,,,3,ok,String,<method not invoked>,<method not invoked>,<method not invoked>,2025,2026-08-04T14:03:14.300203,2026-08-04T14:48:57.764674,3,probes_2025_20260804T140314-c44dde.json;probes_2025_20260804T144211-baf6e6.json;probes_2025_20260804T144857-a65442.json
view_templates,reflection,refl.View.GroupId,property,View,,,3,ok,ElementId,-1,-1,-1,2025,2026-08-04T14:03:14.300203,2026-08-04T14:48:57.764674,3,probes_2025_20260804T140314-c44dde.json;probes_2025_20260804T144211-baf6e6.json;probes_2025_20260804T144857-a65442.json
view_templates,reflection,refl.View.HasBeenLocked,method,View,,,2,ok,String,<method not invoked>,<method not invoked>,<method not invoked>,2025,2026-08-04T14:03:14.300203,2026-08-04T14:48:57.764674,2,probes_2025_20260804T140314-c44dde.json;probes_2025_20260804T144857-a65442.json
view_templates,reflection,refl.View.HasDetailLevel,method,View,,,3,ok,String,<method not invoked>,<method not invoked>,<method not invoked>,2025,2026-08-04T14:03:14.300203,2026-08-04T14:48:57.764674,3,probes_2025_20260804T140314-c44dde.json;probes_2025_20260804T144211-baf6e6.json;probes_2025_20260804T144857-a65442.json
view_templates,reflection,refl.View.HasDisplayStyle,method,View,,,3,ok,String,<method not invoked>,<method not invoked>,<method not invoked>,2025,2026-08-04T14:03:14.300203,2026-08-04T14:48:57.764674,3,probes_2025_20260804T140314-c44dde.json;probes_2025_20260804T144211-baf6e6.json;probes_2025_20260804T144857-a65442.json
view_templates,reflection,refl.View.HasImageField,method,View,,,2,ok,String,<method not invoked>,<method not invoked>,<method not invoked>,2025,2026-08-04T14:42:11.384534,2026-08-04T14:48:57.764674,2,probes_2025_20260804T144211-baf6e6.json;probes_2025_20260804T144857-a65442.json
view_templates,reflection,refl.View.HasPhases,method,View,,,3,ok,String,<method not invoked>,<method not invoked>,<method not invoked>,2025,2026-08-04T14:03:14.300203,2026-08-04T14:48:57.764674,3,probes_2025_20260804T140314-c44dde.json;probes_2025_20260804T144211-baf6e6.json;probes_2025_20260804T144857-a65442.json
view_templates,reflection,refl.View.HasStripedRows,property,View,,,2,ok,Integer,0,False,0,2025,2026-08-04T14:42:11.384534,2026-08-04T14:48:57.764674,2,probes_2025_20260804T144211-baf6e6.json;probes_2025_20260804T144857-a65442.json
view_templates,reflection,refl.View.HasViewDiscipline,method,View,,,3,ok,String,<method not invoked>,<method not invoked>,<method not invoked>,2025,2026-08-04T14:03:14.300203,2026-08-04T14:48:57.764674,3,probes_2025_20260804T140314-c44dde.json;probes_2025_20260804T144211-baf6e6.json;probes_2025_20260804T144857-a65442.json
view_templates,reflection,refl.View.HasViewTransforms,method,View,,,3,ok,String,<method not invoked>,<method not invoked>,<method not invoked>,2025,2026-08-04T14:03:14.300203,2026-08-04T14:48:57.764674,3,probes_2025_20260804T140314-c44dde.json;probes_2025_20260804T144211-baf6e6.json;probes_2025_20260804T144857-a65442.json
view_templates,reflection,refl.View.HeaderTextTypeId,property,View,,,6,ok,ElementId,4279,4279,4279,2025,2026-08-04T14:42:11.384534,2026-08-04T14:48:57.764674,2,probes_2025_20260804T144211-baf6e6.json;probes_2025_20260804T144857-a65442.json
view_templates,reflection,refl.View.HideActiveWorkPlane,method,View,,,3,ok,String,<method not invoked>,<method not invoked>,<method not invoked>,2025,2026-08-04T14:03:14.300203,2026-08-04T14:48:57.764674,3,probes_2025_20260804T140314-c44dde.json;probes_2025_20260804T144211-baf6e6.json;probes_2025_20260804T144857-a65442.json
view_templates,reflection,refl.View.Id,property,View,,,50,ok,ElementId,30275,30275,30275,2025,2026-08-04T14:03:14.300203,2026-08-04T14:48:57.764674,3,probes_2025_20260804T140314-c44dde.json;probes_2025_20260804T144211-baf6e6.json;probes_2025_20260804T144857-a65442.json
view_templates,reflection,refl.View.IsAssemblyView,property,View,,,3,ok,Integer,0,False,0,2025,2026-08-04T14:03:14.300203,2026-08-04T14:48:57.764674,3,probes_2025_20260804T140314-c44dde.json;probes_2025_20260804T144211-baf6e6.json;probes_2025_20260804T144857-a65442.json
view_templates,reflection,refl.View.IsCallout,property,View,,,3,ok,Integer,0,False,0,2025,2026-08-04T14:03:14.300203,2026-08-04T14:48:57.764674,3,probes_2025_20260804T140314-c44dde.json;probes_2025_20260804T144211-baf6e6.json;probes_2025_20260804T144857-a65442.json
view_templates,reflection,refl.View.IsDataOutOfDate,method,View,,,2,ok,String,<method not invoked>,<method not invoked>,<method not invoked>,2025,2026-08-04T14:42:11.384534,2026-08-04T14:48:57.764674,2,probes_2025_20260804T144211-baf6e6.json;probes_2025_20260804T144857-a65442.json
view_templates,reflection,refl.View.IsExternalFileReference,method,View,,,3,ok,String,<method not invoked>,<method not invoked>,<method not invoked>,2025,2026-08-04T14:03:14.300203,2026-08-04T14:48:57.764674,3,probes_2025_20260804T140314-c44dde.json;probes_2025_20260804T144211-baf6e6.json;probes_2025_20260804T144857-a65442.json
view_templates,reflection,refl.View.IsHeaderFrozen,property,View,,,2,ok,Integer,0,False,0,2025,2026-08-04T14:42:11.384534,2026-08-04T14:48:57.764674,2,probes_2025_20260804T144211-baf6e6.json;probes_2025_20260804T144857-a65442.json
view_templates,reflection,refl.View.IsInternalKeynoteSchedule,property,View,,,2,ok,Integer,0,False,0,2025,2026-08-04T14:42:11.384534,2026-08-04T14:48:57.764674,2,probes_2025_20260804T144211-baf6e6.json;probes_2025_20260804T144857-a65442.json
view_templates,reflection,refl.View.IsLocked,property,View,,,0,,,,,,2025,2026-08-04T14:03:14.300203,2026-08-04T14:48:57.764674,2,probes_2025_20260804T140314-c44dde.json;probes_2025_20260804T144857-a65442.json
view_templates,reflection,refl.View.IsModifiable,property,View,,,3,ok,Integer,1,True,1,2025,2026-08-04T14:03:14.300203,2026-08-04T14:48:57.764674,3,probes_2025_20260804T140314-c44dde.json;probes_2025_20260804T144211-baf6e6.json;probes_2025_20260804T144857-a65442.json
view_templates,reflection,refl.View.IsMonitoringLinkElement,method,View,,,3,ok,String,<method not invoked>,<method not invoked>,<method not invoked>,2025,2026-08-04T14:03:14.300203,2026-08-04T14:48:57.764674,3,probes_2025_20260804T140314-c44dde.json;probes_2025_20260804T144211-baf6e6.json;probes_2025_20260804T144857-a65442.json
view_templates,reflection,refl.View.IsMonitoringLocalElement,method,View,,,3,ok,String,<method not invoked>,<method not invoked>,<method not invoked>,2025,2026-08-04T14:03:14.300203,2026-08-04T14:48:57.764674,3,probes_2025_20260804T140314-c44dde.json;probes_2025_20260804T144211-baf6e6.json;probes_2025_20260804T144857-a65442.json
view_templates,reflection,refl.View.IsPerspective,property,View,,,0,,,,,,2025,2026-08-04T14:03:14.300203,2026-08-04T14:48:57.764674,2,probes_2025_20260804T140314-c44dde.json;probes_2025_20260804T144857-a65442.json
view_templates,reflection,refl.View.IsSectionBoxActive,property,View,,,0,,,,,,2025,2026-08-04T14:03:14.300203,2026-08-04T14:48:57.764674,2,probes_2025_20260804T140314-c44dde.json;probes_2025_20260804T144857-a65442.json
view_templates,reflection,refl.View.IsSplit,method,View,,,2,ok,String,<method not invoked>,<method not invoked>,<method not invoked>,2025,2026-08-04T14:42:11.384534,2026-08-04T14:48:57.764674,2,probes_2025_20260804T144211-baf6e6.json;probes_2025_20260804T144857-a65442.json
view_templates,reflection,refl.View.IsSplitSection,method,View,,,3,ok,String,<method not invoked>,<method not invoked>,<method not invoked>,2025,2026-08-04T14:03:14.300203,2026-08-04T14:48:57.764674,3,probes_2025_20260804T140314-c44dde.json;probes_2025_20260804T144211-baf6e6.json;probes_2025_20260804T144857-a65442.json
view_templates,reflection,refl.View.IsTemplate,property,View,,,3,ok,Integer,1,True,1,2025,2026-08-04T14:03:14.300203,2026-08-04T14:48:57.764674,3,probes_2025_20260804T140314-c44dde.json;probes_2025_20260804T144211-baf6e6.json;probes_2025_20260804T144857-a65442.json
view_templates,reflection,refl.View.IsTemporaryHideIsolateActive,method,View,,,3,ok,String,<method not invoked>,<method not invoked>,<method not invoked>,2025,2026-08-04T14:03:14.300203,2026-08-04T14:48:57.764674,3,probes_2025_20260804T140314-c44dde.json;probes_2025_20260804T144211-baf6e6.json;probes_2025_20260804T144857-a65442.json
view_templates,reflection,refl.View.IsTemporaryViewPropertiesModeEnabled,method,View,,,3,ok,String,<method not invoked>,<method not invoked>,<method not invoked>,2025,2026-08-04T14:03:14.300203,2026-08-04T14:48:57.764674,3,probes_2025_20260804T140314-c44dde.json;probes_2025_20260804T144211-baf6e6.json;probes_2025_20260804T144857-a65442.json
view_templates,reflection,refl.View.IsTitleblockRevisionSchedule,property,View,,,2,ok,Integer,0,False,0,2025,2026-08-04T14:42:11.384534,2026-08-04T14:48:57.764674,2,probes_2025_20260804T144211-baf6e6.json;probes_2025_20260804T144857-a65442.json
view_templates,reflection,refl.View.IsTransient,property,View,,,3,ok,Integer,0,False,0,2025,2026-08-04T14:03:14.300203,2026-08-04T14:48:57.764674,3,probes_2025_20260804T140314-c44dde.json;probes_2025_20260804T144211-baf6e6.json;probes_2025_20260804T144857-a65442.json
view_templates,reflection,refl.View.IsValidObject,property,View,,,3,ok,Integer,1,True,1,2025,2026-08-04T14:03:14.300203,2026-08-04T14:48:57.764674,3,probes_2025_20260804T140314-c44dde.json;probes_2025_20260804T144211-baf6e6.json;probes_2025_20260804T144857-a65442.json
view_templates,reflection,refl.View.IsViewValidForTemplateCreation,method,View,,,3,ok,String,<method not invoked>,<method not invoked>,<method not invoked>,2025,2026-08-04T14:03:14.300203,2026-08-04T14:48:57.764674,3,probes_2025_20260804T140314-c44dde.json;probes_2025_20260804T144211-baf6e6.json;probes_2025_20260804T144857-a65442.json
view_templates,reflection,refl.View.KeyScheduleParameterName,property,View,,,0,,,,,,2025,2026-08-04T14:42:11.384534,2026-08-04T14:48:57.764674,2,probes_2025_20260804T144211-baf6e6.json;probes_2025_20260804T144857-a65442.json
view_templates,reflection,refl.View.LevelId,property,View,,,3,ok,ElementId,-1,-1,-1,2025,2026-08-04T14:03:14.300203,2026-08-04T14:48:57.764674,3,probes_2025_20260804T140314-c44dde.json;probes_2025_20260804T144211-baf6e6.json;probes_2025_20260804T144857-a65442.json
view_templates,reflection,refl.View.Location,property,View,,,3,missing,None,,,,2025,2026-08-04T14:03:14.300203,2026-08-04T14:48:57.764674,3,probes_2025_20260804T140314-c44dde.json;probes_2025_20260804T144211-baf6e6.json;probes_2025_20260804T144857-a65442.json
view_templates,reflection,refl.View.MaximumColumnWidth,property,View,,,2,ok,Integer,1920,1920,1920,2025,2026-08-04T14:42:11.384534,2026-08-04T14:48:57.764674,2,probes_2025_20260804T144211-baf6e6.json;probes_2025_20260804T144857-a65442.json
view_templates,reflection,refl.View.MaximumGridWidth,property,View,,,2,ok,Integer,7559,7559,7559,2025,2026-08-04T14:42:11.384534,2026-08-04T14:48:57.764674,2,probes_2025_20260804T144211-baf6e6.json;probes_2025_20260804T144857-a65442.json
view_templates,reflection,refl.View.MaximumRowHeight,property,View,,,2,ok,Integer,1920,1920,1920,2025,2026-08-04T14:42:11.384534,2026-08-04T14:48:57.764674,2,probes_2025_20260804T144211-baf6e6.json;probes_2025_20260804T144857-a65442.json
view_templates,reflection,refl.View.MinimumColumnWidth,property,View,,,2,ok,Integer,7,7,7,2025,2026-08-04T14:42:11.384534,2026-08-04T14:48:57.764674,2,probes_2025_20260804T144211-baf6e6.json;probes_2025_20260804T144857-a65442.json
view_templates,reflection,refl.View.MinimumRowHeight,property,View,,,2,ok,Integer,15,15,15,2025,2026-08-04T14:42:11.384534,2026-08-04T14:48:57.764674,2,probes_2025_20260804T144211-baf6e6.json;probes_2025_20260804T144857-a65442.json
view_templates,reflection,refl.View.Name,property,View,,,50,ok,String,Site Plan,Site Plan,Site Plan,2025,2026-08-04T14:03:14.300203,2026-08-04T14:48:57.764674,3,probes_2025_20260804T140314-c44dde.json;probes_2025_20260804T144211-baf6e6.json;probes_2025_20260804T144857-a65442.json
view_templates,reflection,refl.View.Origin,property,View,,,3,missing,None,,,,2025,2026-08-04T14:03:14.300203,2026-08-04T14:48:57.764674,3,probes_2025_20260804T140314-c44dde.json;probes_2025_20260804T144211-baf6e6.json;probes_2025_20260804T144857-a65442.json
view_templates,reflection,refl.View.Outline,property,View,,,3,unsupported,None,,,,2025,2026-08-04T14:03:14.300203,2026-08-04T14:48:57.764674,3,probes_2025_20260804T140314-c44dde.json;probes_2025_20260804T144211-baf6e6.json;probes_2025_20260804T144857-a65442.json
view_templates,reflection,refl.View.OwnerViewId,property,View,,,3,ok,ElementId,-1,-1,-1,2025,2026-08-04T14:03:14.300203,2026-08-04T14:48:57.764674,3,probes_2025_20260804T140314-c44dde.json;probes_2025_20260804T144211-baf6e6.json;probes_2025_20260804T144857-a65442.json
view_templates,reflection,refl.View.Parameters,property,View,,,3,unsupported,None,,,,2025,2026-08-04T14:03:14.300203,2026-08-04T14:48:57.764674,3,probes_2025_20260804T140314-c44dde.json;probes_2025_20260804T144211-baf6e6.json;probes_2025_20260804T144857-a65442.json
view_templates,reflection,refl.View.ParametersMap,property,View,,,3,unsupported,None,,,,2025,2026-08-04T14:03:14.300203,2026-08-04T14:48:57.764674,3,probes_2025_20260804T140314-c44dde.json;probes_2025_20260804T144211-baf6e6.json;probes_2025_20260804T144857-a65442.json
view_templates,reflection,refl.View.PartsVisibility,property,View,,,5,ok,Integer,1,1,1,2025,2026-08-04T14:03:14.300203,2026-08-04T14:48:57.764674,3,probes_2025_20260804T140314-c44dde.json;probes_2025_20260804T144211-baf6e6.json;probes_2025_20260804T144857-a65442.json
view_templates,reflection,refl.View.Pinned,property,View,,,3,ok,Integer,0,False,0,2025,2026-08-04T14:03:14.300203,2026-08-04T14:48:57.764674,3,probes_2025_20260804T140314-c44dde.json;probes_2025_20260804T144211-baf6e6.json;probes_2025_20260804T144857-a65442.json
view_templates,reflection,refl.View.Print,method,View,,,3,ok,String,<method not invoked>,<method not invoked>,<method not invoked>,2025,2026-08-04T14:03:14.300203,2026-08-04T14:48:57.764674,3,probes_2025_20260804T140314-c44dde.json;probes_2025_20260804T144211-baf6e6.json;probes_2025_20260804T144857-a65442.json
view_templates,reflection,refl.View.ProjectGridsOnSectionBox,property,View,,,0,,,,,,2025,2026-08-04T14:03:14.300203,2026-08-04T14:48:57.764674,2,probes_2025_20260804T140314-c44dde.json;probes_2025_20260804T144857-a65442.json
view_templates,reflection,refl.View.RefersToExternalResourceReferences,method,View,,,3,ok,String,<method not invoked>,<method not invoked>,<method not invoked>,2025,2026-08-04T14:03:14.300203,2026-08-04T14:48:57.764674,3,probes_2025_20260804T140314-c44dde.json;probes_2025_20260804T144211-baf6e6.json;probes_2025_20260804T144857-a65442.json
view_templates,reflection,refl.View.RefreshData,method,View,,,2,ok,String,<method not invoked>,<method not invoked>,<method not invoked>,2025,2026-08-04T14:42:11.384534,2026-08-04T14:48:57.764674,2,probes_2025_20260804T144211-baf6e6.json;probes_2025_20260804T144857-a65442.json
view_templates,reflection,refl.View.RemoveCalloutParent,method,View,,,3,ok,String,<method not invoked>,<method not invoked>,<method not invoked>,2025,2026-08-04T14:03:14.300203,2026-08-04T14:48:57.764674,3,probes_2025_20260804T140314-c44dde.json;probes_2025_20260804T144211-baf6e6.json;probes_2025_20260804T144857-a65442.json
view_templates,reflection,refl.View.ResetCameraTarget,method,View,,,2,ok,String,<method not invoked>,<method not invoked>,<method not invoked>,2025,2026-08-04T14:03:14.300203,2026-08-04T14:48:57.764674,2,probes_2025_20260804T140314-c44dde.json;probes_2025_20260804T144857-a65442.json
view_templates,reflection,refl.View.RestoreCalloutParent,method,View,,,3,ok,String,<method not invoked>,<method not invoked>,<method not invoked>,2025,2026-08-04T14:03:14.300203,2026-08-04T14:48:57.764674,3,probes_2025_20260804T140314-c44dde.json;probes_2025_20260804T144211-baf6e6.json;probes_2025_20260804T144857-a65442.json
view_templates,reflection,refl.View.RestoreImageSize,method,View,,,2,ok,String,<method not invoked>,<method not invoked>,<method not invoked>,2025,2026-08-04T14:42:11.384534,2026-08-04T14:48:57.764674,2,probes_2025_20260804T144211-baf6e6.json;probes_2025_20260804T144857-a65442.json
view_templates,reflection,refl.View.RestoreOrientationAndLock,method,View,,,2,ok,String,<method not invoked>,<method not invoked>,<method not invoked>,2025,2026-08-04T14:03:14.300203,2026-08-04T14:48:57.764674,2,probes_2025_20260804T140314-c44dde.json;probes_2025_20260804T144857-a65442.json
view_templates,reflection,refl.View.RevealConstraintsMode,property,View,,,3,ok,Integer,0,False,0,2025,2026-08-04T14:03:14.300203,2026-08-04T14:48:57.764674,3,probes_2025_20260804T140314-c44dde.json;probes_2025_20260804T144211-baf6e6.json;probes_2025_20260804T144857-a65442.json
view_templates,reflection,refl.View.RightDirection,property,View,,,14,ok,None,,"(1.000000000, 0.000000000, 0.000000000)","(1.000000000, 0.000000000, 0.000000000)",2025,2026-08-04T14:03:14.300203,2026-08-04T14:48:57.764674,3,probes_2025_20260804T140314-c44dde.json;probes_2025_20260804T144211-baf6e6.json;probes_2025_20260804T144857-a65442.json
view_templates,reflection,refl.View.RowHeight,property,View,,,0,,,,,,2025,2026-08-04T14:42:11.384534,2026-08-04T14:48:57.764674,2,probes_2025_20260804T144211-baf6e6.json;probes_2025_20260804T144857-a65442.json
view_templates,reflection,refl.View.RowHeightOverride,property,View,,,2,ok,Integer,0,0,0,2025,2026-08-04T14:42:11.384534,2026-08-04T14:48:57.764674,2,probes_2025_20260804T144211-baf6e6.json;probes_2025_20260804T144857-a65442.json
view_templates,reflection,refl.View.SaveOrientation,method,View,,,2,ok,String,<method not invoked>,<method not invoked>,<method not invoked>,2025,2026-08-04T14:03:14.300203,2026-08-04T14:48:57.764674,2,probes_2025_20260804T140314-c44dde.json;probes_2025_20260804T144857-a65442.json
view_templates,reflection,refl.View.SaveOrientationAndLock,method,View,,,2,ok,String,<method not invoked>,<method not invoked>,<method not invoked>,2025,2026-08-04T14:03:14.300203,2026-08-04T14:48:57.764674,2,probes_2025_20260804T140314-c44dde.json;probes_2025_20260804T144857-a65442.json
view_templates,reflection,refl.View.Scale,property,View,,,19,ok,Integer,240,240,240,2025,2026-08-04T14:03:14.300203,2026-08-04T14:48:57.764674,3,probes_2025_20260804T140314-c44dde.json;probes_2025_20260804T144211-baf6e6.json;probes_2025_20260804T144857-a65442.json
view_templates,reflection,refl.View.ShadowIntensity,property,View,,,7,ok,Integer,60,60,60,2025,2026-08-04T14:03:14.300203,2026-08-04T14:48:57.764674,3,probes_2025_20260804T140314-c44dde.json;probes_2025_20260804T144211-baf6e6.json;probes_2025_20260804T144857-a65442.json
view_templates,reflection,refl.View.ShowActiveWorkPlane,method,View,,,3,ok,String,<method not invoked>,<method not invoked>,<method not invoked>,2025,2026-08-04T14:03:14.300203,2026-08-04T14:48:57.764674,3,probes_2025_20260804T140314-c44dde.json;probes_2025_20260804T144211-baf6e6.json;probes_2025_20260804T144857-a65442.json
view_templates,reflection,refl.View.SketchPlane,property,View,,,3,missing,None,,,,2025,2026-08-04T14:03:14.300203,2026-08-04T14:48:57.764674,3,probes_2025_20260804T140314-c44dde.json;probes_2025_20260804T144211-baf6e6.json;probes_2025_20260804T144857-a65442.json
view_templates,reflection,refl.View.SunAndShadowSettings,property,View,,,3,unsupported,None,,,,2025,2026-08-04T14:03:14.300203,2026-08-04T14:48:57.764674,3,probes_2025_20260804T140314-c44dde.json;probes_2025_20260804T144211-baf6e6.json;probes_2025_20260804T144857-a65442.json
view_templates,reflection,refl.View.SunlightIntensity,property,View,,,8,ok,Integer,80,80,80,2025,2026-08-04T14:03:14.300203,2026-08-04T14:48:57.764674,3,probes_2025_20260804T140314-c44dde.json;probes_2025_20260804T144211-baf6e6.json;probes_2025_20260804T144857-a65442.json
view_templates,reflection,refl.View.SupportedColorFillCategoryIds,method,View,,,3,ok,String,<method not invoked>,<method not invoked>,<method not invoked>,2025,2026-08-04T14:03:14.300203,2026-08-04T14:48:57.764674,3,probes_2025_20260804T140314-c44dde.json;probes_2025_20260804T144211-baf6e6.json;probes_2025_20260804T144857-a65442.json
view_templates,reflection,refl.View.SupportsRevealConstraints,method,View,,,3,ok,String,<method not invoked>,<method not invoked>,<method not invoked>,2025,2026-08-04T14:03:14.300203,2026-08-04T14:48:57.764674,3,probes_2025_20260804T140314-c44dde.json;probes_2025_20260804T144211-baf6e6.json;probes_2025_20260804T144857-a65442.json
view_templates,reflection,refl.View.TargetId,property,View,,,2,ok,ElementId,-1,-1,-1,2025,2026-08-04T14:42:11.384534,2026-08-04T14:48:57.764674,2,probes_2025_20260804T144211-baf6e6.json;probes_2025_20260804T144857-a65442.json
view_templates,reflection,refl.View.TemporaryViewModes,property,View,,,3,unsupported,None,,,,2025,2026-08-04T14:03:14.300203,2026-08-04T14:48:57.764674,3,probes_2025_20260804T140314-c44dde.json;probes_2025_20260804T144211-baf6e6.json;probes_2025_20260804T144857-a65442.json
view_templates,reflection,refl.View.Title,property,View,,,50,ok,String,Site Plan,Site Plan,Site Plan,2025,2026-08-04T14:03:14.300203,2026-08-04T14:48:57.764674,3,probes_2025_20260804T140314-c44dde.json;probes_2025_20260804T144211-baf6e6.json;probes_2025_20260804T144857-a65442.json
view_templates,reflection,refl.View.TitleTextTypeId,property,View,,,4,ok,ElementId,2628,2628,2628,2025,2026-08-04T14:42:11.384534,2026-08-04T14:48:57.764674,2,probes_2025_20260804T144211-baf6e6.json;probes_2025_20260804T144857-a65442.json
view_templates,reflection,refl.View.ToggleToIsometric,method,View,,,2,ok,String,<method not invoked>,<method not invoked>,<method not invoked>,2025,2026-08-04T14:03:14.300203,2026-08-04T14:48:57.764674,2,probes_2025_20260804T140314-c44dde.json;probes_2025_20260804T144857-a65442.json
view_templates,reflection,refl.View.ToggleToPerspective,method,View,,,2,ok,String,<method not invoked>,<method not invoked>,<method not invoked>,2025,2026-08-04T14:03:14.300203,2026-08-04T14:48:57.764674,2,probes_2025_20260804T140314-c44dde.json;probes_2025_20260804T144857-a65442.json
view_templates,reflection,refl.View.UniqueId,property,View,,,50,ok,String,c8923f5e-6a14-4420-9b1d-c31d7ae067d2-00007643,c8923f5e-6a14-4420-9b1d-c31d7ae067d2-00007643,c8923f5e-6a14-4420-9b1d-c31d7ae067d2-00007643,2025,2026-08-04T14:03:14.300203,2026-08-04T14:48:57.764674,3,probes_2025_20260804T140314-c44dde.json;probes_2025_20260804T144211-baf6e6.json;probes_2025_20260804T144857-a65442.json
view_templates,reflection,refl.View.Unlock,method,View,,,2,ok,String,<method not invoked>,<method not invoked>,<method not invoked>,2025,2026-08-04T14:03:14.300203,2026-08-04T14:48:57.764674,2,probes_2025_20260804T140314-c44dde.json;probes_2025_20260804T144857-a65442.json
view_templates,reflection,refl.View.UpDirection,property,View,,,8,ok,None,,"(0.000000000, 1.000000000, 0.000000000)","(0.000000000, 1.000000000, 0.000000000)",2025,2026-08-04T14:03:14.300203,2026-08-04T14:48:57.764674,3,probes_2025_20260804T140314-c44dde.json;probes_2025_20260804T144211-baf6e6.json;probes_2025_20260804T144857-a65442.json
view_templates,reflection,refl.View.UseStripedRowsOnSheets,property,View,,,2,ok,Integer,1,True,1,2025,2026-08-04T14:42:11.384534,2026-08-04T14:48:57.764674,2,probes_2025_20260804T144211-baf6e6.json;probes_2025_20260804T144857-a65442.json
view_templates,reflection,refl.View.VersionGuid,property,View,,,7,ok,None,,2aae510b-8d56-4e05-9d92-b226e47f93db,2aae510b-8d56-4e05-9d92-b226e47f93db,2025,2026-08-04T14:03:14.300203,2026-08-04T14:48:57.764674,3,probes_2025_20260804T140314-c44dde.json;probes_2025_20260804T144211-baf6e6.json;probes_2025_20260804T144857-a65442.json
view_templates,reflection,refl.View.ViewDirection,property,View,,,15,ok,None,,"(0.000000000, 0.000000000, 1.000000000)","(0.000000000, 0.000000000, 1.000000000)",2025,2026-08-04T14:03:14.300203,2026-08-04T14:48:57.764674,3,probes_2025_20260804T140314-c44dde.json;probes_2025_20260804T144211-baf6e6.json;probes_2025_20260804T144857-a65442.json
view_templates,reflection,refl.View.ViewSpecific,property,View,,,3,ok,Integer,0,False,0,2025,2026-08-04T14:03:14.300203,2026-08-04T14:48:57.764674,3,probes_2025_20260804T140314-c44dde.json;probes_2025_20260804T144211-baf6e6.json;probes_2025_20260804T144857-a65442.json
view_templates,reflection,refl.View.ViewTemplateId,property,View,,,3,ok,ElementId,-1,-1,-1,2025,2026-08-04T14:03:14.300203,2026-08-04T14:48:57.764674,3,probes_2025_20260804T140314-c44dde.json;probes_2025_20260804T144211-baf6e6.json;probes_2025_20260804T144857-a65442.json
view_templates,reflection,refl.View.ViewType,property,View,,,18,ok,Integer,1,1,1,2025,2026-08-04T14:03:14.300203,2026-08-04T14:48:57.764674,3,probes_2025_20260804T140314-c44dde.json;probes_2025_20260804T144211-baf6e6.json;probes_2025_20260804T144857-a65442.json
view_templates,reflection,refl.View.WorksetId,property,View,,,50,ok,ElementId,186,186,186,2025,2026-08-04T14:03:14.300203,2026-08-04T14:48:57.764674,3,probes_2025_20260804T140314-c44dde.json;probes_2025_20260804T144211-baf6e6.json;probes_2025_20260804T144857-a65442.json
views,param,doc.view_live_count,,,Integer,missing=0;ok=3;unreadable=0;unsupported=0,0,ok,Integer,916,916,916,2025,2026-08-04T14:03:14.300203,2026-08-04T14:48:57.764674,3,probes_2025_20260804T140314-c44dde.json;probes_2025_20260804T144211-baf6e6.json;probes_2025_20260804T144857-a65442.json
views,param,doc.view_template_count,,,Integer,missing=0;ok=3;unreadable=0;unsupported=0,0,ok,Integer,68,68,68,2025,2026-08-04T14:03:14.300203,2026-08-04T14:48:57.764674,3,probes_2025_20260804T140314-c44dde.json;probes_2025_20260804T144211-baf6e6.json;probes_2025_20260804T144857-a65442.json
views,param,doc.view_total_count,,,Integer,missing=0;ok=3;unreadable=0;unsupported=0,0,ok,Integer,984,984,984,2025,2026-08-04T14:03:14.300203,2026-08-04T14:48:57.764674,3,probes_2025_20260804T140314-c44dde.json;probes_2025_20260804T144211-baf6e6.json;probes_2025_20260804T144857-a65442.json
views,param,param.100% CD_yesno,,,Integer,missing=0;ok=5;unreadable=0;unsupported=0,0,ok,Integer,0,0,0,2025,2026-08-04T14:42:11.384534,2026-08-04T14:42:11.384534,1,probes_2025_20260804T144211-baf6e6.json
views,param,param.Annotation Crop,,,Integer,missing=0;ok=78;unreadable=0;unsupported=0,0,ok,Integer,1,Yes,1,2025,2026-08-04T14:03:14.300203,2026-08-04T14:48:57.764674,3,probes_2025_20260804T140314-c44dde.json;probes_2025_20260804T144211-baf6e6.json;probes_2025_20260804T144857-a65442.json
views,param,param.Appearance,,,0,missing=0;ok=0;unreadable=0;unsupported=15,0,unsupported,0,,,,2025,2026-08-04T14:03:14.300203,2026-08-04T14:48:57.764674,3,probes_2025_20260804T140314-c44dde.json;probes_2025_20260804T144211-baf6e6.json;probes_2025_20260804T144857-a65442.json
views,param,param.Appears In Sheet List,,,Integer,missing=0;ok=15;unreadable=0;unsupported=0,0,ok,Integer,0,No,0,2025,2026-08-04T14:03:14.300203,2026-08-04T14:48:57.764674,3,probes_2025_20260804T140314-c44dde.json;probes_2025_20260804T144211-baf6e6.json;probes_2025_20260804T144857-a65442.json
views,param,param.Approved By,,,String,missing=0;ok=15;unreadable=0;unsupported=0,0,ok,String,Approver,Approver,Approver,2025,2026-08-04T14:03:14.300203,2026-08-04T14:48:57.764674,3,probes_2025_20260804T140314-c44dde.json;probes_2025_20260804T144211-baf6e6.json;probes_2025_20260804T144857-a65442.json
views,param,param.Associated Datum,,,ElementId,missing=0;ok=11;unreadable=0;unsupported=0,0,ok,ElementId,,,,2025,2026-08-04T14:03:14.300203,2026-08-04T14:48:57.764674,3,probes_2025_20260804T140314-c44dde.json;probes_2025_20260804T144211-baf6e6.json;probes_2025_20260804T144857-a65442.json
views,param,param.Associated Level,,,String,missing=0;ok=43;unreadable=0;unsupported=0,0,ok,String,LEVEL 1,LEVEL 1,LEVEL 1,2025,2026-08-04T14:03:14.300203,2026-08-04T14:48:57.764674,3,probes_2025_20260804T140314-c44dde.json;probes_2025_20260804T144211-baf6e6.json;probes_2025_20260804T144857-a65442.json
views,param,param.Browser_View Category,,,String,missing=0;ok=28;unreadable=0;unsupported=0,0,ok,String,,,,2025,2026-08-04T14:42:11.384534,2026-08-04T14:42:11.384534,1,probes_2025_20260804T144211-baf6e6.json
views,param,param.Browser_View Group,,,String,missing=0;ok=28;unreadable=0;unsupported=0,0,ok,String,,,,2025,2026-08-04T14:42:11.384534,2026-08-04T14:42:11.384534,1,probes_2025_20260804T144211-baf6e6.json
views,param,param.Browser_View Sub Series,,,String,missing=0;ok=28;unreadable=0;unsupported=0,0,ok,String,,,,2025,2026-08-04T14:42:11.384534,2026-08-04T14:42:11.384534,1,probes_2025_20260804T144211-baf6e6.json
views,param,param.Browser_View Subcategory,,,String,missing=0;ok=28;unreadable=0;unsupported=0,0,ok,String,,,,2025,2026-08-04T14:42:11.384534,2026-08-04T14:42:11.384534,1,probes_2025_20260804T144211-baf6e6.json
views,param,param.Camera Position,,,Integer,missing=0;ok=14;unreadable=0;unsupported=0,0,ok,Integer,0,Adjusting,0,2025,2026-08-04T14:03:14.300203,2026-08-04T14:48:57.764674,3,probes_2025_20260804T140314-c44dde.json;probes_2025_20260804T144211-baf6e6.json;probes_2025_20260804T144857-a65442.json
views,param,param.Checked By,,,String,missing=0;ok=15;unreadable=0;unsupported=0,0,ok,String,Checker,Checker,Checker,2025,2026-08-04T14:03:14.300203,2026-08-04T14:48:57.764674,3,probes_2025_20260804T140314-c44dde.json;probes_2025_20260804T144211-baf6e6.json;probes_2025_20260804T144857-a65442.json
views,param,param.Color Scheme,,,0,missing=0;ok=0;unreadable=0;unsupported=55,0,unsupported,0,,,,2025,2026-08-04T14:03:14.300203,2026-08-04T14:48:57.764674,3,probes_2025_20260804T140314-c44dde.json;probes_2025_20260804T144211-baf6e6.json;probes_2025_20260804T144857-a65442.json
views,param,param.Color Scheme Location,,,Integer,missing=0;ok=55;unreadable=0;unsupported=0,0,ok,Integer,1,Background,1,2025,2026-08-04T14:03:14.300203,2026-08-04T14:48:57.764674,3,probes_2025_20260804T140314-c44dde.json;probes_2025_20260804T144211-baf6e6.json;probes_2025_20260804T144857-a65442.json
views,param,param.Column Symbolic Offset,,,Double,missing=0;ok=14;unreadable=0;unsupported=0,0,ok,Double,1.0,"1'-0""",11.999999999999998,2025,2026-08-04T14:42:11.384534,2026-08-04T14:48:57.764674,2,probes_2025_20260804T144211-baf6e6.json;probes_2025_20260804T144857-a65442.json
views,param,param.Comments_ Varies by Group,,,String,missing=0;ok=55;unreadable=0;unsupported=0,0,ok,String,,,,2025,2026-08-04T14:03:14.300203,2026-08-04T14:03:14.300203,1,probes_2025_20260804T140314-c44dde.json
views,param,param.Comments_Vary by Group,,,String,missing=0;ok=50;unreadable=0;unsupported=0,0,ok,String,,,,2025,2026-08-04T14:03:14.300203,2026-08-04T14:03:14.300203,1,probes_2025_20260804T140314-c44dde.json
views,param,param.Crop Region Visible,,,Integer,missing=0;ok=83;unreadable=0;unsupported=0,0,ok,Integer,1,Yes,1,2025,2026-08-04T14:03:14.300203,2026-08-04T14:48:57.764674,3,probes_2025_20260804T140314-c44dde.json;probes_2025_20260804T144211-baf6e6.json;probes_2025_20260804T144857-a65442.json
views,param,param.Crop View,,,Integer,missing=0;ok=83;unreadable=0;unsupported=0,0,ok,Integer,1,Yes,1,2025,2026-08-04T14:03:14.300203,2026-08-04T14:48:57.764674,3,probes_2025_20260804T140314-c44dde.json;probes_2025_20260804T144211-baf6e6.json;probes_2025_20260804T144857-a65442.json
views,param,param.Current Revision,,,String,missing=0;ok=15;unreadable=0;unsupported=0,0,ok,String,,,,2025,2026-08-04T14:03:14.300203,2026-08-04T14:48:57.764674,3,probes_2025_20260804T140314-c44dde.json;probes_2025_20260804T144211-baf6e6.json;probes_2025_20260804T144857-a65442.json
views,param,param.Current Revision Date,,,String,missing=0;ok=15;unreadable=0;unsupported=0,0,ok,String,,,,2025,2026-08-04T14:03:14.300203,2026-08-04T14:48:57.764674,3,probes_2025_20260804T140314-c44dde.json;probes_2025_20260804T144211-baf6e6.json;probes_2025_20260804T144857-a65442.json
views,param,param.Current Revision Description,,,String,missing=0;ok=15;unreadable=0;unsupported=0,0,ok,String,,,,2025,2026-08-04T14:03:14.300203,2026-08-04T14:48:57.764674,3,probes_2025_20260804T140314-c44dde.json;probes_2025_20260804T144211-baf6e6.json;probes_2025_20260804T144857-a65442.json
views,param,param.Current Revision Issued,,,Integer,missing=0;ok=15;unreadable=0;unsupported=0,0,ok,Integer,0,No,0,2025,2026-08-04T14:03:14.300203,2026-08-04T14:48:57.764674,3,probes_2025_20260804T140314-c44dde.json;probes_2025_20260804T144211-baf6e6.json;probes_2025_20260804T144857-a65442.json
views,param,param.Current Revision Issued By,,,String,missing=0;ok=15;unreadable=0;unsupported=0,0,ok,String,,,,2025,2026-08-04T14:03:14.300203,2026-08-04T14:48:57.764674,3,probes_2025_20260804T140314-c44dde.json;probes_2025_20260804T144211-baf6e6.json;probes_2025_20260804T144857-a65442.json
views,param,param.Current Revision Issued To,,,String,missing=0;ok=15;unreadable=0;unsupported=0,0,ok,String,,,,2025,2026-08-04T14:03:14.300203,2026-08-04T14:48:57.764674,3,probes_2025_20260804T140314-c44dde.json;probes_2025_20260804T144211-baf6e6.json;probes_2025_20260804T144857-a65442.json
views,param,param.DTL NOTE,,,String,missing=0;ok=40;unreadable=0;unsupported=0,0,ok,String,,,,2025,2026-08-04T14:48:57.764674,2026-08-04T14:48:57.764674,1,probes_2025_20260804T144857-a65442.json
views,param,param.Default Analysis Display Style,,,ElementId,missing=0;ok=83;unreadable=0;unsupported=0,0,ok,ElementId,,,,2025,2026-08-04T14:03:14.300203,2026-08-04T14:48:57.764674,3,probes_2025_20260804T140314-c44dde.json;probes_2025_20260804T144211-baf6e6.json;probes_2025_20260804T144857-a65442.json
views,param,param.Dependency,,,String,missing=0;ok=149;unreadable=0;unsupported=0,0,ok,String,Independent,Independent,Independent,2025,2026-08-04T14:03:14.300203,2026-08-04T14:48:57.764674,3,probes_2025_20260804T140314-c44dde.json;probes_2025_20260804T144211-baf6e6.json;probes_2025_20260804T144857-a65442.json
views,param,param.Depth Clipping,,,Integer,missing=0;ok=43;unreadable=0;unsupported=0,0,ok,Integer,0,0,0,2025,2026-08-04T14:03:14.300203,2026-08-04T14:48:57.764674,3,probes_2025_20260804T140314-c44dde.json;probes_2025_20260804T144211-baf6e6.json;probes_2025_20260804T144857-a65442.json
views,param,param.Designed By,,,String,missing=0;ok=15;unreadable=0;unsupported=0,0,ok,String,Designer,Designer,Designer,2025,2026-08-04T14:03:14.300203,2026-08-04T14:48:57.764674,3,probes_2025_20260804T140314-c44dde.json;probes_2025_20260804T144211-baf6e6.json;probes_2025_20260804T144857-a65442.json
views,param,param.Detail Level,,,Integer,missing=0;ok=113;unreadable=0;unsupported=0,0,ok,Integer,2,Medium,2,2025,2026-08-04T14:03:14.300203,2026-08-04T14:48:57.764674,3,probes_2025_20260804T140314-c44dde.json;probes_2025_20260804T144211-baf6e6.json;probes_2025_20260804T144857-a65442.json
views,param,param.Detail Number,,,String,missing=0;ok=58;unreadable=0;unsupported=0,0,ok,String,1,1,1,2025,2026-08-04T14:03:14.300203,2026-08-04T14:48:57.764674,3,probes_2025_20260804T140314-c44dde.json;probes_2025_20260804T144211-baf6e6.json;probes_2025_20260804T144857-a65442.json
views,param,param.Discipline,,,Integer;String,missing=0;ok=113;unreadable=0;unsupported=0,0,ok,Integer,1,Architectural,1,2025,2026-08-04T14:03:14.300203,2026-08-04T14:48:57.764674,3,probes_2025_20260804T140314-c44dde.json;probes_2025_20260804T144211-baf6e6.json;probes_2025_20260804T144857-a65442.json
views,param,param.Discipline Sort Order,,,Double,missing=0;ok=10;unreadable=0;unsupported=0,0,ok,Double,0.0,0,0.0,2025,2026-08-04T14:42:11.384534,2026-08-04T14:48:57.764674,2,probes_2025_20260804T144211-baf6e6.json;probes_2025_20260804T144857-a65442.json
views,param,param.Discipline Sub-Sort Order,,,Double,missing=0;ok=10;unreadable=0;unsupported=0,0,ok,Double,0.0,0,0.0,2025,2026-08-04T14:42:11.384534,2026-08-04T14:48:57.764674,2,probes_2025_20260804T144211-baf6e6.json;probes_2025_20260804T144857-a65442.json
views,param,param.Display Model,,,Integer,missing=0;ok=69;unreadable=0;unsupported=0,0,ok,Integer,0,Normal,0,2025,2026-08-04T14:03:14.300203,2026-08-04T14:48:57.764674,3,probes_2025_20260804T140314-c44dde.json;probes_2025_20260804T144211-baf6e6.json;probes_2025_20260804T144857-a65442.json
views,param,param.Drawing Author,,,String,missing=0;ok=45;unreadable=0;unsupported=0,0,ok,String,,,,2025,2026-08-04T14:48:57.764674,2026-08-04T14:48:57.764674,1,probes_2025_20260804T144857-a65442.json
views,param,param.Drawing Number - Discipline,,,String,missing=0;ok=5;unreadable=0;unsupported=0,0,ok,String,,,,2025,2026-08-04T14:48:57.764674,2026-08-04T14:48:57.764674,1,probes_2025_20260804T144857-a65442.json
views,param,param.Drawing Number - Form,,,String,missing=0;ok=5;unreadable=0;unsupported=0,0,ok,String,,,,2025,2026-08-04T14:48:57.764674,2026-08-04T14:48:57.764674,1,probes_2025_20260804T144857-a65442.json
views,param,param.Drawing Number - Functional Breakdown,,,String,missing=0;ok=5;unreadable=0;unsupported=0,0,ok,String,,,,2025,2026-08-04T14:48:57.764674,2026-08-04T14:48:57.764674,1,probes_2025_20260804T144857-a65442.json
views,param,param.Drawing Number - Originator,,,String,missing=0;ok=5;unreadable=0;unsupported=0,0,ok,String,,,,2025,2026-08-04T14:48:57.764674,2026-08-04T14:48:57.764674,1,probes_2025_20260804T144857-a65442.json
views,param,param.Drawing Number - Project Number,,,String,missing=0;ok=5;unreadable=0;unsupported=0,0,ok,String,,,,2025,2026-08-04T14:48:57.764674,2026-08-04T14:48:57.764674,1,probes_2025_20260804T144857-a65442.json
views,param,param.Drawing Number - Spatial Breakdown,,,String,missing=0;ok=5;unreadable=0;unsupported=0,0,ok,String,,,,2025,2026-08-04T14:48:57.764674,2026-08-04T14:48:57.764674,1,probes_2025_20260804T144857-a65442.json
views,param,param.Drawing Number - Status Code,,,String,missing=0;ok=5;unreadable=0;unsupported=0,0,ok,String,,,,2025,2026-08-04T14:48:57.764674,2026-08-04T14:48:57.764674,1,probes_2025_20260804T144857-a65442.json
views,param,param.Drawing Number - Status Description,,,String,missing=0;ok=5;unreadable=0;unsupported=0,0,ok,String,,,,2025,2026-08-04T14:48:57.764674,2026-08-04T14:48:57.764674,1,probes_2025_20260804T144857-a65442.json
views,param,param.Drawing Number Levels/Locations,,,String,missing=0;ok=5;unreadable=0;unsupported=0,0,ok,String,,,,2025,2026-08-04T14:42:11.384534,2026-08-04T14:42:11.384534,1,probes_2025_20260804T144211-baf6e6.json
views,param,param.Drawing Number Originator,,,String,missing=0;ok=5;unreadable=0;unsupported=0,0,ok,String,,,,2025,2026-08-04T14:42:11.384534,2026-08-04T14:42:11.384534,1,probes_2025_20260804T144211-baf6e6.json
views,param,param.Drawing Number Project Number,,,String,missing=0;ok=5;unreadable=0;unsupported=0,0,ok,String,,,,2025,2026-08-04T14:42:11.384534,2026-08-04T14:42:11.384534,1,probes_2025_20260804T144211-baf6e6.json
views,param,param.Drawing Number Role,,,String,missing=0;ok=5;unreadable=0;unsupported=0,0,ok,String,,,,2025,2026-08-04T14:42:11.384534,2026-08-04T14:42:11.384534,1,probes_2025_20260804T144211-baf6e6.json
views,param,param.Drawing Number Status Code,,,String,missing=0;ok=5;unreadable=0;unsupported=0,0,ok,String,,,,2025,2026-08-04T14:42:11.384534,2026-08-04T14:42:11.384534,1,probes_2025_20260804T144211-baf6e6.json
views,param,param.Drawing Number Status Description,,,String,missing=0;ok=5;unreadable=0;unsupported=0,0,ok,String,,,,2025,2026-08-04T14:42:11.384534,2026-08-04T14:42:11.384534,1,probes_2025_20260804T144211-baf6e6.json
views,param,param.Drawing Number Type,,,String,missing=0;ok=5;unreadable=0;unsupported=0,0,ok,String,,,,2025,2026-08-04T14:42:11.384534,2026-08-04T14:42:11.384534,1,probes_2025_20260804T144211-baf6e6.json
views,param,param.Drawing Number Volume/System,,,String,missing=0;ok=10;unreadable=0;unsupported=0,0,ok,String,,,,2025,2026-08-04T14:42:11.384534,2026-08-04T14:48:57.764674,2,probes_2025_20260804T144211-baf6e6.json;probes_2025_20260804T144857-a65442.json
views,param,param.Drawing Type,,,String,missing=0;ok=45;unreadable=0;unsupported=0,0,ok,String,,,,2025,2026-08-04T14:03:14.300203,2026-08-04T14:03:14.300203,1,probes_2025_20260804T140314-c44dde.json
views,param,param.Drawing_Included_In_Set,,,Integer,missing=0;ok=10;unreadable=0;unsupported=0,0,ok,Integer,0,No,0,2025,2026-08-04T14:42:11.384534,2026-08-04T14:48:57.764674,2,probes_2025_20260804T144211-baf6e6.json;probes_2025_20260804T144857-a65442.json
views,param,param.Drawn By,,,String,missing=0;ok=15;unreadable=0;unsupported=0,0,ok,String,Author,Author,Author,2025,2026-08-04T14:03:14.300203,2026-08-04T14:48:57.764674,3,probes_2025_20260804T140314-c44dde.json;probes_2025_20260804T144211-baf6e6.json;probes_2025_20260804T144857-a65442.json
views,param,param.Edited by,,,String,missing=0;ok=149;unreadable=0;unsupported=0,0,ok,String,,,,2025,2026-08-04T14:03:14.300203,2026-08-04T14:48:57.764674,3,probes_2025_20260804T140314-c44dde.json;probes_2025_20260804T144211-baf6e6.json;probes_2025_20260804T144857-a65442.json
views,param,param.Enscape.View.IsFavorite,,,Integer,missing=0;ok=45;unreadable=0;unsupported=0,0,ok,Integer,0,0,0,2025,2026-08-04T14:03:14.300203,2026-08-04T14:03:14.300203,1,probes_2025_20260804T140314-c44dde.json
views,param,param.Export to IFC,,,Integer,missing=0;ok=15;unreadable=0;unsupported=0,0,ok,Integer,0,By Type,0,2025,2026-08-04T14:03:14.300203,2026-08-04T14:48:57.764674,3,probes_2025_20260804T140314-c44dde.json;probes_2025_20260804T144211-baf6e6.json;probes_2025_20260804T144857-a65442.json
views,param,param.Eye Elevation,,,Double,missing=0;ok=14;unreadable=0;unsupported=0,0,ok,Double,37.412127675689675,"37'-5""",448.94553210827604,2025,2026-08-04T14:03:14.300203,2026-08-04T14:48:57.764674,3,probes_2025_20260804T140314-c44dde.json;probes_2025_20260804T144211-baf6e6.json;probes_2025_20260804T144857-a65442.json
views,param,param.Far Clip Active,,,Integer,missing=0;ok=14;unreadable=0;unsupported=0,0,ok,Integer,0,No,0,2025,2026-08-04T14:03:14.300203,2026-08-04T14:48:57.764674,3,probes_2025_20260804T140314-c44dde.json;probes_2025_20260804T144211-baf6e6.json;probes_2025_20260804T144857-a65442.json
views,param,param.Far Clip Offset,,,Double,missing=0;ok=40;unreadable=0;unsupported=0,0,ok,Double,10.0,"10'-0""",119.99999999999999,2025,2026-08-04T14:03:14.300203,2026-08-04T14:48:57.764674,3,probes_2025_20260804T140314-c44dde.json;probes_2025_20260804T144211-baf6e6.json;probes_2025_20260804T144857-a65442.json
views,param,param.Far Clip Settings,,,Integer,missing=0;ok=5;unreadable=0;unsupported=0,0,ok,Integer,1,Same as parent view,1,2025,2026-08-04T14:03:14.300203,2026-08-04T14:03:14.300203,1,probes_2025_20260804T140314-c44dde.json
views,param,param.Far Clipping,,,Integer,missing=0;ok=26;unreadable=0;unsupported=0,0,ok,Integer,2,2,2,2025,2026-08-04T14:03:14.300203,2026-08-04T14:48:57.764674,3,probes_2025_20260804T140314-c44dde.json;probes_2025_20260804T144211-baf6e6.json;probes_2025_20260804T144857-a65442.json
views,param,param.Fields,,,0,missing=0;ok=0;unreadable=0;unsupported=15,0,unsupported,0,,,,2025,2026-08-04T14:03:14.300203,2026-08-04T14:48:57.764674,3,probes_2025_20260804T140314-c44dde.json;probes_2025_20260804T144211-baf6e6.json;probes_2025_20260804T144857-a65442.json
views,param,param.File Path,,,String,missing=0;ok=15;unreadable=0;unsupported=0,0,ok,String,C:\Users\Public\Documents\Local_Revit_Files\FVOT_ BLDG 1_ Arch25_Greg.McDowellJr.rvt,C:\Users\Public\Documents\Local_Revit_Files\FVOT_ BLDG 1_ Arch25_Greg.McDowellJr.rvt,C:\Users\Public\Documents\Local_Revit_Files\FVOT_ BLDG 1_ Arch25_Greg.McDowellJr.rvt,2025,2026-08-04T14:03:14.300203,2026-08-04T14:48:57.764674,3,probes_2025_20260804T140314-c44dde.json;probes_2025_20260804T144211-baf6e6.json;probes_2025_20260804T144857-a65442.json
views,param,param.Filter,,,0,missing=0;ok=0;unreadable=0;unsupported=15,0,unsupported,0,,,,2025,2026-08-04T14:03:14.300203,2026-08-04T14:48:57.764674,3,probes_2025_20260804T140314-c44dde.json;probes_2025_20260804T144211-baf6e6.json;probes_2025_20260804T144857-a65442.json
views,param,param.Folder,,,String,missing=0;ok=28;unreadable=0;unsupported=0,0,ok,String,,,,2025,2026-08-04T14:42:11.384534,2026-08-04T14:42:11.384534,1,probes_2025_20260804T144211-baf6e6.json
views,param,param.Formatting,,,0,missing=0;ok=0;unreadable=0;unsupported=15,0,unsupported,0,,,,2025,2026-08-04T14:03:14.300203,2026-08-04T14:48:57.764674,3,probes_2025_20260804T140314-c44dde.json;probes_2025_20260804T144211-baf6e6.json;probes_2025_20260804T144857-a65442.json
views,param,param.Graphic Display Options,,,0,missing=0;ok=0;unreadable=0;unsupported=83,0,unsupported,0,,,,2025,2026-08-04T14:03:14.300203,2026-08-04T14:48:57.764674,3,probes_2025_20260804T140314-c44dde.json;probes_2025_20260804T144211-baf6e6.json;probes_2025_20260804T144857-a65442.json
views,param,param.Group Type Mark,,,String,missing=0;ok=55;unreadable=0;unsupported=0,0,ok,String,,,,2025,2026-08-04T14:03:14.300203,2026-08-04T14:03:14.300203,1,probes_2025_20260804T140314-c44dde.json
views,param,param.Guide Grid,,,ElementId,missing=0;ok=15;unreadable=0;unsupported=0,0,ok,ElementId,,,,2025,2026-08-04T14:03:14.300203,2026-08-04T14:48:57.764674,3,probes_2025_20260804T140314-c44dde.json;probes_2025_20260804T144211-baf6e6.json;probes_2025_20260804T144857-a65442.json
views,param,param.Hide at scales coarser than,,,Integer,missing=0;ok=26;unreadable=0;unsupported=0,0,ok,Integer,96," 1/8"" = 1'-0"" ",96,2025,2026-08-04T14:03:14.300203,2026-08-04T14:48:57.764674,3,probes_2025_20260804T140314-c44dde.json;probes_2025_20260804T144211-baf6e6.json;probes_2025_20260804T144857-a65442.json
views,param,param.In Unit Cloud,,,String,missing=0;ok=55;unreadable=0;unsupported=0,0,ok,String,,,,2025,2026-08-04T14:03:14.300203,2026-08-04T14:03:14.300203,1,probes_2025_20260804T140314-c44dde.json
views,param,param.Issued For,,,String,missing=0;ok=5;unreadable=0;unsupported=0,0,ok,String,,,,2025,2026-08-04T14:03:14.300203,2026-08-04T14:03:14.300203,1,probes_2025_20260804T140314-c44dde.json
views,param,param.KP_Department,,,String,missing=0;ok=5;unreadable=0;unsupported=0,0,ok,String,,,,2025,2026-08-04T14:48:57.764674,2026-08-04T14:48:57.764674,1,probes_2025_20260804T144857-a65442.json
views,param,param.KP_Room Code,,,String,missing=0;ok=10;unreadable=0;unsupported=0,0,ok,String,,,,2025,2026-08-04T14:48:57.764674,2026-08-04T14:48:57.764674,1,probes_2025_20260804T144857-a65442.json
views,param,param.KP_Room Name,,,String,missing=0;ok=5;unreadable=0;unsupported=0,0,ok,String,,,,2025,2026-08-04T14:48:57.764674,2026-08-04T14:48:57.764674,1,probes_2025_20260804T144857-a65442.json
views,param,param.KP_Sub Code,,,String,missing=0;ok=5;unreadable=0;unsupported=0,0,ok,String,,,,2025,2026-08-04T14:48:57.764674,2026-08-04T14:48:57.764674,1,probes_2025_20260804T144857-a65442.json
views,param,param.KP_Version,,,String,missing=0;ok=5;unreadable=0;unsupported=0,0,ok,String,,,,2025,2026-08-04T14:48:57.764674,2026-08-04T14:48:57.764674,1,probes_2025_20260804T144857-a65442.json
views,param,param.Locked Orientation,,,Integer,missing=0;ok=14;unreadable=0;unsupported=0,0,ok,Integer,1,Yes,1,2025,2026-08-04T14:03:14.300203,2026-08-04T14:48:57.764674,3,probes_2025_20260804T140314-c44dde.json;probes_2025_20260804T144211-baf6e6.json;probes_2025_20260804T144857-a65442.json
views,param,param.None,,,ElementId,missing=0;ok=149;unreadable=0;unsupported=0,0,ok,ElementId,18074221,LEVEL 1 PLAN,18074221,2025,2026-08-04T14:03:14.300203,2026-08-04T14:48:57.764674,3,probes_2025_20260804T140314-c44dde.json;probes_2025_20260804T144211-baf6e6.json;probes_2025_20260804T144857-a65442.json
views,param,param.Orientation,,,Integer,missing=0;ok=43;unreadable=0;unsupported=0,0,ok,Integer,0,Project North,0,2025,2026-08-04T14:03:14.300203,2026-08-04T14:48:57.764674,3,probes_2025_20260804T140314-c44dde.json;probes_2025_20260804T144211-baf6e6.json;probes_2025_20260804T144857-a65442.json
views,param,param.PE_01_IssueStatus,,,String,missing=0;ok=5;unreadable=0;unsupported=0,0,ok,String,,,,2025,2026-08-04T14:48:57.764674,2026-08-04T14:48:57.764674,1,probes_2025_20260804T144857-a65442.json
views,param,param.PE_01_Name,,,String,missing=0;ok=5;unreadable=0;unsupported=0,0,ok,String,,,,2025,2026-08-04T14:42:11.384534,2026-08-04T14:42:11.384534,1,probes_2025_20260804T144211-baf6e6.json
views,param,param.PE_02_IssueStatus,,,String,missing=0;ok=5;unreadable=0;unsupported=0,0,ok,String,,,,2025,2026-08-04T14:48:57.764674,2026-08-04T14:48:57.764674,1,probes_2025_20260804T144857-a65442.json
views,param,param.PE_02_Name,,,String,missing=0;ok=5;unreadable=0;unsupported=0,0,ok,String,,,,2025,2026-08-04T14:42:11.384534,2026-08-04T14:42:11.384534,1,probes_2025_20260804T144211-baf6e6.json
views,param,param.PE_03_IssueStatus,,,String,missing=0;ok=5;unreadable=0;unsupported=0,0,ok,String,,,,2025,2026-08-04T14:48:57.764674,2026-08-04T14:48:57.764674,1,probes_2025_20260804T144857-a65442.json
views,param,param.PE_03_Name,,,String,missing=0;ok=5;unreadable=0;unsupported=0,0,ok,String,,,,2025,2026-08-04T14:42:11.384534,2026-08-04T14:42:11.384534,1,probes_2025_20260804T144211-baf6e6.json
views,param,param.PE_04_IssueStatus,,,String,missing=0;ok=5;unreadable=0;unsupported=0,0,ok,String,,,,2025,2026-08-04T14:48:57.764674,2026-08-04T14:48:57.764674,1,probes_2025_20260804T144857-a65442.json
views,param,param.PE_04_Name,,,String,missing=0;ok=5;unreadable=0;unsupported=0,0,ok,String,,,,2025,2026-08-04T14:42:11.384534,2026-08-04T14:42:11.384534,1,probes_2025_20260804T144211-baf6e6.json
views,param,param.PE_05_IssueStatus,,,String,missing=0;ok=5;unreadable=0;unsupported=0,0,ok,String,,,,2025,2026-08-04T14:48:57.764674,2026-08-04T14:48:57.764674,1,probes_2025_20260804T144857-a65442.json
views,param,param.PE_05_Name,,,String,missing=0;ok=5;unreadable=0;unsupported=0,0,ok,String,,,,2025,2026-08-04T14:42:11.384534,2026-08-04T14:42:11.384534,1,probes_2025_20260804T144211-baf6e6.json
views,param,param.PE_06_IssueStatus,,,String,missing=0;ok=5;unreadable=0;unsupported=0,0,ok,String,,,,2025,2026-08-04T14:48:57.764674,2026-08-04T14:48:57.764674,1,probes_2025_20260804T144857-a65442.json
views,param,param.PE_06_Name,,,String,missing=0;ok=5;unreadable=0;unsupported=0,0,ok,String,,,,2025,2026-08-04T14:42:11.384534,2026-08-04T14:42:11.384534,1,probes_2025_20260804T144211-baf6e6.json
views,param,param.PE_07_IssueStatus,,,String,missing=0;ok=5;unreadable=0;unsupported=0,0,ok,String,,,,2025,2026-08-04T14:48:57.764674,2026-08-04T14:48:57.764674,1,probes_2025_20260804T144857-a65442.json
views,param,param.PE_07_Name,,,String,missing=0;ok=5;unreadable=0;unsupported=0,0,ok,String,,,,2025,2026-08-04T14:42:11.384534,2026-08-04T14:42:11.384534,1,probes_2025_20260804T144211-baf6e6.json
views,param,param.PE_08_Name,,,String,missing=0;ok=5;unreadable=0;unsupported=0,0,ok,String,,,,2025,2026-08-04T14:42:11.384534,2026-08-04T14:42:11.384534,1,probes_2025_20260804T144211-baf6e6.json
views,param,param.PE_09_Name,,,String,missing=0;ok=5;unreadable=0;unsupported=0,0,ok,String,,,,2025,2026-08-04T14:42:11.384534,2026-08-04T14:42:11.384534,1,probes_2025_20260804T144211-baf6e6.json
views,param,param.PE_10_Name,,,String,missing=0;ok=5;unreadable=0;unsupported=0,0,ok,String,,,,2025,2026-08-04T14:42:11.384534,2026-08-04T14:42:11.384534,1,probes_2025_20260804T144211-baf6e6.json
views,param,param.Parent View,,,ElementId,missing=0;ok=5;unreadable=0;unsupported=0,0,ok,ElementId,5100602,WALL SECTION 1C at 102.6 (4x5/6),5100602,2025,2026-08-04T14:03:14.300203,2026-08-04T14:03:14.300203,1,probes_2025_20260804T140314-c44dde.json
views,param,param.Parts Visibility,,,Integer,missing=0;ok=83;unreadable=0;unsupported=0,0,ok,Integer,1,Show Original,1,2025,2026-08-04T14:03:14.300203,2026-08-04T14:48:57.764674,3,probes_2025_20260804T140314-c44dde.json;probes_2025_20260804T144211-baf6e6.json;probes_2025_20260804T144857-a65442.json
views,param,param.Pecking Order,,,String,missing=0;ok=5;unreadable=0;unsupported=0,0,ok,String,,,,2025,2026-08-04T14:03:14.300203,2026-08-04T14:03:14.300203,1,probes_2025_20260804T140314-c44dde.json
views,param,param.Phase,,,ElementId,missing=0;ok=93;unreadable=0;unsupported=0,0,ok,ElementId,118390,New Construction,118390,2025,2026-08-04T14:03:14.300203,2026-08-04T14:48:57.764674,3,probes_2025_20260804T140314-c44dde.json;probes_2025_20260804T144211-baf6e6.json;probes_2025_20260804T144857-a65442.json
views,param,param.Phase Filter,,,ElementId,missing=0;ok=93;unreadable=0;unsupported=0,0,ok,ElementId,22797,Show All,22797,2025,2026-08-04T14:03:14.300203,2026-08-04T14:48:57.764674,3,probes_2025_20260804T140314-c44dde.json;probes_2025_20260804T144211-baf6e6.json;probes_2025_20260804T144857-a65442.json
views,param,param.PirrosID,,,String,missing=0;ok=38;unreadable=0;unsupported=0,0,ok,String,,,,2025,2026-08-04T14:42:11.384534,2026-08-04T14:42:11.384534,1,probes_2025_20260804T144211-baf6e6.json
views,param,param.PirrosInSync,,,String,missing=0;ok=38;unreadable=0;unsupported=0,0,ok,String,,,,2025,2026-08-04T14:42:11.384534,2026-08-04T14:42:11.384534,1,probes_2025_20260804T144211-baf6e6.json
views,param,param.Program Type,,,String,missing=0;ok=5;unreadable=0;unsupported=0,0,ok,String,,,,2025,2026-08-04T14:03:14.300203,2026-08-04T14:03:14.300203,1,probes_2025_20260804T140314-c44dde.json
views,param,param.Project Identification,,,String,missing=0;ok=33;unreadable=0;unsupported=0,0,ok,String,,,,2025,2026-08-04T14:42:11.384534,2026-08-04T14:42:11.384534,1,probes_2025_20260804T144211-baf6e6.json
views,param,param.Projection Mode,,,Integer,missing=0;ok=14;unreadable=0;unsupported=0,0,ok,Integer,0,Orthographic,0,2025,2026-08-04T14:03:14.300203,2026-08-04T14:48:57.764674,3,probes_2025_20260804T140314-c44dde.json;probes_2025_20260804T144211-baf6e6.json;probes_2025_20260804T144857-a65442.json
views,param,param.Range: Base Level,,,ElementId,missing=0;ok=43;unreadable=0;unsupported=0,0,ok,ElementId,,,,2025,2026-08-04T14:03:14.300203,2026-08-04T14:48:57.764674,3,probes_2025_20260804T140314-c44dde.json;probes_2025_20260804T144211-baf6e6.json;probes_2025_20260804T144857-a65442.json
views,param,param.Range: Top Level,,,ElementId,missing=0;ok=43;unreadable=0;unsupported=0,0,ok,ElementId,,,,2025,2026-08-04T14:03:14.300203,2026-08-04T14:48:57.764674,3,probes_2025_20260804T140314-c44dde.json;probes_2025_20260804T144211-baf6e6.json;probes_2025_20260804T144857-a65442.json
views,param,param.Reference Label,,,String,missing=0;ok=11;unreadable=0;unsupported=0,0,ok,String,,,,2025,2026-08-04T14:03:14.300203,2026-08-04T14:48:57.764674,3,probes_2025_20260804T140314-c44dde.json;probes_2025_20260804T144211-baf6e6.json;probes_2025_20260804T144857-a65442.json
views,param,param.Referencing Detail,,,String,missing=0;ok=99;unreadable=0;unsupported=0,0,ok,String,,,,2025,2026-08-04T14:03:14.300203,2026-08-04T14:48:57.764674,3,probes_2025_20260804T140314-c44dde.json;probes_2025_20260804T144211-baf6e6.json;probes_2025_20260804T144857-a65442.json
views,param,param.Referencing Sheet,,,String,missing=0;ok=99;unreadable=0;unsupported=0,0,ok,String,,,,2025,2026-08-04T14:03:14.300203,2026-08-04T14:48:57.764674,3,probes_2025_20260804T140314-c44dde.json;probes_2025_20260804T144211-baf6e6.json;probes_2025_20260804T144857-a65442.json
views,param,param.Referencing Sheet Collection,,,ElementId,missing=0;ok=99;unreadable=0;unsupported=0,0,ok,ElementId,,,,2025,2026-08-04T14:03:14.300203,2026-08-04T14:48:57.764674,3,probes_2025_20260804T140314-c44dde.json;probes_2025_20260804T144211-baf6e6.json;probes_2025_20260804T144857-a65442.json
views,param,param.Rendering Settings,,,0,missing=0;ok=0;unreadable=0;unsupported=14,0,unsupported,0,,,,2025,2026-08-04T14:03:14.300203,2026-08-04T14:48:57.764674,3,probes_2025_20260804T140314-c44dde.json;probes_2025_20260804T144211-baf6e6.json;probes_2025_20260804T144857-a65442.json
views,param,param.Revisions on Sheet,,,0,missing=0;ok=0;unreadable=0;unsupported=15,0,unsupported,0,,,,2025,2026-08-04T14:03:14.300203,2026-08-04T14:48:57.764674,3,probes_2025_20260804T140314-c44dde.json;probes_2025_20260804T144211-baf6e6.json;probes_2025_20260804T144857-a65442.json
views,param,param.Room Association,,,String,missing=0;ok=50;unreadable=0;unsupported=0,0,ok,String,,,,2025,2026-08-04T14:48:57.764674,2026-08-04T14:48:57.764674,1,probes_2025_20260804T144857-a65442.json
views,param,param.Rotation on Sheet,,,Integer,missing=0;ok=58;unreadable=0;unsupported=0,0,ok,Integer,0,None,0,2025,2026-08-04T14:03:14.300203,2026-08-04T14:48:57.764674,3,probes_2025_20260804T140314-c44dde.json;probes_2025_20260804T144211-baf6e6.json;probes_2025_20260804T144857-a65442.json
views,param,param.SR View Calculation Settings,,,String,missing=0;ok=153;unreadable=0;unsupported=0,0,ok,String,,,,2025,2026-08-04T14:03:14.300203,2026-08-04T14:48:57.764674,3,probes_2025_20260804T140314-c44dde.json;probes_2025_20260804T144211-baf6e6.json;probes_2025_20260804T144857-a65442.json
views,param,param.STS Discipline,,,String,missing=0;ok=5;unreadable=0;unsupported=0,0,ok,String,,,,2025,2026-08-04T14:48:57.764674,2026-08-04T14:48:57.764674,1,probes_2025_20260804T144857-a65442.json
views,param,param.STS Major Discipline,,,String,missing=0;ok=5;unreadable=0;unsupported=0,0,ok,String,,,,2025,2026-08-04T14:48:57.764674,2026-08-04T14:48:57.764674,1,probes_2025_20260804T144857-a65442.json
views,param,param.Scale,,,String,missing=0;ok=15;unreadable=0;unsupported=0,0,ok,String, , , ,2025,2026-08-04T14:03:14.300203,2026-08-04T14:48:57.764674,3,probes_2025_20260804T140314-c44dde.json;probes_2025_20260804T144211-baf6e6.json;probes_2025_20260804T144857-a65442.json
views,param,param.Scale Value    1:,,,Integer,missing=0;ok=114;unreadable=0;unsupported=0,0,ok,Integer,96,96,96,2025,2026-08-04T14:03:14.300203,2026-08-04T14:48:57.764674,3,probes_2025_20260804T140314-c44dde.json;probes_2025_20260804T144211-baf6e6.json;probes_2025_20260804T144857-a65442.json
views,param,param.Scope Box,,,ElementId,missing=0;ok=83;unreadable=0;unsupported=0,0,ok,ElementId,,,,2025,2026-08-04T14:03:14.300203,2026-08-04T14:48:57.764674,3,probes_2025_20260804T140314-c44dde.json;probes_2025_20260804T144211-baf6e6.json;probes_2025_20260804T144857-a65442.json
views,param,param.Section Box,,,Integer,missing=0;ok=14;unreadable=0;unsupported=0,0,ok,Integer,1,Yes,1,2025,2026-08-04T14:03:14.300203,2026-08-04T14:48:57.764674,3,probes_2025_20260804T140314-c44dde.json;probes_2025_20260804T144211-baf6e6.json;probes_2025_20260804T144857-a65442.json
views,param,param.Sheet Classification,,,String,missing=0;ok=10;unreadable=0;unsupported=0,0,ok,String,~1779 Sheet Warehouse,~1779 Sheet Warehouse,~1779 Sheet Warehouse,2025,2026-08-04T14:42:11.384534,2026-08-04T14:48:57.764674,2,probes_2025_20260804T144211-baf6e6.json;probes_2025_20260804T144857-a65442.json
views,param,param.Sheet Collection,,,ElementId,missing=0;ok=73;unreadable=0;unsupported=0,0,ok,ElementId,,,,2025,2026-08-04T14:03:14.300203,2026-08-04T14:48:57.764674,3,probes_2025_20260804T140314-c44dde.json;probes_2025_20260804T144211-baf6e6.json;probes_2025_20260804T144857-a65442.json
views,param,param.Sheet Discipline,,,String,missing=0;ok=5;unreadable=0;unsupported=0,0,ok,String,,,,2025,2026-08-04T14:42:11.384534,2026-08-04T14:42:11.384534,1,probes_2025_20260804T144211-baf6e6.json
views,param,param.Sheet Discipline #,,,String,missing=0;ok=33;unreadable=0;unsupported=0,0,ok,String,,,,2025,2026-08-04T14:42:11.384534,2026-08-04T14:42:11.384534,1,probes_2025_20260804T144211-baf6e6.json
views,param,param.Sheet Issue Date,,,String,missing=0;ok=15;unreadable=0;unsupported=0,0,ok,String,04/24/12,04/24/12,04/24/12,2025,2026-08-04T14:03:14.300203,2026-08-04T14:48:57.764674,3,probes_2025_20260804T140314-c44dde.json;probes_2025_20260804T144211-baf6e6.json;probes_2025_20260804T144857-a65442.json
views,param,param.Sheet Name,,,String,missing=0;ok=73;unreadable=0;unsupported=0,0,ok,String,LEVEL 1 FLOOR PLAN,LEVEL 1 FLOOR PLAN,LEVEL 1 FLOOR PLAN,2025,2026-08-04T14:03:14.300203,2026-08-04T14:48:57.764674,3,probes_2025_20260804T140314-c44dde.json;probes_2025_20260804T144211-baf6e6.json;probes_2025_20260804T144857-a65442.json
views,param,param.Sheet Number,,,String,missing=0;ok=73;unreadable=0;unsupported=0,0,ok,String,1-A101,1-A101,1-A101,2025,2026-08-04T14:03:14.300203,2026-08-04T14:48:57.764674,3,probes_2025_20260804T140314-c44dde.json;probes_2025_20260804T144211-baf6e6.json;probes_2025_20260804T144857-a65442.json
views,param,param.Sheet Number Of,,,Double,missing=0;ok=10;unreadable=0;unsupported=0,0,ok,Double,0.0,0,0.0,2025,2026-08-04T14:42:11.384534,2026-08-04T14:48:57.764674,2,probes_2025_20260804T144211-baf6e6.json;probes_2025_20260804T144857-a65442.json
views,param,param.Sheet Series #,,,String,missing=0;ok=33;unreadable=0;unsupported=0,0,ok,String,,,,2025,2026-08-04T14:42:11.384534,2026-08-04T14:42:11.384534,1,probes_2025_20260804T144211-baf6e6.json
views,param,param.Sheet Sub-Classification,,,String,missing=0;ok=10;unreadable=0;unsupported=0,0,ok,String,1779_Project Support,1779_Project Support,1779_Project Support,2025,2026-08-04T14:42:11.384534,2026-08-04T14:48:57.764674,2,probes_2025_20260804T144211-baf6e6.json;probes_2025_20260804T144857-a65442.json
views,param,param.Sheet- Category,,,String,missing=0;ok=5;unreadable=0;unsupported=0,0,ok,String,,,,2025,2026-08-04T14:42:11.384534,2026-08-04T14:42:11.384534,1,probes_2025_20260804T144211-baf6e6.json
views,param,param.Sheet- Subcategory,,,String,missing=0;ok=5;unreadable=0;unsupported=0,0,ok,String,,,,2025,2026-08-04T14:42:11.384534,2026-08-04T14:42:11.384534,1,probes_2025_20260804T144211-baf6e6.json
views,param,param.Show Grids,,,0,missing=0;ok=0;unreadable=0;unsupported=14,0,unsupported,0,,,,2025,2026-08-04T14:03:14.300203,2026-08-04T14:48:57.764674,3,probes_2025_20260804T140314-c44dde.json;probes_2025_20260804T144211-baf6e6.json;probes_2025_20260804T144857-a65442.json
views,param,param.Show Hidden Lines,,,Integer,missing=0;ok=78;unreadable=0;unsupported=0,0,ok,Integer,1,By Discipline,1,2025,2026-08-04T14:03:14.300203,2026-08-04T14:48:57.764674,3,probes_2025_20260804T140314-c44dde.json;probes_2025_20260804T144211-baf6e6.json;probes_2025_20260804T144857-a65442.json
views,param,param.Show in,,,Integer,missing=0;ok=5;unreadable=0;unsupported=0,0,ok,Integer,1,Parent View Only,1,2025,2026-08-04T14:03:14.300203,2026-08-04T14:03:14.300203,1,probes_2025_20260804T140314-c44dde.json
views,param,param.Sketch Reference Sheet,,,String,missing=0;ok=10;unreadable=0;unsupported=0,0,ok,String,,,,2025,2026-08-04T14:42:11.384534,2026-08-04T14:48:57.764674,2,probes_2025_20260804T144211-baf6e6.json;probes_2025_20260804T144857-a65442.json
views,param,param.Sketch Submission Description,,,String,missing=0;ok=10;unreadable=0;unsupported=0,0,ok,String,,,,2025,2026-08-04T14:42:11.384534,2026-08-04T14:48:57.764674,2,probes_2025_20260804T144211-baf6e6.json;probes_2025_20260804T144857-a65442.json
views,param,param.Sorting/Grouping,,,0,missing=0;ok=0;unreadable=0;unsupported=15,0,unsupported,0,,,,2025,2026-08-04T14:03:14.300203,2026-08-04T14:48:57.764674,3,probes_2025_20260804T140314-c44dde.json;probes_2025_20260804T144211-baf6e6.json;probes_2025_20260804T144857-a65442.json
views,param,param.Stantec Project Number,,,String,missing=0;ok=5;unreadable=0;unsupported=0,0,ok,String,,,,2025,2026-08-04T14:48:57.764674,2026-08-04T14:48:57.764674,1,probes_2025_20260804T144857-a65442.json
views,param,param.Sun Path,,,Integer,missing=0;ok=83;unreadable=0;unsupported=0,0,ok,Integer,0,No,0,2025,2026-08-04T14:03:14.300203,2026-08-04T14:48:57.764674,3,probes_2025_20260804T140314-c44dde.json;probes_2025_20260804T144211-baf6e6.json;probes_2025_20260804T144857-a65442.json
views,param,param.System Color Schemes,,,0,missing=0;ok=0;unreadable=0;unsupported=29,0,unsupported,0,,,,2025,2026-08-04T14:03:14.300203,2026-08-04T14:48:57.764674,3,probes_2025_20260804T140314-c44dde.json;probes_2025_20260804T144211-baf6e6.json;probes_2025_20260804T144857-a65442.json
views,param,param.Target Elevation,,,Double,missing=0;ok=14;unreadable=0;unsupported=0,0,ok,Double,22.249999999999996,"22'-3""",266.99999999999994,2025,2026-08-04T14:03:14.300203,2026-08-04T14:48:57.764674,3,probes_2025_20260804T140314-c44dde.json;probes_2025_20260804T144211-baf6e6.json;probes_2025_20260804T144857-a65442.json
views,param,param.Title on Sheet,,,String,missing=0;ok=119;unreadable=0;unsupported=0,0,ok,String,ENLARGED DOOR PLAN,ENLARGED DOOR PLAN,ENLARGED DOOR PLAN,2025,2026-08-04T14:03:14.300203,2026-08-04T14:48:57.764674,3,probes_2025_20260804T140314-c44dde.json;probes_2025_20260804T144211-baf6e6.json;probes_2025_20260804T144857-a65442.json
views,param,param.Underlay Orientation,,,Integer,missing=0;ok=43;unreadable=0;unsupported=0,0,ok,Integer,0,Look down,0,2025,2026-08-04T14:03:14.300203,2026-08-04T14:48:57.764674,3,probes_2025_20260804T140314-c44dde.json;probes_2025_20260804T144211-baf6e6.json;probes_2025_20260804T144857-a65442.json
views,param,param.VIEWS_Package,,,String,missing=0;ok=28;unreadable=0;unsupported=0,0,ok,String,,,,2025,2026-08-04T14:42:11.384534,2026-08-04T14:42:11.384534,1,probes_2025_20260804T144211-baf6e6.json
views,param,param.VIEWS_View Type,,,String,missing=0;ok=28;unreadable=0;unsupported=0,0,ok,String,,,,2025,2026-08-04T14:42:11.384534,2026-08-04T14:42:11.384534,1,probes_2025_20260804T144211-baf6e6.json
views,param,param.VWS Created By,,,String,missing=0;ok=40;unreadable=0;unsupported=0,0,ok,String,,,,2025,2026-08-04T14:48:57.764674,2026-08-04T14:48:57.764674,1,probes_2025_20260804T144857-a65442.json
views,param,param.VWS Type,,,String,missing=0;ok=40;unreadable=0;unsupported=0,0,ok,String,,,,2025,2026-08-04T14:48:57.764674,2026-08-04T14:48:57.764674,1,probes_2025_20260804T144857-a65442.json
views,param,param.VWS Use,,,String,missing=0;ok=40;unreadable=0;unsupported=0,0,ok,String,,,,2025,2026-08-04T14:48:57.764674,2026-08-04T14:48:57.764674,1,probes_2025_20260804T144857-a65442.json
views,param,param.View Classification,,,String,missing=0;ok=78;unreadable=0;unsupported=0,0,ok,String,~Do Not Rename,~Do Not Rename,~Do Not Rename,2025,2026-08-04T14:42:11.384534,2026-08-04T14:48:57.764674,2,probes_2025_20260804T144211-baf6e6.json;probes_2025_20260804T144857-a65442.json
views,param,param.View Creator Abbreviation,,,String,missing=0;ok=45;unreadable=0;unsupported=0,0,ok,String,,,,2025,2026-08-04T14:03:14.300203,2026-08-04T14:03:14.300203,1,probes_2025_20260804T140314-c44dde.json
views,param,param.View Name,,,String,missing=0;ok=134;unreadable=0;unsupported=0,0,ok,String,LEVEL 1 PLAN,LEVEL 1 PLAN,LEVEL 1 PLAN,2025,2026-08-04T14:03:14.300203,2026-08-04T14:48:57.764674,3,probes_2025_20260804T140314-c44dde.json;probes_2025_20260804T144211-baf6e6.json;probes_2025_20260804T144857-a65442.json
views,param,param.View Prefix,,,String,missing=0;ok=45;unreadable=0;unsupported=0,0,ok,String,,,,2025,2026-08-04T14:03:14.300203,2026-08-04T14:03:14.300203,1,probes_2025_20260804T140314-c44dde.json
views,param,param.View Range,,,0,missing=0;ok=0;unreadable=0;unsupported=43,0,unsupported,0,,,,2025,2026-08-04T14:03:14.300203,2026-08-04T14:48:57.764674,3,probes_2025_20260804T140314-c44dde.json;probes_2025_20260804T144211-baf6e6.json;probes_2025_20260804T144857-a65442.json
views,param,param.View Scale,,,Integer,missing=0;ok=114;unreadable=0;unsupported=0,0,ok,Integer,96," 1/8"" = 1'-0"" ",96,2025,2026-08-04T14:03:14.300203,2026-08-04T14:48:57.764674,3,probes_2025_20260804T140314-c44dde.json;probes_2025_20260804T144211-baf6e6.json;probes_2025_20260804T144857-a65442.json
views,param,param.View Sheet Group,,,String,missing=0;ok=28;unreadable=0;unsupported=0,0,ok,String,,,,2025,2026-08-04T14:42:11.384534,2026-08-04T14:42:11.384534,1,probes_2025_20260804T144211-baf6e6.json
views,param,param.View Sorting,,,String,missing=0;ok=40;unreadable=0;unsupported=0,0,ok,String,,,,2025,2026-08-04T14:48:57.764674,2026-08-04T14:48:57.764674,1,probes_2025_20260804T144857-a65442.json
views,param,param.View Sub-Classification,,,String,missing=0;ok=78;unreadable=0;unsupported=0,0,ok,String,~Coordination,~Coordination,~Coordination,2025,2026-08-04T14:42:11.384534,2026-08-04T14:48:57.764674,2,probes_2025_20260804T144211-baf6e6.json;probes_2025_20260804T144857-a65442.json
views,param,param.View Sub-Discipline,,,String,missing=0;ok=68;unreadable=0;unsupported=0,0,ok,String,,,,2025,2026-08-04T14:42:11.384534,2026-08-04T14:48:57.764674,2,probes_2025_20260804T144211-baf6e6.json;probes_2025_20260804T144857-a65442.json
views,param,param.View Template,,,ElementId,missing=0;ok=128;unreadable=0;unsupported=0,0,ok,ElementId,2812885,Floor Plan - Area,2812885,2025,2026-08-04T14:03:14.300203,2026-08-04T14:48:57.764674,3,probes_2025_20260804T140314-c44dde.json;probes_2025_20260804T144211-baf6e6.json;probes_2025_20260804T144857-a65442.json
views,param,param.View Type,,,String,missing=0;ok=28;unreadable=0;unsupported=0,0,ok,String,,,,2025,2026-08-04T14:42:11.384534,2026-08-04T14:42:11.384534,1,probes_2025_20260804T144211-baf6e6.json
views,param,param.View Unplaced Name,,,String,missing=0;ok=45;unreadable=0;unsupported=0,0,ok,String,,,,2025,2026-08-04T14:03:14.300203,2026-08-04T14:03:14.300203,1,probes_2025_20260804T140314-c44dde.json
views,param,param.View Usage,,,String,missing=0;ok=45;unreadable=0;unsupported=0,0,ok,String,,,,2025,2026-08-04T14:03:14.300203,2026-08-04T14:03:14.300203,1,probes_2025_20260804T140314-c44dde.json
views,param,param.Visibility/Graphics Overrides,,,0,missing=0;ok=0;unreadable=0;unsupported=135,0,unsupported,0,,,,2025,2026-08-04T14:03:14.300203,2026-08-04T14:48:57.764674,3,probes_2025_20260804T140314-c44dde.json;probes_2025_20260804T144211-baf6e6.json;probes_2025_20260804T144857-a65442.json
views,param,param.Visible In Option,,,ElementId,missing=0;ok=30;unreadable=0;unsupported=0,0,ok,ElementId,,,,2025,2026-08-04T14:03:14.300203,2026-08-04T14:03:14.300203,1,probes_2025_20260804T140314-c44dde.json
views,param,param.Visual Style,,,Integer,missing=0;ok=15;unreadable=0;unsupported=0,0,ok,Integer,2,Hidden Line,2,2025,2026-08-04T14:03:14.300203,2026-08-04T14:48:57.764674,3,probes_2025_20260804T140314-c44dde.json;probes_2025_20260804T144211-baf6e6.json;probes_2025_20260804T144857-a65442.json
views,param,param.Volume Number / Description,,,String,missing=0;ok=5;unreadable=0;unsupported=0,0,ok,String,,,,2025,2026-08-04T14:42:11.384534,2026-08-04T14:42:11.384534,1,probes_2025_20260804T144211-baf6e6.json
views,param,param.Wall Join Display,,,Integer,missing=0;ok=43;unreadable=0;unsupported=0,0,ok,Integer,0,Clean all wall joins,0,2025,2026-08-04T14:03:14.300203,2026-08-04T14:48:57.764674,3,probes_2025_20260804T140314-c44dde.json;probes_2025_20260804T144211-baf6e6.json;probes_2025_20260804T144857-a65442.json
views,param,param.Workset,,,Integer,missing=0;ok=149;unreadable=0;unsupported=0,0,ok,Integer,163,"View ""Floor Plan: LEVEL 1 PLAN""",163,2025,2026-08-04T14:03:14.300203,2026-08-04T14:48:57.764674,3,probes_2025_20260804T140314-c44dde.json;probes_2025_20260804T144211-baf6e6.json;probes_2025_20260804T144857-a65442.json
views,param,param._Not_To_Scale_Text,,,String,missing=0;ok=10;unreadable=0;unsupported=0,0,ok,String,,,,2025,2026-08-04T14:42:11.384534,2026-08-04T14:48:57.764674,2,probes_2025_20260804T144211-baf6e6.json;probes_2025_20260804T144857-a65442.json
views,param,param.by Drawing Type,,,String,missing=0;ok=45;unreadable=0;unsupported=0,0,ok,String,,,,2025,2026-08-04T14:03:14.300203,2026-08-04T14:03:14.300203,1,probes_2025_20260804T140314-c44dde.json
views,param,param.seq1,,,String,missing=0;ok=5;unreadable=0;unsupported=0,0,ok,String,,,,2025,2026-08-04T14:03:14.300203,2026-08-04T14:03:14.300203,1,probes_2025_20260804T140314-c44dde.json
views,param,param.seq2,,,String,missing=0;ok=5;unreadable=0;unsupported=0,0,ok,String,,,,2025,2026-08-04T14:03:14.300203,2026-08-04T14:03:14.300203,1,probes_2025_20260804T140314-c44dde.json
views,param,param.seq3,,,String,missing=0;ok=5;unreadable=0;unsupported=0,0,ok,String,,,,2025,2026-08-04T14:03:14.300203,2026-08-04T14:03:14.300203,1,probes_2025_20260804T140314-c44dde.json
views,param,param.seq4,,,String,missing=0;ok=5;unreadable=0;unsupported=0,0,ok,String,,,,2025,2026-08-04T14:03:14.300203,2026-08-04T14:03:14.300203,1,probes_2025_20260804T140314-c44dde.json
views,param,param.seq5,,,String,missing=0;ok=5;unreadable=0;unsupported=0,0,ok,String,,,,2025,2026-08-04T14:03:14.300203,2026-08-04T14:03:14.300203,1,probes_2025_20260804T140314-c44dde.json
views,param,param.seq6,,,String,missing=0;ok=5;unreadable=0;unsupported=0,0,ok,String,,,,2025,2026-08-04T14:03:14.300203,2026-08-04T14:03:14.300203,1,probes_2025_20260804T140314-c44dde.json
views,param,param.seq7,,,String,missing=0;ok=5;unreadable=0;unsupported=0,0,ok,String,,,,2025,2026-08-04T14:03:14.300203,2026-08-04T14:03:14.300203,1,probes_2025_20260804T140314-c44dde.json
views,param,param.seq8,,,String,missing=0;ok=5;unreadable=0;unsupported=0,0,ok,String,,,,2025,2026-08-04T14:03:14.300203,2026-08-04T14:03:14.300203,1,probes_2025_20260804T140314-c44dde.json
views,param,param.zzOn_Sheet_Flag,,,Integer,missing=0;ok=45;unreadable=0;unsupported=0,0,ok,Integer,0,0,0,2025,2026-08-04T14:03:14.300203,2026-08-04T14:03:14.300203,1,probes_2025_20260804T140314-c44dde.json
views,param,view.is_callout,,,Integer,missing=0;ok=149;unreadable=0;unsupported=0,0,ok,Integer,0,False,0,2025,2026-08-04T14:03:14.300203,2026-08-04T14:48:57.764674,3,probes_2025_20260804T140314-c44dde.json;probes_2025_20260804T144211-baf6e6.json;probes_2025_20260804T144857-a65442.json
views,param,view.is_dependent,,,Integer,missing=0;ok=149;unreadable=0;unsupported=0,0,ok,Integer,0,False,0,2025,2026-08-04T14:03:14.300203,2026-08-04T14:48:57.764674,3,probes_2025_20260804T140314-c44dde.json;probes_2025_20260804T144211-baf6e6.json;probes_2025_20260804T144857-a65442.json
views,param,view.is_schedule,,,Integer,missing=0;ok=149;unreadable=0;unsupported=0,0,ok,Integer,0,False,0,2025,2026-08-04T14:03:14.300203,2026-08-04T14:48:57.764674,3,probes_2025_20260804T140314-c44dde.json;probes_2025_20260804T144211-baf6e6.json;probes_2025_20260804T144857-a65442.json
views,param,view.is_sheet,,,Integer,missing=0;ok=149;unreadable=0;unsupported=0,0,ok,Integer,0,False,0,2025,2026-08-04T14:03:14.300203,2026-08-04T14:48:57.764674,3,probes_2025_20260804T140314-c44dde.json;probes_2025_20260804T144211-baf6e6.json;probes_2025_20260804T144857-a65442.json
views,param,view.is_titleblock_revision_schedule,,,Integer,missing=0;ok=15;unreadable=0;unsupported=0,0,ok,Integer,0,False,0,2025,2026-08-04T14:03:14.300203,2026-08-04T14:48:57.764674,3,probes_2025_20260804T140314-c44dde.json;probes_2025_20260804T144211-baf6e6.json;probes_2025_20260804T144857-a65442.json
views,param,view.sheet_number,,,String,missing=0;ok=15;unreadable=0;unsupported=0,0,ok,String,000,000,000,2025,2026-08-04T14:03:14.300203,2026-08-04T14:48:57.764674,3,probes_2025_20260804T140314-c44dde.json;probes_2025_20260804T144211-baf6e6.json;probes_2025_20260804T144857-a65442.json
views,param,viewtype.1.collector_count,,,Integer,missing=0;ok=3;unreadable=0;unsupported=0,0,ok,Integer,113,113,113,2025,2026-08-04T14:03:14.300203,2026-08-04T14:48:57.764674,3,probes_2025_20260804T140314-c44dde.json;probes_2025_20260804T144211-baf6e6.json;probes_2025_20260804T144857-a65442.json
views,param,viewtype.10.collector_count,,,Integer,missing=0;ok=3;unreadable=0;unsupported=0,0,ok,Integer,91,91,91,2025,2026-08-04T14:03:14.300203,2026-08-04T14:48:57.764674,3,probes_2025_20260804T140314-c44dde.json;probes_2025_20260804T144211-baf6e6.json;probes_2025_20260804T144857-a65442.json
views,param,viewtype.11.collector_count,,,Integer,missing=0;ok=3;unreadable=0;unsupported=0,0,ok,Integer,42,42,42,2025,2026-08-04T14:03:14.300203,2026-08-04T14:48:57.764674,3,probes_2025_20260804T140314-c44dde.json;probes_2025_20260804T144211-baf6e6.json;probes_2025_20260804T144857-a65442.json
views,param,viewtype.116.collector_count,,,Integer,missing=0;ok=3;unreadable=0;unsupported=0,0,ok,Integer,20,20,20,2025,2026-08-04T14:03:14.300203,2026-08-04T14:48:57.764674,3,probes_2025_20260804T140314-c44dde.json;probes_2025_20260804T144211-baf6e6.json;probes_2025_20260804T144857-a65442.json
views,param,viewtype.117.collector_count,,,Integer,missing=0;ok=2;unreadable=0;unsupported=0,0,ok,Integer,59,59,59,2025,2026-08-04T14:03:14.300203,2026-08-04T14:48:57.764674,2,probes_2025_20260804T140314-c44dde.json;probes_2025_20260804T144857-a65442.json
views,param,viewtype.118.collector_count,,,Integer,missing=0;ok=1;unreadable=0;unsupported=0,0,ok,Integer,67,67,67,2025,2026-08-04T14:03:14.300203,2026-08-04T14:03:14.300203,1,probes_2025_20260804T140314-c44dde.json
views,param,viewtype.12.collector_count,,,Integer,missing=0;ok=3;unreadable=0;unsupported=0,0,ok,Integer,1,1,1,2025,2026-08-04T14:03:14.300203,2026-08-04T14:48:57.764674,3,probes_2025_20260804T140314-c44dde.json;probes_2025_20260804T144211-baf6e6.json;probes_2025_20260804T144857-a65442.json
views,param,viewtype.2.collector_count,,,Integer,missing=0;ok=3;unreadable=0;unsupported=0,0,ok,Integer,19,19,19,2025,2026-08-04T14:03:14.300203,2026-08-04T14:48:57.764674,3,probes_2025_20260804T140314-c44dde.json;probes_2025_20260804T144211-baf6e6.json;probes_2025_20260804T144857-a65442.json
views,param,viewtype.3.collector_count,,,Integer,missing=0;ok=3;unreadable=0;unsupported=0,0,ok,Integer,102,102,102,2025,2026-08-04T14:03:14.300203,2026-08-04T14:48:57.764674,3,probes_2025_20260804T140314-c44dde.json;probes_2025_20260804T144211-baf6e6.json;probes_2025_20260804T144857-a65442.json
views,param,viewtype.4.collector_count,,,Integer,missing=0;ok=3;unreadable=0;unsupported=0,0,ok,Integer,8,8,8,2025,2026-08-04T14:03:14.300203,2026-08-04T14:48:57.764674,3,probes_2025_20260804T140314-c44dde.json;probes_2025_20260804T144211-baf6e6.json;probes_2025_20260804T144857-a65442.json
views,param,viewtype.5.collector_count,,,Integer,missing=0;ok=3;unreadable=0;unsupported=0,0,ok,Integer,127,127,127,2025,2026-08-04T14:03:14.300203,2026-08-04T14:48:57.764674,3,probes_2025_20260804T140314-c44dde.json;probes_2025_20260804T144211-baf6e6.json;probes_2025_20260804T144857-a65442.json
views,param,viewtype.6.collector_count,,,Integer,missing=0;ok=3;unreadable=0;unsupported=0,0,ok,Integer,266,266,266,2025,2026-08-04T14:03:14.300203,2026-08-04T14:48:57.764674,3,probes_2025_20260804T140314-c44dde.json;probes_2025_20260804T144211-baf6e6.json;probes_2025_20260804T144857-a65442.json
views,param,viewtype.7.collector_count,,,Integer,missing=0;ok=3;unreadable=0;unsupported=0,0,ok,Integer,1,1,1,2025,2026-08-04T14:03:14.300203,2026-08-04T14:48:57.764674,3,probes_2025_20260804T140314-c44dde.json;probes_2025_20260804T144211-baf6e6.json;probes_2025_20260804T144857-a65442.json
views,reflection,refl.View.AllowsAnalysisDisplay,method,View,,,3,ok,String,<method not invoked>,<method not invoked>,<method not invoked>,2025,2026-08-04T14:03:14.300203,2026-08-04T14:48:57.764674,3,probes_2025_20260804T140314-c44dde.json;probes_2025_20260804T144211-baf6e6.json;probes_2025_20260804T144857-a65442.json
views,reflection,refl.View.AnalysisDisplayStyleId,property,View,,,3,ok,ElementId,-1,-1,-1,2025,2026-08-04T14:03:14.300203,2026-08-04T14:48:57.764674,3,probes_2025_20260804T140314-c44dde.json;probes_2025_20260804T144211-baf6e6.json;probes_2025_20260804T144857-a65442.json
views,reflection,refl.View.AreAnalyticalModelCategoriesHidden,property,View,,,6,ok,Integer,0,False,0,2025,2026-08-04T14:03:14.300203,2026-08-04T14:48:57.764674,3,probes_2025_20260804T140314-c44dde.json;probes_2025_20260804T144211-baf6e6.json;probes_2025_20260804T144857-a65442.json
views,reflection,refl.View.AreAnnotationCategoriesHidden,property,View,,,4,ok,Integer,0,False,0,2025,2026-08-04T14:03:14.300203,2026-08-04T14:48:57.764674,3,probes_2025_20260804T140314-c44dde.json;probes_2025_20260804T144211-baf6e6.json;probes_2025_20260804T144857-a65442.json
views,reflection,refl.View.AreCoordinationModelHandlesHidden,property,View,,,3,ok,Integer,0,False,0,2025,2026-08-04T14:03:14.300203,2026-08-04T14:48:57.764674,3,probes_2025_20260804T140314-c44dde.json;probes_2025_20260804T144211-baf6e6.json;probes_2025_20260804T144857-a65442.json
views,reflection,refl.View.AreGraphicsOverridesAllowed,method,View,,,3,ok,String,<method not invoked>,<method not invoked>,<method not invoked>,2025,2026-08-04T14:03:14.300203,2026-08-04T14:48:57.764674,3,probes_2025_20260804T140314-c44dde.json;probes_2025_20260804T144211-baf6e6.json;probes_2025_20260804T144857-a65442.json
views,reflection,refl.View.AreImportCategoriesHidden,property,View,,,5,ok,Integer,0,False,0,2025,2026-08-04T14:03:14.300203,2026-08-04T14:48:57.764674,3,probes_2025_20260804T140314-c44dde.json;probes_2025_20260804T144211-baf6e6.json;probes_2025_20260804T144857-a65442.json
views,reflection,refl.View.AreModelCategoriesHidden,property,View,,,3,ok,Integer,0,False,0,2025,2026-08-04T14:03:14.300203,2026-08-04T14:48:57.764674,3,probes_2025_20260804T140314-c44dde.json;probes_2025_20260804T144211-baf6e6.json;probes_2025_20260804T144857-a65442.json
views,reflection,refl.View.ArePhasesModifiable,method,View,,,3,ok,String,<method not invoked>,<method not invoked>,<method not invoked>,2025,2026-08-04T14:03:14.300203,2026-08-04T14:48:57.764674,3,probes_2025_20260804T140314-c44dde.json;probes_2025_20260804T144211-baf6e6.json;probes_2025_20260804T144857-a65442.json
views,reflection,refl.View.ArePointCloudsHidden,property,View,,,3,ok,Integer,0,False,0,2025,2026-08-04T14:03:14.300203,2026-08-04T14:48:57.764674,3,probes_2025_20260804T140314-c44dde.json;probes_2025_20260804T144211-baf6e6.json;probes_2025_20260804T144857-a65442.json
views,reflection,refl.View.AreaScheme,property,View,,,3,missing,None,,,,2025,2026-08-04T14:03:14.300203,2026-08-04T14:48:57.764674,3,probes_2025_20260804T140314-c44dde.json;probes_2025_20260804T144211-baf6e6.json;probes_2025_20260804T144857-a65442.json
views,reflection,refl.View.AssemblyInstanceId,property,View,,,3,ok,ElementId,-1,-1,-1,2025,2026-08-04T14:03:14.300203,2026-08-04T14:48:57.764674,3,probes_2025_20260804T140314-c44dde.json;probes_2025_20260804T144211-baf6e6.json;probes_2025_20260804T144857-a65442.json
views,reflection,refl.View.AssociatedAssemblyInstanceId,property,View,,,3,ok,ElementId,-1,-1,-1,2025,2026-08-04T14:03:14.300203,2026-08-04T14:48:57.764674,3,probes_2025_20260804T140314-c44dde.json;probes_2025_20260804T144211-baf6e6.json;probes_2025_20260804T144857-a65442.json
views,reflection,refl.View.BodyTextTypeId,property,View,,,4,ok,ElementId,10352,10352,10352,2025,2026-08-04T14:03:14.300203,2026-08-04T14:48:57.764674,3,probes_2025_20260804T140314-c44dde.json;probes_2025_20260804T144211-baf6e6.json;probes_2025_20260804T144857-a65442.json
views,reflection,refl.View.CanBeLocked,method,View,,,3,ok,String,<method not invoked>,<method not invoked>,<method not invoked>,2025,2026-08-04T14:03:14.300203,2026-08-04T14:48:57.764674,3,probes_2025_20260804T140314-c44dde.json;probes_2025_20260804T144211-baf6e6.json;probes_2025_20260804T144857-a65442.json
views,reflection,refl.View.CanBePrinted,property,View,,,6,ok,Integer,1,True,1,2025,2026-08-04T14:03:14.300203,2026-08-04T14:48:57.764674,3,probes_2025_20260804T140314-c44dde.json;probes_2025_20260804T144211-baf6e6.json;probes_2025_20260804T144857-a65442.json
views,reflection,refl.View.CanEnableTemporaryViewPropertiesMode,method,View,,,3,ok,String,<method not invoked>,<method not invoked>,<method not invoked>,2025,2026-08-04T14:03:14.300203,2026-08-04T14:48:57.764674,3,probes_2025_20260804T140314-c44dde.json;probes_2025_20260804T144211-baf6e6.json;probes_2025_20260804T144857-a65442.json
views,reflection,refl.View.CanHaveTypeAssigned,method,View,,,3,ok,String,<method not invoked>,<method not invoked>,<method not invoked>,2025,2026-08-04T14:03:14.300203,2026-08-04T14:48:57.764674,3,probes_2025_20260804T140314-c44dde.json;probes_2025_20260804T144211-baf6e6.json;probes_2025_20260804T144857-a65442.json
views,reflection,refl.View.CanModifyDetailLevel,method,View,,,3,ok,String,<method not invoked>,<method not invoked>,<method not invoked>,2025,2026-08-04T14:03:14.300203,2026-08-04T14:48:57.764674,3,probes_2025_20260804T140314-c44dde.json;probes_2025_20260804T144211-baf6e6.json;probes_2025_20260804T144857-a65442.json
views,reflection,refl.View.CanModifyDisplayStyle,method,View,,,3,ok,String,<method not invoked>,<method not invoked>,<method not invoked>,2025,2026-08-04T14:03:14.300203,2026-08-04T14:48:57.764674,3,probes_2025_20260804T140314-c44dde.json;probes_2025_20260804T144211-baf6e6.json;probes_2025_20260804T144857-a65442.json
views,reflection,refl.View.CanModifyViewDiscipline,method,View,,,3,ok,String,<method not invoked>,<method not invoked>,<method not invoked>,2025,2026-08-04T14:03:14.300203,2026-08-04T14:48:57.764674,3,probes_2025_20260804T140314-c44dde.json;probes_2025_20260804T144211-baf6e6.json;probes_2025_20260804T144857-a65442.json
views,reflection,refl.View.CanResetCameraTarget,method,View,,,3,ok,String,<method not invoked>,<method not invoked>,<method not invoked>,2025,2026-08-04T14:03:14.300203,2026-08-04T14:48:57.764674,3,probes_2025_20260804T140314-c44dde.json;probes_2025_20260804T144211-baf6e6.json;probes_2025_20260804T144857-a65442.json
views,reflection,refl.View.CanSaveOrientation,method,View,,,3,ok,String,<method not invoked>,<method not invoked>,<method not invoked>,2025,2026-08-04T14:03:14.300203,2026-08-04T14:48:57.764674,3,probes_2025_20260804T140314-c44dde.json;probes_2025_20260804T144211-baf6e6.json;probes_2025_20260804T144857-a65442.json
views,reflection,refl.View.CanToggleBetweenPerspectiveAndIsometric,method,View,,,3,ok,String,<method not invoked>,<method not invoked>,<method not invoked>,2025,2026-08-04T14:03:14.300203,2026-08-04T14:48:57.764674,3,probes_2025_20260804T140314-c44dde.json;probes_2025_20260804T144211-baf6e6.json;probes_2025_20260804T144857-a65442.json
views,reflection,refl.View.CanUseDepthCueing,method,View,,,3,ok,String,<method not invoked>,<method not invoked>,<method not invoked>,2025,2026-08-04T14:03:14.300203,2026-08-04T14:48:57.764674,3,probes_2025_20260804T140314-c44dde.json;probes_2025_20260804T144211-baf6e6.json;probes_2025_20260804T144857-a65442.json
views,reflection,refl.View.CanUseTemporaryVisibilityModes,method,View,,,3,ok,String,<method not invoked>,<method not invoked>,<method not invoked>,2025,2026-08-04T14:03:14.300203,2026-08-04T14:48:57.764674,3,probes_2025_20260804T140314-c44dde.json;probes_2025_20260804T144211-baf6e6.json;probes_2025_20260804T144857-a65442.json
views,reflection,refl.View.Category,property,View,,,3,unsupported,None,,,,2025,2026-08-04T14:03:14.300203,2026-08-04T14:48:57.764674,3,probes_2025_20260804T140314-c44dde.json;probes_2025_20260804T144211-baf6e6.json;probes_2025_20260804T144857-a65442.json
views,reflection,refl.View.ConvertTemporaryHideIsolateToPermanent,method,View,,,3,ok,String,<method not invoked>,<method not invoked>,<method not invoked>,2025,2026-08-04T14:03:14.300203,2026-08-04T14:48:57.764674,3,probes_2025_20260804T140314-c44dde.json;probes_2025_20260804T144211-baf6e6.json;probes_2025_20260804T144857-a65442.json
views,reflection,refl.View.ConvertToIndependent,method,View,,,3,ok,String,<method not invoked>,<method not invoked>,<method not invoked>,2025,2026-08-04T14:03:14.300203,2026-08-04T14:48:57.764674,3,probes_2025_20260804T140314-c44dde.json;probes_2025_20260804T144211-baf6e6.json;probes_2025_20260804T144857-a65442.json
views,reflection,refl.View.CreateViewTemplate,method,View,,,3,ok,String,<method not invoked>,<method not invoked>,<method not invoked>,2025,2026-08-04T14:03:14.300203,2026-08-04T14:48:57.764674,3,probes_2025_20260804T140314-c44dde.json;probes_2025_20260804T144211-baf6e6.json;probes_2025_20260804T144857-a65442.json
views,reflection,refl.View.CreatedPhaseId,property,View,,,3,ok,ElementId,-1,-1,-1,2025,2026-08-04T14:03:14.300203,2026-08-04T14:48:57.764674,3,probes_2025_20260804T140314-c44dde.json;probes_2025_20260804T144211-baf6e6.json;probes_2025_20260804T144857-a65442.json
views,reflection,refl.View.CropBox,property,View,,,3,unsupported,None,,,,2025,2026-08-04T14:03:14.300203,2026-08-04T14:48:57.764674,3,probes_2025_20260804T140314-c44dde.json;probes_2025_20260804T144211-baf6e6.json;probes_2025_20260804T144857-a65442.json
views,reflection,refl.View.CropBoxActive,property,View,,,6,ok,Integer,1,True,1,2025,2026-08-04T14:03:14.300203,2026-08-04T14:48:57.764674,3,probes_2025_20260804T140314-c44dde.json;probes_2025_20260804T144211-baf6e6.json;probes_2025_20260804T144857-a65442.json
views,reflection,refl.View.CropBoxVisible,property,View,,,6,ok,Integer,1,True,1,2025,2026-08-04T14:03:14.300203,2026-08-04T14:48:57.764674,3,probes_2025_20260804T140314-c44dde.json;probes_2025_20260804T144211-baf6e6.json;probes_2025_20260804T144857-a65442.json
views,reflection,refl.View.Definition,property,View,,,3,unsupported,None,,,,2025,2026-08-04T14:03:14.300203,2026-08-04T14:48:57.764674,3,probes_2025_20260804T140314-c44dde.json;probes_2025_20260804T144211-baf6e6.json;probes_2025_20260804T144857-a65442.json
views,reflection,refl.View.DemolishedPhaseId,property,View,,,3,ok,ElementId,-1,-1,-1,2025,2026-08-04T14:03:14.300203,2026-08-04T14:48:57.764674,3,probes_2025_20260804T140314-c44dde.json;probes_2025_20260804T144211-baf6e6.json;probes_2025_20260804T144857-a65442.json
views,reflection,refl.View.DesignOption,property,View,,,3,missing,None,,,,2025,2026-08-04T14:03:14.300203,2026-08-04T14:48:57.764674,3,probes_2025_20260804T140314-c44dde.json;probes_2025_20260804T144211-baf6e6.json;probes_2025_20260804T144857-a65442.json
views,reflection,refl.View.DetailLevel,property,View,,,12,ok,Integer,2,2,2,2025,2026-08-04T14:03:14.300203,2026-08-04T14:48:57.764674,3,probes_2025_20260804T140314-c44dde.json;probes_2025_20260804T144211-baf6e6.json;probes_2025_20260804T144857-a65442.json
views,reflection,refl.View.Discipline,property,View,,,6,ok,Integer,1,1,1,2025,2026-08-04T14:03:14.300203,2026-08-04T14:48:57.764674,3,probes_2025_20260804T140314-c44dde.json;probes_2025_20260804T144211-baf6e6.json;probes_2025_20260804T144857-a65442.json
views,reflection,refl.View.DisplayStyle,property,View,,,9,ok,Integer,2,2,2,2025,2026-08-04T14:03:14.300203,2026-08-04T14:48:57.764674,3,probes_2025_20260804T140314-c44dde.json;probes_2025_20260804T144211-baf6e6.json;probes_2025_20260804T144857-a65442.json
views,reflection,refl.View.Document,property,View,,,3,unsupported,None,,,,2025,2026-08-04T14:03:14.300203,2026-08-04T14:48:57.764674,3,probes_2025_20260804T140314-c44dde.json;probes_2025_20260804T144211-baf6e6.json;probes_2025_20260804T144857-a65442.json
views,reflection,refl.View.EmbeddedDefinition,property,View,,,3,missing,None,,,,2025,2026-08-04T14:03:14.300203,2026-08-04T14:48:57.764674,3,probes_2025_20260804T140314-c44dde.json;probes_2025_20260804T144211-baf6e6.json;probes_2025_20260804T144857-a65442.json
views,reflection,refl.View.EnableRevealHiddenMode,method,View,,,3,ok,String,<method not invoked>,<method not invoked>,<method not invoked>,2025,2026-08-04T14:03:14.300203,2026-08-04T14:48:57.764674,3,probes_2025_20260804T140314-c44dde.json;probes_2025_20260804T144211-baf6e6.json;probes_2025_20260804T144857-a65442.json
views,reflection,refl.View.EvaluateAllParameterValues,method,View,,,3,ok,String,<method not invoked>,<method not invoked>,<method not invoked>,2025,2026-08-04T14:03:14.300203,2026-08-04T14:48:57.764674,3,probes_2025_20260804T140314-c44dde.json;probes_2025_20260804T144211-baf6e6.json;probes_2025_20260804T144857-a65442.json
views,reflection,refl.View.GenLevel,property,View,,,3,unsupported,None,,,,2025,2026-08-04T14:03:14.300203,2026-08-04T14:48:57.764674,3,probes_2025_20260804T140314-c44dde.json;probes_2025_20260804T144211-baf6e6.json;probes_2025_20260804T144857-a65442.json
views,reflection,refl.View.GetAdditionalRevisionIds,method,View,,,3,ok,String,<method not invoked>,<method not invoked>,<method not invoked>,2025,2026-08-04T14:03:14.300203,2026-08-04T14:48:57.764674,3,probes_2025_20260804T140314-c44dde.json;probes_2025_20260804T144211-baf6e6.json;probes_2025_20260804T144857-a65442.json
views,reflection,refl.View.GetAllPlacedViews,method,View,,,3,ok,String,<method not invoked>,<method not invoked>,<method not invoked>,2025,2026-08-04T14:03:14.300203,2026-08-04T14:48:57.764674,3,probes_2025_20260804T140314-c44dde.json;probes_2025_20260804T144211-baf6e6.json;probes_2025_20260804T144857-a65442.json
views,reflection,refl.View.GetAllRevisionCloudIds,method,View,,,3,ok,String,<method not invoked>,<method not invoked>,<method not invoked>,2025,2026-08-04T14:03:14.300203,2026-08-04T14:48:57.764674,3,probes_2025_20260804T140314-c44dde.json;probes_2025_20260804T144211-baf6e6.json;probes_2025_20260804T144857-a65442.json
views,reflection,refl.View.GetAllRevisionIds,method,View,,,3,ok,String,<method not invoked>,<method not invoked>,<method not invoked>,2025,2026-08-04T14:03:14.300203,2026-08-04T14:48:57.764674,3,probes_2025_20260804T140314-c44dde.json;probes_2025_20260804T144211-baf6e6.json;probes_2025_20260804T144857-a65442.json
views,reflection,refl.View.GetAllViewports,method,View,,,3,ok,String,<method not invoked>,<method not invoked>,<method not invoked>,2025,2026-08-04T14:03:14.300203,2026-08-04T14:48:57.764674,3,probes_2025_20260804T140314-c44dde.json;probes_2025_20260804T144211-baf6e6.json;probes_2025_20260804T144857-a65442.json
views,reflection,refl.View.GetBackground,method,View,,,3,ok,String,<method not invoked>,<method not invoked>,<method not invoked>,2025,2026-08-04T14:03:14.300203,2026-08-04T14:48:57.764674,3,probes_2025_20260804T140314-c44dde.json;probes_2025_20260804T144211-baf6e6.json;probes_2025_20260804T144857-a65442.json
views,reflection,refl.View.GetCalloutParentId,method,View,,,3,ok,String,<method not invoked>,<method not invoked>,<method not invoked>,2025,2026-08-04T14:03:14.300203,2026-08-04T14:48:57.764674,3,probes_2025_20260804T140314-c44dde.json;probes_2025_20260804T144211-baf6e6.json;probes_2025_20260804T144857-a65442.json
views,reflection,refl.View.GetCropRegionShapeManager,method,View,,,3,ok,String,<method not invoked>,<method not invoked>,<method not invoked>,2025,2026-08-04T14:03:14.300203,2026-08-04T14:48:57.764674,3,probes_2025_20260804T140314-c44dde.json;probes_2025_20260804T144211-baf6e6.json;probes_2025_20260804T144857-a65442.json
views,reflection,refl.View.GetCurrentRevision,method,View,,,3,ok,String,<method not invoked>,<method not invoked>,<method not invoked>,2025,2026-08-04T14:03:14.300203,2026-08-04T14:48:57.764674,3,probes_2025_20260804T140314-c44dde.json;probes_2025_20260804T144211-baf6e6.json;probes_2025_20260804T144857-a65442.json
views,reflection,refl.View.GetDependentViewIds,method,View,,,3,ok,String,<method not invoked>,<method not invoked>,<method not invoked>,2025,2026-08-04T14:03:14.300203,2026-08-04T14:48:57.764674,3,probes_2025_20260804T140314-c44dde.json;probes_2025_20260804T144211-baf6e6.json;probes_2025_20260804T144857-a65442.json
views,reflection,refl.View.GetDepthCueing,method,View,,,3,ok,String,<method not invoked>,<method not invoked>,<method not invoked>,2025,2026-08-04T14:03:14.300203,2026-08-04T14:48:57.764674,3,probes_2025_20260804T140314-c44dde.json;probes_2025_20260804T144211-baf6e6.json;probes_2025_20260804T144857-a65442.json
views,reflection,refl.View.GetDirectContext3DHandleOverrides,method,View,,,3,ok,String,<method not invoked>,<method not invoked>,<method not invoked>,2025,2026-08-04T14:03:14.300203,2026-08-04T14:48:57.764674,3,probes_2025_20260804T140314-c44dde.json;probes_2025_20260804T144211-baf6e6.json;probes_2025_20260804T144857-a65442.json
views,reflection,refl.View.GetEntitySchemaGuids,method,View,,,3,ok,String,<method not invoked>,<method not invoked>,<method not invoked>,2025,2026-08-04T14:03:14.300203,2026-08-04T14:48:57.764674,3,probes_2025_20260804T140314-c44dde.json;probes_2025_20260804T144211-baf6e6.json;probes_2025_20260804T144857-a65442.json
views,reflection,refl.View.GetExternalFileReference,method,View,,,3,ok,String,<method not invoked>,<method not invoked>,<method not invoked>,2025,2026-08-04T14:03:14.300203,2026-08-04T14:48:57.764674,3,probes_2025_20260804T140314-c44dde.json;probes_2025_20260804T144211-baf6e6.json;probes_2025_20260804T144857-a65442.json
views,reflection,refl.View.GetExternalResourceReferences,method,View,,,3,ok,String,<method not invoked>,<method not invoked>,<method not invoked>,2025,2026-08-04T14:03:14.300203,2026-08-04T14:48:57.764674,3,probes_2025_20260804T140314-c44dde.json;probes_2025_20260804T144211-baf6e6.json;probes_2025_20260804T144857-a65442.json
views,reflection,refl.View.GetExternalResourceReferencesExpanded,method,View,,,3,ok,String,<method not invoked>,<method not invoked>,<method not invoked>,2025,2026-08-04T14:03:14.300203,2026-08-04T14:48:57.764674,3,probes_2025_20260804T140314-c44dde.json;probes_2025_20260804T144211-baf6e6.json;probes_2025_20260804T144857-a65442.json
views,reflection,refl.View.GetFilters,method,View,,,3,ok,String,<method not invoked>,<method not invoked>,<method not invoked>,2025,2026-08-04T14:03:14.300203,2026-08-04T14:48:57.764674,3,probes_2025_20260804T140314-c44dde.json;probes_2025_20260804T144211-baf6e6.json;probes_2025_20260804T144857-a65442.json
views,reflection,refl.View.GetLevelsThatShowGrids,method,View,,,3,ok,String,<method not invoked>,<method not invoked>,<method not invoked>,2025,2026-08-04T14:03:14.300203,2026-08-04T14:48:57.764674,3,probes_2025_20260804T140314-c44dde.json;probes_2025_20260804T144211-baf6e6.json;probes_2025_20260804T144857-a65442.json
views,reflection,refl.View.GetModelToProjectionTransforms,method,View,,,3,ok,String,<method not invoked>,<method not invoked>,<method not invoked>,2025,2026-08-04T14:03:14.300203,2026-08-04T14:48:57.764674,3,probes_2025_20260804T140314-c44dde.json;probes_2025_20260804T144211-baf6e6.json;probes_2025_20260804T144857-a65442.json
views,reflection,refl.View.GetMonitoredLinkElementIds,method,View,,,3,ok,String,<method not invoked>,<method not invoked>,<method not invoked>,2025,2026-08-04T14:03:14.300203,2026-08-04T14:48:57.764674,3,probes_2025_20260804T140314-c44dde.json;probes_2025_20260804T144211-baf6e6.json;probes_2025_20260804T144857-a65442.json
views,reflection,refl.View.GetMonitoredLocalElementIds,method,View,,,3,ok,String,<method not invoked>,<method not invoked>,<method not invoked>,2025,2026-08-04T14:03:14.300203,2026-08-04T14:48:57.764674,3,probes_2025_20260804T140314-c44dde.json;probes_2025_20260804T144211-baf6e6.json;probes_2025_20260804T144857-a65442.json
views,reflection,refl.View.GetNonControlledTemplateParameterIds,method,View,,,3,ok,String,<method not invoked>,<method not invoked>,<method not invoked>,2025,2026-08-04T14:03:14.300203,2026-08-04T14:48:57.764674,3,probes_2025_20260804T140314-c44dde.json;probes_2025_20260804T144211-baf6e6.json;probes_2025_20260804T144857-a65442.json
views,reflection,refl.View.GetOrderedFilters,method,View,,,3,ok,String,<method not invoked>,<method not invoked>,<method not invoked>,2025,2026-08-04T14:03:14.300203,2026-08-04T14:48:57.764674,3,probes_2025_20260804T140314-c44dde.json;probes_2025_20260804T144211-baf6e6.json;probes_2025_20260804T144857-a65442.json
views,reflection,refl.View.GetOrderedParameters,method,View,,,3,ok,String,<method not invoked>,<method not invoked>,<method not invoked>,2025,2026-08-04T14:03:14.300203,2026-08-04T14:48:57.764674,3,probes_2025_20260804T140314-c44dde.json;probes_2025_20260804T144211-baf6e6.json;probes_2025_20260804T144857-a65442.json
views,reflection,refl.View.GetOrientation,method,View,,,3,ok,String,<method not invoked>,<method not invoked>,<method not invoked>,2025,2026-08-04T14:03:14.300203,2026-08-04T14:48:57.764674,3,probes_2025_20260804T140314-c44dde.json;probes_2025_20260804T144211-baf6e6.json;probes_2025_20260804T144857-a65442.json
views,reflection,refl.View.GetPlacementOnSheetStatus,method,View,,,3,ok,String,<method not invoked>,<method not invoked>,<method not invoked>,2025,2026-08-04T14:03:14.300203,2026-08-04T14:48:57.764674,3,probes_2025_20260804T140314-c44dde.json;probes_2025_20260804T144211-baf6e6.json;probes_2025_20260804T144857-a65442.json
views,reflection,refl.View.GetPointCloudOverrides,method,View,,,3,ok,String,<method not invoked>,<method not invoked>,<method not invoked>,2025,2026-08-04T14:03:14.300203,2026-08-04T14:48:57.764674,3,probes_2025_20260804T140314-c44dde.json;probes_2025_20260804T144211-baf6e6.json;probes_2025_20260804T144857-a65442.json
views,reflection,refl.View.GetPrimaryViewId,method,View,,,3,ok,String,<method not invoked>,<method not invoked>,<method not invoked>,2025,2026-08-04T14:03:14.300203,2026-08-04T14:48:57.764674,3,probes_2025_20260804T140314-c44dde.json;probes_2025_20260804T144211-baf6e6.json;probes_2025_20260804T144857-a65442.json
views,reflection,refl.View.GetReferenceCallouts,method,View,,,3,ok,String,<method not invoked>,<method not invoked>,<method not invoked>,2025,2026-08-04T14:03:14.300203,2026-08-04T14:48:57.764674,3,probes_2025_20260804T140314-c44dde.json;probes_2025_20260804T144211-baf6e6.json;probes_2025_20260804T144857-a65442.json
views,reflection,refl.View.GetReferenceElevations,method,View,,,3,ok,String,<method not invoked>,<method not invoked>,<method not invoked>,2025,2026-08-04T14:03:14.300203,2026-08-04T14:48:57.764674,3,probes_2025_20260804T140314-c44dde.json;probes_2025_20260804T144211-baf6e6.json;probes_2025_20260804T144857-a65442.json
views,reflection,refl.View.GetReferenceSections,method,View,,,3,ok,String,<method not invoked>,<method not invoked>,<method not invoked>,2025,2026-08-04T14:03:14.300203,2026-08-04T14:48:57.764674,3,probes_2025_20260804T140314-c44dde.json;probes_2025_20260804T144211-baf6e6.json;probes_2025_20260804T144857-a65442.json
views,reflection,refl.View.GetRenderingSettings,method,View,,,3,ok,String,<method not invoked>,<method not invoked>,<method not invoked>,2025,2026-08-04T14:03:14.300203,2026-08-04T14:48:57.764674,3,probes_2025_20260804T140314-c44dde.json;probes_2025_20260804T144211-baf6e6.json;probes_2025_20260804T144857-a65442.json
views,reflection,refl.View.GetSavedOrientation,method,View,,,3,ok,String,<method not invoked>,<method not invoked>,<method not invoked>,2025,2026-08-04T14:03:14.300203,2026-08-04T14:48:57.764674,3,probes_2025_20260804T140314-c44dde.json;probes_2025_20260804T144211-baf6e6.json;probes_2025_20260804T144857-a65442.json
views,reflection,refl.View.GetScheduleHeightsOnSheet,method,View,,,3,ok,String,<method not invoked>,<method not invoked>,<method not invoked>,2025,2026-08-04T14:03:14.300203,2026-08-04T14:48:57.764674,3,probes_2025_20260804T140314-c44dde.json;probes_2025_20260804T144211-baf6e6.json;probes_2025_20260804T144857-a65442.json
views,reflection,refl.View.GetSectionBox,method,View,,,3,ok,String,<method not invoked>,<method not invoked>,<method not invoked>,2025,2026-08-04T14:03:14.300203,2026-08-04T14:48:57.764674,3,probes_2025_20260804T140314-c44dde.json;probes_2025_20260804T144211-baf6e6.json;probes_2025_20260804T144857-a65442.json
views,reflection,refl.View.GetSegmentCount,method,View,,,3,ok,String,<method not invoked>,<method not invoked>,<method not invoked>,2025,2026-08-04T14:03:14.300203,2026-08-04T14:48:57.764674,3,probes_2025_20260804T140314-c44dde.json;probes_2025_20260804T144211-baf6e6.json;probes_2025_20260804T144857-a65442.json
views,reflection,refl.View.GetSketchyLines,method,View,,,3,ok,String,<method not invoked>,<method not invoked>,<method not invoked>,2025,2026-08-04T14:03:14.300203,2026-08-04T14:48:57.764674,3,probes_2025_20260804T140314-c44dde.json;probes_2025_20260804T144211-baf6e6.json;probes_2025_20260804T144857-a65442.json
views,reflection,refl.View.GetSubelements,method,View,,,3,ok,String,<method not invoked>,<method not invoked>,<method not invoked>,2025,2026-08-04T14:03:14.300203,2026-08-04T14:48:57.764674,3,probes_2025_20260804T140314-c44dde.json;probes_2025_20260804T144211-baf6e6.json;probes_2025_20260804T144857-a65442.json
views,reflection,refl.View.GetTableData,method,View,,,3,ok,String,<method not invoked>,<method not invoked>,<method not invoked>,2025,2026-08-04T14:03:14.300203,2026-08-04T14:48:57.764674,3,probes_2025_20260804T140314-c44dde.json;probes_2025_20260804T144211-baf6e6.json;probes_2025_20260804T144857-a65442.json
views,reflection,refl.View.GetTemplateParameterIds,method,View,,,3,ok,String,<method not invoked>,<method not invoked>,<method not invoked>,2025,2026-08-04T14:03:14.300203,2026-08-04T14:48:57.764674,3,probes_2025_20260804T140314-c44dde.json;probes_2025_20260804T144211-baf6e6.json;probes_2025_20260804T144857-a65442.json
views,reflection,refl.View.GetTemporaryViewPropertiesId,method,View,,,3,ok,String,<method not invoked>,<method not invoked>,<method not invoked>,2025,2026-08-04T14:03:14.300203,2026-08-04T14:48:57.764674,3,probes_2025_20260804T140314-c44dde.json;probes_2025_20260804T144211-baf6e6.json;probes_2025_20260804T144857-a65442.json
views,reflection,refl.View.GetTemporaryViewPropertiesName,method,View,,,3,ok,String,<method not invoked>,<method not invoked>,<method not invoked>,2025,2026-08-04T14:03:14.300203,2026-08-04T14:48:57.764674,3,probes_2025_20260804T140314-c44dde.json;probes_2025_20260804T144211-baf6e6.json;probes_2025_20260804T144857-a65442.json
views,reflection,refl.View.GetTypeId,method,View,,,3,ok,String,<method not invoked>,<method not invoked>,<method not invoked>,2025,2026-08-04T14:03:14.300203,2026-08-04T14:48:57.764674,3,probes_2025_20260804T140314-c44dde.json;probes_2025_20260804T144211-baf6e6.json;probes_2025_20260804T144857-a65442.json
views,reflection,refl.View.GetUnderlayBaseLevel,method,View,,,3,ok,String,<method not invoked>,<method not invoked>,<method not invoked>,2025,2026-08-04T14:03:14.300203,2026-08-04T14:48:57.764674,3,probes_2025_20260804T140314-c44dde.json;probes_2025_20260804T144211-baf6e6.json;probes_2025_20260804T144857-a65442.json
views,reflection,refl.View.GetUnderlayOrientation,method,View,,,3,ok,String,<method not invoked>,<method not invoked>,<method not invoked>,2025,2026-08-04T14:03:14.300203,2026-08-04T14:48:57.764674,3,probes_2025_20260804T140314-c44dde.json;probes_2025_20260804T144211-baf6e6.json;probes_2025_20260804T144857-a65442.json
views,reflection,refl.View.GetUnderlayTopLevel,method,View,,,3,ok,String,<method not invoked>,<method not invoked>,<method not invoked>,2025,2026-08-04T14:03:14.300203,2026-08-04T14:48:57.764674,3,probes_2025_20260804T140314-c44dde.json;probes_2025_20260804T144211-baf6e6.json;probes_2025_20260804T144857-a65442.json
views,reflection,refl.View.GetValidCategoriesForKeySchedule,method,View,,,3,ok,String,<method not invoked>,<method not invoked>,<method not invoked>,2025,2026-08-04T14:03:14.300203,2026-08-04T14:48:57.764674,3,probes_2025_20260804T140314-c44dde.json;probes_2025_20260804T144211-baf6e6.json;probes_2025_20260804T144857-a65442.json
views,reflection,refl.View.GetValidCategoriesForMaterialTakeoff,method,View,,,3,ok,String,<method not invoked>,<method not invoked>,<method not invoked>,2025,2026-08-04T14:03:14.300203,2026-08-04T14:48:57.764674,3,probes_2025_20260804T140314-c44dde.json;probes_2025_20260804T144211-baf6e6.json;probes_2025_20260804T144857-a65442.json
views,reflection,refl.View.GetValidCategoriesForSchedule,method,View,,,3,ok,String,<method not invoked>,<method not invoked>,<method not invoked>,2025,2026-08-04T14:03:14.300203,2026-08-04T14:48:57.764674,3,probes_2025_20260804T140314-c44dde.json;probes_2025_20260804T144211-baf6e6.json;probes_2025_20260804T144857-a65442.json
views,reflection,refl.View.GetValidTypes,method,View,,,3,ok,String,<method not invoked>,<method not invoked>,<method not invoked>,2025,2026-08-04T14:03:14.300203,2026-08-04T14:48:57.764674,3,probes_2025_20260804T140314-c44dde.json;probes_2025_20260804T144211-baf6e6.json;probes_2025_20260804T144857-a65442.json
views,reflection,refl.View.GetViewDisplayModel,method,View,,,3,ok,String,<method not invoked>,<method not invoked>,<method not invoked>,2025,2026-08-04T14:03:14.300203,2026-08-04T14:48:57.764674,3,probes_2025_20260804T140314-c44dde.json;probes_2025_20260804T144211-baf6e6.json;probes_2025_20260804T144857-a65442.json
views,reflection,refl.View.GetViewRange,method,View,,,3,ok,String,<method not invoked>,<method not invoked>,<method not invoked>,2025,2026-08-04T14:03:14.300203,2026-08-04T14:48:57.764674,3,probes_2025_20260804T140314-c44dde.json;probes_2025_20260804T144211-baf6e6.json;probes_2025_20260804T144857-a65442.json
views,reflection,refl.View.GetWorksharingDisplayMode,method,View,,,3,ok,String,<method not invoked>,<method not invoked>,<method not invoked>,2025,2026-08-04T14:03:14.300203,2026-08-04T14:48:57.764674,3,probes_2025_20260804T140314-c44dde.json;probes_2025_20260804T144211-baf6e6.json;probes_2025_20260804T144857-a65442.json
views,reflection,refl.View.GroupId,property,View,,,3,ok,ElementId,-1,-1,-1,2025,2026-08-04T14:03:14.300203,2026-08-04T14:48:57.764674,3,probes_2025_20260804T140314-c44dde.json;probes_2025_20260804T144211-baf6e6.json;probes_2025_20260804T144857-a65442.json
views,reflection,refl.View.HasBeenLocked,method,View,,,3,ok,String,<method not invoked>,<method not invoked>,<method not invoked>,2025,2026-08-04T14:03:14.300203,2026-08-04T14:48:57.764674,3,probes_2025_20260804T140314-c44dde.json;probes_2025_20260804T144211-baf6e6.json;probes_2025_20260804T144857-a65442.json
views,reflection,refl.View.HasDetailLevel,method,View,,,3,ok,String,<method not invoked>,<method not invoked>,<method not invoked>,2025,2026-08-04T14:03:14.300203,2026-08-04T14:48:57.764674,3,probes_2025_20260804T140314-c44dde.json;probes_2025_20260804T144211-baf6e6.json;probes_2025_20260804T144857-a65442.json
views,reflection,refl.View.HasDisplayStyle,method,View,,,3,ok,String,<method not invoked>,<method not invoked>,<method not invoked>,2025,2026-08-04T14:03:14.300203,2026-08-04T14:48:57.764674,3,probes_2025_20260804T140314-c44dde.json;probes_2025_20260804T144211-baf6e6.json;probes_2025_20260804T144857-a65442.json
views,reflection,refl.View.HasImageField,method,View,,,3,ok,String,<method not invoked>,<method not invoked>,<method not invoked>,2025,2026-08-04T14:03:14.300203,2026-08-04T14:48:57.764674,3,probes_2025_20260804T140314-c44dde.json;probes_2025_20260804T144211-baf6e6.json;probes_2025_20260804T144857-a65442.json
views,reflection,refl.View.HasPhases,method,View,,,3,ok,String,<method not invoked>,<method not invoked>,<method not invoked>,2025,2026-08-04T14:03:14.300203,2026-08-04T14:48:57.764674,3,probes_2025_20260804T140314-c44dde.json;probes_2025_20260804T144211-baf6e6.json;probes_2025_20260804T144857-a65442.json
views,reflection,refl.View.HasStripedRows,property,View,,,3,ok,Integer,0,False,0,2025,2026-08-04T14:03:14.300203,2026-08-04T14:48:57.764674,3,probes_2025_20260804T140314-c44dde.json;probes_2025_20260804T144211-baf6e6.json;probes_2025_20260804T144857-a65442.json
views,reflection,refl.View.HasViewDiscipline,method,View,,,3,ok,String,<method not invoked>,<method not invoked>,<method not invoked>,2025,2026-08-04T14:03:14.300203,2026-08-04T14:48:57.764674,3,probes_2025_20260804T140314-c44dde.json;probes_2025_20260804T144211-baf6e6.json;probes_2025_20260804T144857-a65442.json
views,reflection,refl.View.HasViewTransforms,method,View,,,3,ok,String,<method not invoked>,<method not invoked>,<method not invoked>,2025,2026-08-04T14:03:14.300203,2026-08-04T14:48:57.764674,3,probes_2025_20260804T140314-c44dde.json;probes_2025_20260804T144211-baf6e6.json;probes_2025_20260804T144857-a65442.json
views,reflection,refl.View.HeaderTextTypeId,property,View,,,6,ok,ElementId,1198417,1198417,1198417,2025,2026-08-04T14:03:14.300203,2026-08-04T14:48:57.764674,3,probes_2025_20260804T140314-c44dde.json;probes_2025_20260804T144211-baf6e6.json;probes_2025_20260804T144857-a65442.json
views,reflection,refl.View.HideActiveWorkPlane,method,View,,,3,ok,String,<method not invoked>,<method not invoked>,<method not invoked>,2025,2026-08-04T14:03:14.300203,2026-08-04T14:48:57.764674,3,probes_2025_20260804T140314-c44dde.json;probes_2025_20260804T144211-baf6e6.json;probes_2025_20260804T144857-a65442.json
views,reflection,refl.View.Id,property,View,,,149,ok,ElementId,32,32,32,2025,2026-08-04T14:03:14.300203,2026-08-04T14:48:57.764674,3,probes_2025_20260804T140314-c44dde.json;probes_2025_20260804T144211-baf6e6.json;probes_2025_20260804T144857-a65442.json
views,reflection,refl.View.IsAssemblyView,property,View,,,3,ok,Integer,0,False,0,2025,2026-08-04T14:03:14.300203,2026-08-04T14:48:57.764674,3,probes_2025_20260804T140314-c44dde.json;probes_2025_20260804T144211-baf6e6.json;probes_2025_20260804T144857-a65442.json
views,reflection,refl.View.IsCallout,property,View,,,4,ok,Integer,0,False,0,2025,2026-08-04T14:03:14.300203,2026-08-04T14:48:57.764674,3,probes_2025_20260804T140314-c44dde.json;probes_2025_20260804T144211-baf6e6.json;probes_2025_20260804T144857-a65442.json
views,reflection,refl.View.IsDataOutOfDate,method,View,,,3,ok,String,<method not invoked>,<method not invoked>,<method not invoked>,2025,2026-08-04T14:03:14.300203,2026-08-04T14:48:57.764674,3,probes_2025_20260804T140314-c44dde.json;probes_2025_20260804T144211-baf6e6.json;probes_2025_20260804T144857-a65442.json
views,reflection,refl.View.IsExternalFileReference,method,View,,,3,ok,String,<method not invoked>,<method not invoked>,<method not invoked>,2025,2026-08-04T14:03:14.300203,2026-08-04T14:48:57.764674,3,probes_2025_20260804T140314-c44dde.json;probes_2025_20260804T144211-baf6e6.json;probes_2025_20260804T144857-a65442.json
views,reflection,refl.View.IsHeaderFrozen,property,View,,,3,ok,Integer,0,False,0,2025,2026-08-04T14:03:14.300203,2026-08-04T14:48:57.764674,3,probes_2025_20260804T140314-c44dde.json;probes_2025_20260804T144211-baf6e6.json;probes_2025_20260804T144857-a65442.json
views,reflection,refl.View.IsInternalKeynoteSchedule,property,View,,,3,ok,Integer,0,False,0,2025,2026-08-04T14:03:14.300203,2026-08-04T14:48:57.764674,3,probes_2025_20260804T140314-c44dde.json;probes_2025_20260804T144211-baf6e6.json;probes_2025_20260804T144857-a65442.json
views,reflection,refl.View.IsLocked,property,View,,,4,ok,Integer,1,True,1,2025,2026-08-04T14:03:14.300203,2026-08-04T14:48:57.764674,3,probes_2025_20260804T140314-c44dde.json;probes_2025_20260804T144211-baf6e6.json;probes_2025_20260804T144857-a65442.json
views,reflection,refl.View.IsModifiable,property,View,,,3,ok,Integer,1,True,1,2025,2026-08-04T14:03:14.300203,2026-08-04T14:48:57.764674,3,probes_2025_20260804T140314-c44dde.json;probes_2025_20260804T144211-baf6e6.json;probes_2025_20260804T144857-a65442.json
views,reflection,refl.View.IsMonitoringLinkElement,method,View,,,3,ok,String,<method not invoked>,<method not invoked>,<method not invoked>,2025,2026-08-04T14:03:14.300203,2026-08-04T14:48:57.764674,3,probes_2025_20260804T140314-c44dde.json;probes_2025_20260804T144211-baf6e6.json;probes_2025_20260804T144857-a65442.json
views,reflection,refl.View.IsMonitoringLocalElement,method,View,,,3,ok,String,<method not invoked>,<method not invoked>,<method not invoked>,2025,2026-08-04T14:03:14.300203,2026-08-04T14:48:57.764674,3,probes_2025_20260804T140314-c44dde.json;probes_2025_20260804T144211-baf6e6.json;probes_2025_20260804T144857-a65442.json
views,reflection,refl.View.IsPerspective,property,View,,,3,ok,Integer,0,False,0,2025,2026-08-04T14:03:14.300203,2026-08-04T14:48:57.764674,3,probes_2025_20260804T140314-c44dde.json;probes_2025_20260804T144211-baf6e6.json;probes_2025_20260804T144857-a65442.json
views,reflection,refl.View.IsPlaceholder,property,View,,,5,ok,Integer,0,False,0,2025,2026-08-04T14:03:14.300203,2026-08-04T14:48:57.764674,3,probes_2025_20260804T140314-c44dde.json;probes_2025_20260804T144211-baf6e6.json;probes_2025_20260804T144857-a65442.json
views,reflection,refl.View.IsSectionBoxActive,property,View,,,4,ok,Integer,1,True,1,2025,2026-08-04T14:03:14.300203,2026-08-04T14:48:57.764674,3,probes_2025_20260804T140314-c44dde.json;probes_2025_20260804T144211-baf6e6.json;probes_2025_20260804T144857-a65442.json
views,reflection,refl.View.IsSplit,method,View,,,3,ok,String,<method not invoked>,<method not invoked>,<method not invoked>,2025,2026-08-04T14:03:14.300203,2026-08-04T14:48:57.764674,3,probes_2025_20260804T140314-c44dde.json;probes_2025_20260804T144211-baf6e6.json;probes_2025_20260804T144857-a65442.json
views,reflection,refl.View.IsSplitSection,method,View,,,3,ok,String,<method not invoked>,<method not invoked>,<method not invoked>,2025,2026-08-04T14:03:14.300203,2026-08-04T14:48:57.764674,3,probes_2025_20260804T140314-c44dde.json;probes_2025_20260804T144211-baf6e6.json;probes_2025_20260804T144857-a65442.json
views,reflection,refl.View.IsTemplate,property,View,,,3,ok,Integer,0,False,0,2025,2026-08-04T14:03:14.300203,2026-08-04T14:48:57.764674,3,probes_2025_20260804T140314-c44dde.json;probes_2025_20260804T144211-baf6e6.json;probes_2025_20260804T144857-a65442.json
views,reflection,refl.View.IsTemporaryHideIsolateActive,method,View,,,3,ok,String,<method not invoked>,<method not invoked>,<method not invoked>,2025,2026-08-04T14:03:14.300203,2026-08-04T14:48:57.764674,3,probes_2025_20260804T140314-c44dde.json;probes_2025_20260804T144211-baf6e6.json;probes_2025_20260804T144857-a65442.json
views,reflection,refl.View.IsTemporaryViewPropertiesModeEnabled,method,View,,,3,ok,String,<method not invoked>,<method not invoked>,<method not invoked>,2025,2026-08-04T14:03:14.300203,2026-08-04T14:48:57.764674,3,probes_2025_20260804T140314-c44dde.json;probes_2025_20260804T144211-baf6e6.json;probes_2025_20260804T144857-a65442.json
views,reflection,refl.View.IsTitleblockRevisionSchedule,property,View,,,3,ok,Integer,0,False,0,2025,2026-08-04T14:03:14.300203,2026-08-04T14:48:57.764674,3,probes_2025_20260804T140314-c44dde.json;probes_2025_20260804T144211-baf6e6.json;probes_2025_20260804T144857-a65442.json
views,reflection,refl.View.IsTransient,property,View,,,3,ok,Integer,0,False,0,2025,2026-08-04T14:03:14.300203,2026-08-04T14:48:57.764674,3,probes_2025_20260804T140314-c44dde.json;probes_2025_20260804T144211-baf6e6.json;probes_2025_20260804T144857-a65442.json
views,reflection,refl.View.IsValidObject,property,View,,,3,ok,Integer,1,True,1,2025,2026-08-04T14:03:14.300203,2026-08-04T14:48:57.764674,3,probes_2025_20260804T140314-c44dde.json;probes_2025_20260804T144211-baf6e6.json;probes_2025_20260804T144857-a65442.json
views,reflection,refl.View.IsViewValidForTemplateCreation,method,View,,,3,ok,String,<method not invoked>,<method not invoked>,<method not invoked>,2025,2026-08-04T14:03:14.300203,2026-08-04T14:48:57.764674,3,probes_2025_20260804T140314-c44dde.json;probes_2025_20260804T144211-baf6e6.json;probes_2025_20260804T144857-a65442.json
views,reflection,refl.View.KeyScheduleParameterName,property,View,,,0,,,,,,2025,2026-08-04T14:03:14.300203,2026-08-04T14:48:57.764674,3,probes_2025_20260804T140314-c44dde.json;probes_2025_20260804T144211-baf6e6.json;probes_2025_20260804T144857-a65442.json
views,reflection,refl.View.LevelId,property,View,,,3,ok,ElementId,-1,-1,-1,2025,2026-08-04T14:03:14.300203,2026-08-04T14:48:57.764674,3,probes_2025_20260804T140314-c44dde.json;probes_2025_20260804T144211-baf6e6.json;probes_2025_20260804T144857-a65442.json
views,reflection,refl.View.Location,property,View,,,3,missing,None,,,,2025,2026-08-04T14:03:14.300203,2026-08-04T14:48:57.764674,3,probes_2025_20260804T140314-c44dde.json;probes_2025_20260804T144211-baf6e6.json;probes_2025_20260804T144857-a65442.json
views,reflection,refl.View.MaximumColumnWidth,property,View,,,3,ok,Integer,1920,1920,1920,2025,2026-08-04T14:03:14.300203,2026-08-04T14:48:57.764674,3,probes_2025_20260804T140314-c44dde.json;probes_2025_20260804T144211-baf6e6.json;probes_2025_20260804T144857-a65442.json
views,reflection,refl.View.MaximumGridWidth,property,View,,,3,ok,Integer,7559,7559,7559,2025,2026-08-04T14:03:14.300203,2026-08-04T14:48:57.764674,3,probes_2025_20260804T140314-c44dde.json;probes_2025_20260804T144211-baf6e6.json;probes_2025_20260804T144857-a65442.json
views,reflection,refl.View.MaximumRowHeight,property,View,,,3,ok,Integer,1920,1920,1920,2025,2026-08-04T14:03:14.300203,2026-08-04T14:48:57.764674,3,probes_2025_20260804T140314-c44dde.json;probes_2025_20260804T144211-baf6e6.json;probes_2025_20260804T144857-a65442.json
views,reflection,refl.View.MinimumColumnWidth,property,View,,,3,ok,Integer,7,7,7,2025,2026-08-04T14:03:14.300203,2026-08-04T14:48:57.764674,3,probes_2025_20260804T140314-c44dde.json;probes_2025_20260804T144211-baf6e6.json;probes_2025_20260804T144857-a65442.json
views,reflection,refl.View.MinimumRowHeight,property,View,,,3,ok,Integer,15,15,15,2025,2026-08-04T14:03:14.300203,2026-08-04T14:48:57.764674,3,probes_2025_20260804T140314-c44dde.json;probes_2025_20260804T144211-baf6e6.json;probes_2025_20260804T144857-a65442.json
views,reflection,refl.View.Name,property,View,,,145,ok,String,LEVEL 1 PLAN,LEVEL 1 PLAN,LEVEL 1 PLAN,2025,2026-08-04T14:03:14.300203,2026-08-04T14:48:57.764674,3,probes_2025_20260804T140314-c44dde.json;probes_2025_20260804T144211-baf6e6.json;probes_2025_20260804T144857-a65442.json
views,reflection,refl.View.Origin,property,View,,,51,ok,None,,"(0.000000000, 0.000000000, 0.000000000)","(0.000000000, 0.000000000, 0.000000000)",2025,2026-08-04T14:03:14.300203,2026-08-04T14:48:57.764674,3,probes_2025_20260804T140314-c44dde.json;probes_2025_20260804T144211-baf6e6.json;probes_2025_20260804T144857-a65442.json
views,reflection,refl.View.Outline,property,View,,,3,unsupported,None,,,,2025,2026-08-04T14:03:14.300203,2026-08-04T14:48:57.764674,3,probes_2025_20260804T140314-c44dde.json;probes_2025_20260804T144211-baf6e6.json;probes_2025_20260804T144857-a65442.json
views,reflection,refl.View.OwnerViewId,property,View,,,3,ok,ElementId,-1,-1,-1,2025,2026-08-04T14:03:14.300203,2026-08-04T14:48:57.764674,3,probes_2025_20260804T140314-c44dde.json;probes_2025_20260804T144211-baf6e6.json;probes_2025_20260804T144857-a65442.json
views,reflection,refl.View.Parameters,property,View,,,3,unsupported,None,,,,2025,2026-08-04T14:03:14.300203,2026-08-04T14:48:57.764674,3,probes_2025_20260804T140314-c44dde.json;probes_2025_20260804T144211-baf6e6.json;probes_2025_20260804T144857-a65442.json
views,reflection,refl.View.ParametersMap,property,View,,,3,unsupported,None,,,,2025,2026-08-04T14:03:14.300203,2026-08-04T14:48:57.764674,3,probes_2025_20260804T140314-c44dde.json;probes_2025_20260804T144211-baf6e6.json;probes_2025_20260804T144857-a65442.json
views,reflection,refl.View.PartsVisibility,property,View,,,6,ok,Integer,1,1,1,2025,2026-08-04T14:03:14.300203,2026-08-04T14:48:57.764674,3,probes_2025_20260804T140314-c44dde.json;probes_2025_20260804T144211-baf6e6.json;probes_2025_20260804T144857-a65442.json
views,reflection,refl.View.Pinned,property,View,,,3,ok,Integer,0,False,0,2025,2026-08-04T14:03:14.300203,2026-08-04T14:48:57.764674,3,probes_2025_20260804T140314-c44dde.json;probes_2025_20260804T144211-baf6e6.json;probes_2025_20260804T144857-a65442.json
views,reflection,refl.View.Print,method,View,,,3,ok,String,<method not invoked>,<method not invoked>,<method not invoked>,2025,2026-08-04T14:03:14.300203,2026-08-04T14:48:57.764674,3,probes_2025_20260804T140314-c44dde.json;probes_2025_20260804T144211-baf6e6.json;probes_2025_20260804T144857-a65442.json
views,reflection,refl.View.ProjectGridsOnSectionBox,property,View,,,3,ok,Integer,0,False,0,2025,2026-08-04T14:03:14.300203,2026-08-04T14:48:57.764674,3,probes_2025_20260804T140314-c44dde.json;probes_2025_20260804T144211-baf6e6.json;probes_2025_20260804T144857-a65442.json
views,reflection,refl.View.RefersToExternalResourceReferences,method,View,,,3,ok,String,<method not invoked>,<method not invoked>,<method not invoked>,2025,2026-08-04T14:03:14.300203,2026-08-04T14:48:57.764674,3,probes_2025_20260804T140314-c44dde.json;probes_2025_20260804T144211-baf6e6.json;probes_2025_20260804T144857-a65442.json
views,reflection,refl.View.RefreshData,method,View,,,3,ok,String,<method not invoked>,<method not invoked>,<method not invoked>,2025,2026-08-04T14:03:14.300203,2026-08-04T14:48:57.764674,3,probes_2025_20260804T140314-c44dde.json;probes_2025_20260804T144211-baf6e6.json;probes_2025_20260804T144857-a65442.json
views,reflection,refl.View.RemoveCalloutParent,method,View,,,3,ok,String,<method not invoked>,<method not invoked>,<method not invoked>,2025,2026-08-04T14:03:14.300203,2026-08-04T14:48:57.764674,3,probes_2025_20260804T140314-c44dde.json;probes_2025_20260804T144211-baf6e6.json;probes_2025_20260804T144857-a65442.json
views,reflection,refl.View.ResetCameraTarget,method,View,,,3,ok,String,<method not invoked>,<method not invoked>,<method not invoked>,2025,2026-08-04T14:03:14.300203,2026-08-04T14:48:57.764674,3,probes_2025_20260804T140314-c44dde.json;probes_2025_20260804T144211-baf6e6.json;probes_2025_20260804T144857-a65442.json
views,reflection,refl.View.RestoreCalloutParent,method,View,,,3,ok,String,<method not invoked>,<method not invoked>,<method not invoked>,2025,2026-08-04T14:03:14.300203,2026-08-04T14:48:57.764674,3,probes_2025_20260804T140314-c44dde.json;probes_2025_20260804T144211-baf6e6.json;probes_2025_20260804T144857-a65442.json
views,reflection,refl.View.RestoreImageSize,method,View,,,3,ok,String,<method not invoked>,<method not invoked>,<method not invoked>,2025,2026-08-04T14:03:14.300203,2026-08-04T14:48:57.764674,3,probes_2025_20260804T140314-c44dde.json;probes_2025_20260804T144211-baf6e6.json;probes_2025_20260804T144857-a65442.json
views,reflection,refl.View.RestoreOrientationAndLock,method,View,,,3,ok,String,<method not invoked>,<method not invoked>,<method not invoked>,2025,2026-08-04T14:03:14.300203,2026-08-04T14:48:57.764674,3,probes_2025_20260804T140314-c44dde.json;probes_2025_20260804T144211-baf6e6.json;probes_2025_20260804T144857-a65442.json
views,reflection,refl.View.RevealConstraintsMode,property,View,,,3,ok,Integer,0,False,0,2025,2026-08-04T14:03:14.300203,2026-08-04T14:48:57.764674,3,probes_2025_20260804T140314-c44dde.json;probes_2025_20260804T144211-baf6e6.json;probes_2025_20260804T144857-a65442.json
views,reflection,refl.View.RightDirection,property,View,,,23,ok,None,,"(1.000000000, 0.000000000, 0.000000000)","(1.000000000, 0.000000000, 0.000000000)",2025,2026-08-04T14:03:14.300203,2026-08-04T14:48:57.764674,3,probes_2025_20260804T140314-c44dde.json;probes_2025_20260804T144211-baf6e6.json;probes_2025_20260804T144857-a65442.json
views,reflection,refl.View.RowHeight,property,View,,,0,,,,,,2025,2026-08-04T14:03:14.300203,2026-08-04T14:48:57.764674,3,probes_2025_20260804T140314-c44dde.json;probes_2025_20260804T144211-baf6e6.json;probes_2025_20260804T144857-a65442.json
views,reflection,refl.View.RowHeightOverride,property,View,,,3,ok,Integer,0,0,0,2025,2026-08-04T14:03:14.300203,2026-08-04T14:48:57.764674,3,probes_2025_20260804T140314-c44dde.json;probes_2025_20260804T144211-baf6e6.json;probes_2025_20260804T144857-a65442.json
views,reflection,refl.View.SaveOrientation,method,View,,,3,ok,String,<method not invoked>,<method not invoked>,<method not invoked>,2025,2026-08-04T14:03:14.300203,2026-08-04T14:48:57.764674,3,probes_2025_20260804T140314-c44dde.json;probes_2025_20260804T144211-baf6e6.json;probes_2025_20260804T144857-a65442.json
views,reflection,refl.View.SaveOrientationAndLock,method,View,,,3,ok,String,<method not invoked>,<method not invoked>,<method not invoked>,2025,2026-08-04T14:03:14.300203,2026-08-04T14:48:57.764674,3,probes_2025_20260804T140314-c44dde.json;probes_2025_20260804T144211-baf6e6.json;probes_2025_20260804T144857-a65442.json
views,reflection,refl.View.Scale,property,View,,,24,ok,Integer,96,96,96,2025,2026-08-04T14:03:14.300203,2026-08-04T14:48:57.764674,3,probes_2025_20260804T140314-c44dde.json;probes_2025_20260804T144211-baf6e6.json;probes_2025_20260804T144857-a65442.json
views,reflection,refl.View.ShadowIntensity,property,View,,,7,ok,Integer,60,60,60,2025,2026-08-04T14:03:14.300203,2026-08-04T14:48:57.764674,3,probes_2025_20260804T140314-c44dde.json;probes_2025_20260804T144211-baf6e6.json;probes_2025_20260804T144857-a65442.json
views,reflection,refl.View.SheetCollectionId,property,View,,,3,ok,ElementId,-1,-1,-1,2025,2026-08-04T14:03:14.300203,2026-08-04T14:48:57.764674,3,probes_2025_20260804T140314-c44dde.json;probes_2025_20260804T144211-baf6e6.json;probes_2025_20260804T144857-a65442.json
views,reflection,refl.View.SheetNumber,property,View,,,15,ok,String,000,000,000,2025,2026-08-04T14:03:14.300203,2026-08-04T14:48:57.764674,3,probes_2025_20260804T140314-c44dde.json;probes_2025_20260804T144211-baf6e6.json;probes_2025_20260804T144857-a65442.json
views,reflection,refl.View.ShowActiveWorkPlane,method,View,,,3,ok,String,<method not invoked>,<method not invoked>,<method not invoked>,2025,2026-08-04T14:03:14.300203,2026-08-04T14:48:57.764674,3,probes_2025_20260804T140314-c44dde.json;probes_2025_20260804T144211-baf6e6.json;probes_2025_20260804T144857-a65442.json
views,reflection,refl.View.SketchPlane,property,View,,,3,unsupported,None,,,,2025,2026-08-04T14:03:14.300203,2026-08-04T14:48:57.764674,3,probes_2025_20260804T140314-c44dde.json;probes_2025_20260804T144211-baf6e6.json;probes_2025_20260804T144857-a65442.json
views,reflection,refl.View.SunAndShadowSettings,property,View,,,3,unsupported,None,,,,2025,2026-08-04T14:03:14.300203,2026-08-04T14:48:57.764674,3,probes_2025_20260804T140314-c44dde.json;probes_2025_20260804T144211-baf6e6.json;probes_2025_20260804T144857-a65442.json
views,reflection,refl.View.SunlightIntensity,property,View,,,8,ok,Integer,80,80,80,2025,2026-08-04T14:03:14.300203,2026-08-04T14:48:57.764674,3,probes_2025_20260804T140314-c44dde.json;probes_2025_20260804T144211-baf6e6.json;probes_2025_20260804T144857-a65442.json
views,reflection,refl.View.SupportedColorFillCategoryIds,method,View,,,3,ok,String,<method not invoked>,<method not invoked>,<method not invoked>,2025,2026-08-04T14:03:14.300203,2026-08-04T14:48:57.764674,3,probes_2025_20260804T140314-c44dde.json;probes_2025_20260804T144211-baf6e6.json;probes_2025_20260804T144857-a65442.json
views,reflection,refl.View.SupportsRevealConstraints,method,View,,,3,ok,String,<method not invoked>,<method not invoked>,<method not invoked>,2025,2026-08-04T14:03:14.300203,2026-08-04T14:48:57.764674,3,probes_2025_20260804T140314-c44dde.json;probes_2025_20260804T144211-baf6e6.json;probes_2025_20260804T144857-a65442.json
views,reflection,refl.View.TargetId,property,View,,,3,ok,ElementId,-1,-1,-1,2025,2026-08-04T14:03:14.300203,2026-08-04T14:48:57.764674,3,probes_2025_20260804T140314-c44dde.json;probes_2025_20260804T144211-baf6e6.json;probes_2025_20260804T144857-a65442.json
views,reflection,refl.View.TemporaryViewModes,property,View,,,3,unsupported,None,,,,2025,2026-08-04T14:03:14.300203,2026-08-04T14:48:57.764674,3,probes_2025_20260804T140314-c44dde.json;probes_2025_20260804T144211-baf6e6.json;probes_2025_20260804T144857-a65442.json
views,reflection,refl.View.Title,property,View,,,149,ok,String,Floor Plan: LEVEL 1 PLAN,Floor Plan: LEVEL 1 PLAN,Floor Plan: LEVEL 1 PLAN,2025,2026-08-04T14:03:14.300203,2026-08-04T14:48:57.764674,3,probes_2025_20260804T140314-c44dde.json;probes_2025_20260804T144211-baf6e6.json;probes_2025_20260804T144857-a65442.json
views,reflection,refl.View.TitleTextTypeId,property,View,,,6,ok,ElementId,1198417,1198417,1198417,2025,2026-08-04T14:03:14.300203,2026-08-04T14:48:57.764674,3,probes_2025_20260804T140314-c44dde.json;probes_2025_20260804T144211-baf6e6.json;probes_2025_20260804T144857-a65442.json
views,reflection,refl.View.ToggleToIsometric,method,View,,,3,ok,String,<method not invoked>,<method not invoked>,<method not invoked>,2025,2026-08-04T14:03:14.300203,2026-08-04T14:48:57.764674,3,probes_2025_20260804T140314-c44dde.json;probes_2025_20260804T144211-baf6e6.json;probes_2025_20260804T144857-a65442.json
views,reflection,refl.View.ToggleToPerspective,method,View,,,3,ok,String,<method not invoked>,<method not invoked>,<method not invoked>,2025,2026-08-04T14:03:14.300203,2026-08-04T14:48:57.764674,3,probes_2025_20260804T140314-c44dde.json;probes_2025_20260804T144211-baf6e6.json;probes_2025_20260804T144857-a65442.json
views,reflection,refl.View.UniqueId,property,View,,,149,ok,String,c8923f5e-6a14-4420-9b1d-c31d7ae067d2-00000020,c8923f5e-6a14-4420-9b1d-c31d7ae067d2-00000020,c8923f5e-6a14-4420-9b1d-c31d7ae067d2-00000020,2025,2026-08-04T14:03:14.300203,2026-08-04T14:48:57.764674,3,probes_2025_20260804T140314-c44dde.json;probes_2025_20260804T144211-baf6e6.json;probes_2025_20260804T144857-a65442.json
views,reflection,refl.View.Unlock,method,View,,,3,ok,String,<method not invoked>,<method not invoked>,<method not invoked>,2025,2026-08-04T14:03:14.300203,2026-08-04T14:48:57.764674,3,probes_2025_20260804T140314-c44dde.json;probes_2025_20260804T144211-baf6e6.json;probes_2025_20260804T144857-a65442.json
views,reflection,refl.View.UpDirection,property,View,,,10,ok,None,,"(0.000000000, 1.000000000, 0.000000000)","(0.000000000, 1.000000000, 0.000000000)",2025,2026-08-04T14:03:14.300203,2026-08-04T14:48:57.764674,3,probes_2025_20260804T140314-c44dde.json;probes_2025_20260804T144211-baf6e6.json;probes_2025_20260804T144857-a65442.json
views,reflection,refl.View.UseStripedRowsOnSheets,property,View,,,3,ok,Integer,1,True,1,2025,2026-08-04T14:03:14.300203,2026-08-04T14:48:57.764674,3,probes_2025_20260804T140314-c44dde.json;probes_2025_20260804T144211-baf6e6.json;probes_2025_20260804T144857-a65442.json
views,reflection,refl.View.VersionGuid,property,View,,,21,ok,None,,c5b0c447-117d-4b10-875b-c3f46ee5698e,c5b0c447-117d-4b10-875b-c3f46ee5698e,2025,2026-08-04T14:03:14.300203,2026-08-04T14:48:57.764674,3,probes_2025_20260804T140314-c44dde.json;probes_2025_20260804T144211-baf6e6.json;probes_2025_20260804T144857-a65442.json
views,reflection,refl.View.ViewDirection,property,View,,,24,ok,None,,"(0.000000000, 0.000000000, 1.000000000)","(0.000000000, 0.000000000, 1.000000000)",2025,2026-08-04T14:03:14.300203,2026-08-04T14:48:57.764674,3,probes_2025_20260804T140314-c44dde.json;probes_2025_20260804T144211-baf6e6.json;probes_2025_20260804T144857-a65442.json
views,reflection,refl.View.ViewSpecific,property,View,,,3,ok,Integer,0,False,0,2025,2026-08-04T14:03:14.300203,2026-08-04T14:48:57.764674,3,probes_2025_20260804T140314-c44dde.json;probes_2025_20260804T144211-baf6e6.json;probes_2025_20260804T144857-a65442.json
views,reflection,refl.View.ViewTemplateId,property,View,,,34,ok,ElementId,2812885,2812885,2812885,2025,2026-08-04T14:03:14.300203,2026-08-04T14:48:57.764674,3,probes_2025_20260804T140314-c44dde.json;probes_2025_20260804T144211-baf6e6.json;probes_2025_20260804T144857-a65442.json
views,reflection,refl.View.ViewType,property,View,,,36,ok,Integer,1,1,1,2025,2026-08-04T14:03:14.300203,2026-08-04T14:48:57.764674,3,probes_2025_20260804T140314-c44dde.json;probes_2025_20260804T144211-baf6e6.json;probes_2025_20260804T144857-a65442.json
views,reflection,refl.View.WorksetId,property,View,,,149,ok,ElementId,163,163,163,2025,2026-08-04T14:03:14.300203,2026-08-04T14:48:57.764674,3,probes_2025_20260804T140314-c44dde.json;probes_2025_20260804T144211-baf6e6.json;probes_2025_20260804T144857-a65442.json
wall_types,param,compound_structure.layer_count,,,Integer,missing=0;ok=60;unreadable=0;unsupported=0;unsupported.not_applicable=33,17,ok,Integer,1,1,1,2025,2026-08-04T14:03:14.300203,2026-08-04T14:48:57.764674,3,probes_2025_20260804T140314-c44dde.json;probes_2025_20260804T144211-baf6e6.json;probes_2025_20260804T144857-a65442.json
wall_types,param,compound_structure.present,,,Integer,missing=0;ok=93;unreadable=0;unsupported=0,6,ok,Integer,0,False,0,2025,2026-08-04T14:03:14.300203,2026-08-04T14:48:57.764674,3,probes_2025_20260804T140314-c44dde.json;probes_2025_20260804T144211-baf6e6.json;probes_2025_20260804T144857-a65442.json
wall_types,param,compound_structure.total_width_in,,,Double,missing=0;ok=60;unreadable=0;unsupported=0;unsupported.not_applicable=33,46,ok,Double,7.625,7.625,7.625,2025,2026-08-04T14:03:14.300203,2026-08-04T14:48:57.764674,3,probes_2025_20260804T140314-c44dde.json;probes_2025_20260804T144211-baf6e6.json;probes_2025_20260804T144857-a65442.json
wall_types,param,p.2 Layer GWB,,,Integer,missing=0;ok=3;unreadable=0;unsupported=0,3,ok,Integer,0,0,0,2025,2026-08-04T14:42:11.384534,2026-08-04T14:48:57.764674,2,probes_2025_20260804T144211-baf6e6.json;probes_2025_20260804T144857-a65442.json
wall_types,param,p.Absorptance,,,Double,missing=0;ok=4;unreadable=0;unsupported=0,4,ok,Double,0.1,0.1,0.1,2025,2026-08-04T14:03:14.300203,2026-08-04T14:48:57.764674,3,probes_2025_20260804T140314-c44dde.json;probes_2025_20260804T144211-baf6e6.json;probes_2025_20260804T144857-a65442.json
wall_types,param,p.AcousticRating,,,String,missing=0;ok=2;unreadable=0;unsupported=0,2,ok,String,,,,2025,2026-08-04T14:48:57.764674,2026-08-04T14:48:57.764674,1,probes_2025_20260804T144857-a65442.json
wall_types,param,p.Adjust for Mullion Size,,,Integer,missing=0;ok=5;unreadable=0;unsupported=0,5,ok,Integer,0,No,0,2025,2026-08-04T14:03:14.300203,2026-08-04T14:48:57.764674,3,probes_2025_20260804T140314-c44dde.json;probes_2025_20260804T144211-baf6e6.json;probes_2025_20260804T144857-a65442.json
wall_types,param,p.Assembly Code,,,String,missing=0;ok=27;unreadable=0;unsupported=0,27,ok,String,C1020110,C1020110,C1020110,2025,2026-08-04T14:03:14.300203,2026-08-04T14:48:57.764674,3,probes_2025_20260804T140314-c44dde.json;probes_2025_20260804T144211-baf6e6.json;probes_2025_20260804T144857-a65442.json
wall_types,param,p.Assembly Description,,,String,missing=0;ok=6;unreadable=0;unsupported=0,6,ok,String,,,,2025,2026-08-04T14:03:14.300203,2026-08-04T14:48:57.764674,3,probes_2025_20260804T140314-c44dde.json;probes_2025_20260804T144211-baf6e6.json;probes_2025_20260804T144857-a65442.json
wall_types,param,p.Automatically Embed,,,Integer,missing=0;ok=6;unreadable=0;unsupported=0,6,ok,Integer,0,No,0,2025,2026-08-04T14:03:14.300203,2026-08-04T14:48:57.764674,3,probes_2025_20260804T140314-c44dde.json;probes_2025_20260804T144211-baf6e6.json;probes_2025_20260804T144857-a65442.json
wall_types,param,p.Border 1 Type,,,ElementId,missing=0;ok=21;unreadable=0;unsupported=0,21,ok,ElementId,,,,2025,2026-08-04T14:03:14.300203,2026-08-04T14:48:57.764674,3,probes_2025_20260804T140314-c44dde.json;probes_2025_20260804T144211-baf6e6.json;probes_2025_20260804T144857-a65442.json
wall_types,param,p.Border 2 Type,,,ElementId,missing=0;ok=22;unreadable=0;unsupported=0,22,ok,ElementId,,,,2025,2026-08-04T14:03:14.300203,2026-08-04T14:48:57.764674,3,probes_2025_20260804T140314-c44dde.json;probes_2025_20260804T144211-baf6e6.json;probes_2025_20260804T144857-a65442.json
wall_types,param,p.Bottom,,,String,missing=0;ok=3;unreadable=0;unsupported=0,3,ok,String,,,,2025,2026-08-04T14:42:11.384534,2026-08-04T14:48:57.764674,2,probes_2025_20260804T144211-baf6e6.json;probes_2025_20260804T144857-a65442.json
wall_types,param,p.Coarse Scale Fill Color,,,Integer,missing=0;ok=7;unreadable=0;unsupported=0,7,ok,Integer,0,0,0,2025,2026-08-04T14:03:14.300203,2026-08-04T14:48:57.764674,3,probes_2025_20260804T140314-c44dde.json;probes_2025_20260804T144211-baf6e6.json;probes_2025_20260804T144857-a65442.json
wall_types,param,p.Coarse Scale Fill Pattern,,,ElementId,missing=0;ok=5;unreadable=0;unsupported=0,5,ok,ElementId,19,<Solid fill>,19,2025,2026-08-04T14:03:14.300203,2026-08-04T14:48:57.764674,3,probes_2025_20260804T140314-c44dde.json;probes_2025_20260804T144211-baf6e6.json;probes_2025_20260804T144857-a65442.json
wall_types,param,p.ComCheck_ Exclude by Type,,,String,missing=0;ok=5;unreadable=0;unsupported=0,5,ok,String,,,,2025,2026-08-04T14:03:14.300203,2026-08-04T14:03:14.300203,1,probes_2025_20260804T140314-c44dde.json
wall_types,param,p.Company_ID,,,Integer,missing=0;ok=1;unreadable=0;unsupported=0,1,ok,Integer,0,0,0,2025,2026-08-04T14:03:14.300203,2026-08-04T14:03:14.300203,1,probes_2025_20260804T140314-c44dde.json
wall_types,param,p.Construction Details,,,String,missing=0;ok=1;unreadable=0;unsupported=0,1,ok,String,,,,2025,2026-08-04T14:42:11.384534,2026-08-04T14:42:11.384534,1,probes_2025_20260804T144211-baf6e6.json
wall_types,param,p.Cost,,,Double,missing=0;ok=3;unreadable=0;unsupported=0,3,ok,Double,0.0,0,0.0,2025,2026-08-04T14:03:14.300203,2026-08-04T14:48:57.764674,3,probes_2025_20260804T140314-c44dde.json;probes_2025_20260804T144211-baf6e6.json;probes_2025_20260804T144857-a65442.json
wall_types,param,p.Curtain Panel,,,ElementId,missing=0;ok=19;unreadable=0;unsupported=0,19,ok,ElementId,5553205,5553205,5553205,2025,2026-08-04T14:03:14.300203,2026-08-04T14:48:57.764674,3,probes_2025_20260804T140314-c44dde.json;probes_2025_20260804T144211-baf6e6.json;probes_2025_20260804T144857-a65442.json
wall_types,param,p.Description,,,String,missing=0;ok=26;unreadable=0;unsupported=0,26,ok,String,"12"" concrete foundation wall","12"" concrete foundation wall","12"" concrete foundation wall",2025,2026-08-04T14:03:14.300203,2026-08-04T14:48:57.764674,3,probes_2025_20260804T140314-c44dde.json;probes_2025_20260804T144211-baf6e6.json;probes_2025_20260804T144857-a65442.json
wall_types,param,p.Edited by,,,String,missing=0;ok=3;unreadable=0;unsupported=0,3,ok,String,,,,2025,2026-08-04T14:03:14.300203,2026-08-04T14:48:57.764674,3,probes_2025_20260804T140314-c44dde.json;probes_2025_20260804T144211-baf6e6.json;probes_2025_20260804T144857-a65442.json
wall_types,param,p.Estimated Lead Time,,,String,missing=0;ok=1;unreadable=0;unsupported=0,1,ok,String,,,,2025,2026-08-04T14:42:11.384534,2026-08-04T14:42:11.384534,1,probes_2025_20260804T144211-baf6e6.json
wall_types,param,p.Export Type to IFC,,,Integer,missing=0;ok=3;unreadable=0;unsupported=0,3,ok,Integer,0,Default,0,2025,2026-08-04T14:03:14.300203,2026-08-04T14:48:57.764674,3,probes_2025_20260804T140314-c44dde.json;probes_2025_20260804T144211-baf6e6.json;probes_2025_20260804T144857-a65442.json
wall_types,param,p.Export Type to IFC As,,,String,missing=0;ok=3;unreadable=0;unsupported=0,3,ok,String,,,,2025,2026-08-04T14:03:14.300203,2026-08-04T14:48:57.764674,3,probes_2025_20260804T140314-c44dde.json;probes_2025_20260804T144211-baf6e6.json;probes_2025_20260804T144857-a65442.json
wall_types,param,p.Fire Class #,,,String,missing=0;ok=1;unreadable=0;unsupported=0,1,ok,String,,,,2025,2026-08-04T14:48:57.764674,2026-08-04T14:48:57.764674,1,probes_2025_20260804T144857-a65442.json
wall_types,param,p.Fire Classification URL,,,String,missing=0;ok=1;unreadable=0;unsupported=0,1,ok,String,,,,2025,2026-08-04T14:48:57.764674,2026-08-04T14:48:57.764674,1,probes_2025_20260804T144857-a65442.json
wall_types,param,p.Fire Rating,,,String,missing=0;ok=12;unreadable=0;unsupported=0,12,ok,String,,,,2025,2026-08-04T14:03:14.300203,2026-08-04T14:48:57.764674,3,probes_2025_20260804T140314-c44dde.json;probes_2025_20260804T144211-baf6e6.json;probes_2025_20260804T144857-a65442.json
wall_types,param,p.Fire Rating Hours,,,Integer,missing=0;ok=1;unreadable=0;unsupported=0,1,ok,Integer,0,0,0,2025,2026-08-04T14:42:11.384534,2026-08-04T14:42:11.384534,1,probes_2025_20260804T144211-baf6e6.json
wall_types,param,p.Fire Rating In Hours,,,Double,missing=0;ok=5;unreadable=0;unsupported=0,5,ok,Double,0.0,0,0.0,2025,2026-08-04T14:42:11.384534,2026-08-04T14:48:57.764674,2,probes_2025_20260804T144211-baf6e6.json;probes_2025_20260804T144857-a65442.json
wall_types,param,p.Fire Rating MAX,,,Double,missing=0;ok=2;unreadable=0;unsupported=0,2,ok,Double,0.0,0,0.0,2025,2026-08-04T14:48:57.764674,2026-08-04T14:48:57.764674,1,probes_2025_20260804T144857-a65442.json
wall_types,param,p.FireRating,,,String,missing=0;ok=1;unreadable=0;unsupported=0,1,ok,String,,,,2025,2026-08-04T14:48:57.764674,2026-08-04T14:48:57.764674,1,probes_2025_20260804T144857-a65442.json
wall_types,param,p.Framing Size,,,String,missing=0;ok=5;unreadable=0;unsupported=0,5,ok,String,,,,2025,2026-08-04T14:42:11.384534,2026-08-04T14:48:57.764674,2,probes_2025_20260804T144211-baf6e6.json;probes_2025_20260804T144857-a65442.json
wall_types,param,p.Function,,,Integer,missing=0;ok=7;unreadable=0;unsupported=0,7,ok,Integer,0,Interior,0,2025,2026-08-04T14:03:14.300203,2026-08-04T14:48:57.764674,3,probes_2025_20260804T140314-c44dde.json;probes_2025_20260804T144211-baf6e6.json;probes_2025_20260804T144857-a65442.json
wall_types,param,p.GWB Side A,,,String,missing=0;ok=1;unreadable=0;unsupported=0,1,ok,String,,,,2025,2026-08-04T14:42:11.384534,2026-08-04T14:42:11.384534,1,probes_2025_20260804T144211-baf6e6.json
wall_types,param,p.GWB Side B,,,String,missing=0;ok=1;unreadable=0;unsupported=0,1,ok,String,,,,2025,2026-08-04T14:42:11.384534,2026-08-04T14:42:11.384534,1,probes_2025_20260804T144211-baf6e6.json
wall_types,param,p.GWB Thickness,,,Double,missing=0;ok=4;unreadable=0;unsupported=0,4,ok,Double,0.0,"0""",0.0,2025,2026-08-04T14:42:11.384534,2026-08-04T14:48:57.764674,2,probes_2025_20260804T144211-baf6e6.json;probes_2025_20260804T144857-a65442.json
wall_types,param,p.GWB To Structure,,,Integer,missing=0;ok=3;unreadable=0;unsupported=0,3,ok,Integer,0,0,0,2025,2026-08-04T14:42:11.384534,2026-08-04T14:48:57.764674,2,probes_2025_20260804T144211-baf6e6.json;probes_2025_20260804T144857-a65442.json
wall_types,param,p.Green Building-LEED,,,String,missing=0;ok=1;unreadable=0;unsupported=0,1,ok,String,,,,2025,2026-08-04T14:42:11.384534,2026-08-04T14:42:11.384534,1,probes_2025_20260804T144211-baf6e6.json
wall_types,param,p.Heat Transfer Coefficient (U),,,Double,missing=0;ok=6;unreadable=0;unsupported=0,6,ok,Double,0.0,0.0000 BTU/(h·ft²·°F),0.0,2025,2026-08-04T14:03:14.300203,2026-08-04T14:48:57.764674,3,probes_2025_20260804T140314-c44dde.json;probes_2025_20260804T144211-baf6e6.json;probes_2025_20260804T144857-a65442.json
wall_types,param,p.IDENTIFICATION,,,String,missing=0;ok=1;unreadable=0;unsupported=0,1,ok,String,,,,2025,2026-08-04T14:03:14.300203,2026-08-04T14:03:14.300203,1,probes_2025_20260804T140314-c44dde.json
wall_types,param,p.Installation-Fabrication,,,String,missing=0;ok=1;unreadable=0;unsupported=0,1,ok,String,,,,2025,2026-08-04T14:42:11.384534,2026-08-04T14:42:11.384534,1,probes_2025_20260804T144211-baf6e6.json
wall_types,param,p.Insulation To Structure,,,Integer,missing=0;ok=2;unreadable=0;unsupported=0,2,ok,Integer,0,0,0,2025,2026-08-04T14:42:11.384534,2026-08-04T14:48:57.764674,2,probes_2025_20260804T144211-baf6e6.json;probes_2025_20260804T144857-a65442.json
wall_types,param,p.Interior Type,,,ElementId,missing=0;ok=17;unreadable=0;unsupported=0,17,ok,ElementId,,,,2025,2026-08-04T14:03:14.300203,2026-08-04T14:48:57.764674,3,probes_2025_20260804T140314-c44dde.json;probes_2025_20260804T144211-baf6e6.json;probes_2025_20260804T144857-a65442.json
wall_types,param,p.Join Condition,,,Integer,missing=0;ok=6;unreadable=0;unsupported=0,6,ok,Integer,0,Not Defined,0,2025,2026-08-04T14:03:14.300203,2026-08-04T14:48:57.764674,3,probes_2025_20260804T140314-c44dde.json;probes_2025_20260804T144211-baf6e6.json;probes_2025_20260804T144857-a65442.json
wall_types,param,p.Keynote,,,String,missing=0;ok=9;unreadable=0;unsupported=0,9,ok,String,,,,2025,2026-08-04T14:03:14.300203,2026-08-04T14:48:57.764674,3,probes_2025_20260804T140314-c44dde.json;probes_2025_20260804T144211-baf6e6.json;probes_2025_20260804T144857-a65442.json
wall_types,param,p.LS_Fire Wall Type,,,String,missing=0;ok=1;unreadable=0;unsupported=0,1,ok,String,,,,2025,2026-08-04T14:48:57.764674,2026-08-04T14:48:57.764674,1,probes_2025_20260804T144857-a65442.json
wall_types,param,p.Layout,,,Integer,missing=0;ok=6;unreadable=0;unsupported=0,6,ok,Integer,0,None,0,2025,2026-08-04T14:03:14.300203,2026-08-04T14:48:57.764674,3,probes_2025_20260804T140314-c44dde.json;probes_2025_20260804T144211-baf6e6.json;probes_2025_20260804T144857-a65442.json
wall_types,param,p.Manufacturer,,,String,missing=0;ok=3;unreadable=0;unsupported=0,3,ok,String,,,,2025,2026-08-04T14:03:14.300203,2026-08-04T14:48:57.764674,3,probes_2025_20260804T140314-c44dde.json;probes_2025_20260804T144211-baf6e6.json;probes_2025_20260804T144857-a65442.json
wall_types,param,p.Manufacturer Address,,,String,missing=0;ok=1;unreadable=0;unsupported=0,1,ok,String,,,,2025,2026-08-04T14:42:11.384534,2026-08-04T14:42:11.384534,1,probes_2025_20260804T144211-baf6e6.json
wall_types,param,p.Manufacturer Fax,,,String,missing=0;ok=1;unreadable=0;unsupported=0,1,ok,String,,,,2025,2026-08-04T14:42:11.384534,2026-08-04T14:42:11.384534,1,probes_2025_20260804T144211-baf6e6.json
wall_types,param,p.Manufacturer Phone,,,String,missing=0;ok=1;unreadable=0;unsupported=0,1,ok,String,,,,2025,2026-08-04T14:42:11.384534,2026-08-04T14:42:11.384534,1,probes_2025_20260804T144211-baf6e6.json
wall_types,param,p.Manufacturer Phone - Toll Free,,,String,missing=0;ok=1;unreadable=0;unsupported=0,1,ok,String,,,,2025,2026-08-04T14:42:11.384534,2026-08-04T14:42:11.384534,1,probes_2025_20260804T144211-baf6e6.json
wall_types,param,p.Manufacturer Website,,,String,missing=0;ok=1;unreadable=0;unsupported=0,1,ok,String,,,,2025,2026-08-04T14:42:11.384534,2026-08-04T14:42:11.384534,1,probes_2025_20260804T144211-baf6e6.json
wall_types,param,p.Masonry To Structure Above,,,Integer,missing=0;ok=2;unreadable=0;unsupported=0,2,ok,Integer,0,0,0,2025,2026-08-04T14:42:11.384534,2026-08-04T14:48:57.764674,2,probes_2025_20260804T144211-baf6e6.json;probes_2025_20260804T144857-a65442.json
wall_types,param,p.Material Classification,,,String,missing=0;ok=1;unreadable=0;unsupported=0,1,ok,String,,,,2025,2026-08-04T14:42:11.384534,2026-08-04T14:42:11.384534,1,probes_2025_20260804T144211-baf6e6.json
wall_types,param,p.Model,,,String,missing=0;ok=3;unreadable=0;unsupported=0,3,ok,String,,,,2025,2026-08-04T14:03:14.300203,2026-08-04T14:48:57.764674,3,probes_2025_20260804T140314-c44dde.json;probes_2025_20260804T144211-baf6e6.json;probes_2025_20260804T144857-a65442.json
wall_types,param,p.Notes,,,String,missing=0;ok=5;unreadable=0;unsupported=0,5,ok,String,,,,2025,2026-08-04T14:42:11.384534,2026-08-04T14:48:57.764674,2,probes_2025_20260804T144211-baf6e6.json;probes_2025_20260804T144857-a65442.json
wall_types,param,p.Partition Group,,,String,missing=0;ok=5;unreadable=0;unsupported=0,5,ok,String,,,,2025,2026-08-04T14:42:11.384534,2026-08-04T14:48:57.764674,2,probes_2025_20260804T144211-baf6e6.json;probes_2025_20260804T144857-a65442.json
wall_types,param,p.Partition Stud Size,,,Double,missing=0;ok=2;unreadable=0;unsupported=0,2,ok,Double,0.0,"0' - 0""",0.0,2025,2026-08-04T14:48:57.764674,2026-08-04T14:48:57.764674,1,probes_2025_20260804T144857-a65442.json
wall_types,param,p.Product Data,,,String,missing=0;ok=1;unreadable=0;unsupported=0,1,ok,String,,,,2025,2026-08-04T14:42:11.384534,2026-08-04T14:42:11.384534,1,probes_2025_20260804T144211-baf6e6.json
wall_types,param,p.Rep Contact Info,,,String,missing=0;ok=1;unreadable=0;unsupported=0,1,ok,String,,,,2025,2026-08-04T14:42:11.384534,2026-08-04T14:42:11.384534,1,probes_2025_20260804T144211-baf6e6.json
wall_types,param,p.Revision,,,String,missing=0;ok=1;unreadable=0;unsupported=0,1,ok,String,,,,2025,2026-08-04T14:42:11.384534,2026-08-04T14:42:11.384534,1,probes_2025_20260804T144211-baf6e6.json
wall_types,param,p.Roughness,,,Integer,missing=0;ok=4;unreadable=0;unsupported=0,4,ok,Integer,1,1,1,2025,2026-08-04T14:03:14.300203,2026-08-04T14:48:57.764674,3,probes_2025_20260804T140314-c44dde.json;probes_2025_20260804T144211-baf6e6.json;probes_2025_20260804T144857-a65442.json
wall_types,param,p.SMOKE,,,Integer,missing=0;ok=3;unreadable=0;unsupported=0,3,ok,Integer,0,0,0,2025,2026-08-04T14:42:11.384534,2026-08-04T14:48:57.764674,2,probes_2025_20260804T144211-baf6e6.json;probes_2025_20260804T144857-a65442.json
wall_types,param,p.STC,,,String,missing=0;ok=1;unreadable=0;unsupported=0,1,ok,String,,,,2025,2026-08-04T14:48:57.764674,2026-08-04T14:48:57.764674,1,probes_2025_20260804T144857-a65442.json
wall_types,param,p.STC Rating,,,Integer,missing=0;ok=3;unreadable=0;unsupported=0,3,ok,Integer,0,0,0,2025,2026-08-04T14:42:11.384534,2026-08-04T14:48:57.764674,2,probes_2025_20260804T144211-baf6e6.json;probes_2025_20260804T144857-a65442.json
wall_types,param,p.STC Value 20 GA EQ,,,Integer,missing=0;ok=2;unreadable=0;unsupported=0,2,ok,Integer,0,0,0,2025,2026-08-04T14:48:57.764674,2026-08-04T14:48:57.764674,1,probes_2025_20260804T144857-a65442.json
wall_types,param,p.STC Value 30 MIL,,,Integer,missing=0;ok=2;unreadable=0;unsupported=0,2,ok,Integer,0,0,0,2025,2026-08-04T14:48:57.764674,2026-08-04T14:48:57.764674,1,probes_2025_20260804T144857-a65442.json
wall_types,param,p.STC test criteria,,,String,missing=0;ok=2;unreadable=0;unsupported=0,2,ok,String,,,,2025,2026-08-04T14:42:11.384534,2026-08-04T14:48:57.764674,2,probes_2025_20260804T144211-baf6e6.json;probes_2025_20260804T144857-a65442.json
wall_types,param,p.Sales Information,,,String,missing=0;ok=1;unreadable=0;unsupported=0,1,ok,String,,,,2025,2026-08-04T14:42:11.384534,2026-08-04T14:42:11.384534,1,probes_2025_20260804T144211-baf6e6.json
wall_types,param,p.Send Message,,,String,missing=0;ok=1;unreadable=0;unsupported=0,1,ok,String,,,,2025,2026-08-04T14:42:11.384534,2026-08-04T14:42:11.384534,1,probes_2025_20260804T144211-baf6e6.json
wall_types,param,p.Smoke Rating In Hours,,,Double,missing=0;ok=1;unreadable=0;unsupported=0,1,ok,Double,0.0,0,0.0,2025,2026-08-04T14:48:57.764674,2026-08-04T14:48:57.764674,1,probes_2025_20260804T144857-a65442.json
wall_types,param,p.Sound Batt Depth,,,Double,missing=0;ok=2;unreadable=0;unsupported=0,2,ok,Double,0.0,"0' - 0""",0.0,2025,2026-08-04T14:48:57.764674,2026-08-04T14:48:57.764674,1,probes_2025_20260804T144857-a65442.json
wall_types,param,p.Sound Batt Insulation,,,String,missing=0;ok=2;unreadable=0;unsupported=0,2,ok,String,,,,2025,2026-08-04T14:03:14.300203,2026-08-04T14:03:14.300203,1,probes_2025_20260804T140314-c44dde.json
wall_types,param,p.Sound Insulation,,,Integer,missing=0;ok=2;unreadable=0;unsupported=0,2,ok,Integer,0,0,0,2025,2026-08-04T14:42:11.384534,2026-08-04T14:48:57.764674,2,probes_2025_20260804T144211-baf6e6.json;probes_2025_20260804T144857-a65442.json
wall_types,param,p.Sound Test #,,,String,missing=0;ok=1;unreadable=0;unsupported=0,1,ok,String,,,,2025,2026-08-04T14:48:57.764674,2026-08-04T14:48:57.764674,1,probes_2025_20260804T144857-a65442.json
wall_types,param,p.Spacing,,,Double,missing=0;ok=11;unreadable=0;unsupported=0,11,ok,Double,2.0,"2'-0""",23.999999999999996,2025,2026-08-04T14:03:14.300203,2026-08-04T14:48:57.764674,3,probes_2025_20260804T140314-c44dde.json;probes_2025_20260804T144211-baf6e6.json;probes_2025_20260804T144857-a65442.json
wall_types,param,p.Span Test 1 MAX Height,,,Double,missing=0;ok=2;unreadable=0;unsupported=0,2,ok,Double,0.0,"0' - 0""",0.0,2025,2026-08-04T14:48:57.764674,2026-08-04T14:48:57.764674,1,probes_2025_20260804T144857-a65442.json
wall_types,param,p.Span Test 2 MAX Height,,,Double,missing=0;ok=2;unreadable=0;unsupported=0,2,ok,Double,0.0,"0' - 0""",0.0,2025,2026-08-04T14:48:57.764674,2026-08-04T14:48:57.764674,1,probes_2025_20260804T144857-a65442.json
wall_types,param,p.Span Test 3 MAX Height,,,Double,missing=0;ok=2;unreadable=0;unsupported=0,2,ok,Double,0.0,"0' - 0""",0.0,2025,2026-08-04T14:48:57.764674,2026-08-04T14:48:57.764674,1,probes_2025_20260804T144857-a65442.json
wall_types,param,p.Specification,,,String,missing=0;ok=2;unreadable=0;unsupported=0,2,ok,String,,,,2025,2026-08-04T14:42:11.384534,2026-08-04T14:48:57.764674,2,probes_2025_20260804T144211-baf6e6.json;probes_2025_20260804T144857-a65442.json
wall_types,param,p.Standards Mark,,,String,missing=0;ok=1;unreadable=0;unsupported=0,1,ok,String,,,,2025,2026-08-04T14:03:14.300203,2026-08-04T14:03:14.300203,1,probes_2025_20260804T140314-c44dde.json
wall_types,param,p.Structural Material,,,ElementId,missing=0;ok=24;unreadable=0;unsupported=0,24,ok,ElementId,2812827,CMU-11_Concrete masonry units - standard weight block,2812827,2025,2026-08-04T14:03:14.300203,2026-08-04T14:48:57.764674,3,probes_2025_20260804T140314-c44dde.json;probes_2025_20260804T144211-baf6e6.json;probes_2025_20260804T144857-a65442.json
wall_types,param,p.Structure,,,None,missing=0;ok=0;unreadable=0;unsupported=3,3,unsupported,None,,,,2025,2026-08-04T14:03:14.300203,2026-08-04T14:48:57.764674,3,probes_2025_20260804T140314-c44dde.json;probes_2025_20260804T144211-baf6e6.json;probes_2025_20260804T144857-a65442.json
wall_types,param,p.Studs To Structure Above,,,Integer,missing=0;ok=3;unreadable=0;unsupported=0,3,ok,Integer,0,0,0,2025,2026-08-04T14:42:11.384534,2026-08-04T14:48:57.764674,2,probes_2025_20260804T144211-baf6e6.json;probes_2025_20260804T144857-a65442.json
wall_types,param,p.Test Number,,,String,missing=0;ok=2;unreadable=0;unsupported=0,2,ok,String,,,,2025,2026-08-04T14:48:57.764674,2026-08-04T14:48:57.764674,1,probes_2025_20260804T144857-a65442.json
wall_types,param,p.Thermal Mass,,,Double,missing=0;ok=6;unreadable=0;unsupported=0,6,ok,Double,0.0,0.0000 BTU/(ft²·°F),0.0,2025,2026-08-04T14:03:14.300203,2026-08-04T14:48:57.764674,3,probes_2025_20260804T140314-c44dde.json;probes_2025_20260804T144211-baf6e6.json;probes_2025_20260804T144857-a65442.json
wall_types,param,p.Thermal Resistance (R),,,Double,missing=0;ok=6;unreadable=0;unsupported=0,6,ok,Double,0.0,0.0000 (h·ft²·°F)/BTU,0.0,2025,2026-08-04T14:03:14.300203,2026-08-04T14:48:57.764674,3,probes_2025_20260804T140314-c44dde.json;probes_2025_20260804T144211-baf6e6.json;probes_2025_20260804T144857-a65442.json
wall_types,param,p.Top,,,String,missing=0;ok=3;unreadable=0;unsupported=0,3,ok,String,,,,2025,2026-08-04T14:42:11.384534,2026-08-04T14:48:57.764674,2,probes_2025_20260804T144211-baf6e6.json;probes_2025_20260804T144857-a65442.json
wall_types,param,p.Type Comments,,,String,missing=0;ok=10;unreadable=0;unsupported=0,10,ok,String,,,,2025,2026-08-04T14:03:14.300203,2026-08-04T14:48:57.764674,3,probes_2025_20260804T140314-c44dde.json;probes_2025_20260804T144211-baf6e6.json;probes_2025_20260804T144857-a65442.json
wall_types,param,p.Type IFC Predefined Type,,,String,missing=0;ok=3;unreadable=0;unsupported=0,3,ok,String,,,,2025,2026-08-04T14:03:14.300203,2026-08-04T14:48:57.764674,3,probes_2025_20260804T140314-c44dde.json;probes_2025_20260804T144211-baf6e6.json;probes_2025_20260804T144857-a65442.json
wall_types,param,p.Type IfcGUID,,,String,missing=0;ok=90;unreadable=0;unsupported=0,90,ok,String,1kLw5c$h15FgDhf5f61_f6,1kLw5c$h15FgDhf5f61_f6,1kLw5c$h15FgDhf5f61_f6,2025,2026-08-04T14:03:14.300203,2026-08-04T14:48:57.764674,3,probes_2025_20260804T140314-c44dde.json;probes_2025_20260804T144211-baf6e6.json;probes_2025_20260804T144857-a65442.json
wall_types,param,p.Type Image,,,ElementId,missing=0;ok=3;unreadable=0;unsupported=0,3,ok,ElementId,,,,2025,2026-08-04T14:03:14.300203,2026-08-04T14:48:57.764674,3,probes_2025_20260804T140314-c44dde.json;probes_2025_20260804T144211-baf6e6.json;probes_2025_20260804T144857-a65442.json
wall_types,param,p.Type Mark,,,String,missing=0;ok=25;unreadable=0;unsupported=0,25,ok,String,CMU8,CMU8,CMU8,2025,2026-08-04T14:03:14.300203,2026-08-04T14:48:57.764674,3,probes_2025_20260804T140314-c44dde.json;probes_2025_20260804T144211-baf6e6.json;probes_2025_20260804T144857-a65442.json
wall_types,param,p.UL Number,,,String,missing=0;ok=3;unreadable=0;unsupported=0,3,ok,String,,,,2025,2026-08-04T14:42:11.384534,2026-08-04T14:48:57.764674,2,probes_2025_20260804T144211-baf6e6.json;probes_2025_20260804T144857-a65442.json
wall_types,param,p.URL,,,String,missing=0;ok=4;unreadable=0;unsupported=0,4,ok,String,,,,2025,2026-08-04T14:03:14.300203,2026-08-04T14:48:57.764674,3,probes_2025_20260804T140314-c44dde.json;probes_2025_20260804T144211-baf6e6.json;probes_2025_20260804T144857-a65442.json
wall_types,param,p.VERSION,,,String,missing=0;ok=2;unreadable=0;unsupported=0,2,ok,String,,,,2025,2026-08-04T14:48:57.764674,2026-08-04T14:48:57.764674,1,probes_2025_20260804T144857-a65442.json
wall_types,param,p.WALL TYPE,,,String,missing=0;ok=1;unreadable=0;unsupported=0,1,ok,String,,,,2025,2026-08-04T14:03:14.300203,2026-08-04T14:03:14.300203,1,probes_2025_20260804T140314-c44dde.json
wall_types,param,p.Wall Type,,,String,missing=0;ok=1;unreadable=0;unsupported=0,1,ok,String,,,,2025,2026-08-04T14:48:57.764674,2026-08-04T14:48:57.764674,1,probes_2025_20260804T144857-a65442.json
wall_types,param,p.Width,,,Double,missing=0;ok=45;unreadable=0;unsupported=0,45,ok,Double,0.6354166666666667,"7 1/2""",7.625,2025,2026-08-04T14:03:14.300203,2026-08-04T14:48:57.764674,3,probes_2025_20260804T140314-c44dde.json;probes_2025_20260804T144211-baf6e6.json;probes_2025_20260804T144857-a65442.json
wall_types,param,p.Workset,,,Integer,missing=0;ok=6;unreadable=0;unsupported=0,6,ok,Integer,14,Wall Types,14,2025,2026-08-04T14:03:14.300203,2026-08-04T14:48:57.764674,3,probes_2025_20260804T140314-c44dde.json;probes_2025_20260804T144211-baf6e6.json;probes_2025_20260804T144857-a65442.json
wall_types,param,p.Wrapping at Ends,,,Integer,missing=0;ok=6;unreadable=0;unsupported=0,6,ok,Integer,0,None,0,2025,2026-08-04T14:03:14.300203,2026-08-04T14:48:57.764674,3,probes_2025_20260804T140314-c44dde.json;probes_2025_20260804T144211-baf6e6.json;probes_2025_20260804T144857-a65442.json
wall_types,param,p.Wrapping at Inserts,,,Integer,missing=0;ok=4;unreadable=0;unsupported=0,4,ok,Integer,0,Do not wrap,0,2025,2026-08-04T14:03:14.300203,2026-08-04T14:48:57.764674,3,probes_2025_20260804T140314-c44dde.json;probes_2025_20260804T144211-baf6e6.json;probes_2025_20260804T144857-a65442.json
wall_types,param,wall_type.kind,,,String,missing=0;ok=93;unreadable=0;unsupported=0,9,ok,String,Curtain,Curtain,Curtain,2025,2026-08-04T14:03:14.300203,2026-08-04T14:48:57.764674,3,probes_2025_20260804T140314-c44dde.json;probes_2025_20260804T144211-baf6e6.json;probes_2025_20260804T144857-a65442.json
wall_types,reflection,refl.CompoundStructure.CanSplitAndMergeRegionsBeUsed,method,CompoundStructure,,,3,ok,String,<method not invoked>,<method not invoked>,<method not invoked>,2025,2026-08-04T14:03:14.300203,2026-08-04T14:48:57.764674,3,probes_2025_20260804T140314-c44dde.json;probes_2025_20260804T144211-baf6e6.json;probes_2025_20260804T144857-a65442.json
wall_types,reflection,refl.CompoundStructure.CutoffHeight,property,CompoundStructure,,,4,ok,Double,10.0,10.0,10.0,2025,2026-08-04T14:03:14.300203,2026-08-04T14:48:57.764674,3,probes_2025_20260804T140314-c44dde.json;probes_2025_20260804T144211-baf6e6.json;probes_2025_20260804T144857-a65442.json
wall_types,reflection,refl.CompoundStructure.EndCap,property,CompoundStructure,,,6,ok,Integer,0,0,0,2025,2026-08-04T14:03:14.300203,2026-08-04T14:48:57.764674,3,probes_2025_20260804T140314-c44dde.json;probes_2025_20260804T144211-baf6e6.json;probes_2025_20260804T144857-a65442.json
wall_types,reflection,refl.CompoundStructure.GetFirstCoreLayerIndex,method,CompoundStructure,,,3,ok,String,<method not invoked>,<method not invoked>,<method not invoked>,2025,2026-08-04T14:03:14.300203,2026-08-04T14:48:57.764674,3,probes_2025_20260804T140314-c44dde.json;probes_2025_20260804T144211-baf6e6.json;probes_2025_20260804T144857-a65442.json
wall_types,reflection,refl.CompoundStructure.GetLastCoreLayerIndex,method,CompoundStructure,,,3,ok,String,<method not invoked>,<method not invoked>,<method not invoked>,2025,2026-08-04T14:03:14.300203,2026-08-04T14:48:57.764674,3,probes_2025_20260804T140314-c44dde.json;probes_2025_20260804T144211-baf6e6.json;probes_2025_20260804T144857-a65442.json
wall_types,reflection,refl.CompoundStructure.GetLayers,method,CompoundStructure,,,3,ok,String,<method not invoked>,<method not invoked>,<method not invoked>,2025,2026-08-04T14:03:14.300203,2026-08-04T14:48:57.764674,3,probes_2025_20260804T140314-c44dde.json;probes_2025_20260804T144211-baf6e6.json;probes_2025_20260804T144857-a65442.json
wall_types,reflection,refl.CompoundStructure.GetMinimumLayerThickness,method,CompoundStructure,,,3,ok,String,<method not invoked>,<method not invoked>,<method not invoked>,2025,2026-08-04T14:03:14.300203,2026-08-04T14:48:57.764674,3,probes_2025_20260804T140314-c44dde.json;probes_2025_20260804T144211-baf6e6.json;probes_2025_20260804T144857-a65442.json
wall_types,reflection,refl.CompoundStructure.GetRegionIds,method,CompoundStructure,,,3,ok,String,<method not invoked>,<method not invoked>,<method not invoked>,2025,2026-08-04T14:03:14.300203,2026-08-04T14:48:57.764674,3,probes_2025_20260804T140314-c44dde.json;probes_2025_20260804T144211-baf6e6.json;probes_2025_20260804T144857-a65442.json
wall_types,reflection,refl.CompoundStructure.GetSegmentIds,method,CompoundStructure,,,3,ok,String,<method not invoked>,<method not invoked>,<method not invoked>,2025,2026-08-04T14:03:14.300203,2026-08-04T14:48:57.764674,3,probes_2025_20260804T140314-c44dde.json;probes_2025_20260804T144211-baf6e6.json;probes_2025_20260804T144857-a65442.json
wall_types,reflection,refl.CompoundStructure.GetWidth,method,CompoundStructure,,,3,ok,String,<method not invoked>,<method not invoked>,<method not invoked>,2025,2026-08-04T14:03:14.300203,2026-08-04T14:48:57.764674,3,probes_2025_20260804T140314-c44dde.json;probes_2025_20260804T144211-baf6e6.json;probes_2025_20260804T144857-a65442.json
wall_types,reflection,refl.CompoundStructure.HasStructuralDeck,property,CompoundStructure,,,3,ok,Integer,0,False,0,2025,2026-08-04T14:03:14.300203,2026-08-04T14:48:57.764674,3,probes_2025_20260804T140314-c44dde.json;probes_2025_20260804T144211-baf6e6.json;probes_2025_20260804T144857-a65442.json
wall_types,reflection,refl.CompoundStructure.IsEmpty,property,CompoundStructure,,,3,ok,Integer,0,False,0,2025,2026-08-04T14:03:14.300203,2026-08-04T14:48:57.764674,3,probes_2025_20260804T140314-c44dde.json;probes_2025_20260804T144211-baf6e6.json;probes_2025_20260804T144857-a65442.json
wall_types,reflection,refl.CompoundStructure.IsValidObject,property,CompoundStructure,,,3,ok,Integer,1,True,1,2025,2026-08-04T14:03:14.300203,2026-08-04T14:48:57.764674,3,probes_2025_20260804T140314-c44dde.json;probes_2025_20260804T144211-baf6e6.json;probes_2025_20260804T144857-a65442.json
wall_types,reflection,refl.CompoundStructure.IsVerticallyCompound,property,CompoundStructure,,,3,ok,Integer,1,True,1,2025,2026-08-04T14:03:14.300203,2026-08-04T14:48:57.764674,3,probes_2025_20260804T140314-c44dde.json;probes_2025_20260804T144211-baf6e6.json;probes_2025_20260804T144857-a65442.json
wall_types,reflection,refl.CompoundStructure.IsVerticallyHomogeneous,method,CompoundStructure,,,3,ok,String,<method not invoked>,<method not invoked>,<method not invoked>,2025,2026-08-04T14:03:14.300203,2026-08-04T14:48:57.764674,3,probes_2025_20260804T140314-c44dde.json;probes_2025_20260804T144211-baf6e6.json;probes_2025_20260804T144857-a65442.json
wall_types,reflection,refl.CompoundStructure.LayerCount,property,CompoundStructure,,,14,ok,Integer,1,1,1,2025,2026-08-04T14:03:14.300203,2026-08-04T14:48:57.764674,3,probes_2025_20260804T140314-c44dde.json;probes_2025_20260804T144211-baf6e6.json;probes_2025_20260804T144857-a65442.json
wall_types,reflection,refl.CompoundStructure.MinimumSampleHeight,property,CompoundStructure,,,3,ok,Double,0.0,0.0,0.0,2025,2026-08-04T14:03:14.300203,2026-08-04T14:48:57.764674,3,probes_2025_20260804T140314-c44dde.json;probes_2025_20260804T144211-baf6e6.json;probes_2025_20260804T144857-a65442.json
wall_types,reflection,refl.CompoundStructure.OpeningWrapping,property,CompoundStructure,,,4,ok,Integer,0,0,0,2025,2026-08-04T14:03:14.300203,2026-08-04T14:48:57.764674,3,probes_2025_20260804T140314-c44dde.json;probes_2025_20260804T144211-baf6e6.json;probes_2025_20260804T144857-a65442.json
wall_types,reflection,refl.CompoundStructure.SampleHeight,property,CompoundStructure,,,3,ok,Double,20.0,20.0,20.0,2025,2026-08-04T14:03:14.300203,2026-08-04T14:48:57.764674,3,probes_2025_20260804T140314-c44dde.json;probes_2025_20260804T144211-baf6e6.json;probes_2025_20260804T144857-a65442.json
wall_types,reflection,refl.CompoundStructure.StructuralMaterialIndex,property,CompoundStructure,,,13,ok,Integer,0,0,0,2025,2026-08-04T14:03:14.300203,2026-08-04T14:48:57.764674,3,probes_2025_20260804T140314-c44dde.json;probes_2025_20260804T144211-baf6e6.json;probes_2025_20260804T144857-a65442.json
wall_types,reflection,refl.CompoundStructure.VariableLayerIndex,property,CompoundStructure,,,3,ok,Integer,-1,-1,-1,2025,2026-08-04T14:03:14.300203,2026-08-04T14:48:57.764674,3,probes_2025_20260804T140314-c44dde.json;probes_2025_20260804T144211-baf6e6.json;probes_2025_20260804T144857-a65442.json
wall_types,reflection,refl.CompoundStructureLayer.DeckEmbeddingType,property,CompoundStructureLayer,,,3,ok,Integer,-1,-1,-1,2025,2026-08-04T14:03:14.300203,2026-08-04T14:48:57.764674,3,probes_2025_20260804T140314-c44dde.json;probes_2025_20260804T144211-baf6e6.json;probes_2025_20260804T144857-a65442.json
wall_types,reflection,refl.CompoundStructureLayer.DeckProfileId,property,CompoundStructureLayer,,,3,ok,ElementId,-1,-1,-1,2025,2026-08-04T14:03:14.300203,2026-08-04T14:48:57.764674,3,probes_2025_20260804T140314-c44dde.json;probes_2025_20260804T144211-baf6e6.json;probes_2025_20260804T144857-a65442.json
wall_types,reflection,refl.CompoundStructureLayer.Function,property,CompoundStructureLayer,,,17,ok,Integer,1,1,1,2025,2026-08-04T14:03:14.300203,2026-08-04T14:48:57.764674,3,probes_2025_20260804T140314-c44dde.json;probes_2025_20260804T144211-baf6e6.json;probes_2025_20260804T144857-a65442.json
wall_types,reflection,refl.CompoundStructureLayer.IsValidObject,property,CompoundStructureLayer,,,3,ok,Integer,1,True,1,2025,2026-08-04T14:03:14.300203,2026-08-04T14:48:57.764674,3,probes_2025_20260804T140314-c44dde.json;probes_2025_20260804T144211-baf6e6.json;probes_2025_20260804T144857-a65442.json
wall_types,reflection,refl.CompoundStructureLayer.LayerCapFlag,property,CompoundStructureLayer,,,4,ok,Integer,1,True,1,2025,2026-08-04T14:03:14.300203,2026-08-04T14:48:57.764674,3,probes_2025_20260804T140314-c44dde.json;probes_2025_20260804T144211-baf6e6.json;probes_2025_20260804T144857-a65442.json
wall_types,reflection,refl.CompoundStructureLayer.LayerId,property,CompoundStructureLayer,,,21,ok,Integer,0,0,0,2025,2026-08-04T14:03:14.300203,2026-08-04T14:48:57.764674,3,probes_2025_20260804T140314-c44dde.json;probes_2025_20260804T144211-baf6e6.json;probes_2025_20260804T144857-a65442.json
wall_types,reflection,refl.CompoundStructureLayer.MaterialId,property,CompoundStructureLayer,,,57,ok,ElementId,2812827,2812827,2812827,2025,2026-08-04T14:03:14.300203,2026-08-04T14:48:57.764674,3,probes_2025_20260804T140314-c44dde.json;probes_2025_20260804T144211-baf6e6.json;probes_2025_20260804T144857-a65442.json
wall_types,reflection,refl.CompoundStructureLayer.Width,property,CompoundStructureLayer,,,50,ok,Double,0.6354166666666667,0.6354166666666667,0.6354166666666667,2025,2026-08-04T14:03:14.300203,2026-08-04T14:48:57.764674,3,probes_2025_20260804T140314-c44dde.json;probes_2025_20260804T144211-baf6e6.json;probes_2025_20260804T144857-a65442.json
wall_types,reflection,refl.WallType.ArePhasesModifiable,method,WallType,,,3,ok,String,<method not invoked>,<method not invoked>,<method not invoked>,2025,2026-08-04T14:03:14.300203,2026-08-04T14:48:57.764674,3,probes_2025_20260804T140314-c44dde.json;probes_2025_20260804T144211-baf6e6.json;probes_2025_20260804T144857-a65442.json
wall_types,reflection,refl.WallType.AssemblyInstanceId,property,WallType,,,3,ok,ElementId,-1,-1,-1,2025,2026-08-04T14:03:14.300203,2026-08-04T14:48:57.764674,3,probes_2025_20260804T140314-c44dde.json;probes_2025_20260804T144211-baf6e6.json;probes_2025_20260804T144857-a65442.json
wall_types,reflection,refl.WallType.CanBeCopied,property,WallType,,,3,ok,Integer,1,True,1,2025,2026-08-04T14:03:14.300203,2026-08-04T14:48:57.764674,3,probes_2025_20260804T140314-c44dde.json;probes_2025_20260804T144211-baf6e6.json;probes_2025_20260804T144857-a65442.json
wall_types,reflection,refl.WallType.CanBeDeleted,property,WallType,,,3,ok,Integer,1,True,1,2025,2026-08-04T14:03:14.300203,2026-08-04T14:48:57.764674,3,probes_2025_20260804T140314-c44dde.json;probes_2025_20260804T144211-baf6e6.json;probes_2025_20260804T144857-a65442.json
wall_types,reflection,refl.WallType.CanBeLocked,method,WallType,,,3,ok,String,<method not invoked>,<method not invoked>,<method not invoked>,2025,2026-08-04T14:03:14.300203,2026-08-04T14:48:57.764674,3,probes_2025_20260804T140314-c44dde.json;probes_2025_20260804T144211-baf6e6.json;probes_2025_20260804T144857-a65442.json
wall_types,reflection,refl.WallType.CanBeRenamed,property,WallType,,,3,ok,Integer,1,True,1,2025,2026-08-04T14:03:14.300203,2026-08-04T14:48:57.764674,3,probes_2025_20260804T140314-c44dde.json;probes_2025_20260804T144211-baf6e6.json;probes_2025_20260804T144857-a65442.json
wall_types,reflection,refl.WallType.CanHaveTypeAssigned,method,WallType,,,3,ok,String,<method not invoked>,<method not invoked>,<method not invoked>,2025,2026-08-04T14:03:14.300203,2026-08-04T14:48:57.764674,3,probes_2025_20260804T140314-c44dde.json;probes_2025_20260804T144211-baf6e6.json;probes_2025_20260804T144857-a65442.json
wall_types,reflection,refl.WallType.Category,property,WallType,,,3,unsupported,None,,,,2025,2026-08-04T14:03:14.300203,2026-08-04T14:48:57.764674,3,probes_2025_20260804T140314-c44dde.json;probes_2025_20260804T144211-baf6e6.json;probes_2025_20260804T144857-a65442.json
wall_types,reflection,refl.WallType.CreatedPhaseId,property,WallType,,,3,ok,ElementId,-1,-1,-1,2025,2026-08-04T14:03:14.300203,2026-08-04T14:48:57.764674,3,probes_2025_20260804T140314-c44dde.json;probes_2025_20260804T144211-baf6e6.json;probes_2025_20260804T144857-a65442.json
wall_types,reflection,refl.WallType.DemolishedPhaseId,property,WallType,,,3,ok,ElementId,-1,-1,-1,2025,2026-08-04T14:03:14.300203,2026-08-04T14:48:57.764674,3,probes_2025_20260804T140314-c44dde.json;probes_2025_20260804T144211-baf6e6.json;probes_2025_20260804T144857-a65442.json
wall_types,reflection,refl.WallType.DesignOption,property,WallType,,,3,missing,None,,,,2025,2026-08-04T14:03:14.300203,2026-08-04T14:48:57.764674,3,probes_2025_20260804T140314-c44dde.json;probes_2025_20260804T144211-baf6e6.json;probes_2025_20260804T144857-a65442.json
wall_types,reflection,refl.WallType.Document,property,WallType,,,3,unsupported,None,,,,2025,2026-08-04T14:03:14.300203,2026-08-04T14:48:57.764674,3,probes_2025_20260804T140314-c44dde.json;probes_2025_20260804T144211-baf6e6.json;probes_2025_20260804T144857-a65442.json
wall_types,reflection,refl.WallType.EvaluateAllParameterValues,method,WallType,,,3,ok,String,<method not invoked>,<method not invoked>,<method not invoked>,2025,2026-08-04T14:03:14.300203,2026-08-04T14:48:57.764674,3,probes_2025_20260804T140314-c44dde.json;probes_2025_20260804T144211-baf6e6.json;probes_2025_20260804T144857-a65442.json
wall_types,reflection,refl.WallType.FamilyName,property,WallType,,,9,ok,String,Stacked Wall,Stacked Wall,Stacked Wall,2025,2026-08-04T14:03:14.300203,2026-08-04T14:48:57.764674,3,probes_2025_20260804T140314-c44dde.json;probes_2025_20260804T144211-baf6e6.json;probes_2025_20260804T144857-a65442.json
wall_types,reflection,refl.WallType.Function,property,WallType,,,7,ok,Integer,1,1,1,2025,2026-08-04T14:03:14.300203,2026-08-04T14:48:57.764674,3,probes_2025_20260804T140314-c44dde.json;probes_2025_20260804T144211-baf6e6.json;probes_2025_20260804T144857-a65442.json
wall_types,reflection,refl.WallType.GetCompoundStructure,method,WallType,,,3,ok,String,<method not invoked>,<method not invoked>,<method not invoked>,2025,2026-08-04T14:03:14.300203,2026-08-04T14:48:57.764674,3,probes_2025_20260804T140314-c44dde.json;probes_2025_20260804T144211-baf6e6.json;probes_2025_20260804T144857-a65442.json
wall_types,reflection,refl.WallType.GetEntitySchemaGuids,method,WallType,,,3,ok,String,<method not invoked>,<method not invoked>,<method not invoked>,2025,2026-08-04T14:03:14.300203,2026-08-04T14:48:57.764674,3,probes_2025_20260804T140314-c44dde.json;probes_2025_20260804T144211-baf6e6.json;probes_2025_20260804T144857-a65442.json
wall_types,reflection,refl.WallType.GetExternalFileReference,method,WallType,,,3,ok,String,<method not invoked>,<method not invoked>,<method not invoked>,2025,2026-08-04T14:03:14.300203,2026-08-04T14:48:57.764674,3,probes_2025_20260804T140314-c44dde.json;probes_2025_20260804T144211-baf6e6.json;probes_2025_20260804T144857-a65442.json
wall_types,reflection,refl.WallType.GetExternalResourceReferences,method,WallType,,,3,ok,String,<method not invoked>,<method not invoked>,<method not invoked>,2025,2026-08-04T14:03:14.300203,2026-08-04T14:48:57.764674,3,probes_2025_20260804T140314-c44dde.json;probes_2025_20260804T144211-baf6e6.json;probes_2025_20260804T144857-a65442.json
wall_types,reflection,refl.WallType.GetExternalResourceReferencesExpanded,method,WallType,,,3,ok,String,<method not invoked>,<method not invoked>,<method not invoked>,2025,2026-08-04T14:03:14.300203,2026-08-04T14:48:57.764674,3,probes_2025_20260804T140314-c44dde.json;probes_2025_20260804T144211-baf6e6.json;probes_2025_20260804T144857-a65442.json
wall_types,reflection,refl.WallType.GetMonitoredLinkElementIds,method,WallType,,,3,ok,String,<method not invoked>,<method not invoked>,<method not invoked>,2025,2026-08-04T14:03:14.300203,2026-08-04T14:48:57.764674,3,probes_2025_20260804T140314-c44dde.json;probes_2025_20260804T144211-baf6e6.json;probes_2025_20260804T144857-a65442.json
wall_types,reflection,refl.WallType.GetMonitoredLocalElementIds,method,WallType,,,3,ok,String,<method not invoked>,<method not invoked>,<method not invoked>,2025,2026-08-04T14:03:14.300203,2026-08-04T14:48:57.764674,3,probes_2025_20260804T140314-c44dde.json;probes_2025_20260804T144211-baf6e6.json;probes_2025_20260804T144857-a65442.json
wall_types,reflection,refl.WallType.GetOrderedParameters,method,WallType,,,3,ok,String,<method not invoked>,<method not invoked>,<method not invoked>,2025,2026-08-04T14:03:14.300203,2026-08-04T14:48:57.764674,3,probes_2025_20260804T140314-c44dde.json;probes_2025_20260804T144211-baf6e6.json;probes_2025_20260804T144857-a65442.json
wall_types,reflection,refl.WallType.GetSimilarTypes,method,WallType,,,3,ok,String,<method not invoked>,<method not invoked>,<method not invoked>,2025,2026-08-04T14:03:14.300203,2026-08-04T14:48:57.764674,3,probes_2025_20260804T140314-c44dde.json;probes_2025_20260804T144211-baf6e6.json;probes_2025_20260804T144857-a65442.json
wall_types,reflection,refl.WallType.GetSubelements,method,WallType,,,3,ok,String,<method not invoked>,<method not invoked>,<method not invoked>,2025,2026-08-04T14:03:14.300203,2026-08-04T14:48:57.764674,3,probes_2025_20260804T140314-c44dde.json;probes_2025_20260804T144211-baf6e6.json;probes_2025_20260804T144857-a65442.json
wall_types,reflection,refl.WallType.GetTypeId,method,WallType,,,3,ok,String,<method not invoked>,<method not invoked>,<method not invoked>,2025,2026-08-04T14:03:14.300203,2026-08-04T14:48:57.764674,3,probes_2025_20260804T140314-c44dde.json;probes_2025_20260804T144211-baf6e6.json;probes_2025_20260804T144857-a65442.json
wall_types,reflection,refl.WallType.GetValidTypes,method,WallType,,,3,ok,String,<method not invoked>,<method not invoked>,<method not invoked>,2025,2026-08-04T14:03:14.300203,2026-08-04T14:48:57.764674,3,probes_2025_20260804T140314-c44dde.json;probes_2025_20260804T144211-baf6e6.json;probes_2025_20260804T144857-a65442.json
wall_types,reflection,refl.WallType.GroupId,property,WallType,,,3,ok,ElementId,-1,-1,-1,2025,2026-08-04T14:03:14.300203,2026-08-04T14:48:57.764674,3,probes_2025_20260804T140314-c44dde.json;probes_2025_20260804T144211-baf6e6.json;probes_2025_20260804T144857-a65442.json
wall_types,reflection,refl.WallType.HasPhases,method,WallType,,,3,ok,String,<method not invoked>,<method not invoked>,<method not invoked>,2025,2026-08-04T14:03:14.300203,2026-08-04T14:48:57.764674,3,probes_2025_20260804T140314-c44dde.json;probes_2025_20260804T144211-baf6e6.json;probes_2025_20260804T144857-a65442.json
wall_types,reflection,refl.WallType.Id,property,WallType,,,93,ok,ElementId,182053,182053,182053,2025,2026-08-04T14:03:14.300203,2026-08-04T14:48:57.764674,3,probes_2025_20260804T140314-c44dde.json;probes_2025_20260804T144211-baf6e6.json;probes_2025_20260804T144857-a65442.json
wall_types,reflection,refl.WallType.IsExternalFileReference,method,WallType,,,3,ok,String,<method not invoked>,<method not invoked>,<method not invoked>,2025,2026-08-04T14:03:14.300203,2026-08-04T14:48:57.764674,3,probes_2025_20260804T140314-c44dde.json;probes_2025_20260804T144211-baf6e6.json;probes_2025_20260804T144857-a65442.json
wall_types,reflection,refl.WallType.IsModifiable,property,WallType,,,3,ok,Integer,1,True,1,2025,2026-08-04T14:03:14.300203,2026-08-04T14:48:57.764674,3,probes_2025_20260804T140314-c44dde.json;probes_2025_20260804T144211-baf6e6.json;probes_2025_20260804T144857-a65442.json
wall_types,reflection,refl.WallType.IsMonitoringLinkElement,method,WallType,,,3,ok,String,<method not invoked>,<method not invoked>,<method not invoked>,2025,2026-08-04T14:03:14.300203,2026-08-04T14:48:57.764674,3,probes_2025_20260804T140314-c44dde.json;probes_2025_20260804T144211-baf6e6.json;probes_2025_20260804T144857-a65442.json
wall_types,reflection,refl.WallType.IsMonitoringLocalElement,method,WallType,,,3,ok,String,<method not invoked>,<method not invoked>,<method not invoked>,2025,2026-08-04T14:03:14.300203,2026-08-04T14:48:57.764674,3,probes_2025_20260804T140314-c44dde.json;probes_2025_20260804T144211-baf6e6.json;probes_2025_20260804T144857-a65442.json
wall_types,reflection,refl.WallType.IsTransient,property,WallType,,,3,ok,Integer,0,False,0,2025,2026-08-04T14:03:14.300203,2026-08-04T14:48:57.764674,3,probes_2025_20260804T140314-c44dde.json;probes_2025_20260804T144211-baf6e6.json;probes_2025_20260804T144857-a65442.json
wall_types,reflection,refl.WallType.IsValidObject,property,WallType,,,3,ok,Integer,1,True,1,2025,2026-08-04T14:03:14.300203,2026-08-04T14:48:57.764674,3,probes_2025_20260804T140314-c44dde.json;probes_2025_20260804T144211-baf6e6.json;probes_2025_20260804T144857-a65442.json
wall_types,reflection,refl.WallType.Kind,property,WallType,,,9,ok,Integer,2,2,2,2025,2026-08-04T14:03:14.300203,2026-08-04T14:48:57.764674,3,probes_2025_20260804T140314-c44dde.json;probes_2025_20260804T144211-baf6e6.json;probes_2025_20260804T144857-a65442.json
wall_types,reflection,refl.WallType.LevelId,property,WallType,,,3,ok,ElementId,-1,-1,-1,2025,2026-08-04T14:03:14.300203,2026-08-04T14:48:57.764674,3,probes_2025_20260804T140314-c44dde.json;probes_2025_20260804T144211-baf6e6.json;probes_2025_20260804T144857-a65442.json
wall_types,reflection,refl.WallType.Location,property,WallType,,,3,missing,None,,,,2025,2026-08-04T14:03:14.300203,2026-08-04T14:48:57.764674,3,probes_2025_20260804T140314-c44dde.json;probes_2025_20260804T144211-baf6e6.json;probes_2025_20260804T144857-a65442.json
wall_types,reflection,refl.WallType.Name,property,WallType,,,0,,,,,,2025,2026-08-04T14:03:14.300203,2026-08-04T14:48:57.764674,3,probes_2025_20260804T140314-c44dde.json;probes_2025_20260804T144211-baf6e6.json;probes_2025_20260804T144857-a65442.json
wall_types,reflection,refl.WallType.OwnerViewId,property,WallType,,,3,ok,ElementId,-1,-1,-1,2025,2026-08-04T14:03:14.300203,2026-08-04T14:48:57.764674,3,probes_2025_20260804T140314-c44dde.json;probes_2025_20260804T144211-baf6e6.json;probes_2025_20260804T144857-a65442.json
wall_types,reflection,refl.WallType.Parameters,property,WallType,,,3,unsupported,None,,,,2025,2026-08-04T14:03:14.300203,2026-08-04T14:48:57.764674,3,probes_2025_20260804T140314-c44dde.json;probes_2025_20260804T144211-baf6e6.json;probes_2025_20260804T144857-a65442.json
wall_types,reflection,refl.WallType.ParametersMap,property,WallType,,,3,unsupported,None,,,,2025,2026-08-04T14:03:14.300203,2026-08-04T14:48:57.764674,3,probes_2025_20260804T140314-c44dde.json;probes_2025_20260804T144211-baf6e6.json;probes_2025_20260804T144857-a65442.json
wall_types,reflection,refl.WallType.Pinned,property,WallType,,,3,ok,Integer,0,False,0,2025,2026-08-04T14:03:14.300203,2026-08-04T14:48:57.764674,3,probes_2025_20260804T140314-c44dde.json;probes_2025_20260804T144211-baf6e6.json;probes_2025_20260804T144857-a65442.json
wall_types,reflection,refl.WallType.RefersToExternalResourceReferences,method,WallType,,,3,ok,String,<method not invoked>,<method not invoked>,<method not invoked>,2025,2026-08-04T14:03:14.300203,2026-08-04T14:48:57.764674,3,probes_2025_20260804T140314-c44dde.json;probes_2025_20260804T144211-baf6e6.json;probes_2025_20260804T144857-a65442.json
wall_types,reflection,refl.WallType.ThermalProperties,property,WallType,,,3,missing,None,,,,2025,2026-08-04T14:03:14.300203,2026-08-04T14:48:57.764674,3,probes_2025_20260804T140314-c44dde.json;probes_2025_20260804T144211-baf6e6.json;probes_2025_20260804T144857-a65442.json
wall_types,reflection,refl.WallType.UniqueId,property,WallType,,,93,ok,String,383c2d4f-e40c-4504-a0ed-8998879bbacd-0002c725,383c2d4f-e40c-4504-a0ed-8998879bbacd-0002c725,383c2d4f-e40c-4504-a0ed-8998879bbacd-0002c725,2025,2026-08-04T14:03:14.300203,2026-08-04T14:48:57.764674,3,probes_2025_20260804T140314-c44dde.json;probes_2025_20260804T144211-baf6e6.json;probes_2025_20260804T144857-a65442.json
wall_types,reflection,refl.WallType.VersionGuid,property,WallType,,,31,ok,None,,3ca8eec9-f4fe-4e4e-871d-ca18c1d9ef4c,3ca8eec9-f4fe-4e4e-871d-ca18c1d9ef4c,2025,2026-08-04T14:03:14.300203,2026-08-04T14:48:57.764674,3,probes_2025_20260804T140314-c44dde.json;probes_2025_20260804T144211-baf6e6.json;probes_2025_20260804T144857-a65442.json
wall_types,reflection,refl.WallType.ViewSpecific,property,WallType,,,3,ok,Integer,0,False,0,2025,2026-08-04T14:03:14.300203,2026-08-04T14:48:57.764674,3,probes_2025_20260804T140314-c44dde.json;probes_2025_20260804T144211-baf6e6.json;probes_2025_20260804T144857-a65442.json
wall_types,reflection,refl.WallType.Width,property,WallType,,,49,ok,Double,0.7812499999999999,0.7812499999999999,0.7812499999999999,2025,2026-08-04T14:03:14.300203,2026-08-04T14:48:57.764674,3,probes_2025_20260804T140314-c44dde.json;probes_2025_20260804T144211-baf6e6.json;probes_2025_20260804T144857-a65442.json
wall_types,reflection,refl.WallType.WorksetId,property,WallType,,,6,ok,ElementId,14,14,14,2025,2026-08-04T14:03:14.300203,2026-08-04T14:48:57.764674,3,probes_2025_20260804T140314-c44dde.json;probes_2025_20260804T144211-baf6e6.json;probes_2025_20260804T144857-a65442.json
worksets,param,doc.active_workset_name,,,String,missing=0;ok=3;unreadable=0;unsupported=0,0,ok,String,Architectural,Architectural,Architectural,2025,2026-08-04T14:03:14.300203,2026-08-04T14:48:57.764674,3,probes_2025_20260804T140314-c44dde.json;probes_2025_20260804T144211-baf6e6.json;probes_2025_20260804T144857-a65442.json
worksets,param,doc.is_workshared,,,Integer,missing=0;ok=3;unreadable=0;unsupported=0,0,ok,Integer,1,True,1,2025,2026-08-04T14:03:14.300203,2026-08-04T14:48:57.764674,3,probes_2025_20260804T140314-c44dde.json;probes_2025_20260804T144211-baf6e6.json;probes_2025_20260804T144857-a65442.json
worksets,param,workset.is_active_workset,,,Integer,missing=0;ok=497;unreadable=0;unsupported=0,0,ok,Integer,0,False,0,2025,2026-08-04T14:03:14.300203,2026-08-04T14:48:57.764674,3,probes_2025_20260804T140314-c44dde.json;probes_2025_20260804T144211-baf6e6.json;probes_2025_20260804T144857-a65442.json
worksets,param,workset.is_default_workset,,,String,missing=0;ok=497;unreadable=0;unsupported=0,0,ok,String,False,False,False,2025,2026-08-04T14:03:14.300203,2026-08-04T14:48:57.764674,3,probes_2025_20260804T140314-c44dde.json;probes_2025_20260804T144211-baf6e6.json;probes_2025_20260804T144857-a65442.json
worksets,param,workset.is_editable,,,Integer,missing=0;ok=497;unreadable=0;unsupported=0,0,ok,Integer,0,False,0,2025,2026-08-04T14:03:14.300203,2026-08-04T14:48:57.764674,3,probes_2025_20260804T140314-c44dde.json;probes_2025_20260804T144211-baf6e6.json;probes_2025_20260804T144857-a65442.json
worksets,param,workset.kind,,,Integer,missing=0;ok=497;unreadable=0;unsupported=0,0,ok,Integer,1,1,1,2025,2026-08-04T14:03:14.300203,2026-08-04T14:48:57.764674,3,probes_2025_20260804T140314-c44dde.json;probes_2025_20260804T144211-baf6e6.json;probes_2025_20260804T144857-a65442.json
worksets,param,workset.name,,,String,missing=0;ok=497;unreadable=0;unsupported=0,0,ok,String,Family  : Curtain Panels : System Panel,Family  : Curtain Panels : System Panel,Family  : Curtain Panels : System Panel,2025,2026-08-04T14:03:14.300203,2026-08-04T14:48:57.764674,3,probes_2025_20260804T140314-c44dde.json;probes_2025_20260804T144211-baf6e6.json;probes_2025_20260804T144857-a65442.json
worksets,param,workset.owner,,,String,missing=0;ok=497;unreadable=0;unsupported=0,0,ok,String,,(none checked out),,2025,2026-08-04T14:03:14.300203,2026-08-04T14:48:57.764674,3,probes_2025_20260804T140314-c44dde.json;probes_2025_20260804T144211-baf6e6.json;probes_2025_20260804T144857-a65442.json
worksets,param,workset.unique_id,,,String,missing=0;ok=497;unreadable=0;unsupported=0,0,ok,String,b0c2ee92-dc0e-4aa0-a563-094b1416813f,b0c2ee92-dc0e-4aa0-a563-094b1416813f,b0c2ee92-dc0e-4aa0-a563-094b1416813f,2025,2026-08-04T14:03:14.300203,2026-08-04T14:48:57.764674,3,probes_2025_20260804T140314-c44dde.json;probes_2025_20260804T144211-baf6e6.json;probes_2025_20260804T144857-a65442.json
worksets,param,worksetkind.FamilyWorkset.collector_count,,,Integer,missing=0;ok=3;unreadable=0;unsupported=0,0,ok,Integer,456,456,456,2025,2026-08-04T14:03:14.300203,2026-08-04T14:48:57.764674,3,probes_2025_20260804T140314-c44dde.json;probes_2025_20260804T144211-baf6e6.json;probes_2025_20260804T144857-a65442.json
worksets,param,worksetkind.OtherWorkset.collector_count,,,Integer,missing=0;ok=3;unreadable=0;unsupported=0,0,ok,Integer,0,0,0,2025,2026-08-04T14:03:14.300203,2026-08-04T14:48:57.764674,3,probes_2025_20260804T140314-c44dde.json;probes_2025_20260804T144211-baf6e6.json;probes_2025_20260804T144857-a65442.json
worksets,param,worksetkind.StandardWorkset.collector_count,,,Integer,missing=0;ok=3;unreadable=0;unsupported=0,0,ok,Integer,182,182,182,2025,2026-08-04T14:03:14.300203,2026-08-04T14:48:57.764674,3,probes_2025_20260804T140314-c44dde.json;probes_2025_20260804T144211-baf6e6.json;probes_2025_20260804T144857-a65442.json
worksets,param,worksetkind.UserWorkset.collector_count,,,Integer,missing=0;ok=3;unreadable=0;unsupported=0,0,ok,Integer,12,12,12,2025,2026-08-04T14:03:14.300203,2026-08-04T14:48:57.764674,3,probes_2025_20260804T140314-c44dde.json;probes_2025_20260804T144211-baf6e6.json;probes_2025_20260804T144857-a65442.json
worksets,param,worksetkind.ViewWorkset.collector_count,,,Integer,missing=0;ok=3;unreadable=0;unsupported=0,0,ok,Integer,1750,1750,1750,2025,2026-08-04T14:03:14.300203,2026-08-04T14:48:57.764674,3,probes_2025_20260804T140314-c44dde.json;probes_2025_20260804T144211-baf6e6.json;probes_2025_20260804T144857-a65442.json
worksets,reflection,refl.Workset.Id,property,Workset,,,497,ok,ElementId,172,172,172,2025,2026-08-04T14:03:14.300203,2026-08-04T14:48:57.764674,3,probes_2025_20260804T140314-c44dde.json;probes_2025_20260804T144211-baf6e6.json;probes_2025_20260804T144857-a65442.json
worksets,reflection,refl.Workset.IsDefaultWorkset,property,Workset,,,6,ok,Integer,0,False,0,2025,2026-08-04T14:03:14.300203,2026-08-04T14:48:57.764674,3,probes_2025_20260804T140314-c44dde.json;probes_2025_20260804T144211-baf6e6.json;probes_2025_20260804T144857-a65442.json
worksets,reflection,refl.Workset.IsEditable,property,Workset,,,3,ok,Integer,0,False,0,2025,2026-08-04T14:03:14.300203,2026-08-04T14:48:57.764674,3,probes_2025_20260804T140314-c44dde.json;probes_2025_20260804T144211-baf6e6.json;probes_2025_20260804T144857-a65442.json
worksets,reflection,refl.Workset.IsOpen,property,Workset,,,3,ok,Integer,1,True,1,2025,2026-08-04T14:03:14.300203,2026-08-04T14:48:57.764674,3,probes_2025_20260804T140314-c44dde.json;probes_2025_20260804T144211-baf6e6.json;probes_2025_20260804T144857-a65442.json
worksets,reflection,refl.Workset.IsValidObject,property,Workset,,,3,ok,Integer,1,True,1,2025,2026-08-04T14:03:14.300203,2026-08-04T14:48:57.764674,3,probes_2025_20260804T140314-c44dde.json;probes_2025_20260804T144211-baf6e6.json;probes_2025_20260804T144857-a65442.json
worksets,reflection,refl.Workset.IsVisibleByDefault,property,Workset,,,5,ok,Integer,1,True,1,2025,2026-08-04T14:03:14.300203,2026-08-04T14:48:57.764674,3,probes_2025_20260804T140314-c44dde.json;probes_2025_20260804T144211-baf6e6.json;probes_2025_20260804T144857-a65442.json
worksets,reflection,refl.Workset.Kind,property,Workset,,,12,ok,Integer,1,1,1,2025,2026-08-04T14:03:14.300203,2026-08-04T14:48:57.764674,3,probes_2025_20260804T140314-c44dde.json;probes_2025_20260804T144211-baf6e6.json;probes_2025_20260804T144857-a65442.json
worksets,reflection,refl.Workset.Name,property,Workset,,,443,ok,String,Family  : Curtain Panels : System Panel,Family  : Curtain Panels : System Panel,Family  : Curtain Panels : System Panel,2025,2026-08-04T14:03:14.300203,2026-08-04T14:48:57.764674,3,probes_2025_20260804T140314-c44dde.json;probes_2025_20260804T144211-baf6e6.json;probes_2025_20260804T144857-a65442.json
worksets,reflection,refl.Workset.Owner,property,Workset,,,3,ok,String,,,,2025,2026-08-04T14:03:14.300203,2026-08-04T14:48:57.764674,3,probes_2025_20260804T140314-c44dde.json;probes_2025_20260804T144211-baf6e6.json;probes_2025_20260804T144857-a65442.json
worksets,reflection,refl.Workset.UniqueId,property,Workset,,,497,ok,None,,b0c2ee92-dc0e-4aa0-a563-094b1416813f,b0c2ee92-dc0e-4aa0-a563-094b1416813f,2025,2026-08-04T14:03:14.300203,2026-08-04T14:48:57.764674,3,probes_2025_20260804T140314-c44dde.json;probes_2025_20260804T144211-baf6e6.json;probes_2025_20260804T144857-a65442.json
